# https://github.com/mikedh/trimesh
v -0.00692800 -0.53999300 -0.00400100
v -0.00692800 -0.53999300 -0.00400100
v 0.00692800 -0.53999300 -0.00400100
v 0.00692800 -0.53999300 -0.00400100
v -0.00800000 -0.53999300 -0.00000200
v -0.00800000 -0.53999300 -0.00000200
v 0.00800000 -0.53999300 -0.00000200
v 0.00800000 -0.53999300 -0.00000200
v 0.00800000 -0.53999300 -0.00000200
v -0.00692800 -0.53999300 0.00399800
v -0.00692800 -0.53999300 0.00399800
v 0.00692800 -0.53999300 0.00399800
v 0.00692800 -0.53999300 0.00399800
v -0.00400000 -0.53999300 0.00692700
v -0.00400000 -0.53999300 0.00692700
v 0.00400000 -0.53999300 0.00692700
v 0.00400000 -0.53999300 0.00692700
v 0.00000000 -0.53999300 0.00799800
v 0.00000000 -0.53999300 0.00799800
v 0.00400000 -0.53999300 -0.00693000
v 0.00400000 -0.53999300 -0.00693000
v -0.00400000 -0.53999300 -0.00693000
v -0.00400000 -0.53999300 -0.00693000
v 0.00000000 -0.53999300 -0.00800100
v 0.00000000 -0.53999300 -0.00800100
v 0.00692800 0.68999100 -0.00400100
v 0.00692800 0.68999100 -0.00400100
v 0.00173200 0.68999100 -0.00100100
v 0.00173200 0.68999100 -0.00100100
v 0.00800000 0.68999100 -0.00000100
v 0.00800000 0.68999100 -0.00000100
v 0.00800000 0.68999100 -0.00000100
v 0.00200000 0.68999100 -0.00000100
v 0.00200000 0.68999100 -0.00000100
v 0.00200000 0.68999100 -0.00000100
v 0.00173200 0.68999100 0.00099900
v 0.00173200 0.68999100 0.00099900
v 0.00100000 0.68999100 -0.00173300
v 0.00100000 0.68999100 -0.00173300
v 0.00400000 0.68999100 -0.00692900
v 0.00400000 0.68999100 -0.00692900
v 0.00000000 0.68999100 -0.00200100
v 0.00000000 0.68999100 -0.00200100
v 0.00000000 0.68999100 -0.00800100
v 0.00000000 0.68999100 -0.00800100
v -0.00400000 0.68999100 -0.00692900
v -0.00400000 0.68999100 -0.00692900
v -0.00100000 0.68999100 -0.00173300
v -0.00100000 0.68999100 -0.00173300
v -0.00692800 0.68999100 -0.00400100
v -0.00692800 0.68999100 -0.00400100
v -0.00173200 0.68999100 -0.00100100
v -0.00173200 0.68999100 -0.00100100
v -0.00200000 0.68999100 -0.00000100
v -0.00200000 0.68999100 -0.00000100
v -0.00800000 0.68999100 -0.00000100
v -0.00800000 0.68999100 -0.00000100
v -0.00173200 0.68999100 0.00099900
v -0.00173200 0.68999100 0.00099900
v -0.00692800 0.68999100 0.00399900
v -0.00692800 0.68999100 0.00399900
v -0.00100000 0.68999100 0.00173100
v -0.00100000 0.68999100 0.00173100
v -0.00400000 0.68999100 0.00692700
v -0.00400000 0.68999100 0.00692700
v 0.00000000 0.68999100 0.00199900
v 0.00000000 0.68999100 0.00199900
v 0.00000000 0.68999100 0.00799900
v 0.00000000 0.68999100 0.00799900
v 0.00400000 0.68999100 0.00692700
v 0.00400000 0.68999100 0.00692700
v 0.00100000 0.68999100 0.00173100
v 0.00100000 0.68999100 0.00173100
v 0.00692800 0.68999100 0.00399900
v 0.00692800 0.68999100 0.00399900
v 0.00173200 0.66999100 0.00099900
v 0.00173200 0.66999100 0.00099900
v 0.00200000 0.66999100 -0.00000100
v 0.00200000 0.66999100 -0.00000100
v 0.00200000 0.66999100 -0.00000100
v 0.00173200 0.66999100 -0.00100100
v 0.00173200 0.66999100 -0.00100100
v 0.00100000 0.66999100 -0.00173300
v 0.00100000 0.66999100 -0.00173300
v 0.00000000 0.66999100 -0.00200100
v 0.00000000 0.66999100 -0.00200100
v -0.00100000 0.66999100 -0.00173300
v -0.00100000 0.66999100 -0.00173300
v -0.00173200 0.66999100 -0.00100100
v -0.00173200 0.66999100 -0.00100100
v -0.00200000 0.66999100 -0.00000100
v -0.00200000 0.66999100 -0.00000100
v -0.00173200 0.66999100 0.00099900
v -0.00173200 0.66999100 0.00099900
v -0.00100000 0.66999100 0.00173100
v -0.00100000 0.66999100 0.00173100
v 0.00000000 0.66999100 0.00199900
v 0.00000000 0.66999100 0.00199900
v 0.00100000 0.66999100 0.00173100
v 0.00100000 0.66999100 0.00173100
v 0.00796300 0.19815000 -0.00076800
v 0.00796300 0.19815000 -0.00076800
v 0.00800000 0.19799700 -0.00000100
v 0.00800000 0.19799700 -0.00000100
v 0.00800000 0.19799700 -0.00000100
v 0.00800000 0.19799700 -0.00000100
v 0.00800000 0.16285500 -0.00000100
v 0.00800000 0.16285500 -0.00000100
v 0.00796300 0.19815000 0.00076600
v 0.00796300 0.19815000 0.00076600
v 0.00774600 0.16285500 0.00199900
v 0.00787400 0.19858300 0.00141300
v 0.00787400 0.19858300 0.00141300
v 0.00778400 0.19923100 0.00184600
v 0.00778400 0.19923100 0.00184600
v 0.00774600 0.19999700 0.00199900
v 0.00774600 0.19999700 0.00199900
v 0.00692800 0.16285500 0.00399900
v 0.00692800 0.07499900 0.00399900
v 0.00400000 0.07499900 0.00692700
v 0.00400000 -0.01285700 0.00692700
v 0.00000000 -0.01285700 0.00799800
v 0.00000000 -0.10071300 0.00799800
v -0.00400000 -0.10071300 0.00692700
v -0.00400000 -0.18856900 0.00692700
v -0.00692800 -0.18856900 0.00399800
v -0.00692800 -0.27642500 0.00399800
v -0.00774600 -0.19999700 0.00199900
v -0.00774600 -0.19999700 0.00199900
v -0.00800000 -0.27642500 -0.00000100
v -0.00778400 -0.20076400 0.00184600
v -0.00778400 -0.20076400 0.00184600
v -0.00787400 -0.20141200 0.00141300
v -0.00787400 -0.20141200 0.00141300
v 0.00768700 0.25071100 0.00221500
v 0.00778400 0.20076400 0.00184600
v 0.00778400 0.20076400 0.00184600
v 0.00787400 0.20141200 0.00141300
v 0.00787400 0.20141200 0.00141300
v 0.00796300 0.20184500 0.00076600
v 0.00796300 0.20184500 0.00076600
v 0.00800000 0.25071100 -0.00000100
v 0.00800000 0.25071100 -0.00000100
v 0.00800000 0.33856700 -0.00000100
v 0.00800000 0.33856700 -0.00000100
v 0.00692800 0.33856700 -0.00400100
v 0.00692800 0.42642300 -0.00400100
v 0.00400000 0.42642300 -0.00692900
v 0.00400000 0.51427900 -0.00692900
v 0.00000000 0.51427900 -0.00800100
v 0.00000000 0.60213500 -0.00800100
v -0.00400000 0.60213500 -0.00692900
v -0.00692800 0.60213500 -0.00400100
v -0.00711400 0.60213500 -0.00366000
v -0.00692800 0.51427900 -0.00400100
v -0.00728300 0.51427900 -0.00331000
v -0.00692800 0.42642300 -0.00400100
v -0.00743600 0.42642300 -0.00295300
v -0.00692800 0.33856700 -0.00400100
v -0.00757000 0.33856700 -0.00258800
v -0.00692800 0.25071100 -0.00400100
v -0.00768700 0.25071100 -0.00221800
v -0.00692800 0.16285500 -0.00400100
v -0.00774600 0.19999700 -0.00200100
v -0.00774600 0.19999700 -0.00200100
v -0.00774600 0.16285500 -0.00200100
v -0.00778400 0.19923100 -0.00184900
v -0.00778400 0.19923100 -0.00184900
v -0.00787400 0.19858300 -0.00141600
v -0.00787400 0.19858300 -0.00141600
v -0.00796300 0.19815000 -0.00076800
v -0.00796300 0.19815000 -0.00076800
v -0.00800000 0.16285500 -0.00000100
v -0.00800000 0.19799700 -0.00000100
v -0.00800000 0.19799700 -0.00000100
v -0.00800000 0.19799700 -0.00000100
v -0.00796300 0.19815000 0.00076600
v -0.00796300 0.19815000 0.00076600
v -0.00787400 0.19858300 0.00141300
v -0.00787400 0.19858300 0.00141300
v -0.00778400 0.19923100 0.00184600
v -0.00778400 0.19923100 0.00184600
v -0.00774600 0.19999700 0.00199900
v -0.00774600 0.19999700 0.00199900
v -0.00692800 0.16285500 0.00399900
v -0.00692800 0.25071100 0.00399900
v -0.00400000 0.25071100 0.00692700
v -0.00400000 0.33856700 0.00692700
v 0.00000000 0.33856700 0.00799900
v 0.00000000 0.42642300 0.00799900
v 0.00400000 0.42642300 0.00692700
v 0.00400000 0.51427900 0.00692700
v 0.00692800 0.51427900 0.00399900
v 0.00692800 0.60213500 0.00399900
v 0.00711400 0.60213500 0.00365800
v 0.00800000 0.60213500 -0.00000100
v 0.00800000 0.60213500 -0.00000100
v 0.00692800 0.60213500 -0.00400100
v 0.00400000 0.60213500 -0.00692900
v 0.00800000 0.20199700 -0.00000100
v 0.00800000 0.20199700 -0.00000100
v 0.00800000 0.20199700 -0.00000100
v 0.00796300 0.20184500 -0.00076800
v 0.00796300 0.20184500 -0.00076800
v 0.00787400 0.20141200 -0.00141600
v 0.00787400 0.20141200 -0.00141600
v 0.00778400 0.20076400 -0.00184900
v 0.00778400 0.20076400 -0.00184900
v 0.00774600 0.19999700 -0.00200100
v 0.00774600 0.19999700 -0.00200100
v 0.00692800 0.25071100 -0.00400100
v 0.00692800 0.16285500 -0.00400100
v 0.00400000 0.25071100 -0.00692900
v 0.00400000 0.16285500 -0.00693000
v 0.00000000 0.25071100 -0.00800100
v 0.00000000 0.16285500 -0.00800100
v -0.00400000 0.25071100 -0.00692900
v -0.00400000 0.16285500 -0.00693000
v 0.00778400 0.19923100 -0.00184900
v 0.00778400 0.19923100 -0.00184900
v 0.00787400 0.19858300 -0.00141600
v 0.00787400 0.19858300 -0.00141600
v 0.00400000 0.60213500 0.00692700
v 0.00000000 0.60213500 0.00799900
v -0.00400000 0.60213500 0.00692700
v -0.00692800 0.60213500 0.00399900
v -0.00800000 0.60213500 -0.00000100
v -0.00778400 0.20076400 -0.00184900
v -0.00778400 0.20076400 -0.00184900
v -0.00787400 0.20141200 -0.00141600
v -0.00787400 0.20141200 -0.00141600
v -0.00796300 0.20184500 -0.00076800
v -0.00796300 0.20184500 -0.00076800
v -0.00800000 0.25071100 -0.00000100
v -0.00800000 0.20199700 -0.00000100
v -0.00800000 0.20199700 -0.00000100
v -0.00796300 0.20184500 0.00076600
v -0.00796300 0.20184500 0.00076600
v -0.00787400 0.20141200 0.00141300
v -0.00787400 0.20141200 0.00141300
v -0.00778400 0.20076400 0.00184600
v -0.00778400 0.20076400 0.00184600
v -0.00796300 -0.00184700 0.00076500
v -0.00796300 -0.00184700 0.00076500
v -0.00800000 -0.00200000 -0.00000100
v -0.00800000 -0.00200000 -0.00000100
v -0.00800000 -0.00200000 -0.00000100
v -0.00800000 -0.01285700 -0.00000100
v -0.00796300 -0.00184700 -0.00076800
v -0.00796300 -0.00184700 -0.00076800
v -0.00774600 -0.01285700 -0.00200100
v -0.00787400 -0.00141400 -0.00141600
v -0.00787400 -0.00141400 -0.00141600
v -0.00778400 -0.00076700 -0.00184900
v -0.00778400 -0.00076700 -0.00184900
v -0.00774600 -0.00000000 -0.00200100
v -0.00774600 -0.00000000 -0.00200100
v -0.00692800 -0.01285700 -0.00400100
v -0.00692800 -0.10071300 -0.00400100
v -0.00400000 -0.10071300 -0.00693000
v -0.00400000 -0.18856900 -0.00693000
v 0.00000000 -0.18856900 -0.00800100
v 0.00000000 -0.27642500 -0.00800100
v 0.00400000 -0.27642500 -0.00693000
v 0.00400000 -0.36428100 -0.00693000
v 0.00692800 -0.36428100 -0.00400100
v 0.00692800 -0.45213700 -0.00400100
v 0.00800000 -0.45213700 -0.00000100
v 0.00800000 -0.45213700 -0.00000100
v 0.00692800 -0.45213700 0.00399800
v 0.00400000 -0.45213700 0.00692700
v 0.00000000 -0.45213700 0.00799800
v -0.00400000 -0.45213700 0.00692700
v -0.00692800 -0.45213700 0.00399800
v -0.00800000 -0.45213700 -0.00000100
v -0.00692800 -0.45213700 -0.00400100
v -0.00400000 -0.45213700 -0.00693000
v 0.00000000 -0.45213700 -0.00800100
v 0.00400000 -0.45213700 -0.00693000
v -0.00778400 0.00076700 -0.00184900
v -0.00778400 0.00076700 -0.00184900
v -0.00774600 0.07499900 -0.00200100
v -0.00692800 0.07499900 -0.00400100
v -0.00400000 -0.01285700 -0.00693000
v 0.00000000 -0.10071300 -0.00800100
v 0.00400000 -0.18856900 -0.00693000
v 0.00692800 -0.27642500 -0.00400100
v 0.00800000 -0.36428100 -0.00000100
v 0.00800000 -0.36428100 -0.00000100
v -0.00787400 0.00141400 -0.00141600
v -0.00787400 0.00141400 -0.00141600
v -0.00796300 0.00184700 -0.00076800
v -0.00796300 0.00184700 -0.00076800
v -0.00800000 0.07499900 -0.00000100
v -0.00800000 0.00200000 -0.00000100
v -0.00800000 0.00200000 -0.00000100
v -0.00796300 0.00184700 0.00076500
v -0.00796300 0.00184700 0.00076500
v -0.00787400 0.00141400 0.00141300
v -0.00787400 0.00141400 0.00141300
v -0.00778400 0.00076700 0.00184600
v -0.00778400 0.00076700 0.00184600
v -0.00774600 -0.00000000 0.00199900
v -0.00774600 -0.00000000 0.00199900
v -0.00778400 -0.00076700 0.00184600
v -0.00778400 -0.00076700 0.00184600
v -0.00800000 -0.10071300 -0.00000100
v -0.00692800 -0.10071300 0.00399900
v -0.00692800 -0.01285700 0.00399900
v -0.00400000 -0.01285700 0.00692700
v -0.00400000 0.07499900 0.00692700
v 0.00000000 0.07499900 0.00799800
v 0.00000000 0.16285500 0.00799900
v 0.00400000 0.16285500 0.00692700
v 0.00400000 0.25071100 0.00692700
v 0.00692800 0.25071100 0.00399900
v 0.00692800 0.33856700 0.00399900
v 0.00757000 0.33856700 0.00258600
v 0.00743600 0.42642300 0.00295000
v 0.00800000 0.42642300 -0.00000100
v 0.00800000 0.42642300 -0.00000100
v 0.00800000 0.51427900 -0.00000100
v 0.00800000 0.51427900 -0.00000100
v 0.00692800 0.51427900 -0.00400100
v -0.00787400 -0.00141400 0.00141300
v -0.00787400 -0.00141400 0.00141300
v -0.00774600 -0.10071300 -0.00200100
v -0.00796300 -0.20184500 0.00076500
v -0.00796300 -0.20184500 0.00076500
v -0.00800000 -0.20199700 -0.00000100
v -0.00800000 -0.20199700 -0.00000100
v -0.00800000 -0.20199700 -0.00000100
v -0.00796300 -0.20184500 -0.00076800
v -0.00796300 -0.20184500 -0.00076800
v -0.00787400 -0.20141200 -0.00141600
v -0.00787400 -0.20141200 -0.00141600
v -0.00778400 -0.20076400 -0.00184900
v -0.00778400 -0.20076400 -0.00184900
v -0.00692800 -0.27642500 -0.00400100
v -0.00692800 -0.36428100 -0.00400100
v -0.00400000 -0.36428100 -0.00693000
v -0.00774600 -0.19999700 -0.00200100
v -0.00774600 -0.19999700 -0.00200100
v -0.00692800 -0.18856900 -0.00400100
v -0.00400000 -0.27642500 -0.00693000
v -0.00774600 -0.18856900 -0.00200100
v -0.00778400 -0.19923100 -0.00184900
v -0.00778400 -0.19923100 -0.00184900
v -0.00787400 -0.19858300 -0.00141600
v -0.00787400 -0.19858300 -0.00141600
v -0.00796300 -0.19815000 -0.00076800
v -0.00796300 -0.19815000 -0.00076800
v -0.00800000 -0.18856900 -0.00000100
v -0.00787400 -0.19858300 0.00141300
v -0.00787400 -0.19858300 0.00141300
v -0.00778400 -0.19923100 0.00184600
v -0.00778400 -0.19923100 0.00184600
v -0.00800000 -0.19799700 -0.00000100
v -0.00800000 -0.19799700 -0.00000100
v -0.00796300 -0.19815000 0.00076500
v -0.00796300 -0.19815000 0.00076500
v 0.00796300 -0.20184500 -0.00076800
v 0.00796300 -0.20184500 -0.00076800
v 0.00800000 -0.20199700 -0.00000100
v 0.00800000 -0.20199700 -0.00000100
v 0.00800000 -0.20199700 -0.00000100
v 0.00800000 -0.20199700 -0.00000100
v 0.00800000 -0.27642500 -0.00000100
v 0.00800000 -0.27642500 -0.00000100
v 0.00796300 -0.20184500 0.00076500
v 0.00796300 -0.20184500 0.00076500
v 0.00787400 -0.20141200 0.00141300
v 0.00787400 -0.20141200 0.00141300
v 0.00778400 -0.20076400 0.00184600
v 0.00778400 -0.20076400 0.00184600
v 0.00692800 -0.27642500 0.00399800
v 0.00692800 -0.36428100 0.00399800
v 0.00400000 -0.36428100 0.00692700
v 0.00774600 -0.19999700 0.00199900
v 0.00774600 -0.19999700 0.00199900
v 0.00692800 -0.18856900 0.00399800
v 0.00400000 -0.27642500 0.00692700
v 0.00400000 -0.18856900 0.00692700
v 0.00000000 -0.27642500 0.00799800
v 0.00000000 -0.18856900 0.00799800
v -0.00400000 -0.27642500 0.00692700
v 0.00774600 -0.18856900 0.00199900
v 0.00778400 -0.19923100 0.00184600
v 0.00778400 -0.19923100 0.00184600
v 0.00787400 -0.19858300 0.00141300
v 0.00787400 -0.19858300 0.00141300
v 0.00796300 -0.19815000 0.00076500
v 0.00796300 -0.19815000 0.00076500
v 0.00800000 -0.18856900 -0.00000100
v 0.00800000 -0.18856900 -0.00000100
v 0.00800000 -0.10071300 -0.00000100
v 0.00800000 -0.10071300 -0.00000100
v 0.00787400 -0.19858300 -0.00141600
v 0.00787400 -0.19858300 -0.00141600
v 0.00778400 -0.19923100 -0.00184900
v 0.00778400 -0.19923100 -0.00184900
v 0.00800000 -0.19799700 -0.00000100
v 0.00800000 -0.19799700 -0.00000100
v 0.00800000 -0.19799700 -0.00000100
v 0.00796300 -0.19815000 -0.00076800
v 0.00796300 -0.19815000 -0.00076800
v 0.00774600 -0.19999700 -0.00200100
v 0.00774600 -0.19999700 -0.00200100
v 0.00692800 -0.10071300 -0.00400100
v 0.00774600 -0.00000000 -0.00200100
v 0.00774600 -0.00000000 -0.00200100
v 0.00692800 -0.01285700 -0.00400100
v 0.00692800 0.07499900 -0.00400100
v 0.00400000 0.07499900 -0.00693000
v 0.00778400 -0.20076400 -0.00184900
v 0.00778400 -0.20076400 -0.00184900
v 0.00692800 -0.18856900 -0.00400100
v 0.00400000 -0.10071300 -0.00693000
v 0.00000000 -0.01285700 -0.00800100
v -0.00400000 0.07499900 -0.00693000
v 0.00787400 -0.20141200 -0.00141600
v 0.00787400 -0.20141200 -0.00141600
v 0.00796300 -0.00184700 -0.00076800
v 0.00796300 -0.00184700 -0.00076800
v 0.00800000 -0.00200000 -0.00000100
v 0.00800000 -0.00200000 -0.00000100
v 0.00800000 -0.00200000 -0.00000100
v 0.00800000 -0.00200000 -0.00000100
v 0.00800000 -0.01285700 -0.00000100
v 0.00800000 -0.01285700 -0.00000100
v 0.00796300 -0.00184700 0.00076500
v 0.00796300 -0.00184700 0.00076500
v 0.00774600 -0.01285700 0.00199900
v 0.00787400 -0.00141400 0.00141300
v 0.00787400 -0.00141400 0.00141300
v 0.00778400 -0.00076700 0.00184600
v 0.00778400 -0.00076700 0.00184600
v 0.00774600 -0.00000000 0.00199900
v 0.00774600 -0.00000000 0.00199900
v 0.00692800 -0.01285700 0.00399900
v 0.00692800 -0.10071300 0.00399900
v 0.00400000 -0.10071300 0.00692700
v 0.00778400 0.00076700 0.00184600
v 0.00778400 0.00076700 0.00184600
v 0.00774600 0.07499900 0.00199900
v 0.00787400 0.00141400 0.00141300
v 0.00787400 0.00141400 0.00141300
v 0.00796300 0.00184700 0.00076500
v 0.00796300 0.00184700 0.00076500
v 0.00800000 0.07499900 -0.00000100
v 0.00800000 0.07499900 -0.00000100
v 0.00800000 0.00200000 -0.00000100
v 0.00800000 0.00200000 -0.00000100
v 0.00800000 0.00200000 -0.00000100
v 0.00796300 0.00184700 -0.00076800
v 0.00796300 0.00184700 -0.00076800
v 0.00787400 0.00141400 -0.00141600
v 0.00787400 0.00141400 -0.00141600
v 0.00778400 0.00076700 -0.00184900
v 0.00778400 0.00076700 -0.00184900
v 0.00778400 -0.00076700 -0.00184900
v 0.00778400 -0.00076700 -0.00184900
v 0.00787400 -0.00141400 -0.00141600
v 0.00787400 -0.00141400 -0.00141600
v 0.00728300 0.51427900 0.00330800
v 0.00692800 0.42642300 0.00399900
v 0.00400000 0.33856700 0.00692700
v 0.00000000 0.25071100 0.00799900
v -0.00400000 0.16285500 0.00692700
v -0.00692800 0.07499900 0.00399900
v 0.00774600 -0.10071300 0.00199900
v 0.00400000 -0.01285700 -0.00693000
v 0.00400000 0.33856700 -0.00692900
v 0.00000000 0.42642300 -0.00800100
v -0.00400000 0.51427900 -0.00692900
v 0.00000000 0.51427900 0.00799900
v -0.00400000 0.42642300 0.00692700
v -0.00692800 0.33856700 0.00399900
v 0.00000000 -0.36428100 0.00799800
v -0.00400000 0.51427900 0.00692700
v -0.00692800 0.51427900 0.00399900
v -0.00800000 0.51427900 -0.00000100
v -0.00400000 -0.36428100 0.00692700
v -0.00692800 -0.36428100 0.00399800
v -0.00800000 -0.36428100 -0.00000100
v -0.00692800 0.42642300 0.00399900
v -0.00800000 0.33856700 -0.00000100
v -0.00800000 0.42642300 -0.00000100
v -0.00400000 0.42642300 -0.00692900
v -0.00400000 0.33856700 -0.00692900
v 0.00000000 0.33856700 -0.00800100
v 0.00000000 0.07499900 -0.00800100
v 0.00000000 -0.36428100 -0.00800100
v 0.00796300 -0.19815000 -0.00076800
v 0.00796300 -0.19815000 -0.00076800
v 0.00800000 -0.19799700 -0.00000100
v 0.00800000 -0.19799700 -0.00000100
v 0.00800000 -0.19799700 -0.00000100
v 0.00800000 -0.17999800 -0.00000100
v 0.00800000 -0.17999800 -0.00000100
v 0.00800000 -0.17999800 -0.00000100
v 0.00796300 -0.19815000 0.00076500
v 0.00796300 -0.19815000 0.00076500
v 0.00787400 -0.19858300 0.00141300
v 0.00787400 -0.19858300 0.00141300
v 0.00778400 -0.19923100 0.00184600
v 0.00778400 -0.19923100 0.00184600
v 0.00692800 -0.17999800 0.00399900
v 0.00692800 -0.17999800 0.00399900
v 0.00774600 -0.19999700 0.00199900
v 0.00774600 -0.19999700 0.00199900
v 0.00692800 -0.21999700 0.00399800
v 0.00692800 -0.21999700 0.00399800
v 0.00778400 -0.20076400 0.00184600
v 0.00778400 -0.20076400 0.00184600
v 0.00800000 -0.21999700 -0.00000100
v 0.00800000 -0.21999700 -0.00000100
v 0.00800000 -0.21999700 -0.00000100
v 0.00787400 -0.20141200 0.00141300
v 0.00787400 -0.20141200 0.00141300
v 0.00796300 -0.20184500 0.00076500
v 0.00796300 -0.20184500 0.00076500
v 0.00800000 -0.20199700 -0.00000100
v 0.00800000 -0.20199700 -0.00000100
v 0.00800000 -0.20199700 -0.00000100
v 0.00800000 -0.20199700 -0.00000100
v 0.00796300 -0.20184500 -0.00076800
v 0.00796300 -0.20184500 -0.00076800
v 0.00787400 -0.20141200 -0.00141600
v 0.00787400 -0.20141200 -0.00141600
v 0.00778400 -0.20076400 -0.00184900
v 0.00778400 -0.20076400 -0.00184900
v 0.00774600 -0.19999700 -0.00200100
v 0.00774600 -0.19999700 -0.00200100
v 0.00692800 -0.21999700 -0.00400100
v 0.00692800 -0.21999700 -0.00400100
v 0.00692800 -0.17999800 -0.00400100
v 0.00692800 -0.17999800 -0.00400100
v 0.00400000 -0.21999700 -0.00693000
v 0.00400000 -0.21999700 -0.00693000
v 0.00400000 -0.17999800 -0.00693000
v 0.00400000 -0.17999800 -0.00693000
v 0.00000000 -0.21999700 -0.00800100
v 0.00000000 -0.21999700 -0.00800100
v 0.00000000 -0.17999800 -0.00800100
v 0.00000000 -0.17999800 -0.00800100
v -0.00400000 -0.21999700 -0.00693000
v -0.00400000 -0.21999700 -0.00693000
v -0.00400000 -0.17999800 -0.00693000
v -0.00400000 -0.17999800 -0.00693000
v -0.00692800 -0.21999700 -0.00400100
v -0.00692800 -0.21999700 -0.00400100
v -0.00692800 -0.17999800 -0.00400100
v -0.00692800 -0.17999800 -0.00400100
v -0.00774600 -0.19999700 -0.00200100
v -0.00774600 -0.19999700 -0.00200100
v -0.00778400 -0.19923100 -0.00184900
v -0.00778400 -0.19923100 -0.00184900
v -0.00800000 -0.17999800 -0.00000100
v -0.00800000 -0.17999800 -0.00000100
v -0.00787400 -0.19858300 -0.00141600
v -0.00787400 -0.19858300 -0.00141600
v -0.00796300 -0.19815000 -0.00076800
v -0.00796300 -0.19815000 -0.00076800
v -0.00800000 -0.19799700 -0.00000100
v -0.00800000 -0.19799700 -0.00000100
v -0.00796300 -0.19815000 0.00076500
v -0.00796300 -0.19815000 0.00076500
v -0.00787400 -0.19858300 0.00141300
v -0.00787400 -0.19858300 0.00141300
v -0.00778400 -0.19923100 0.00184600
v -0.00778400 -0.19923100 0.00184600
v -0.00774600 -0.19999700 0.00199900
v -0.00774600 -0.19999700 0.00199900
v -0.00692800 -0.17999800 0.00399900
v -0.00692800 -0.17999800 0.00399900
v -0.00692800 -0.21999700 0.00399800
v -0.00692800 -0.21999700 0.00399800
v -0.00400000 -0.21999700 0.00692700
v -0.00400000 -0.21999700 0.00692700
v -0.00400000 -0.17999800 0.00692700
v -0.00400000 -0.17999800 0.00692700
v 0.00000000 -0.21999700 0.00799800
v 0.00000000 -0.21999700 0.00799800
v 0.00000000 -0.17999800 0.00799800
v 0.00000000 -0.17999800 0.00799800
v 0.00400000 -0.21999700 0.00692700
v 0.00400000 -0.21999700 0.00692700
v 0.00400000 -0.17999800 0.00692700
v 0.00400000 -0.17999800 0.00692700
v 0.00778400 -0.19923100 -0.00184900
v 0.00778400 -0.19923100 -0.00184900
v 0.00787400 -0.19858300 -0.00141600
v 0.00787400 -0.19858300 -0.00141600
v -0.00800000 -0.21999700 -0.00000100
v -0.00800000 -0.21999700 -0.00000100
v -0.00778400 -0.20076400 0.00184600
v -0.00778400 -0.20076400 0.00184600
v -0.00787400 -0.20141200 0.00141300
v -0.00787400 -0.20141200 0.00141300
v -0.00796300 -0.20184500 0.00076500
v -0.00796300 -0.20184500 0.00076500
v -0.00800000 -0.20199700 -0.00000100
v -0.00800000 -0.20199700 -0.00000100
v -0.00800000 -0.20199700 -0.00000100
v -0.00796300 -0.20184500 -0.00076800
v -0.00796300 -0.20184500 -0.00076800
v -0.00787400 -0.20141200 -0.00141600
v -0.00787400 -0.20141200 -0.00141600
v -0.00778400 -0.20076400 -0.00184900
v -0.00778400 -0.20076400 -0.00184900
v -0.01559800 -0.21999700 -0.01050100
v -0.01559800 -0.21999700 -0.01050100
v -0.01300000 -0.21999700 -0.01200100
v -0.01300000 -0.21999700 -0.01200100
v -0.01300000 -0.21999700 -0.01200100
v -0.01600000 -0.21999700 -0.00900100
v -0.01600000 -0.21999700 -0.00900100
v -0.01600000 -0.21999700 -0.00900100
v -0.01450000 -0.21999700 -0.01159900
v -0.01450000 -0.21999700 -0.01159900
v 0.01300000 -0.21999700 -0.01200100
v 0.01300000 -0.21999700 -0.01200100
v 0.01300000 -0.21999700 -0.01200100
v 0.01450000 -0.21999700 -0.01159900
v 0.01450000 -0.21999700 -0.01159900
v 0.01559800 -0.21999700 -0.01050100
v 0.01559800 -0.21999700 -0.01050100
v 0.01600000 -0.21999700 -0.00900100
v 0.01600000 -0.21999700 -0.00900100
v 0.01600000 -0.21999700 -0.00900100
v 0.01600000 -0.21999700 0.00899800
v 0.01600000 -0.21999700 0.00899800
v 0.01600000 -0.21999700 0.00899800
v 0.01300000 -0.21999700 0.01199800
v 0.01300000 -0.21999700 0.01199800
v 0.01300000 -0.21999700 0.01199800
v -0.01300000 -0.21999700 0.01199800
v -0.01300000 -0.21999700 0.01199800
v -0.01300000 -0.21999700 0.01199800
v -0.01600000 -0.21999700 0.00899800
v -0.01600000 -0.21999700 0.00899800
v -0.01600000 -0.21999700 0.00899800
v 0.01559800 -0.21999700 0.01049800
v 0.01559800 -0.21999700 0.01049800
v 0.01450000 -0.21999700 0.01159600
v 0.01450000 -0.21999700 0.01159600
v -0.01450000 -0.21999700 0.01159600
v -0.01450000 -0.21999700 0.01159600
v -0.01559800 -0.21999700 0.01049800
v -0.01559800 -0.21999700 0.01049800
v 0.01300000 -0.17999800 -0.01200100
v 0.01300000 -0.17999800 -0.01200100
v 0.01300000 -0.17999800 -0.01200100
v 0.01450000 -0.19999700 -0.01159900
v 0.01450000 -0.17999800 -0.01159900
v 0.01450000 -0.17999800 -0.01159900
v 0.01559800 -0.19999700 -0.01050100
v 0.01559800 -0.17999800 -0.01050100
v 0.01559800 -0.17999800 -0.01050100
v 0.01600000 -0.17999800 -0.00900100
v 0.01600000 -0.17999800 -0.00900100
v 0.01600000 -0.17999800 -0.00900100
v -0.00520300 -0.19145800 0.01881800
v -0.00520300 -0.19145800 0.01881800
v -0.00520300 -0.19145800 0.01199800
v -0.00520300 -0.19145800 0.01199800
v -0.00877600 -0.19520300 0.01881800
v -0.00877600 -0.19520300 0.01881800
v -0.00877600 -0.19520300 0.01881800
v -0.00877600 -0.19520300 0.01881800
v -0.00877600 -0.19520300 0.01199800
v -0.00877600 -0.19520300 0.01199800
v -0.00877600 -0.19520300 0.01199800
v -0.00999700 -0.20023300 0.01881800
v -0.00999700 -0.20023300 0.01881800
v -0.00999700 -0.20023300 0.01199800
v -0.00999700 -0.20023300 0.01199800
v -0.00854000 -0.20520000 0.01881800
v -0.00854000 -0.20520000 0.01881800
v -0.00854000 -0.20520000 0.01199800
v -0.00854000 -0.20520000 0.01199800
v -0.00479400 -0.20877300 0.01881800
v -0.00479400 -0.20877300 0.01881800
v -0.00479400 -0.20877300 0.01199800
v -0.00479400 -0.20877300 0.01199800
v 0.00023600 -0.20999500 0.01881800
v 0.00023600 -0.20999500 0.01881800
v 0.00023600 -0.20999500 0.01199800
v 0.00023600 -0.20999500 0.01199800
v 0.00520300 -0.20853700 0.01881800
v 0.00520300 -0.20853700 0.01881800
v 0.00520300 -0.20853700 0.01199800
v 0.00520300 -0.20853700 0.01199800
v 0.00877600 -0.20479200 0.01881800
v 0.00877600 -0.20479200 0.01881800
v 0.00877600 -0.20479200 0.01199800
v 0.00877600 -0.20479200 0.01199800
v 0.00999700 -0.19976100 0.01881800
v 0.00999700 -0.19976100 0.01881800
v 0.00999700 -0.19976100 0.01199800
v 0.00999700 -0.19976100 0.01199800
v 0.00854000 -0.19479500 0.01881800
v 0.00854000 -0.19479500 0.01881800
v 0.00854000 -0.19479500 0.01199800
v 0.00854000 -0.19479500 0.01199800
v 0.00479400 -0.19122200 0.01881800
v 0.00479400 -0.19122200 0.01881800
v 0.00479400 -0.19122200 0.01199800
v 0.00479400 -0.19122200 0.01199800
v -0.00023600 -0.19000000 0.01881800
v -0.00023600 -0.19000000 0.01881800
v -0.00023600 -0.19000000 0.01199800
v -0.00023600 -0.19000000 0.01199800
v -0.01355900 -0.19930300 0.02362100
v -0.01191500 -0.19348800 0.02362100
v -0.01191500 -0.19348800 0.02362100
v -0.00791100 -0.18896300 0.02362100
v -0.01315500 -0.19281100 0.02944200
v -0.01315500 -0.19281100 0.02944200
v -0.00873400 -0.18781500 0.02944200
v -0.01229700 -0.19328000 0.03535000
v -0.01229700 -0.19328000 0.03535000
v -0.00816400 -0.18860900 0.03535000
v -0.00947900 -0.19481900 0.04040600
v -0.00947900 -0.19481900 0.04040600
v -0.00629400 -0.19121900 0.04040600
v -0.00515000 -0.19718400 0.04380200
v -0.00515000 -0.19718400 0.04380200
v -0.00341900 -0.19522800 0.04380200
v 0.00000000 -0.19999700 0.04499800
v 0.00000000 -0.19999700 0.04499800
v 0.00000000 -0.19999700 0.04499800
v 0.00000000 -0.19999700 0.04499800
v 0.00000000 -0.19999700 0.04499800
v 0.00000000 -0.19999700 0.04499800
v 0.00000000 -0.19999700 0.04499800
v 0.00000000 -0.19999700 0.04499800
v 0.00000000 -0.19999700 0.04499800
v 0.00000000 -0.19999700 0.04499800
v 0.00000000 -0.19999700 0.04499800
v 0.00000000 -0.19999700 0.04499800
v 0.00000000 -0.19999700 0.04499800
v 0.00000000 -0.19999700 0.04499800
v -0.01251800 -0.20525400 0.02362100
v -0.00899700 -0.21016500 0.02362100
v -0.00369500 -0.21306200 0.02362100
v 0.00234000 -0.21337100 0.02362100
v 0.00791100 -0.21103200 0.02362100
v 0.01191500 -0.20650700 0.02362100
v 0.01355900 -0.20069200 0.02362100
v 0.01497000 -0.20076500 0.02944200
v 0.01382000 -0.19419300 0.02944200
v 0.01291900 -0.19457200 0.03535000
v 0.00928600 -0.18950400 0.03535000
v 0.00715800 -0.19190800 0.04040600
v 0.00293900 -0.18960400 0.04040600
v 0.00159700 -0.19435000 0.04380200
v -0.00101100 -0.19421700 0.04380200
v 0.01251800 -0.19474000 0.02362100
v 0.00993300 -0.18877200 0.02944200
v 0.00381300 -0.18651400 0.03535000
v -0.00186100 -0.18935800 0.04040600
v 0.00899700 -0.18983000 0.02362100
v 0.00407900 -0.18557400 0.02944200
v -0.00241500 -0.18619500 0.03535000
v 0.00369500 -0.18693300 0.02362100
v -0.00258300 -0.18523200 0.02944200
v -0.00234000 -0.18662400 0.02362100
v 0.00388900 -0.19560300 0.04380200
v 0.00541100 -0.19772500 0.04380200
v 0.00586100 -0.20029800 0.04380200
v 0.00515000 -0.20281100 0.04380200
v 0.00341900 -0.20476700 0.04380200
v 0.00101100 -0.20577800 0.04380200
v -0.00159700 -0.20564400 0.04380200
v -0.00388900 -0.20439200 0.04380200
v -0.00541100 -0.20227000 0.04380200
v -0.00586100 -0.19969700 0.04380200
v -0.01497000 -0.19923000 0.02944200
v -0.01382000 -0.20580100 0.02944200
v -0.00993300 -0.21122300 0.02944200
v -0.00407900 -0.21442100 0.02944200
v 0.00258300 -0.21476300 0.02944200
v 0.00873400 -0.21218000 0.02944200
v 0.01315500 -0.20718400 0.02944200
v -0.01399400 -0.19928000 0.03535000
v -0.01291900 -0.20542300 0.03535000
v -0.00928600 -0.21049100 0.03535000
v -0.00381300 -0.21348100 0.03535000
v 0.00241500 -0.21380000 0.03535000
v 0.00816400 -0.21138600 0.03535000
v 0.01229700 -0.20671500 0.03535000
v 0.01399400 -0.20071500 0.03535000
v -0.01078700 -0.19944500 0.04040600
v -0.00995900 -0.20418000 0.04040600
v -0.00715800 -0.20808700 0.04040600
v -0.00293900 -0.21039100 0.04040600
v 0.00186100 -0.21063700 0.04040600
v 0.00629400 -0.20877600 0.04040600
v 0.00947900 -0.20517600 0.04040600
v 0.01078700 -0.20055000 0.04040600
v 0.00995900 -0.19581500 0.04040600
v -0.00764700 -0.18499800 -0.01200100
v -0.00764700 -0.18499800 -0.01200100
v -0.00764700 -0.18499800 -0.01200100
v 0.01000000 -0.18499800 -0.01200100
v 0.01000000 -0.18499800 -0.01200100
v 0.01000000 -0.18499800 -0.01200100
v -0.00682300 -0.18699800 -0.03100100
v -0.00682300 -0.18699800 -0.03100100
v 0.00600000 -0.18899800 -0.05000100
v 0.00600000 -0.18899800 -0.05000100
v 0.00600000 -0.18899800 -0.05000100
v -0.00600000 -0.18899800 -0.05000100
v -0.00600000 -0.18899800 -0.05000100
v -0.00600000 -0.18899800 -0.05000100
v 0.01000000 -0.21499700 -0.01200100
v 0.01000000 -0.21499700 -0.01200100
v 0.01000000 -0.21499700 -0.01200100
v 0.00600000 -0.21099700 -0.05000100
v 0.00600000 -0.21099700 -0.05000100
v 0.00600000 -0.21099700 -0.05000100
v -0.01000000 -0.21499700 -0.01200100
v -0.01000000 -0.21499700 -0.01200100
v -0.01000000 -0.21499700 -0.01200100
v -0.00600000 -0.21099700 -0.05000100
v -0.00600000 -0.21099700 -0.05000100
v -0.00600000 -0.21099700 -0.05000100
v -0.01000000 -0.18499800 -0.01200100
v -0.01000000 -0.18499800 -0.01200100
v -0.01000000 -0.18499800 -0.01200100
v -0.00800000 -0.18779800 -0.03100100
v -0.00800000 -0.18779800 -0.03100100
v -0.00700000 -0.18919800 -0.04050100
v -0.00700000 -0.18919800 -0.04050100
v -0.00600000 -0.19059800 -0.05000100
v -0.00600000 -0.19059800 -0.05000100
v -0.00600000 -0.19059800 -0.05000100
v -0.00811800 -0.18619800 -0.02150100
v -0.00741200 -0.18739800 -0.03100100
v -0.00670600 -0.18859800 -0.04050100
v 0.00750000 -0.21249700 -0.05000100
v 0.00750000 -0.21249700 -0.05000100
v 0.00750000 -0.21249700 -0.05000100
v -0.00750000 -0.21249700 -0.05000100
v -0.00750000 -0.21249700 -0.05000100
v -0.00750000 -0.21249700 -0.05000100
v 0.00750000 -0.18749800 -0.05000100
v 0.00750000 -0.18749800 -0.05000100
v 0.00750000 -0.18749800 -0.05000100
v -0.00661800 -0.18749800 -0.05000100
v -0.00661800 -0.18749800 -0.05000100
v -0.00661800 -0.18749800 -0.05000100
v -0.00750000 -0.18749800 -0.05000100
v -0.00750000 -0.18749800 -0.05000100
v -0.00750000 -0.18749800 -0.05000100
v -0.00321700 -0.20821400 -0.07000100
v -0.00321700 -0.20821400 -0.07000100
v -0.00321700 -0.20821400 -0.07000100
v -0.00321700 -0.19178100 -0.07000100
v -0.00321700 -0.19178100 -0.07000100
v -0.00321700 -0.19178100 -0.07000100
v 0.00321700 -0.20821400 -0.07000100
v 0.00321700 -0.20821400 -0.07000100
v 0.00321700 -0.20821400 -0.07000100
v 0.00321700 -0.19178100 -0.07000100
v 0.00321700 -0.19178100 -0.07000100
v 0.00321700 -0.19178100 -0.07000100
v -0.00620800 -0.18943500 -0.06722500
v -0.00620800 -0.18943500 -0.06722500
v -0.00620800 -0.18943500 -0.06722500
v -0.00618400 -0.18941300 -0.06744300
v -0.00618400 -0.18941300 -0.06744300
v -0.00620800 -0.21120500 -0.06722500
v -0.00620800 -0.21120500 -0.06722500
v -0.00620800 -0.21120500 -0.06722500
v -0.00620800 -0.21120500 -0.06722500
v -0.00614900 -0.18930200 -0.06763200
v -0.00614900 -0.18930200 -0.06763200
v -0.00591900 -0.21091700 -0.06830200
v -0.00591900 -0.21091700 -0.06830200
v -0.00607600 -0.18892200 -0.06790900
v -0.00607600 -0.18892200 -0.06790900
v -0.00607600 -0.18892200 -0.06790900
v -0.00565200 -0.18934500 -0.06875200
v -0.00565200 -0.18934500 -0.06875200
v -0.00525700 -0.21025400 -0.06920000
v -0.00525700 -0.21025400 -0.06920000
v -0.00498800 -0.19001000 -0.06942200
v -0.00498800 -0.19001000 -0.06942200
v -0.00431200 -0.20931000 -0.06979300
v -0.00431200 -0.20931000 -0.06979300
v -0.00608600 -0.18878900 -0.06722500
v -0.00608600 -0.18878900 -0.06722500
v -0.00608600 -0.18878900 -0.06722500
v 0.00620800 -0.18878900 -0.06722500
v 0.00620800 -0.18878900 -0.06722500
v 0.00620800 -0.18878900 -0.06722500
v 0.00620800 -0.18878900 -0.06722500
v 0.00591900 -0.18907800 -0.06830200
v 0.00591900 -0.18907800 -0.06830200
v 0.00525700 -0.18974100 -0.06920000
v 0.00525700 -0.18974100 -0.06920000
v 0.00431200 -0.19068500 -0.06979300
v 0.00431200 -0.19068500 -0.06979300
v 0.00620800 -0.21120500 -0.06722500
v 0.00620800 -0.21120500 -0.06722500
v 0.00620800 -0.21120500 -0.06722500
v 0.00620800 -0.21120500 -0.06722500
v 0.00591900 -0.21091700 -0.06830200
v 0.00591900 -0.21091700 -0.06830200
v 0.00525700 -0.21025400 -0.06920000
v 0.00525700 -0.21025400 -0.06920000
v 0.00431200 -0.20931000 -0.06979300
v 0.00431200 -0.20931000 -0.06979300
v -0.00685400 -0.18846600 -0.05861300
v -0.00685400 -0.18846600 -0.05861300
v -0.00635200 -0.18814300 -0.05861300
v -0.00635200 -0.18814300 -0.05861300
v -0.00632000 -0.18880600 -0.06395500
v -0.00652900 -0.18843500 -0.06000100
v -0.00679400 -0.18796600 -0.05500100
v -0.01600000 -0.17999800 -0.00900100
v -0.01600000 -0.17999800 -0.00900100
v -0.01600000 -0.17999800 -0.00900100
v -0.01559800 -0.19999700 -0.01050100
v -0.01559800 -0.17999800 -0.01050100
v -0.01559800 -0.17999800 -0.01050100
v -0.01450000 -0.19999700 -0.01159900
v -0.01450000 -0.17999800 -0.01159900
v -0.01450000 -0.17999800 -0.01159900
v -0.01300000 -0.17999800 -0.01200100
v -0.01300000 -0.17999800 -0.01200100
v -0.01300000 -0.17999800 -0.01200100
v -0.01300000 -0.17999800 0.01199800
v -0.01300000 -0.17999800 0.01199800
v -0.01300000 -0.17999800 0.01199800
v 0.01300000 -0.17999800 0.01199800
v 0.01300000 -0.17999800 0.01199800
v 0.01300000 -0.17999800 0.01199800
v -0.01450000 -0.19999700 0.01159600
v -0.01450000 -0.17999800 0.01159600
v -0.01450000 -0.17999800 0.01159600
v -0.01559800 -0.19999700 0.01049800
v -0.01559800 -0.17999800 0.01049800
v -0.01559800 -0.17999800 0.01049800
v -0.01600000 -0.17999800 0.00899800
v -0.01600000 -0.17999800 0.00899800
v -0.01600000 -0.17999800 0.00899800
v 0.01600000 -0.17999800 0.00899800
v 0.01600000 -0.17999800 0.00899800
v 0.01600000 -0.17999800 0.00899800
v 0.01559800 -0.19999700 0.01049800
v 0.01559800 -0.17999800 0.01049800
v 0.01559800 -0.17999800 0.01049800
v 0.01450000 -0.19999700 0.01159600
v 0.01450000 -0.17999800 0.01159600
v 0.01450000 -0.17999800 0.01159600
v 0.01600000 -0.19599700 -0.00000100
v 0.01600000 -0.19599700 -0.00000100
v 0.01600000 -0.19653300 -0.00200100
v 0.01600000 -0.19653300 -0.00200100
v 0.01600000 -0.19799700 -0.00346600
v 0.01600000 -0.19799700 -0.00346600
v 0.01600000 -0.19999700 0.00399800
v 0.01600000 -0.19999700 0.00399800
v 0.01600000 -0.19799700 0.00346300
v 0.01600000 -0.19799700 0.00346300
v 0.01600000 -0.19653300 0.00199900
v 0.01600000 -0.19653300 0.00199900
v 0.01600000 -0.20399700 -0.00000100
v 0.01600000 -0.20399700 -0.00000100
v 0.01600000 -0.20399700 -0.00000100
v 0.01600000 -0.20346100 0.00199900
v 0.01600000 -0.20346100 0.00199900
v 0.01600000 -0.20199700 0.00346300
v 0.01600000 -0.20199700 0.00346300
v 0.01600000 -0.19999700 -0.00400100
v 0.01600000 -0.19999700 -0.00400100
v 0.01600000 -0.20199700 -0.00346600
v 0.01600000 -0.20199700 -0.00346600
v 0.01600000 -0.20346100 -0.00200100
v 0.01600000 -0.20346100 -0.00200100
v 0.01100000 -0.19826500 0.00099900
v 0.01100000 -0.19826500 0.00099900
v 0.01100000 -0.19799700 -0.00000100
v 0.01100000 -0.19799700 -0.00000100
v 0.01100000 -0.19899700 0.00173100
v 0.01100000 -0.19899700 0.00173100
v 0.01100000 -0.19999700 0.00199900
v 0.01100000 -0.19999700 0.00199900
v 0.01100000 -0.20099700 0.00173100
v 0.01100000 -0.20099700 0.00173100
v 0.01100000 -0.20172900 0.00099900
v 0.01100000 -0.20172900 0.00099900
v 0.01100000 -0.20199700 -0.00000100
v 0.01100000 -0.20199700 -0.00000100
v 0.01100000 -0.20199700 -0.00000100
v 0.01100000 -0.20172900 -0.00100100
v 0.01100000 -0.20172900 -0.00100100
v 0.01100000 -0.20099700 -0.00173300
v 0.01100000 -0.20099700 -0.00173300
v 0.01100000 -0.19999700 -0.00200100
v 0.01100000 -0.19999700 -0.00200100
v 0.01100000 -0.19899700 -0.00173300
v 0.01100000 -0.19899700 -0.00173300
v 0.01100000 -0.19826500 -0.00100100
v 0.01100000 -0.19826500 -0.00100100
v 0.01100000 -0.20346100 0.00199900
v 0.01100000 -0.20346100 0.00199900
v 0.01100000 -0.20399700 -0.00000100
v 0.01100000 -0.20399700 -0.00000100
v 0.01100000 -0.20399700 -0.00000100
v 0.01100000 -0.20346100 -0.00200100
v 0.01100000 -0.20346100 -0.00200100
v 0.01100000 -0.20199700 -0.00346600
v 0.01100000 -0.20199700 -0.00346600
v 0.01100000 -0.19999700 -0.00400100
v 0.01100000 -0.19999700 -0.00400100
v 0.01100000 -0.19799700 -0.00346600
v 0.01100000 -0.19799700 -0.00346600
v 0.01100000 -0.19653300 -0.00200100
v 0.01100000 -0.19653300 -0.00200100
v 0.01100000 -0.19599700 -0.00000100
v 0.01100000 -0.19599700 -0.00000100
v 0.01100000 -0.19653300 0.00199900
v 0.01100000 -0.19653300 0.00199900
v 0.01100000 -0.19799700 0.00346300
v 0.01100000 -0.19799700 0.00346300
v 0.01100000 -0.19999700 0.00399800
v 0.01100000 -0.19999700 0.00399800
v 0.01100000 -0.20199700 0.00346300
v 0.01100000 -0.20199700 0.00346300
v -0.01100000 -0.19826500 -0.00100100
v -0.01100000 -0.19826500 -0.00100100
v -0.01100000 -0.19799700 -0.00000100
v -0.01100000 -0.19799700 -0.00000100
v -0.01100000 -0.19899700 -0.00173300
v -0.01100000 -0.19899700 -0.00173300
v -0.01100000 -0.19999700 -0.00200100
v -0.01100000 -0.19999700 -0.00200100
v -0.01100000 -0.20099700 -0.00173300
v -0.01100000 -0.20099700 -0.00173300
v -0.01100000 -0.20172900 -0.00100100
v -0.01100000 -0.20172900 -0.00100100
v -0.01100000 -0.20199700 -0.00000100
v -0.01100000 -0.20199700 -0.00000100
v -0.01100000 -0.20199700 -0.00000100
v -0.01100000 -0.20172900 0.00099900
v -0.01100000 -0.20172900 0.00099900
v -0.01100000 -0.20099700 0.00173100
v -0.01100000 -0.20099700 0.00173100
v -0.01100000 -0.19999700 0.00199900
v -0.01100000 -0.19999700 0.00199900
v -0.01100000 -0.19899700 0.00173100
v -0.01100000 -0.19899700 0.00173100
v -0.01100000 -0.19826500 0.00099900
v -0.01100000 -0.19826500 0.00099900
v -0.01600000 -0.20399700 -0.00000100
v -0.01600000 -0.20399700 -0.00000100
v -0.01600000 -0.20399700 -0.00000100
v -0.01600000 -0.20346100 -0.00200100
v -0.01600000 -0.20346100 -0.00200100
v -0.01600000 -0.20199700 -0.00346600
v -0.01600000 -0.20199700 -0.00346600
v -0.01600000 -0.19999700 0.00399800
v -0.01600000 -0.19999700 0.00399800
v -0.01600000 -0.20199700 0.00346300
v -0.01600000 -0.20199700 0.00346300
v -0.01600000 -0.20346100 0.00199900
v -0.01600000 -0.20346100 0.00199900
v -0.01600000 -0.19599700 -0.00000100
v -0.01600000 -0.19599700 -0.00000100
v -0.01600000 -0.19653300 0.00199900
v -0.01600000 -0.19653300 0.00199900
v -0.01600000 -0.19799700 0.00346300
v -0.01600000 -0.19799700 0.00346300
v -0.01600000 -0.19999700 -0.00400100
v -0.01600000 -0.19999700 -0.00400100
v -0.01600000 -0.19799700 -0.00346600
v -0.01600000 -0.19799700 -0.00346600
v -0.01600000 -0.19653300 -0.00200100
v -0.01600000 -0.19653300 -0.00200100
v -0.01100000 -0.19653300 0.00199900
v -0.01100000 -0.19653300 0.00199900
v -0.01100000 -0.19599700 -0.00000100
v -0.01100000 -0.19599700 -0.00000100
v -0.01100000 -0.19653300 -0.00200100
v -0.01100000 -0.19653300 -0.00200100
v -0.01100000 -0.19799700 -0.00346600
v -0.01100000 -0.19799700 -0.00346600
v -0.01100000 -0.19999700 -0.00400100
v -0.01100000 -0.19999700 -0.00400100
v -0.01100000 -0.20199700 -0.00346600
v -0.01100000 -0.20199700 -0.00346600
v -0.01100000 -0.20346100 -0.00200100
v -0.01100000 -0.20346100 -0.00200100
v -0.01100000 -0.20399700 -0.00000100
v -0.01100000 -0.20399700 -0.00000100
v -0.01100000 -0.20399700 -0.00000100
v -0.01100000 -0.20346100 0.00199900
v -0.01100000 -0.20346100 0.00199900
v -0.01100000 -0.20199700 0.00346300
v -0.01100000 -0.20199700 0.00346300
v -0.01100000 -0.19999700 0.00399800
v -0.01100000 -0.19999700 0.00399800
v -0.01100000 -0.19799700 0.00346300
v -0.01100000 -0.19799700 0.00346300
v -0.01100000 -0.19696600 0.00174900
v -0.01100000 -0.19696600 0.00174900
v -0.01100000 -0.19826500 0.00099900
v -0.01100000 -0.19826500 0.00099900
v -0.01100000 -0.19649700 -0.00000100
v -0.01100000 -0.19649700 -0.00000100
v -0.01100000 -0.19799700 -0.00000100
v -0.01100000 -0.19799700 -0.00000100
v -0.01100000 -0.19696600 -0.00175100
v -0.01100000 -0.19696600 -0.00175100
v -0.01100000 -0.19826500 -0.00100100
v -0.01100000 -0.19826500 -0.00100100
v -0.01100000 -0.19899700 -0.00173300
v -0.01100000 -0.19899700 -0.00173300
v -0.01100000 -0.19899700 0.00173100
v -0.01100000 -0.19899700 0.00173100
v -0.01100000 -0.19824700 0.00303000
v -0.01100000 -0.19824700 0.00303000
v -0.01100000 -0.19999700 0.00199900
v -0.01100000 -0.19999700 0.00199900
v -0.01100000 -0.19999700 0.00349900
v -0.01100000 -0.19999700 0.00349900
v -0.01100000 -0.20174700 0.00303000
v -0.01100000 -0.20174700 0.00303000
v -0.01100000 -0.20099700 0.00173100
v -0.01100000 -0.20099700 0.00173100
v -0.01100000 -0.20302800 0.00174900
v -0.01100000 -0.20302800 0.00174900
v -0.01100000 -0.20172900 0.00099900
v -0.01100000 -0.20172900 0.00099900
v -0.01100000 -0.20349700 -0.00000100
v -0.01100000 -0.20349700 -0.00000100
v -0.01100000 -0.20349700 -0.00000100
v -0.01100000 -0.20199700 -0.00000100
v -0.01100000 -0.20199700 -0.00000100
v -0.01100000 -0.20199700 -0.00000100
v -0.01100000 -0.20172900 -0.00100100
v -0.01100000 -0.20172900 -0.00100100
v -0.01100000 -0.20302800 -0.00175100
v -0.01100000 -0.20302800 -0.00175100
v -0.01100000 -0.20099700 -0.00173300
v -0.01100000 -0.20099700 -0.00173300
v -0.01100000 -0.20174700 -0.00303300
v -0.01100000 -0.20174700 -0.00303300
v -0.01100000 -0.19999700 -0.00200100
v -0.01100000 -0.19999700 -0.00200100
v -0.01100000 -0.19999700 -0.00350100
v -0.01100000 -0.19999700 -0.00350100
v -0.01100000 -0.19824700 -0.00303300
v -0.01100000 -0.19824700 -0.00303300
v 0.01100000 -0.20302800 0.00174900
v 0.01100000 -0.20302800 0.00174900
v 0.01100000 -0.20172900 0.00099900
v 0.01100000 -0.20172900 0.00099900
v 0.01100000 -0.20349700 -0.00000100
v 0.01100000 -0.20349700 -0.00000100
v 0.01100000 -0.20349700 -0.00000100
v 0.01100000 -0.20199700 -0.00000100
v 0.01100000 -0.20199700 -0.00000100
v 0.01100000 -0.20199700 -0.00000100
v 0.01100000 -0.20302800 -0.00175100
v 0.01100000 -0.20302800 -0.00175100
v 0.01100000 -0.20172900 -0.00100100
v 0.01100000 -0.20172900 -0.00100100
v 0.01100000 -0.20099700 -0.00173300
v 0.01100000 -0.20099700 -0.00173300
v 0.01100000 -0.20099700 0.00173100
v 0.01100000 -0.20099700 0.00173100
v 0.01100000 -0.20174700 0.00303000
v 0.01100000 -0.20174700 0.00303000
v 0.01100000 -0.19999700 0.00199900
v 0.01100000 -0.19999700 0.00199900
v 0.01100000 -0.19999700 0.00349900
v 0.01100000 -0.19999700 0.00349900
v 0.01100000 -0.19824700 0.00303000
v 0.01100000 -0.19824700 0.00303000
v 0.01100000 -0.19899700 0.00173100
v 0.01100000 -0.19899700 0.00173100
v 0.01100000 -0.19696600 0.00174900
v 0.01100000 -0.19696600 0.00174900
v 0.01100000 -0.19826500 0.00099900
v 0.01100000 -0.19826500 0.00099900
v 0.01100000 -0.19649700 -0.00000100
v 0.01100000 -0.19649700 -0.00000100
v 0.01100000 -0.19799700 -0.00000100
v 0.01100000 -0.19799700 -0.00000100
v 0.01100000 -0.19826500 -0.00100100
v 0.01100000 -0.19826500 -0.00100100
v 0.01100000 -0.19696600 -0.00175100
v 0.01100000 -0.19696600 -0.00175100
v 0.01100000 -0.19899700 -0.00173300
v 0.01100000 -0.19899700 -0.00173300
v 0.01100000 -0.19824700 -0.00303300
v 0.01100000 -0.19824700 -0.00303300
v 0.01100000 -0.19999700 -0.00200100
v 0.01100000 -0.19999700 -0.00200100
v 0.01100000 -0.19999700 -0.00350100
v 0.01100000 -0.19999700 -0.00350100
v 0.01100000 -0.20174700 -0.00303300
v 0.01100000 -0.20174700 -0.00303300
v 0.01300000 -0.20069700 -0.00343100
v 0.01300000 -0.20069700 -0.00343100
v 0.01300000 -0.20069700 -0.00343100
v 0.01400000 -0.20069700 -0.00343100
v 0.01400000 -0.20069700 -0.00343100
v 0.01400000 -0.20069700 -0.00343100
v 0.01400000 -0.20213700 -0.00277100
v 0.01400000 -0.20213700 -0.00277100
v 0.01400000 -0.20313900 -0.00154400
v 0.01400000 -0.20313900 -0.00154400
v 0.01400000 -0.20349700 -0.00000100
v 0.01400000 -0.20349700 -0.00000100
v 0.01400000 -0.20349700 -0.00000100
v 0.01400000 -0.20313900 0.00154100
v 0.01400000 -0.20313900 0.00154100
v 0.01400000 -0.20213700 0.00276800
v 0.01400000 -0.20213700 0.00276800
v 0.01300000 -0.20069700 0.00342800
v 0.01300000 -0.20069700 0.00342800
v 0.01300000 -0.20069700 0.00342800
v 0.01300000 -0.20023200 0.00349100
v 0.01300000 -0.20023200 0.00349100
v 0.01300000 -0.19976300 0.00349100
v 0.01300000 -0.19976300 0.00349100
v 0.01400000 -0.20069700 0.00342800
v 0.01400000 -0.20069700 0.00342800
v 0.01400000 -0.20069700 0.00342800
v 0.01300000 -0.19929700 0.00342800
v 0.01300000 -0.19929700 0.00342800
v 0.01300000 -0.19929700 0.00342800
v 0.01400000 -0.19929700 0.00342800
v 0.01400000 -0.19929700 0.00342800
v 0.01400000 -0.19929700 0.00342800
v 0.01400000 -0.19785800 0.00276800
v 0.01400000 -0.19785800 0.00276800
v 0.01400000 -0.19685600 0.00154100
v 0.01400000 -0.19685600 0.00154100
v 0.01400000 -0.19649700 -0.00000100
v 0.01400000 -0.19649700 -0.00000100
v 0.01400000 -0.19685600 -0.00154400
v 0.01400000 -0.19685600 -0.00154400
v 0.01400000 -0.19785800 -0.00277100
v 0.01400000 -0.19785800 -0.00277100
v 0.01300000 -0.19929700 -0.00343100
v 0.01300000 -0.19929700 -0.00343100
v 0.01300000 -0.19929700 -0.00343100
v 0.01300000 -0.19976300 -0.00349400
v 0.01300000 -0.19976300 -0.00349400
v 0.01300000 -0.20023200 -0.00349400
v 0.01300000 -0.20023200 -0.00349400
v 0.01400000 -0.19929700 -0.00343100
v 0.01400000 -0.19929700 -0.00343100
v 0.01400000 -0.19929700 -0.00343100
v 0.01438700 -0.20069700 0.00334800
v 0.01438700 -0.20069700 0.00334800
v 0.01450000 -0.20205500 0.00266200
v 0.01471300 -0.20069700 0.00312200
v 0.01471300 -0.20069700 0.00312200
v 0.01486600 -0.20183200 0.00237200
v 0.01492600 -0.20069700 0.00278900
v 0.01492600 -0.20069700 0.00278900
v 0.01500000 -0.20069700 0.00239900
v 0.01500000 -0.20069700 0.00239900
v 0.01500000 -0.20069700 0.00239900
v 0.01500000 -0.20178800 0.00174300
v 0.01500000 -0.20178800 0.00174300
v 0.01486600 -0.20269000 0.00132100
v 0.01500000 -0.20241500 0.00063500
v 0.01500000 -0.20241500 0.00063500
v 0.01486600 -0.20299700 -0.00000100
v 0.01500000 -0.20241500 -0.00063800
v 0.01500000 -0.20241500 -0.00063800
v 0.01486600 -0.20269000 -0.00132400
v 0.01500000 -0.20178800 -0.00174600
v 0.01500000 -0.20178800 -0.00174600
v 0.01486600 -0.20183200 -0.00237500
v 0.01500000 -0.20069700 -0.00240100
v 0.01500000 -0.20069700 -0.00240100
v 0.01500000 -0.20069700 -0.00240100
v 0.01492600 -0.20069700 -0.00279100
v 0.01492600 -0.20069700 -0.00279100
v 0.01471300 -0.20069700 -0.00312500
v 0.01471300 -0.20069700 -0.00312500
v 0.01450000 -0.20205500 -0.00266500
v 0.01438700 -0.20069700 -0.00335100
v 0.01438700 -0.20069700 -0.00335100
v 0.01450000 -0.20301900 0.00148200
v 0.01450000 -0.20336300 -0.00000100
v 0.01450000 -0.20301900 -0.00148500
v 0.01438700 -0.19929700 -0.00335100
v 0.01438700 -0.19929700 -0.00335100
v 0.01438700 -0.19929700 0.00334800
v 0.01438700 -0.19929700 0.00334800
v 0.01471300 -0.19929700 -0.00312500
v 0.01471300 -0.19929700 -0.00312500
v 0.01500000 -0.19929700 0.00239900
v 0.01500000 -0.19929700 0.00239900
v 0.01500000 -0.19929700 0.00239900
v 0.01471300 -0.19929700 0.00312200
v 0.01471300 -0.19929700 0.00312200
v 0.01492600 -0.19929700 -0.00279100
v 0.01492600 -0.19929700 -0.00279100
v 0.01500000 -0.19929700 -0.00240100
v 0.01500000 -0.19929700 -0.00240100
v 0.01500000 -0.19929700 -0.00240100
v 0.01492600 -0.19929700 0.00278800
v 0.01492600 -0.19929700 0.00278800
v 0.01486600 -0.19816300 0.00237200
v 0.01500000 -0.19820700 0.00174300
v 0.01500000 -0.19820700 0.00174300
v 0.01486600 -0.19730500 0.00132100
v 0.01500000 -0.19758000 0.00063500
v 0.01500000 -0.19758000 0.00063500
v 0.01486600 -0.19699700 -0.00000100
v 0.01500000 -0.19758000 -0.00063800
v 0.01500000 -0.19758000 -0.00063800
v 0.01486600 -0.19730500 -0.00132400
v 0.01500000 -0.19820700 -0.00174600
v 0.01500000 -0.19820700 -0.00174600
v 0.01486600 -0.19816300 -0.00237500
v 0.01450000 -0.19793900 -0.00266500
v 0.01450000 -0.19697600 -0.00148500
v 0.01450000 -0.19663100 -0.00000100
v 0.01450000 -0.19697600 0.00148200
v 0.01450000 -0.19793900 0.00266200
v -0.01300000 -0.20069700 0.00342800
v -0.01300000 -0.20069700 0.00342800
v -0.01300000 -0.20069700 0.00342800
v -0.01300000 -0.20023200 0.00349100
v -0.01300000 -0.20023200 0.00349100
v -0.01300000 -0.20069700 -0.00343100
v -0.01300000 -0.20069700 -0.00343100
v -0.01300000 -0.20069700 -0.00343100
v -0.01300000 -0.20023200 -0.00349400
v -0.01300000 -0.20023200 -0.00349400
v -0.01300000 -0.19976300 0.00349100
v -0.01300000 -0.19976300 0.00349100
v -0.01300000 -0.19976300 -0.00349400
v -0.01300000 -0.19976300 -0.00349400
v -0.01300000 -0.19929700 -0.00343100
v -0.01300000 -0.19929700 -0.00343100
v -0.01300000 -0.19929700 -0.00343100
v -0.01300000 -0.19929700 0.00342800
v -0.01300000 -0.19929700 0.00342800
v -0.01300000 -0.19929700 0.00342800
v -0.01500000 -0.20069700 0.00239900
v -0.01500000 -0.20069700 0.00239900
v -0.01500000 -0.20069700 0.00239900
v -0.01500000 -0.20069700 -0.00240100
v -0.01500000 -0.20069700 -0.00240100
v -0.01500000 -0.20069700 -0.00240100
v -0.01500000 -0.20178800 0.00174300
v -0.01500000 -0.20178800 0.00174300
v -0.01500000 -0.20178800 -0.00174600
v -0.01500000 -0.20178800 -0.00174600
v -0.01500000 -0.20241500 -0.00063800
v -0.01500000 -0.20241500 -0.00063800
v -0.01500000 -0.20241500 0.00063500
v -0.01500000 -0.20241500 0.00063500
v -0.01492600 -0.20069700 -0.00279100
v -0.01492600 -0.20069700 -0.00279100
v -0.01471300 -0.20069700 -0.00312500
v -0.01471300 -0.20069700 -0.00312500
v -0.01438700 -0.20069700 -0.00335100
v -0.01438700 -0.20069700 -0.00335100
v -0.01471300 -0.20069700 0.00312200
v -0.01471300 -0.20069700 0.00312200
v -0.01438700 -0.20069700 0.00334800
v -0.01438700 -0.20069700 0.00334800
v -0.01492600 -0.20069700 0.00278800
v -0.01492600 -0.20069700 0.00278800
v -0.01400000 -0.20069700 -0.00343100
v -0.01400000 -0.20069700 -0.00343100
v -0.01400000 -0.20069700 -0.00343100
v -0.01400000 -0.20069700 0.00342800
v -0.01400000 -0.20069700 0.00342800
v -0.01400000 -0.20069700 0.00342800
v -0.01400000 -0.20213700 -0.00277100
v -0.01400000 -0.20213700 -0.00277100
v -0.01450000 -0.20205500 -0.00266500
v -0.01486600 -0.20183200 -0.00237500
v -0.01486600 -0.20269000 -0.00132400
v -0.01486600 -0.20299700 -0.00000100
v -0.01486600 -0.20269000 0.00132100
v -0.01486600 -0.20183200 0.00237200
v -0.01450000 -0.20205500 0.00266200
v -0.01400000 -0.20213700 0.00276800
v -0.01400000 -0.20213700 0.00276800
v -0.01400000 -0.20313900 0.00154100
v -0.01400000 -0.20313900 0.00154100
v -0.01450000 -0.20301900 0.00148200
v -0.01400000 -0.20349700 -0.00000100
v -0.01400000 -0.20349700 -0.00000100
v -0.01400000 -0.20349700 -0.00000100
v -0.01450000 -0.20336300 -0.00000100
v -0.01400000 -0.20313900 -0.00154400
v -0.01400000 -0.20313900 -0.00154400
v -0.01450000 -0.20301900 -0.00148500
v -0.01500000 -0.19929700 0.00239900
v -0.01500000 -0.19929700 0.00239900
v -0.01500000 -0.19929700 0.00239900
v -0.01500000 -0.19820700 0.00174300
v -0.01500000 -0.19820700 0.00174300
v -0.01500000 -0.19929700 -0.00240100
v -0.01500000 -0.19929700 -0.00240100
v -0.01500000 -0.19929700 -0.00240100
v -0.01500000 -0.19820700 -0.00174600
v -0.01500000 -0.19820700 -0.00174600
v -0.01500000 -0.19758000 -0.00063800
v -0.01500000 -0.19758000 -0.00063800
v -0.01500000 -0.19758000 0.00063500
v -0.01500000 -0.19758000 0.00063500
v -0.01492600 -0.19929700 0.00278800
v -0.01492600 -0.19929700 0.00278800
v -0.01471300 -0.19929700 0.00312200
v -0.01471300 -0.19929700 0.00312200
v -0.01438700 -0.19929700 0.00334800
v -0.01438700 -0.19929700 0.00334800
v -0.01471300 -0.19929700 -0.00312500
v -0.01471300 -0.19929700 -0.00312500
v -0.01438700 -0.19929700 -0.00335100
v -0.01438700 -0.19929700 -0.00335100
v -0.01492600 -0.19929700 -0.00279100
v -0.01492600 -0.19929700 -0.00279100
v -0.01400000 -0.19929700 0.00342800
v -0.01400000 -0.19929700 0.00342800
v -0.01400000 -0.19929700 0.00342800
v -0.01400000 -0.19929700 -0.00343100
v -0.01400000 -0.19929700 -0.00343100
v -0.01400000 -0.19929700 -0.00343100
v -0.01400000 -0.19785800 -0.00277100
v -0.01400000 -0.19785800 -0.00277100
v -0.01400000 -0.19685600 -0.00154400
v -0.01400000 -0.19685600 -0.00154400
v -0.01400000 -0.19649700 -0.00000100
v -0.01400000 -0.19649700 -0.00000100
v -0.01400000 -0.19685600 0.00154100
v -0.01400000 -0.19685600 0.00154100
v -0.01400000 -0.19785800 0.00276800
v -0.01400000 -0.19785800 0.00276800
v -0.01450000 -0.19793900 0.00266200
v -0.01486600 -0.19816300 0.00237200
v -0.01486600 -0.19730500 0.00132100
v -0.01486600 -0.19699700 -0.00000100
v -0.01486600 -0.19730500 -0.00132400
v -0.01486600 -0.19816300 -0.00237500
v -0.01450000 -0.19793900 -0.00266500
v -0.01450000 -0.19697600 -0.00148500
v -0.01450000 -0.19663100 -0.00000100
v -0.01450000 -0.19697600 0.00148200
v 0.00796300 0.00184700 -0.00076800
v 0.00796300 0.00184700 -0.00076800
v 0.00800000 0.00200000 -0.00000100
v 0.00800000 0.00200000 -0.00000100
v 0.00800000 0.00200000 -0.00000100
v 0.00800000 0.02000000 -0.00000100
v 0.00800000 0.02000000 -0.00000100
v 0.00800000 0.02000000 -0.00000100
v 0.00796300 0.00184700 0.00076500
v 0.00796300 0.00184700 0.00076500
v 0.00787400 0.00141400 0.00141300
v 0.00787400 0.00141400 0.00141300
v 0.00778400 0.00076700 0.00184600
v 0.00778400 0.00076700 0.00184600
v 0.00692800 0.02000000 0.00399900
v 0.00692800 0.02000000 0.00399900
v 0.00774600 -0.00000000 0.00199900
v 0.00774600 -0.00000000 0.00199900
v 0.00692800 -0.02000000 0.00399900
v 0.00692800 -0.02000000 0.00399900
v 0.00778400 -0.00076700 0.00184600
v 0.00778400 -0.00076700 0.00184600
v 0.00800000 -0.02000000 -0.00000100
v 0.00800000 -0.02000000 -0.00000100
v 0.00800000 -0.02000000 -0.00000100
v 0.00787400 -0.00141400 0.00141300
v 0.00787400 -0.00141400 0.00141300
v 0.00796300 -0.00184700 0.00076500
v 0.00796300 -0.00184700 0.00076500
v 0.00800000 -0.00200000 -0.00000100
v 0.00800000 -0.00200000 -0.00000100
v 0.00800000 -0.00200000 -0.00000100
v 0.00800000 -0.00200000 -0.00000100
v 0.00796300 -0.00184700 -0.00076800
v 0.00796300 -0.00184700 -0.00076800
v 0.00787400 -0.00141400 -0.00141600
v 0.00787400 -0.00141400 -0.00141600
v 0.00778400 -0.00076700 -0.00184900
v 0.00778400 -0.00076700 -0.00184900
v 0.00774600 -0.00000000 -0.00200100
v 0.00774600 -0.00000000 -0.00200100
v 0.00692800 -0.02000000 -0.00400100
v 0.00692800 -0.02000000 -0.00400100
v 0.00692800 0.02000000 -0.00400100
v 0.00692800 0.02000000 -0.00400100
v 0.00400000 -0.02000000 -0.00693000
v 0.00400000 -0.02000000 -0.00693000
v 0.00400000 0.02000000 -0.00693000
v 0.00400000 0.02000000 -0.00693000
v 0.00000000 -0.02000000 -0.00800100
v 0.00000000 -0.02000000 -0.00800100
v 0.00000000 0.02000000 -0.00800100
v 0.00000000 0.02000000 -0.00800100
v -0.00400000 -0.02000000 -0.00693000
v -0.00400000 -0.02000000 -0.00693000
v -0.00400000 0.02000000 -0.00693000
v -0.00400000 0.02000000 -0.00693000
v -0.00692800 -0.02000000 -0.00400100
v -0.00692800 -0.02000000 -0.00400100
v -0.00692800 0.02000000 -0.00400100
v -0.00692800 0.02000000 -0.00400100
v -0.00774600 -0.00000000 -0.00200100
v -0.00774600 -0.00000000 -0.00200100
v -0.00778400 0.00076700 -0.00184900
v -0.00778400 0.00076700 -0.00184900
v -0.00800000 0.02000000 -0.00000100
v -0.00800000 0.02000000 -0.00000100
v -0.00787400 0.00141400 -0.00141600
v -0.00787400 0.00141400 -0.00141600
v -0.00796300 0.00184700 -0.00076800
v -0.00796300 0.00184700 -0.00076800
v -0.00800000 0.00200000 -0.00000100
v -0.00800000 0.00200000 -0.00000100
v -0.00796300 0.00184700 0.00076500
v -0.00796300 0.00184700 0.00076500
v -0.00787400 0.00141400 0.00141300
v -0.00787400 0.00141400 0.00141300
v -0.00778400 0.00076700 0.00184600
v -0.00778400 0.00076700 0.00184600
v -0.00774600 -0.00000000 0.00199900
v -0.00774600 -0.00000000 0.00199900
v -0.00692800 0.02000000 0.00399900
v -0.00692800 0.02000000 0.00399900
v -0.00692800 -0.02000000 0.00399900
v -0.00692800 -0.02000000 0.00399900
v -0.00400000 -0.02000000 0.00692700
v -0.00400000 -0.02000000 0.00692700
v -0.00400000 0.02000000 0.00692700
v -0.00400000 0.02000000 0.00692700
v 0.00000000 -0.02000000 0.00799800
v 0.00000000 -0.02000000 0.00799800
v 0.00000000 0.02000000 0.00799800
v 0.00000000 0.02000000 0.00799800
v 0.00400000 -0.02000000 0.00692700
v 0.00400000 -0.02000000 0.00692700
v 0.00400000 0.02000000 0.00692700
v 0.00400000 0.02000000 0.00692700
v 0.00778400 0.00076700 -0.00184900
v 0.00778400 0.00076700 -0.00184900
v 0.00787400 0.00141400 -0.00141600
v 0.00787400 0.00141400 -0.00141600
v -0.00800000 -0.02000000 -0.00000100
v -0.00800000 -0.02000000 -0.00000100
v -0.00778400 -0.00076700 0.00184600
v -0.00778400 -0.00076700 0.00184600
v -0.00787400 -0.00141400 0.00141300
v -0.00787400 -0.00141400 0.00141300
v -0.00796300 -0.00184700 0.00076500
v -0.00796300 -0.00184700 0.00076500
v -0.00800000 -0.00200000 -0.00000100
v -0.00800000 -0.00200000 -0.00000100
v -0.00800000 -0.00200000 -0.00000100
v -0.00796300 -0.00184700 -0.00076800
v -0.00796300 -0.00184700 -0.00076800
v -0.00787400 -0.00141400 -0.00141600
v -0.00787400 -0.00141400 -0.00141600
v -0.00778400 -0.00076700 -0.00184900
v -0.00778400 -0.00076700 -0.00184900
v -0.01559800 -0.02000000 -0.01050100
v -0.01559800 -0.02000000 -0.01050100
v -0.01300000 -0.02000000 -0.01200100
v -0.01300000 -0.02000000 -0.01200100
v -0.01300000 -0.02000000 -0.01200100
v -0.01600000 -0.02000000 -0.00900100
v -0.01600000 -0.02000000 -0.00900100
v -0.01600000 -0.02000000 -0.00900100
v -0.01450000 -0.02000000 -0.01159900
v -0.01450000 -0.02000000 -0.01159900
v 0.01300000 -0.02000000 -0.01200100
v 0.01300000 -0.02000000 -0.01200100
v 0.01300000 -0.02000000 -0.01200100
v 0.01450000 -0.02000000 -0.01159900
v 0.01450000 -0.02000000 -0.01159900
v 0.01559800 -0.02000000 -0.01050100
v 0.01559800 -0.02000000 -0.01050100
v 0.01600000 -0.02000000 -0.00900100
v 0.01600000 -0.02000000 -0.00900100
v 0.01600000 -0.02000000 -0.00900100
v 0.01600000 -0.02000000 0.00899800
v 0.01600000 -0.02000000 0.00899800
v 0.01600000 -0.02000000 0.00899800
v 0.01300000 -0.02000000 0.01199800
v 0.01300000 -0.02000000 0.01199800
v 0.01300000 -0.02000000 0.01199800
v -0.01300000 -0.02000000 0.01199800
v -0.01300000 -0.02000000 0.01199800
v -0.01300000 -0.02000000 0.01199800
v -0.01600000 -0.02000000 0.00899800
v -0.01600000 -0.02000000 0.00899800
v -0.01600000 -0.02000000 0.00899800
v 0.01559800 -0.02000000 0.01049800
v 0.01559800 -0.02000000 0.01049800
v 0.01450000 -0.02000000 0.01159700
v 0.01450000 -0.02000000 0.01159700
v -0.01450000 -0.02000000 0.01159700
v -0.01450000 -0.02000000 0.01159700
v -0.01559800 -0.02000000 0.01049800
v -0.01559800 -0.02000000 0.01049800
v 0.01300000 0.02000000 -0.01200100
v 0.01300000 0.02000000 -0.01200100
v 0.01300000 0.02000000 -0.01200100
v 0.01450000 -0.00000000 -0.01159900
v 0.01450000 0.02000000 -0.01159900
v 0.01450000 0.02000000 -0.01159900
v 0.01559800 -0.00000000 -0.01050100
v 0.01559800 0.02000000 -0.01050100
v 0.01559800 0.02000000 -0.01050100
v 0.01600000 0.02000000 -0.00900100
v 0.01600000 0.02000000 -0.00900100
v 0.01600000 0.02000000 -0.00900100
v -0.00520300 0.00854000 0.01881800
v -0.00520300 0.00854000 0.01881800
v -0.00520300 0.00854000 0.01199800
v -0.00520300 0.00854000 0.01199800
v -0.00877600 0.00479400 0.01881800
v -0.00877600 0.00479400 0.01881800
v -0.00877600 0.00479400 0.01881800
v -0.00877600 0.00479400 0.01881800
v -0.00877600 0.00479400 0.01199800
v -0.00877600 0.00479400 0.01199800
v -0.00877600 0.00479400 0.01199800
v -0.00999700 -0.00023600 0.01881800
v -0.00999700 -0.00023600 0.01881800
v -0.00999700 -0.00023600 0.01199800
v -0.00999700 -0.00023600 0.01199800
v -0.00854000 -0.00520300 0.01881800
v -0.00854000 -0.00520300 0.01881800
v -0.00854000 -0.00520300 0.01199800
v -0.00854000 -0.00520300 0.01199800
v -0.00479400 -0.00877600 0.01881800
v -0.00479400 -0.00877600 0.01881800
v -0.00479400 -0.00877600 0.01199800
v -0.00479400 -0.00877600 0.01199800
v 0.00023600 -0.00999700 0.01881800
v 0.00023600 -0.00999700 0.01881800
v 0.00023600 -0.00999700 0.01199800
v 0.00023600 -0.00999700 0.01199800
v 0.00520300 -0.00854000 0.01881800
v 0.00520300 -0.00854000 0.01881800
v 0.00520300 -0.00854000 0.01199800
v 0.00520300 -0.00854000 0.01199800
v 0.00877600 -0.00479400 0.01881800
v 0.00877600 -0.00479400 0.01881800
v 0.00877600 -0.00479400 0.01199800
v 0.00877600 -0.00479400 0.01199800
v 0.00999700 0.00023600 0.01881800
v 0.00999700 0.00023600 0.01881800
v 0.00999700 0.00023600 0.01199800
v 0.00999700 0.00023600 0.01199800
v 0.00854000 0.00520300 0.01881800
v 0.00854000 0.00520300 0.01881800
v 0.00854000 0.00520300 0.01199800
v 0.00854000 0.00520300 0.01199800
v 0.00479400 0.00877600 0.01881800
v 0.00479400 0.00877600 0.01881800
v 0.00479400 0.00877600 0.01199800
v 0.00479400 0.00877600 0.01199800
v -0.00023600 0.00999700 0.01881800
v -0.00023600 0.00999700 0.01881800
v -0.00023600 0.00999700 0.01199800
v -0.00023600 0.00999700 0.01199800
v -0.01355900 0.00069500 0.02362200
v -0.01191500 0.00650900 0.02362200
v -0.01191500 0.00650900 0.02362200
v -0.00791100 0.01103400 0.02362200
v -0.01315500 0.00718600 0.02944200
v -0.01315500 0.00718600 0.02944200
v -0.00873400 0.01218200 0.02944200
v -0.01229700 0.00671800 0.03535000
v -0.01229700 0.00671800 0.03535000
v -0.00816400 0.01138800 0.03535000
v -0.00947900 0.00517800 0.04040600
v -0.00947900 0.00517800 0.04040600
v -0.00629400 0.00877800 0.04040600
v -0.00515000 0.00281300 0.04380200
v -0.00515000 0.00281300 0.04380200
v -0.00341900 0.00476900 0.04380200
v 0.00000000 -0.00000000 0.04499800
v 0.00000000 -0.00000000 0.04499800
v 0.00000000 -0.00000000 0.04499800
v 0.00000000 -0.00000000 0.04499800
v 0.00000000 -0.00000000 0.04499800
v 0.00000000 -0.00000000 0.04499800
v 0.00000000 -0.00000000 0.04499800
v 0.00000000 -0.00000000 0.04499800
v 0.00000000 -0.00000000 0.04499800
v 0.00000000 -0.00000000 0.04499800
v 0.00000000 -0.00000000 0.04499800
v 0.00000000 -0.00000000 0.04499800
v 0.00000000 -0.00000000 0.04499800
v 0.00000000 -0.00000000 0.04499800
v -0.01251800 -0.00525700 0.02362200
v -0.00899700 -0.01016800 0.02362200
v -0.00369500 -0.01306500 0.02362200
v 0.00234000 -0.01337400 0.02362200
v 0.00791100 -0.01103400 0.02362200
v 0.01191500 -0.00650900 0.02362200
v 0.01355900 -0.00069500 0.02362200
v 0.01497000 -0.00076700 0.02944200
v 0.01382000 0.00580400 0.02944200
v 0.01291900 0.00542600 0.03535000
v 0.00928600 0.01049400 0.03535000
v 0.00715800 0.00808900 0.04040600
v 0.00293900 0.01039400 0.04040600
v 0.00159700 0.00564700 0.04380200
v -0.00101100 0.00578100 0.04380200
v 0.01251800 0.00525700 0.02362200
v 0.00993300 0.01122600 0.02944200
v 0.00381300 0.01348400 0.03535000
v -0.00186100 0.01064000 0.04040600
v 0.00899700 0.01016800 0.02362200
v 0.00407900 0.01442400 0.02944200
v -0.00241500 0.01380300 0.03535000
v 0.00369500 0.01306500 0.02362200
v -0.00258300 0.01476500 0.02944200
v -0.00234000 0.01337400 0.02362200
v 0.00388900 0.00439500 0.04380200
v 0.00541100 0.00227200 0.04380200
v 0.00586100 -0.00030000 0.04380200
v 0.00515000 -0.00281400 0.04380200
v 0.00341900 -0.00476900 0.04380200
v 0.00101100 -0.00578100 0.04380200
v -0.00159700 -0.00564700 0.04380200
v -0.00388900 -0.00439500 0.04380200
v -0.00541100 -0.00227200 0.04380200
v -0.00586100 0.00030000 0.04380200
v -0.01497000 0.00076700 0.02944200
v -0.01382000 -0.00580400 0.02944200
v -0.00993300 -0.01122600 0.02944200
v -0.00407900 -0.01442400 0.02944200
v 0.00258300 -0.01476500 0.02944200
v 0.00873400 -0.01218200 0.02944200
v 0.01315500 -0.00718600 0.02944200
v -0.01399400 0.00071700 0.03535000
v -0.01291900 -0.00542600 0.03535000
v -0.00928600 -0.01049400 0.03535000
v -0.00381300 -0.01348400 0.03535000
v 0.00241500 -0.01380300 0.03535000
v 0.00816400 -0.01138800 0.03535000
v 0.01229700 -0.00671800 0.03535000
v 0.01399400 -0.00071700 0.03535000
v -0.01078700 0.00055300 0.04040600
v -0.00995900 -0.00418200 0.04040600
v -0.00715800 -0.00808900 0.04040600
v -0.00293900 -0.01039400 0.04040600
v 0.00186100 -0.01064000 0.04040600
v 0.00629400 -0.00877900 0.04040600
v 0.00947900 -0.00517900 0.04040600
v 0.01078700 -0.00055300 0.04040600
v 0.00995900 0.00418200 0.04040600
v -0.00764700 0.01500000 -0.01200100
v -0.00764700 0.01500000 -0.01200100
v -0.00764700 0.01500000 -0.01200100
v 0.01000000 0.01500000 -0.01200100
v 0.01000000 0.01500000 -0.01200100
v 0.01000000 0.01500000 -0.01200100
v -0.00682300 0.01300000 -0.03100100
v -0.00682300 0.01300000 -0.03100100
v 0.00600000 0.01100000 -0.05000100
v 0.00600000 0.01100000 -0.05000100
v 0.00600000 0.01100000 -0.05000100
v -0.00600000 0.01100000 -0.05000100
v -0.00600000 0.01100000 -0.05000100
v -0.00600000 0.01100000 -0.05000100
v 0.01000000 -0.01500000 -0.01200100
v 0.01000000 -0.01500000 -0.01200100
v 0.01000000 -0.01500000 -0.01200100
v 0.00600000 -0.01100000 -0.05000100
v 0.00600000 -0.01100000 -0.05000100
v 0.00600000 -0.01100000 -0.05000100
v -0.01000000 -0.01500000 -0.01200100
v -0.01000000 -0.01500000 -0.01200100
v -0.01000000 -0.01500000 -0.01200100
v -0.00600000 -0.01100000 -0.05000100
v -0.00600000 -0.01100000 -0.05000100
v -0.00600000 -0.01100000 -0.05000100
v -0.01000000 0.01500000 -0.01200100
v -0.01000000 0.01500000 -0.01200100
v -0.01000000 0.01500000 -0.01200100
v -0.00800000 0.01220000 -0.03100100
v -0.00800000 0.01220000 -0.03100100
v -0.00700000 0.01080000 -0.04050100
v -0.00700000 0.01080000 -0.04050100
v -0.00600000 0.00940000 -0.05000100
v -0.00600000 0.00940000 -0.05000100
v -0.00600000 0.00940000 -0.05000100
v -0.00811800 0.01380000 -0.02150100
v -0.00741200 0.01260000 -0.03100100
v -0.00670600 0.01140000 -0.04050100
v 0.00750000 -0.01250000 -0.05000100
v 0.00750000 -0.01250000 -0.05000100
v 0.00750000 -0.01250000 -0.05000100
v -0.00750000 -0.01250000 -0.05000100
v -0.00750000 -0.01250000 -0.05000100
v -0.00750000 -0.01250000 -0.05000100
v 0.00750000 0.01250000 -0.05000100
v 0.00750000 0.01250000 -0.05000100
v 0.00750000 0.01250000 -0.05000100
v -0.00661800 0.01250000 -0.05000100
v -0.00661800 0.01250000 -0.05000100
v -0.00661800 0.01250000 -0.05000100
v -0.00750000 0.01250000 -0.05000100
v -0.00750000 0.01250000 -0.05000100
v -0.00750000 0.01250000 -0.05000100
v -0.00321700 -0.00821600 -0.07000100
v -0.00321700 -0.00821600 -0.07000100
v -0.00321700 -0.00821600 -0.07000100
v -0.00321700 0.00821600 -0.07000100
v -0.00321700 0.00821600 -0.07000100
v -0.00321700 0.00821600 -0.07000100
v 0.00321700 -0.00821600 -0.07000100
v 0.00321700 -0.00821600 -0.07000100
v 0.00321700 -0.00821600 -0.07000100
v 0.00321700 0.00821600 -0.07000100
v 0.00321700 0.00821600 -0.07000100
v 0.00321700 0.00821600 -0.07000100
v -0.00620800 0.01056200 -0.06722500
v -0.00620800 0.01056200 -0.06722500
v -0.00620800 0.01056200 -0.06722500
v -0.00618400 0.01058400 -0.06744300
v -0.00618400 0.01058400 -0.06744300
v -0.00620800 -0.01120800 -0.06722500
v -0.00620800 -0.01120800 -0.06722500
v -0.00620800 -0.01120800 -0.06722500
v -0.00620800 -0.01120800 -0.06722500
v -0.00614900 0.01069500 -0.06763200
v -0.00614900 0.01069500 -0.06763200
v -0.00591900 -0.01091900 -0.06830200
v -0.00591900 -0.01091900 -0.06830200
v -0.00607600 0.01107600 -0.06790900
v -0.00607600 0.01107600 -0.06790900
v -0.00607600 0.01107600 -0.06790900
v -0.00565200 0.01065200 -0.06875200
v -0.00565200 0.01065200 -0.06875200
v -0.00525700 -0.01025700 -0.06920000
v -0.00525700 -0.01025700 -0.06920000
v -0.00498800 0.00998800 -0.06942200
v -0.00498800 0.00998800 -0.06942200
v -0.00431200 -0.00931200 -0.06979300
v -0.00431200 -0.00931200 -0.06979300
v -0.00608600 0.01120800 -0.06722500
v -0.00608600 0.01120800 -0.06722500
v -0.00608600 0.01120800 -0.06722500
v 0.00620800 0.01120800 -0.06722500
v 0.00620800 0.01120800 -0.06722500
v 0.00620800 0.01120800 -0.06722500
v 0.00620800 0.01120800 -0.06722500
v 0.00591900 0.01091900 -0.06830200
v 0.00591900 0.01091900 -0.06830200
v 0.00525700 0.01025700 -0.06920000
v 0.00525700 0.01025700 -0.06920000
v 0.00431200 0.00931200 -0.06979300
v 0.00431200 0.00931200 -0.06979300
v 0.00620800 -0.01120800 -0.06722500
v 0.00620800 -0.01120800 -0.06722500
v 0.00620800 -0.01120800 -0.06722500
v 0.00620800 -0.01120800 -0.06722500
v 0.00591900 -0.01091900 -0.06830200
v 0.00591900 -0.01091900 -0.06830200
v 0.00525700 -0.01025700 -0.06920000
v 0.00525700 -0.01025700 -0.06920000
v 0.00431200 -0.00931200 -0.06979300
v 0.00431200 -0.00931200 -0.06979300
v -0.00685400 0.01153100 -0.05861300
v -0.00685400 0.01153100 -0.05861300
v -0.00635200 0.01185400 -0.05861300
v -0.00635200 0.01185400 -0.05861300
v -0.00632000 0.01119200 -0.06395500
v -0.00652900 0.01156200 -0.06000100
v -0.00679400 0.01203100 -0.05500100
v -0.01600000 0.02000000 -0.00900100
v -0.01600000 0.02000000 -0.00900100
v -0.01600000 0.02000000 -0.00900100
v -0.01559800 -0.00000000 -0.01050100
v -0.01559800 0.02000000 -0.01050100
v -0.01559800 0.02000000 -0.01050100
v -0.01450000 -0.00000000 -0.01159900
v -0.01450000 0.02000000 -0.01159900
v -0.01450000 0.02000000 -0.01159900
v -0.01300000 0.02000000 -0.01200100
v -0.01300000 0.02000000 -0.01200100
v -0.01300000 0.02000000 -0.01200100
v -0.01300000 0.02000000 0.01199800
v -0.01300000 0.02000000 0.01199800
v -0.01300000 0.02000000 0.01199800
v 0.01300000 0.02000000 0.01199800
v 0.01300000 0.02000000 0.01199800
v 0.01300000 0.02000000 0.01199800
v -0.01450000 -0.00000000 0.01159700
v -0.01450000 0.02000000 0.01159700
v -0.01450000 0.02000000 0.01159700
v -0.01559800 -0.00000000 0.01049800
v -0.01559800 0.02000000 0.01049800
v -0.01559800 0.02000000 0.01049800
v -0.01600000 0.02000000 0.00899800
v -0.01600000 0.02000000 0.00899800
v -0.01600000 0.02000000 0.00899800
v 0.01600000 0.02000000 0.00899800
v 0.01600000 0.02000000 0.00899800
v 0.01600000 0.02000000 0.00899800
v 0.01559800 -0.00000000 0.01049800
v 0.01559800 0.02000000 0.01049800
v 0.01559800 0.02000000 0.01049800
v 0.01450000 -0.00000000 0.01159700
v 0.01450000 0.02000000 0.01159700
v 0.01450000 0.02000000 0.01159700
v 0.01600000 0.00400000 -0.00000100
v 0.01600000 0.00400000 -0.00000100
v 0.01600000 0.00346400 -0.00200100
v 0.01600000 0.00346400 -0.00200100
v 0.01600000 0.00200000 -0.00346500
v 0.01600000 0.00200000 -0.00346500
v 0.01600000 -0.00000000 0.00399900
v 0.01600000 -0.00000000 0.00399900
v 0.01600000 0.00200000 0.00346300
v 0.01600000 0.00200000 0.00346300
v 0.01600000 0.00346400 0.00199900
v 0.01600000 0.00346400 0.00199900
v 0.01600000 -0.00400000 -0.00000100
v 0.01600000 -0.00400000 -0.00000100
v 0.01600000 -0.00400000 -0.00000100
v 0.01600000 -0.00346400 0.00199900
v 0.01600000 -0.00346400 0.00199900
v 0.01600000 -0.00200000 0.00346300
v 0.01600000 -0.00200000 0.00346300
v 0.01600000 -0.00000000 -0.00400100
v 0.01600000 -0.00000000 -0.00400100
v 0.01600000 -0.00200000 -0.00346500
v 0.01600000 -0.00200000 -0.00346500
v 0.01600000 -0.00346400 -0.00200100
v 0.01600000 -0.00346400 -0.00200100
v 0.01100000 0.00173200 0.00099900
v 0.01100000 0.00173200 0.00099900
v 0.01100000 0.00200000 -0.00000100
v 0.01100000 0.00200000 -0.00000100
v 0.01100000 0.00100000 0.00173100
v 0.01100000 0.00100000 0.00173100
v 0.01100000 -0.00000000 0.00199900
v 0.01100000 -0.00000000 0.00199900
v 0.01100000 -0.00100000 0.00173100
v 0.01100000 -0.00100000 0.00173100
v 0.01100000 -0.00173200 0.00099900
v 0.01100000 -0.00173200 0.00099900
v 0.01100000 -0.00200000 -0.00000100
v 0.01100000 -0.00200000 -0.00000100
v 0.01100000 -0.00200000 -0.00000100
v 0.01100000 -0.00173200 -0.00100100
v 0.01100000 -0.00173200 -0.00100100
v 0.01100000 -0.00100000 -0.00173300
v 0.01100000 -0.00100000 -0.00173300
v 0.01100000 -0.00000000 -0.00200100
v 0.01100000 -0.00000000 -0.00200100
v 0.01100000 0.00100000 -0.00173300
v 0.01100000 0.00100000 -0.00173300
v 0.01100000 0.00173200 -0.00100100
v 0.01100000 0.00173200 -0.00100100
v 0.01100000 -0.00346400 0.00199900
v 0.01100000 -0.00346400 0.00199900
v 0.01100000 -0.00400000 -0.00000100
v 0.01100000 -0.00400000 -0.00000100
v 0.01100000 -0.00400000 -0.00000100
v 0.01100000 -0.00346400 -0.00200100
v 0.01100000 -0.00346400 -0.00200100
v 0.01100000 -0.00200000 -0.00346500
v 0.01100000 -0.00200000 -0.00346500
v 0.01100000 -0.00000000 -0.00400100
v 0.01100000 -0.00000000 -0.00400100
v 0.01100000 0.00200000 -0.00346500
v 0.01100000 0.00200000 -0.00346500
v 0.01100000 0.00346400 -0.00200100
v 0.01100000 0.00346400 -0.00200100
v 0.01100000 0.00400000 -0.00000100
v 0.01100000 0.00400000 -0.00000100
v 0.01100000 0.00346400 0.00199900
v 0.01100000 0.00346400 0.00199900
v 0.01100000 0.00200000 0.00346300
v 0.01100000 0.00200000 0.00346300
v 0.01100000 -0.00000000 0.00399900
v 0.01100000 -0.00000000 0.00399900
v 0.01100000 -0.00200000 0.00346300
v 0.01100000 -0.00200000 0.00346300
v -0.01100000 0.00173200 -0.00100100
v -0.01100000 0.00173200 -0.00100100
v -0.01100000 0.00200000 -0.00000100
v -0.01100000 0.00200000 -0.00000100
v -0.01100000 0.00100000 -0.00173300
v -0.01100000 0.00100000 -0.00173300
v -0.01100000 -0.00000000 -0.00200100
v -0.01100000 -0.00000000 -0.00200100
v -0.01100000 -0.00100000 -0.00173300
v -0.01100000 -0.00100000 -0.00173300
v -0.01100000 -0.00173200 -0.00100100
v -0.01100000 -0.00173200 -0.00100100
v -0.01100000 -0.00200000 -0.00000100
v -0.01100000 -0.00200000 -0.00000100
v -0.01100000 -0.00200000 -0.00000100
v -0.01100000 -0.00173200 0.00099900
v -0.01100000 -0.00173200 0.00099900
v -0.01100000 -0.00100000 0.00173100
v -0.01100000 -0.00100000 0.00173100
v -0.01100000 -0.00000000 0.00199900
v -0.01100000 -0.00000000 0.00199900
v -0.01100000 0.00100000 0.00173100
v -0.01100000 0.00100000 0.00173100
v -0.01100000 0.00173200 0.00099900
v -0.01100000 0.00173200 0.00099900
v -0.01600000 -0.00400000 -0.00000100
v -0.01600000 -0.00400000 -0.00000100
v -0.01600000 -0.00400000 -0.00000100
v -0.01600000 -0.00346400 -0.00200100
v -0.01600000 -0.00346400 -0.00200100
v -0.01600000 -0.00200000 -0.00346500
v -0.01600000 -0.00200000 -0.00346500
v -0.01600000 -0.00000000 0.00399900
v -0.01600000 -0.00000000 0.00399900
v -0.01600000 -0.00200000 0.00346300
v -0.01600000 -0.00200000 0.00346300
v -0.01600000 -0.00346400 0.00199900
v -0.01600000 -0.00346400 0.00199900
v -0.01600000 0.00400000 -0.00000100
v -0.01600000 0.00400000 -0.00000100
v -0.01600000 0.00346400 0.00199900
v -0.01600000 0.00346400 0.00199900
v -0.01600000 0.00200000 0.00346300
v -0.01600000 0.00200000 0.00346300
v -0.01600000 -0.00000000 -0.00400100
v -0.01600000 -0.00000000 -0.00400100
v -0.01600000 0.00200000 -0.00346500
v -0.01600000 0.00200000 -0.00346500
v -0.01600000 0.00346400 -0.00200100
v -0.01600000 0.00346400 -0.00200100
v -0.01100000 0.00346400 0.00199900
v -0.01100000 0.00346400 0.00199900
v -0.01100000 0.00400000 -0.00000100
v -0.01100000 0.00400000 -0.00000100
v -0.01100000 0.00346400 -0.00200100
v -0.01100000 0.00346400 -0.00200100
v -0.01100000 0.00200000 -0.00346500
v -0.01100000 0.00200000 -0.00346500
v -0.01100000 -0.00000000 -0.00400100
v -0.01100000 -0.00000000 -0.00400100
v -0.01100000 -0.00200000 -0.00346500
v -0.01100000 -0.00200000 -0.00346500
v -0.01100000 -0.00346400 -0.00200100
v -0.01100000 -0.00346400 -0.00200100
v -0.01100000 -0.00400000 -0.00000100
v -0.01100000 -0.00400000 -0.00000100
v -0.01100000 -0.00400000 -0.00000100
v -0.01100000 -0.00346400 0.00199900
v -0.01100000 -0.00346400 0.00199900
v -0.01100000 -0.00200000 0.00346300
v -0.01100000 -0.00200000 0.00346300
v -0.01100000 -0.00000000 0.00399900
v -0.01100000 -0.00000000 0.00399900
v -0.01100000 0.00200000 0.00346300
v -0.01100000 0.00200000 0.00346300
v -0.01100000 0.00303100 0.00174900
v -0.01100000 0.00303100 0.00174900
v -0.01100000 0.00173200 0.00099900
v -0.01100000 0.00173200 0.00099900
v -0.01100000 0.00350000 -0.00000100
v -0.01100000 0.00350000 -0.00000100
v -0.01100000 0.00200000 -0.00000100
v -0.01100000 0.00200000 -0.00000100
v -0.01100000 0.00303100 -0.00175100
v -0.01100000 0.00303100 -0.00175100
v -0.01100000 0.00173200 -0.00100100
v -0.01100000 0.00173200 -0.00100100
v -0.01100000 0.00100000 -0.00173300
v -0.01100000 0.00100000 -0.00173300
v -0.01100000 0.00100000 0.00173100
v -0.01100000 0.00100000 0.00173100
v -0.01100000 0.00175000 0.00303000
v -0.01100000 0.00175000 0.00303000
v -0.01100000 -0.00000000 0.00199900
v -0.01100000 -0.00000000 0.00199900
v -0.01100000 -0.00000000 0.00349900
v -0.01100000 -0.00000000 0.00349900
v -0.01100000 -0.00175000 0.00303000
v -0.01100000 -0.00175000 0.00303000
v -0.01100000 -0.00100000 0.00173100
v -0.01100000 -0.00100000 0.00173100
v -0.01100000 -0.00303100 0.00174900
v -0.01100000 -0.00303100 0.00174900
v -0.01100000 -0.00173200 0.00099900
v -0.01100000 -0.00173200 0.00099900
v -0.01100000 -0.00350000 -0.00000100
v -0.01100000 -0.00350000 -0.00000100
v -0.01100000 -0.00350000 -0.00000100
v -0.01100000 -0.00200000 -0.00000100
v -0.01100000 -0.00200000 -0.00000100
v -0.01100000 -0.00200000 -0.00000100
v -0.01100000 -0.00173200 -0.00100100
v -0.01100000 -0.00173200 -0.00100100
v -0.01100000 -0.00303100 -0.00175100
v -0.01100000 -0.00303100 -0.00175100
v -0.01100000 -0.00100000 -0.00173300
v -0.01100000 -0.00100000 -0.00173300
v -0.01100000 -0.00175000 -0.00303200
v -0.01100000 -0.00175000 -0.00303200
v -0.01100000 -0.00000000 -0.00200100
v -0.01100000 -0.00000000 -0.00200100
v -0.01100000 -0.00000000 -0.00350100
v -0.01100000 -0.00000000 -0.00350100
v -0.01100000 0.00175000 -0.00303200
v -0.01100000 0.00175000 -0.00303200
v 0.01100000 -0.00303100 0.00174900
v 0.01100000 -0.00303100 0.00174900
v 0.01100000 -0.00173200 0.00099900
v 0.01100000 -0.00173200 0.00099900
v 0.01100000 -0.00350000 -0.00000100
v 0.01100000 -0.00350000 -0.00000100
v 0.01100000 -0.00350000 -0.00000100
v 0.01100000 -0.00200000 -0.00000100
v 0.01100000 -0.00200000 -0.00000100
v 0.01100000 -0.00200000 -0.00000100
v 0.01100000 -0.00303100 -0.00175100
v 0.01100000 -0.00303100 -0.00175100
v 0.01100000 -0.00173200 -0.00100100
v 0.01100000 -0.00173200 -0.00100100
v 0.01100000 -0.00100000 -0.00173300
v 0.01100000 -0.00100000 -0.00173300
v 0.01100000 -0.00100000 0.00173100
v 0.01100000 -0.00100000 0.00173100
v 0.01100000 -0.00175000 0.00303000
v 0.01100000 -0.00175000 0.00303000
v 0.01100000 -0.00000000 0.00199900
v 0.01100000 -0.00000000 0.00199900
v 0.01100000 -0.00000000 0.00349900
v 0.01100000 -0.00000000 0.00349900
v 0.01100000 0.00175000 0.00303000
v 0.01100000 0.00175000 0.00303000
v 0.01100000 0.00100000 0.00173100
v 0.01100000 0.00100000 0.00173100
v 0.01100000 0.00303100 0.00174900
v 0.01100000 0.00303100 0.00174900
v 0.01100000 0.00173200 0.00099900
v 0.01100000 0.00173200 0.00099900
v 0.01100000 0.00350000 -0.00000100
v 0.01100000 0.00350000 -0.00000100
v 0.01100000 0.00200000 -0.00000100
v 0.01100000 0.00200000 -0.00000100
v 0.01100000 0.00173200 -0.00100100
v 0.01100000 0.00173200 -0.00100100
v 0.01100000 0.00303100 -0.00175100
v 0.01100000 0.00303100 -0.00175100
v 0.01100000 0.00100000 -0.00173300
v 0.01100000 0.00100000 -0.00173300
v 0.01100000 0.00175000 -0.00303200
v 0.01100000 0.00175000 -0.00303200
v 0.01100000 -0.00000000 -0.00200100
v 0.01100000 -0.00000000 -0.00200100
v 0.01100000 -0.00000000 -0.00350100
v 0.01100000 -0.00000000 -0.00350100
v 0.01100000 -0.00175000 -0.00303200
v 0.01100000 -0.00175000 -0.00303200
v 0.01300000 -0.00070000 -0.00343100
v 0.01300000 -0.00070000 -0.00343100
v 0.01300000 -0.00070000 -0.00343100
v 0.01400000 -0.00070000 -0.00343100
v 0.01400000 -0.00070000 -0.00343100
v 0.01400000 -0.00070000 -0.00343100
v 0.01400000 -0.00214000 -0.00277100
v 0.01400000 -0.00214000 -0.00277100
v 0.01400000 -0.00314200 -0.00154400
v 0.01400000 -0.00314200 -0.00154400
v 0.01400000 -0.00350000 -0.00000100
v 0.01400000 -0.00350000 -0.00000100
v 0.01400000 -0.00350000 -0.00000100
v 0.01400000 -0.00314200 0.00154100
v 0.01400000 -0.00314200 0.00154100
v 0.01400000 -0.00214000 0.00276800
v 0.01400000 -0.00214000 0.00276800
v 0.01300000 -0.00070000 0.00342800
v 0.01300000 -0.00070000 0.00342800
v 0.01300000 -0.00070000 0.00342800
v 0.01300000 -0.00023500 0.00349100
v 0.01300000 -0.00023500 0.00349100
v 0.01300000 0.00023500 0.00349100
v 0.01300000 0.00023500 0.00349100
v 0.01400000 -0.00070000 0.00342800
v 0.01400000 -0.00070000 0.00342800
v 0.01400000 -0.00070000 0.00342800
v 0.01300000 0.00070000 0.00342800
v 0.01300000 0.00070000 0.00342800
v 0.01300000 0.00070000 0.00342800
v 0.01400000 0.00070000 0.00342800
v 0.01400000 0.00070000 0.00342800
v 0.01400000 0.00070000 0.00342800
v 0.01400000 0.00214000 0.00276800
v 0.01400000 0.00214000 0.00276800
v 0.01400000 0.00314200 0.00154100
v 0.01400000 0.00314200 0.00154100
v 0.01400000 0.00350000 -0.00000100
v 0.01400000 0.00350000 -0.00000100
v 0.01400000 0.00314200 -0.00154400
v 0.01400000 0.00314200 -0.00154400
v 0.01400000 0.00214000 -0.00277100
v 0.01400000 0.00214000 -0.00277100
v 0.01300000 0.00070000 -0.00343100
v 0.01300000 0.00070000 -0.00343100
v 0.01300000 0.00070000 -0.00343100
v 0.01300000 0.00023500 -0.00349300
v 0.01300000 0.00023500 -0.00349300
v 0.01300000 -0.00023500 -0.00349300
v 0.01300000 -0.00023500 -0.00349300
v 0.01400000 0.00070000 -0.00343100
v 0.01400000 0.00070000 -0.00343100
v 0.01400000 0.00070000 -0.00343100
v 0.01438700 -0.00070000 0.00334800
v 0.01438700 -0.00070000 0.00334800
v 0.01450000 -0.00205800 0.00266200
v 0.01471300 -0.00070000 0.00312200
v 0.01471300 -0.00070000 0.00312200
v 0.01486600 -0.00183400 0.00237300
v 0.01492600 -0.00070000 0.00278900
v 0.01492600 -0.00070000 0.00278900
v 0.01500000 -0.00070000 0.00239900
v 0.01500000 -0.00070000 0.00239900
v 0.01500000 -0.00070000 0.00239900
v 0.01500000 -0.00179100 0.00174300
v 0.01500000 -0.00179100 0.00174300
v 0.01486600 -0.00269300 0.00132100
v 0.01500000 -0.00241800 0.00063500
v 0.01500000 -0.00241800 0.00063500
v 0.01486600 -0.00300000 -0.00000100
v 0.01500000 -0.00241800 -0.00063800
v 0.01500000 -0.00241800 -0.00063800
v 0.01486600 -0.00269300 -0.00132400
v 0.01500000 -0.00179100 -0.00174600
v 0.01500000 -0.00179100 -0.00174600
v 0.01486600 -0.00183400 -0.00237500
v 0.01500000 -0.00070000 -0.00240100
v 0.01500000 -0.00070000 -0.00240100
v 0.01500000 -0.00070000 -0.00240100
v 0.01492600 -0.00070000 -0.00279100
v 0.01492600 -0.00070000 -0.00279100
v 0.01471300 -0.00070000 -0.00312500
v 0.01471300 -0.00070000 -0.00312500
v 0.01450000 -0.00205800 -0.00266500
v 0.01438700 -0.00070000 -0.00335100
v 0.01438700 -0.00070000 -0.00335100
v 0.01450000 -0.00302100 0.00148200
v 0.01450000 -0.00336600 -0.00000100
v 0.01450000 -0.00302100 -0.00148500
v 0.01438700 0.00070000 -0.00335100
v 0.01438700 0.00070000 -0.00335100
v 0.01438700 0.00070000 0.00334800
v 0.01438700 0.00070000 0.00334800
v 0.01471300 0.00070000 -0.00312500
v 0.01471300 0.00070000 -0.00312500
v 0.01500000 0.00070000 0.00239900
v 0.01500000 0.00070000 0.00239900
v 0.01500000 0.00070000 0.00239900
v 0.01471300 0.00070000 0.00312200
v 0.01471300 0.00070000 0.00312200
v 0.01492600 0.00070000 -0.00279100
v 0.01492600 0.00070000 -0.00279100
v 0.01500000 0.00070000 -0.00240100
v 0.01500000 0.00070000 -0.00240100
v 0.01500000 0.00070000 -0.00240100
v 0.01492600 0.00070000 0.00278800
v 0.01492600 0.00070000 0.00278800
v 0.01486600 0.00183400 0.00237300
v 0.01500000 0.00179100 0.00174300
v 0.01500000 0.00179100 0.00174300
v 0.01486600 0.00269300 0.00132100
v 0.01500000 0.00241800 0.00063500
v 0.01500000 0.00241800 0.00063500
v 0.01486600 0.00300000 -0.00000100
v 0.01500000 0.00241800 -0.00063800
v 0.01500000 0.00241800 -0.00063800
v 0.01486600 0.00269300 -0.00132400
v 0.01500000 0.00179100 -0.00174600
v 0.01500000 0.00179100 -0.00174600
v 0.01486600 0.00183400 -0.00237500
v 0.01450000 0.00205800 -0.00266500
v 0.01450000 0.00302100 -0.00148500
v 0.01450000 0.00336600 -0.00000100
v 0.01450000 0.00302100 0.00148200
v 0.01450000 0.00205800 0.00266200
v -0.01300000 -0.00070000 0.00342800
v -0.01300000 -0.00070000 0.00342800
v -0.01300000 -0.00070000 0.00342800
v -0.01300000 -0.00023500 0.00349100
v -0.01300000 -0.00023500 0.00349100
v -0.01300000 -0.00070000 -0.00343100
v -0.01300000 -0.00070000 -0.00343100
v -0.01300000 -0.00070000 -0.00343100
v -0.01300000 -0.00023500 -0.00349300
v -0.01300000 -0.00023500 -0.00349300
v -0.01300000 0.00023500 0.00349100
v -0.01300000 0.00023500 0.00349100
v -0.01300000 0.00023500 -0.00349300
v -0.01300000 0.00023500 -0.00349300
v -0.01300000 0.00070000 -0.00343100
v -0.01300000 0.00070000 -0.00343100
v -0.01300000 0.00070000 -0.00343100
v -0.01300000 0.00070000 0.00342800
v -0.01300000 0.00070000 0.00342800
v -0.01300000 0.00070000 0.00342800
v -0.01500000 -0.00070000 0.00239900
v -0.01500000 -0.00070000 0.00239900
v -0.01500000 -0.00070000 0.00239900
v -0.01500000 -0.00070000 -0.00240100
v -0.01500000 -0.00070000 -0.00240100
v -0.01500000 -0.00070000 -0.00240100
v -0.01500000 -0.00179100 0.00174300
v -0.01500000 -0.00179100 0.00174300
v -0.01500000 -0.00179100 -0.00174600
v -0.01500000 -0.00179100 -0.00174600
v -0.01500000 -0.00241800 -0.00063800
v -0.01500000 -0.00241800 -0.00063800
v -0.01500000 -0.00241800 0.00063500
v -0.01500000 -0.00241800 0.00063500
v -0.01492600 -0.00070000 -0.00279100
v -0.01492600 -0.00070000 -0.00279100
v -0.01471300 -0.00070000 -0.00312500
v -0.01471300 -0.00070000 -0.00312500
v -0.01438700 -0.00070000 -0.00335100
v -0.01438700 -0.00070000 -0.00335100
v -0.01471300 -0.00070000 0.00312200
v -0.01471300 -0.00070000 0.00312200
v -0.01438700 -0.00070000 0.00334800
v -0.01438700 -0.00070000 0.00334800
v -0.01492600 -0.00070000 0.00278800
v -0.01492600 -0.00070000 0.00278800
v -0.01400000 -0.00070000 -0.00343100
v -0.01400000 -0.00070000 -0.00343100
v -0.01400000 -0.00070000 -0.00343100
v -0.01400000 -0.00070000 0.00342800
v -0.01400000 -0.00070000 0.00342800
v -0.01400000 -0.00070000 0.00342800
v -0.01400000 -0.00214000 -0.00277100
v -0.01400000 -0.00214000 -0.00277100
v -0.01450000 -0.00205800 -0.00266500
v -0.01486600 -0.00183400 -0.00237500
v -0.01486600 -0.00269300 -0.00132400
v -0.01486600 -0.00300000 -0.00000100
v -0.01486600 -0.00269300 0.00132100
v -0.01486600 -0.00183400 0.00237300
v -0.01450000 -0.00205800 0.00266200
v -0.01400000 -0.00214000 0.00276800
v -0.01400000 -0.00214000 0.00276800
v -0.01400000 -0.00314200 0.00154100
v -0.01400000 -0.00314200 0.00154100
v -0.01450000 -0.00302100 0.00148200
v -0.01400000 -0.00350000 -0.00000100
v -0.01400000 -0.00350000 -0.00000100
v -0.01400000 -0.00350000 -0.00000100
v -0.01450000 -0.00336600 -0.00000100
v -0.01400000 -0.00314200 -0.00154400
v -0.01400000 -0.00314200 -0.00154400
v -0.01450000 -0.00302100 -0.00148500
v -0.01500000 0.00070000 0.00239900
v -0.01500000 0.00070000 0.00239900
v -0.01500000 0.00070000 0.00239900
v -0.01500000 0.00179100 0.00174300
v -0.01500000 0.00179100 0.00174300
v -0.01500000 0.00070000 -0.00240100
v -0.01500000 0.00070000 -0.00240100
v -0.01500000 0.00070000 -0.00240100
v -0.01500000 0.00179100 -0.00174600
v -0.01500000 0.00179100 -0.00174600
v -0.01500000 0.00241800 -0.00063800
v -0.01500000 0.00241800 -0.00063800
v -0.01500000 0.00241800 0.00063500
v -0.01500000 0.00241800 0.00063500
v -0.01492600 0.00070000 0.00278800
v -0.01492600 0.00070000 0.00278800
v -0.01471300 0.00070000 0.00312200
v -0.01471300 0.00070000 0.00312200
v -0.01438700 0.00070000 0.00334800
v -0.01438700 0.00070000 0.00334800
v -0.01471300 0.00070000 -0.00312500
v -0.01471300 0.00070000 -0.00312500
v -0.01438700 0.00070000 -0.00335100
v -0.01438700 0.00070000 -0.00335100
v -0.01492600 0.00070000 -0.00279100
v -0.01492600 0.00070000 -0.00279100
v -0.01400000 0.00070000 0.00342800
v -0.01400000 0.00070000 0.00342800
v -0.01400000 0.00070000 0.00342800
v -0.01400000 0.00070000 -0.00343100
v -0.01400000 0.00070000 -0.00343100
v -0.01400000 0.00070000 -0.00343100
v -0.01400000 0.00214000 -0.00277100
v -0.01400000 0.00214000 -0.00277100
v -0.01400000 0.00314200 -0.00154400
v -0.01400000 0.00314200 -0.00154400
v -0.01400000 0.00350000 -0.00000100
v -0.01400000 0.00350000 -0.00000100
v -0.01400000 0.00314200 0.00154100
v -0.01400000 0.00314200 0.00154100
v -0.01400000 0.00214000 0.00276800
v -0.01400000 0.00214000 0.00276800
v -0.01450000 0.00205800 0.00266200
v -0.01486600 0.00183400 0.00237300
v -0.01486600 0.00269300 0.00132100
v -0.01486600 0.00300000 -0.00000100
v -0.01486600 0.00269300 -0.00132400
v -0.01486600 0.00183400 -0.00237500
v -0.01450000 0.00205800 -0.00266500
v -0.01450000 0.00302100 -0.00148500
v -0.01450000 0.00336600 -0.00000100
v -0.01450000 0.00302100 0.00148200
v 0.00796300 0.20184500 -0.00076800
v 0.00796300 0.20184500 -0.00076800
v 0.00800000 0.20199700 -0.00000100
v 0.00800000 0.20199700 -0.00000100
v 0.00800000 0.20199700 -0.00000100
v 0.00800000 0.21999700 -0.00000100
v 0.00800000 0.21999700 -0.00000100
v 0.00800000 0.21999700 -0.00000100
v 0.00796300 0.20184500 0.00076600
v 0.00796300 0.20184500 0.00076600
v 0.00787400 0.20141200 0.00141300
v 0.00787400 0.20141200 0.00141300
v 0.00778400 0.20076400 0.00184600
v 0.00778400 0.20076400 0.00184600
v 0.00692800 0.21999700 0.00399900
v 0.00692800 0.21999700 0.00399900
v 0.00774600 0.19999700 0.00199900
v 0.00774600 0.19999700 0.00199900
v 0.00692800 0.17999800 0.00399900
v 0.00692800 0.17999800 0.00399900
v 0.00778400 0.19923100 0.00184600
v 0.00778400 0.19923100 0.00184600
v 0.00800000 0.17999800 -0.00000100
v 0.00800000 0.17999800 -0.00000100
v 0.00800000 0.17999800 -0.00000100
v 0.00787400 0.19858300 0.00141300
v 0.00787400 0.19858300 0.00141300
v 0.00796300 0.19815000 0.00076600
v 0.00796300 0.19815000 0.00076600
v 0.00800000 0.19799700 -0.00000100
v 0.00800000 0.19799700 -0.00000100
v 0.00800000 0.19799700 -0.00000100
v 0.00800000 0.19799700 -0.00000100
v 0.00796300 0.19815000 -0.00076800
v 0.00796300 0.19815000 -0.00076800
v 0.00787400 0.19858300 -0.00141600
v 0.00787400 0.19858300 -0.00141600
v 0.00778400 0.19923100 -0.00184900
v 0.00778400 0.19923100 -0.00184900
v 0.00774600 0.19999700 -0.00200100
v 0.00774600 0.19999700 -0.00200100
v 0.00692800 0.17999800 -0.00400100
v 0.00692800 0.17999800 -0.00400100
v 0.00692800 0.21999700 -0.00400100
v 0.00692800 0.21999700 -0.00400100
v 0.00400000 0.17999800 -0.00693000
v 0.00400000 0.17999800 -0.00693000
v 0.00400000 0.21999700 -0.00692900
v 0.00400000 0.21999700 -0.00692900
v 0.00000000 0.17999800 -0.00800100
v 0.00000000 0.17999800 -0.00800100
v 0.00000000 0.21999700 -0.00800100
v 0.00000000 0.21999700 -0.00800100
v -0.00400000 0.17999800 -0.00693000
v -0.00400000 0.17999800 -0.00693000
v -0.00400000 0.21999700 -0.00692900
v -0.00400000 0.21999700 -0.00692900
v -0.00692800 0.17999800 -0.00400100
v -0.00692800 0.17999800 -0.00400100
v -0.00692800 0.21999700 -0.00400100
v -0.00692800 0.21999700 -0.00400100
v -0.00774600 0.19999700 -0.00200100
v -0.00774600 0.19999700 -0.00200100
v -0.00778400 0.20076400 -0.00184900
v -0.00778400 0.20076400 -0.00184900
v -0.00800000 0.21999700 -0.00000100
v -0.00800000 0.21999700 -0.00000100
v -0.00787400 0.20141200 -0.00141600
v -0.00787400 0.20141200 -0.00141600
v -0.00796300 0.20184500 -0.00076800
v -0.00796300 0.20184500 -0.00076800
v -0.00800000 0.20199700 -0.00000100
v -0.00800000 0.20199700 -0.00000100
v -0.00796300 0.20184500 0.00076600
v -0.00796300 0.20184500 0.00076600
v -0.00787400 0.20141200 0.00141300
v -0.00787400 0.20141200 0.00141300
v -0.00778400 0.20076400 0.00184600
v -0.00778400 0.20076400 0.00184600
v -0.00774600 0.19999700 0.00199900
v -0.00774600 0.19999700 0.00199900
v -0.00692800 0.21999700 0.00399900
v -0.00692800 0.21999700 0.00399900
v -0.00692800 0.17999800 0.00399900
v -0.00692800 0.17999800 0.00399900
v -0.00400000 0.17999800 0.00692700
v -0.00400000 0.17999800 0.00692700
v -0.00400000 0.21999700 0.00692700
v -0.00400000 0.21999700 0.00692700
v 0.00000000 0.17999800 0.00799900
v 0.00000000 0.17999800 0.00799900
v 0.00000000 0.21999700 0.00799900
v 0.00000000 0.21999700 0.00799900
v 0.00400000 0.17999800 0.00692700
v 0.00400000 0.17999800 0.00692700
v 0.00400000 0.21999700 0.00692700
v 0.00400000 0.21999700 0.00692700
v 0.00778400 0.20076400 -0.00184900
v 0.00778400 0.20076400 -0.00184900
v 0.00787400 0.20141200 -0.00141600
v 0.00787400 0.20141200 -0.00141600
v -0.00800000 0.17999800 -0.00000100
v -0.00800000 0.17999800 -0.00000100
v -0.00778400 0.19923100 0.00184600
v -0.00778400 0.19923100 0.00184600
v -0.00787400 0.19858300 0.00141300
v -0.00787400 0.19858300 0.00141300
v -0.00796300 0.19815000 0.00076600
v -0.00796300 0.19815000 0.00076600
v -0.00800000 0.19799700 -0.00000100
v -0.00800000 0.19799700 -0.00000100
v -0.00800000 0.19799700 -0.00000100
v -0.00796300 0.19815000 -0.00076800
v -0.00796300 0.19815000 -0.00076800
v -0.00787400 0.19858300 -0.00141600
v -0.00787400 0.19858300 -0.00141600
v -0.00778400 0.19923100 -0.00184900
v -0.00778400 0.19923100 -0.00184900
v -0.01559800 0.17999800 -0.01050100
v -0.01559800 0.17999800 -0.01050100
v -0.01300000 0.17999800 -0.01200100
v -0.01300000 0.17999800 -0.01200100
v -0.01300000 0.17999800 -0.01200100
v -0.01600000 0.17999800 -0.00900100
v -0.01600000 0.17999800 -0.00900100
v -0.01600000 0.17999800 -0.00900100
v -0.01450000 0.17999800 -0.01159900
v -0.01450000 0.17999800 -0.01159900
v 0.01300000 0.17999800 -0.01200100
v 0.01300000 0.17999800 -0.01200100
v 0.01300000 0.17999800 -0.01200100
v 0.01450000 0.17999800 -0.01159900
v 0.01450000 0.17999800 -0.01159900
v 0.01559800 0.17999800 -0.01050100
v 0.01559800 0.17999800 -0.01050100
v 0.01600000 0.17999800 -0.00900100
v 0.01600000 0.17999800 -0.00900100
v 0.01600000 0.17999800 -0.00900100
v 0.01600000 0.17999800 0.00899800
v 0.01600000 0.17999800 0.00899800
v 0.01600000 0.17999800 0.00899800
v 0.01300000 0.17999800 0.01199800
v 0.01300000 0.17999800 0.01199800
v 0.01300000 0.17999800 0.01199800
v -0.01300000 0.17999800 0.01199800
v -0.01300000 0.17999800 0.01199800
v -0.01300000 0.17999800 0.01199800
v -0.01600000 0.17999800 0.00899800
v -0.01600000 0.17999800 0.00899800
v -0.01600000 0.17999800 0.00899800
v 0.01559800 0.17999800 0.01049800
v 0.01559800 0.17999800 0.01049800
v 0.01450000 0.17999800 0.01159700
v 0.01450000 0.17999800 0.01159700
v -0.01450000 0.17999800 0.01159700
v -0.01450000 0.17999800 0.01159700
v -0.01559800 0.17999800 0.01049800
v -0.01559800 0.17999800 0.01049800
v 0.01300000 0.21999700 -0.01200100
v 0.01300000 0.21999700 -0.01200100
v 0.01300000 0.21999700 -0.01200100
v 0.01450000 0.19999700 -0.01159900
v 0.01450000 0.21999700 -0.01159900
v 0.01450000 0.21999700 -0.01159900
v 0.01559800 0.19999700 -0.01050100
v 0.01559800 0.21999700 -0.01050100
v 0.01559800 0.21999700 -0.01050100
v 0.01600000 0.21999700 -0.00900100
v 0.01600000 0.21999700 -0.00900100
v 0.01600000 0.21999700 -0.00900100
v -0.00520300 0.20853700 0.01881800
v -0.00520300 0.20853700 0.01881800
v -0.00520300 0.20853700 0.01199800
v -0.00520300 0.20853700 0.01199800
v -0.00877600 0.20479200 0.01881800
v -0.00877600 0.20479200 0.01881800
v -0.00877600 0.20479200 0.01881800
v -0.00877600 0.20479200 0.01881800
v -0.00877600 0.20479200 0.01199800
v -0.00877600 0.20479200 0.01199800
v -0.00877600 0.20479200 0.01199800
v -0.00999700 0.19976100 0.01881800
v -0.00999700 0.19976100 0.01881800
v -0.00999700 0.19976100 0.01199800
v -0.00999700 0.19976100 0.01199800
v -0.00854000 0.19479500 0.01881800
v -0.00854000 0.19479500 0.01881800
v -0.00854000 0.19479500 0.01199800
v -0.00854000 0.19479500 0.01199800
v -0.00479400 0.19122200 0.01881800
v -0.00479400 0.19122200 0.01881800
v -0.00479400 0.19122200 0.01199800
v -0.00479400 0.19122200 0.01199800
v 0.00023600 0.19000000 0.01881800
v 0.00023600 0.19000000 0.01881800
v 0.00023600 0.19000000 0.01199800
v 0.00023600 0.19000000 0.01199800
v 0.00520300 0.19145800 0.01881800
v 0.00520300 0.19145800 0.01881800
v 0.00520300 0.19145800 0.01199800
v 0.00520300 0.19145800 0.01199800
v 0.00877600 0.19520300 0.01881800
v 0.00877600 0.19520300 0.01881800
v 0.00877600 0.19520300 0.01199800
v 0.00877600 0.19520300 0.01199800
v 0.00999700 0.20023300 0.01881800
v 0.00999700 0.20023300 0.01881800
v 0.00999700 0.20023300 0.01199800
v 0.00999700 0.20023300 0.01199800
v 0.00854000 0.20520000 0.01881800
v 0.00854000 0.20520000 0.01881800
v 0.00854000 0.20520000 0.01199800
v 0.00854000 0.20520000 0.01199800
v 0.00479400 0.20877300 0.01881800
v 0.00479400 0.20877300 0.01881800
v 0.00479400 0.20877300 0.01199800
v 0.00479400 0.20877300 0.01199800
v -0.00023600 0.20999500 0.01881800
v -0.00023600 0.20999500 0.01881800
v -0.00023600 0.20999500 0.01199800
v -0.00023600 0.20999500 0.01199800
v -0.01355900 0.20069200 0.02362200
v -0.01191500 0.20650700 0.02362200
v -0.01191500 0.20650700 0.02362200
v -0.00791100 0.21103200 0.02362200
v -0.01315500 0.20718400 0.02944200
v -0.01315500 0.20718400 0.02944200
v -0.00873400 0.21218000 0.02944200
v -0.01229700 0.20671500 0.03535000
v -0.01229700 0.20671500 0.03535000
v -0.00816400 0.21138600 0.03535000
v -0.00947900 0.20517600 0.04040600
v -0.00947900 0.20517600 0.04040600
v -0.00629400 0.20877600 0.04040600
v -0.00515000 0.20281100 0.04380200
v -0.00515000 0.20281100 0.04380200
v -0.00341900 0.20476700 0.04380200
v 0.00000000 0.19999700 0.04499800
v 0.00000000 0.19999700 0.04499800
v 0.00000000 0.19999700 0.04499800
v 0.00000000 0.19999700 0.04499800
v 0.00000000 0.19999700 0.04499800
v 0.00000000 0.19999700 0.04499800
v 0.00000000 0.19999700 0.04499800
v 0.00000000 0.19999700 0.04499800
v 0.00000000 0.19999700 0.04499800
v 0.00000000 0.19999700 0.04499800
v 0.00000000 0.19999700 0.04499800
v 0.00000000 0.19999700 0.04499800
v 0.00000000 0.19999700 0.04499800
v 0.00000000 0.19999700 0.04499800
v -0.01251800 0.19474000 0.02362200
v -0.00899700 0.18983000 0.02362200
v -0.00369500 0.18693300 0.02362200
v 0.00234000 0.18662400 0.02362200
v 0.00791100 0.18896300 0.02362200
v 0.01191500 0.19348800 0.02362200
v 0.01355900 0.19930300 0.02362200
v 0.01497000 0.19923000 0.02944200
v 0.01382000 0.20580100 0.02944200
v 0.01291900 0.20542300 0.03535000
v 0.00928600 0.21049100 0.03535000
v 0.00715800 0.20808700 0.04040600
v 0.00293900 0.21039100 0.04040600
v 0.00159700 0.20564400 0.04380200
v -0.00101100 0.20577800 0.04380200
v 0.01251800 0.20525400 0.02362200
v 0.00993300 0.21122300 0.02944200
v 0.00381300 0.21348100 0.03535000
v -0.00186100 0.21063700 0.04040600
v 0.00899700 0.21016500 0.02362200
v 0.00407900 0.21442100 0.02944200
v -0.00241500 0.21380000 0.03535000
v 0.00369500 0.21306200 0.02362200
v -0.00258300 0.21476300 0.02944200
v -0.00234000 0.21337100 0.02362200
v 0.00388900 0.20439200 0.04380200
v 0.00541100 0.20227000 0.04380200
v 0.00586100 0.19969700 0.04380200
v 0.00515000 0.19718400 0.04380200
v 0.00341900 0.19522800 0.04380200
v 0.00101100 0.19421700 0.04380200
v -0.00159700 0.19435000 0.04380200
v -0.00388900 0.19560200 0.04380200
v -0.00541100 0.19772500 0.04380200
v -0.00586100 0.20029800 0.04380200
v -0.01497000 0.20076500 0.02944200
v -0.01382000 0.19419300 0.02944200
v -0.00993300 0.18877200 0.02944200
v -0.00407900 0.18557400 0.02944200
v 0.00258300 0.18523200 0.02944200
v 0.00873400 0.18781500 0.02944200
v 0.01315500 0.19281100 0.02944200
v -0.01399400 0.20071500 0.03535000
v -0.01291900 0.19457200 0.03535000
v -0.00928600 0.18950400 0.03535000
v -0.00381300 0.18651400 0.03535000
v 0.00241500 0.18619500 0.03535000
v 0.00816400 0.18860900 0.03535000
v 0.01229700 0.19328000 0.03535000
v 0.01399400 0.19928000 0.03535000
v -0.01078700 0.20055000 0.04040600
v -0.00995900 0.19581500 0.04040600
v -0.00715800 0.19190800 0.04040600
v -0.00293900 0.18960400 0.04040600
v 0.00186100 0.18935800 0.04040600
v 0.00629400 0.19121900 0.04040600
v 0.00947900 0.19481900 0.04040600
v 0.01078700 0.19944500 0.04040600
v 0.00995900 0.20418000 0.04040600
v -0.00764700 0.21499700 -0.01200100
v -0.00764700 0.21499700 -0.01200100
v -0.00764700 0.21499700 -0.01200100
v 0.01000000 0.21499700 -0.01200100
v 0.01000000 0.21499700 -0.01200100
v 0.01000000 0.21499700 -0.01200100
v -0.00682300 0.21299700 -0.03100100
v -0.00682300 0.21299700 -0.03100100
v 0.00600000 0.21099700 -0.05000100
v 0.00600000 0.21099700 -0.05000100
v 0.00600000 0.21099700 -0.05000100
v -0.00600000 0.21099700 -0.05000100
v -0.00600000 0.21099700 -0.05000100
v -0.00600000 0.21099700 -0.05000100
v 0.01000000 0.18499800 -0.01200100
v 0.01000000 0.18499800 -0.01200100
v 0.01000000 0.18499800 -0.01200100
v 0.00600000 0.18899800 -0.05000100
v 0.00600000 0.18899800 -0.05000100
v 0.00600000 0.18899800 -0.05000100
v -0.01000000 0.18499800 -0.01200100
v -0.01000000 0.18499800 -0.01200100
v -0.01000000 0.18499800 -0.01200100
v -0.00600000 0.18899800 -0.05000100
v -0.00600000 0.18899800 -0.05000100
v -0.00600000 0.18899800 -0.05000100
v -0.01000000 0.21499700 -0.01200100
v -0.01000000 0.21499700 -0.01200100
v -0.01000000 0.21499700 -0.01200100
v -0.00800000 0.21219700 -0.03100100
v -0.00800000 0.21219700 -0.03100100
v -0.00700000 0.21079700 -0.04050100
v -0.00700000 0.21079700 -0.04050100
v -0.00600000 0.20939700 -0.05000100
v -0.00600000 0.20939700 -0.05000100
v -0.00600000 0.20939700 -0.05000100
v -0.00811800 0.21379700 -0.02150100
v -0.00741200 0.21259700 -0.03100100
v -0.00670600 0.21139700 -0.04050100
v 0.00750000 0.18749800 -0.05000100
v 0.00750000 0.18749800 -0.05000100
v 0.00750000 0.18749800 -0.05000100
v -0.00750000 0.18749800 -0.05000100
v -0.00750000 0.18749800 -0.05000100
v -0.00750000 0.18749800 -0.05000100
v 0.00750000 0.21249700 -0.05000100
v 0.00750000 0.21249700 -0.05000100
v 0.00750000 0.21249700 -0.05000100
v -0.00661800 0.21249700 -0.05000100
v -0.00661800 0.21249700 -0.05000100
v -0.00661800 0.21249700 -0.05000100
v -0.00750000 0.21249700 -0.05000100
v -0.00750000 0.21249700 -0.05000100
v -0.00750000 0.21249700 -0.05000100
v -0.00321700 0.19178100 -0.07000000
v -0.00321700 0.19178100 -0.07000000
v -0.00321700 0.19178100 -0.07000000
v -0.00321700 0.20821400 -0.07000000
v -0.00321700 0.20821400 -0.07000000
v -0.00321700 0.20821400 -0.07000000
v 0.00321700 0.19178100 -0.07000000
v 0.00321700 0.19178100 -0.07000000
v 0.00321700 0.19178100 -0.07000000
v 0.00321700 0.20821400 -0.07000000
v 0.00321700 0.20821400 -0.07000000
v 0.00321700 0.20821400 -0.07000000
v -0.00620800 0.21056000 -0.06722500
v -0.00620800 0.21056000 -0.06722500
v -0.00620800 0.21056000 -0.06722500
v -0.00618400 0.21058200 -0.06744300
v -0.00618400 0.21058200 -0.06744300
v -0.00620800 0.18878900 -0.06722500
v -0.00620800 0.18878900 -0.06722500
v -0.00620800 0.18878900 -0.06722500
v -0.00620800 0.18878900 -0.06722500
v -0.00614900 0.21069200 -0.06763200
v -0.00614900 0.21069200 -0.06763200
v -0.00591900 0.18907800 -0.06830200
v -0.00591900 0.18907800 -0.06830200
v -0.00607600 0.21107300 -0.06790900
v -0.00607600 0.21107300 -0.06790900
v -0.00607600 0.21107300 -0.06790900
v -0.00565200 0.21065000 -0.06875200
v -0.00565200 0.21065000 -0.06875200
v -0.00525700 0.18974100 -0.06920000
v -0.00525700 0.18974100 -0.06920000
v -0.00498800 0.20998500 -0.06942200
v -0.00498800 0.20998500 -0.06942200
v -0.00431200 0.19068500 -0.06979300
v -0.00431200 0.19068500 -0.06979300
v -0.00608600 0.21120500 -0.06722500
v -0.00608600 0.21120500 -0.06722500
v -0.00608600 0.21120500 -0.06722500
v 0.00620800 0.21120500 -0.06722500
v 0.00620800 0.21120500 -0.06722500
v 0.00620800 0.21120500 -0.06722500
v 0.00620800 0.21120500 -0.06722500
v 0.00591900 0.21091700 -0.06830200
v 0.00591900 0.21091700 -0.06830200
v 0.00525700 0.21025400 -0.06920000
v 0.00525700 0.21025400 -0.06920000
v 0.00431200 0.20931000 -0.06979300
v 0.00431200 0.20931000 -0.06979300
v 0.00620800 0.18878900 -0.06722500
v 0.00620800 0.18878900 -0.06722500
v 0.00620800 0.18878900 -0.06722500
v 0.00620800 0.18878900 -0.06722500
v 0.00591900 0.18907800 -0.06830200
v 0.00591900 0.18907800 -0.06830200
v 0.00525700 0.18974100 -0.06920000
v 0.00525700 0.18974100 -0.06920000
v 0.00431200 0.19068500 -0.06979300
v 0.00431200 0.19068500 -0.06979300
v -0.00685400 0.21152800 -0.05861300
v -0.00685400 0.21152800 -0.05861300
v -0.00635200 0.21185100 -0.05861300
v -0.00635200 0.21185100 -0.05861300
v -0.00632000 0.21118900 -0.06395500
v -0.00652900 0.21156000 -0.06000100
v -0.00679400 0.21202900 -0.05500100
v -0.01600000 0.21999700 -0.00900100
v -0.01600000 0.21999700 -0.00900100
v -0.01600000 0.21999700 -0.00900100
v -0.01559800 0.19999700 -0.01050100
v -0.01559800 0.21999700 -0.01050100
v -0.01559800 0.21999700 -0.01050100
v -0.01450000 0.19999700 -0.01159900
v -0.01450000 0.21999700 -0.01159900
v -0.01450000 0.21999700 -0.01159900
v -0.01300000 0.21999700 -0.01200100
v -0.01300000 0.21999700 -0.01200100
v -0.01300000 0.21999700 -0.01200100
v -0.01300000 0.21999700 0.01199800
v -0.01300000 0.21999700 0.01199800
v -0.01300000 0.21999700 0.01199800
v 0.01300000 0.21999700 0.01199800
v 0.01300000 0.21999700 0.01199800
v 0.01300000 0.21999700 0.01199800
v -0.01450000 0.19999700 0.01159700
v -0.01450000 0.21999700 0.01159700
v -0.01450000 0.21999700 0.01159700
v -0.01559800 0.19999700 0.01049800
v -0.01559800 0.21999700 0.01049800
v -0.01559800 0.21999700 0.01049800
v -0.01600000 0.21999700 0.00899900
v -0.01600000 0.21999700 0.00899900
v -0.01600000 0.21999700 0.00899900
v 0.01600000 0.21999700 0.00899900
v 0.01600000 0.21999700 0.00899900
v 0.01600000 0.21999700 0.00899900
v 0.01559800 0.19999700 0.01049800
v 0.01559800 0.21999700 0.01049800
v 0.01559800 0.21999700 0.01049800
v 0.01450000 0.19999700 0.01159700
v 0.01450000 0.21999700 0.01159700
v 0.01450000 0.21999700 0.01159700
v 0.01600000 0.20399700 -0.00000100
v 0.01600000 0.20399700 -0.00000100
v 0.01600000 0.20346100 -0.00200100
v 0.01600000 0.20346100 -0.00200100
v 0.01600000 0.20199700 -0.00346500
v 0.01600000 0.20199700 -0.00346500
v 0.01600000 0.19999700 0.00399900
v 0.01600000 0.19999700 0.00399900
v 0.01600000 0.20199700 0.00346300
v 0.01600000 0.20199700 0.00346300
v 0.01600000 0.20346100 0.00199900
v 0.01600000 0.20346100 0.00199900
v 0.01600000 0.19599700 -0.00000100
v 0.01600000 0.19599700 -0.00000100
v 0.01600000 0.19599700 -0.00000100
v 0.01600000 0.19653300 0.00199900
v 0.01600000 0.19653300 0.00199900
v 0.01600000 0.19799700 0.00346300
v 0.01600000 0.19799700 0.00346300
v 0.01600000 0.19999700 -0.00400100
v 0.01600000 0.19999700 -0.00400100
v 0.01600000 0.19799700 -0.00346500
v 0.01600000 0.19799700 -0.00346500
v 0.01600000 0.19653300 -0.00200100
v 0.01600000 0.19653300 -0.00200100
v 0.01100000 0.20172900 0.00099900
v 0.01100000 0.20172900 0.00099900
v 0.01100000 0.20199700 -0.00000100
v 0.01100000 0.20199700 -0.00000100
v 0.01100000 0.20099700 0.00173100
v 0.01100000 0.20099700 0.00173100
v 0.01100000 0.19999700 0.00199900
v 0.01100000 0.19999700 0.00199900
v 0.01100000 0.19899700 0.00173100
v 0.01100000 0.19899700 0.00173100
v 0.01100000 0.19826500 0.00099900
v 0.01100000 0.19826500 0.00099900
v 0.01100000 0.19799700 -0.00000100
v 0.01100000 0.19799700 -0.00000100
v 0.01100000 0.19799700 -0.00000100
v 0.01100000 0.19826500 -0.00100100
v 0.01100000 0.19826500 -0.00100100
v 0.01100000 0.19899700 -0.00173300
v 0.01100000 0.19899700 -0.00173300
v 0.01100000 0.19999700 -0.00200100
v 0.01100000 0.19999700 -0.00200100
v 0.01100000 0.20099700 -0.00173300
v 0.01100000 0.20099700 -0.00173300
v 0.01100000 0.20172900 -0.00100100
v 0.01100000 0.20172900 -0.00100100
v 0.01100000 0.19653300 0.00199900
v 0.01100000 0.19653300 0.00199900
v 0.01100000 0.19599700 -0.00000100
v 0.01100000 0.19599700 -0.00000100
v 0.01100000 0.19599700 -0.00000100
v 0.01100000 0.19653300 -0.00200100
v 0.01100000 0.19653300 -0.00200100
v 0.01100000 0.19799700 -0.00346500
v 0.01100000 0.19799700 -0.00346500
v 0.01100000 0.19999700 -0.00400100
v 0.01100000 0.19999700 -0.00400100
v 0.01100000 0.20199700 -0.00346500
v 0.01100000 0.20199700 -0.00346500
v 0.01100000 0.20346100 -0.00200100
v 0.01100000 0.20346100 -0.00200100
v 0.01100000 0.20399700 -0.00000100
v 0.01100000 0.20399700 -0.00000100
v 0.01100000 0.20346100 0.00199900
v 0.01100000 0.20346100 0.00199900
v 0.01100000 0.20199700 0.00346300
v 0.01100000 0.20199700 0.00346300
v 0.01100000 0.19999700 0.00399900
v 0.01100000 0.19999700 0.00399900
v 0.01100000 0.19799700 0.00346300
v 0.01100000 0.19799700 0.00346300
v -0.01100000 0.20172900 -0.00100100
v -0.01100000 0.20172900 -0.00100100
v -0.01100000 0.20199700 -0.00000100
v -0.01100000 0.20199700 -0.00000100
v -0.01100000 0.20099700 -0.00173300
v -0.01100000 0.20099700 -0.00173300
v -0.01100000 0.19999700 -0.00200100
v -0.01100000 0.19999700 -0.00200100
v -0.01100000 0.19899700 -0.00173300
v -0.01100000 0.19899700 -0.00173300
v -0.01100000 0.19826500 -0.00100100
v -0.01100000 0.19826500 -0.00100100
v -0.01100000 0.19799700 -0.00000100
v -0.01100000 0.19799700 -0.00000100
v -0.01100000 0.19799700 -0.00000100
v -0.01100000 0.19826500 0.00099900
v -0.01100000 0.19826500 0.00099900
v -0.01100000 0.19899700 0.00173100
v -0.01100000 0.19899700 0.00173100
v -0.01100000 0.19999700 0.00199900
v -0.01100000 0.19999700 0.00199900
v -0.01100000 0.20099700 0.00173100
v -0.01100000 0.20099700 0.00173100
v -0.01100000 0.20172900 0.00099900
v -0.01100000 0.20172900 0.00099900
v -0.01600000 0.19599700 -0.00000100
v -0.01600000 0.19599700 -0.00000100
v -0.01600000 0.19599700 -0.00000100
v -0.01600000 0.19653300 -0.00200100
v -0.01600000 0.19653300 -0.00200100
v -0.01600000 0.19799700 -0.00346500
v -0.01600000 0.19799700 -0.00346500
v -0.01600000 0.19999700 0.00399900
v -0.01600000 0.19999700 0.00399900
v -0.01600000 0.19799700 0.00346300
v -0.01600000 0.19799700 0.00346300
v -0.01600000 0.19653300 0.00199900
v -0.01600000 0.19653300 0.00199900
v -0.01600000 0.20399700 -0.00000100
v -0.01600000 0.20399700 -0.00000100
v -0.01600000 0.20346100 0.00199900
v -0.01600000 0.20346100 0.00199900
v -0.01600000 0.20199700 0.00346300
v -0.01600000 0.20199700 0.00346300
v -0.01600000 0.19999700 -0.00400100
v -0.01600000 0.19999700 -0.00400100
v -0.01600000 0.20199700 -0.00346500
v -0.01600000 0.20199700 -0.00346500
v -0.01600000 0.20346100 -0.00200100
v -0.01600000 0.20346100 -0.00200100
v -0.01100000 0.20346100 0.00199900
v -0.01100000 0.20346100 0.00199900
v -0.01100000 0.20399700 -0.00000100
v -0.01100000 0.20399700 -0.00000100
v -0.01100000 0.20346100 -0.00200100
v -0.01100000 0.20346100 -0.00200100
v -0.01100000 0.20199700 -0.00346500
v -0.01100000 0.20199700 -0.00346500
v -0.01100000 0.19999700 -0.00400100
v -0.01100000 0.19999700 -0.00400100
v -0.01100000 0.19799700 -0.00346500
v -0.01100000 0.19799700 -0.00346500
v -0.01100000 0.19653300 -0.00200100
v -0.01100000 0.19653300 -0.00200100
v -0.01100000 0.19599700 -0.00000100
v -0.01100000 0.19599700 -0.00000100
v -0.01100000 0.19599700 -0.00000100
v -0.01100000 0.19653300 0.00199900
v -0.01100000 0.19653300 0.00199900
v -0.01100000 0.19799700 0.00346300
v -0.01100000 0.19799700 0.00346300
v -0.01100000 0.19999700 0.00399900
v -0.01100000 0.19999700 0.00399900
v -0.01100000 0.20199700 0.00346300
v -0.01100000 0.20199700 0.00346300
v -0.01100000 0.20302800 0.00174900
v -0.01100000 0.20302800 0.00174900
v -0.01100000 0.20172900 0.00099900
v -0.01100000 0.20172900 0.00099900
v -0.01100000 0.20349700 -0.00000100
v -0.01100000 0.20349700 -0.00000100
v -0.01100000 0.20199700 -0.00000100
v -0.01100000 0.20199700 -0.00000100
v -0.01100000 0.20302800 -0.00175100
v -0.01100000 0.20302800 -0.00175100
v -0.01100000 0.20172900 -0.00100100
v -0.01100000 0.20172900 -0.00100100
v -0.01100000 0.20099700 -0.00173300
v -0.01100000 0.20099700 -0.00173300
v -0.01100000 0.20099700 0.00173100
v -0.01100000 0.20099700 0.00173100
v -0.01100000 0.20174700 0.00303000
v -0.01100000 0.20174700 0.00303000
v -0.01100000 0.19999700 0.00199900
v -0.01100000 0.19999700 0.00199900
v -0.01100000 0.19999700 0.00349900
v -0.01100000 0.19999700 0.00349900
v -0.01100000 0.19824700 0.00303000
v -0.01100000 0.19824700 0.00303000
v -0.01100000 0.19899700 0.00173100
v -0.01100000 0.19899700 0.00173100
v -0.01100000 0.19696600 0.00174900
v -0.01100000 0.19696600 0.00174900
v -0.01100000 0.19826500 0.00099900
v -0.01100000 0.19826500 0.00099900
v -0.01100000 0.19649700 -0.00000100
v -0.01100000 0.19649700 -0.00000100
v -0.01100000 0.19649700 -0.00000100
v -0.01100000 0.19799700 -0.00000100
v -0.01100000 0.19799700 -0.00000100
v -0.01100000 0.19799700 -0.00000100
v -0.01100000 0.19826500 -0.00100100
v -0.01100000 0.19826500 -0.00100100
v -0.01100000 0.19696600 -0.00175100
v -0.01100000 0.19696600 -0.00175100
v -0.01100000 0.19899700 -0.00173300
v -0.01100000 0.19899700 -0.00173300
v -0.01100000 0.19824700 -0.00303200
v -0.01100000 0.19824700 -0.00303200
v -0.01100000 0.19999700 -0.00200100
v -0.01100000 0.19999700 -0.00200100
v -0.01100000 0.19999700 -0.00350100
v -0.01100000 0.19999700 -0.00350100
v -0.01100000 0.20174700 -0.00303200
v -0.01100000 0.20174700 -0.00303200
v 0.01100000 0.19696600 0.00174900
v 0.01100000 0.19696600 0.00174900
v 0.01100000 0.19826500 0.00099900
v 0.01100000 0.19826500 0.00099900
v 0.01100000 0.19649700 -0.00000100
v 0.01100000 0.19649700 -0.00000100
v 0.01100000 0.19649700 -0.00000100
v 0.01100000 0.19799700 -0.00000100
v 0.01100000 0.19799700 -0.00000100
v 0.01100000 0.19799700 -0.00000100
v 0.01100000 0.19696600 -0.00175100
v 0.01100000 0.19696600 -0.00175100
v 0.01100000 0.19826500 -0.00100100
v 0.01100000 0.19826500 -0.00100100
v 0.01100000 0.19899700 -0.00173300
v 0.01100000 0.19899700 -0.00173300
v 0.01100000 0.19899700 0.00173100
v 0.01100000 0.19899700 0.00173100
v 0.01100000 0.19824700 0.00303000
v 0.01100000 0.19824700 0.00303000
v 0.01100000 0.19999700 0.00199900
v 0.01100000 0.19999700 0.00199900
v 0.01100000 0.19999700 0.00349900
v 0.01100000 0.19999700 0.00349900
v 0.01100000 0.20174700 0.00303000
v 0.01100000 0.20174700 0.00303000
v 0.01100000 0.20099700 0.00173100
v 0.01100000 0.20099700 0.00173100
v 0.01100000 0.20302800 0.00174900
v 0.01100000 0.20302800 0.00174900
v 0.01100000 0.20172900 0.00099900
v 0.01100000 0.20172900 0.00099900
v 0.01100000 0.20349700 -0.00000100
v 0.01100000 0.20349700 -0.00000100
v 0.01100000 0.20199700 -0.00000100
v 0.01100000 0.20199700 -0.00000100
v 0.01100000 0.20172900 -0.00100100
v 0.01100000 0.20172900 -0.00100100
v 0.01100000 0.20302800 -0.00175100
v 0.01100000 0.20302800 -0.00175100
v 0.01100000 0.20099700 -0.00173300
v 0.01100000 0.20099700 -0.00173300
v 0.01100000 0.20174700 -0.00303200
v 0.01100000 0.20174700 -0.00303200
v 0.01100000 0.19999700 -0.00200100
v 0.01100000 0.19999700 -0.00200100
v 0.01100000 0.19999700 -0.00350100
v 0.01100000 0.19999700 -0.00350100
v 0.01100000 0.19824700 -0.00303200
v 0.01100000 0.19824700 -0.00303200
v 0.01300000 0.19929700 -0.00343100
v 0.01300000 0.19929700 -0.00343100
v 0.01300000 0.19929700 -0.00343100
v 0.01400000 0.19929700 -0.00343100
v 0.01400000 0.19929700 -0.00343100
v 0.01400000 0.19929700 -0.00343100
v 0.01400000 0.19785800 -0.00277100
v 0.01400000 0.19785800 -0.00277100
v 0.01400000 0.19685600 -0.00154400
v 0.01400000 0.19685600 -0.00154400
v 0.01400000 0.19649700 -0.00000100
v 0.01400000 0.19649700 -0.00000100
v 0.01400000 0.19649700 -0.00000100
v 0.01400000 0.19685600 0.00154100
v 0.01400000 0.19685600 0.00154100
v 0.01400000 0.19785800 0.00276800
v 0.01400000 0.19785800 0.00276800
v 0.01300000 0.19929700 0.00342800
v 0.01300000 0.19929700 0.00342800
v 0.01300000 0.19929700 0.00342800
v 0.01300000 0.19976300 0.00349100
v 0.01300000 0.19976300 0.00349100
v 0.01300000 0.20023200 0.00349100
v 0.01300000 0.20023200 0.00349100
v 0.01400000 0.19929700 0.00342800
v 0.01400000 0.19929700 0.00342800
v 0.01400000 0.19929700 0.00342800
v 0.01300000 0.20069700 0.00342800
v 0.01300000 0.20069700 0.00342800
v 0.01300000 0.20069700 0.00342800
v 0.01400000 0.20069700 0.00342800
v 0.01400000 0.20069700 0.00342800
v 0.01400000 0.20069700 0.00342800
v 0.01400000 0.20213700 0.00276800
v 0.01400000 0.20213700 0.00276800
v 0.01400000 0.20313900 0.00154100
v 0.01400000 0.20313900 0.00154100
v 0.01400000 0.20349700 -0.00000100
v 0.01400000 0.20349700 -0.00000100
v 0.01400000 0.20313900 -0.00154400
v 0.01400000 0.20313900 -0.00154400
v 0.01400000 0.20213700 -0.00277100
v 0.01400000 0.20213700 -0.00277100
v 0.01300000 0.20069700 -0.00343100
v 0.01300000 0.20069700 -0.00343100
v 0.01300000 0.20069700 -0.00343100
v 0.01300000 0.20023200 -0.00349300
v 0.01300000 0.20023200 -0.00349300
v 0.01300000 0.19976300 -0.00349300
v 0.01300000 0.19976300 -0.00349300
v 0.01400000 0.20069700 -0.00343100
v 0.01400000 0.20069700 -0.00343100
v 0.01400000 0.20069700 -0.00343100
v 0.01438700 0.19929700 0.00334800
v 0.01438700 0.19929700 0.00334800
v 0.01450000 0.19793900 0.00266200
v 0.01471300 0.19929700 0.00312200
v 0.01471300 0.19929700 0.00312200
v 0.01486600 0.19816300 0.00237300
v 0.01492600 0.19929700 0.00278900
v 0.01492600 0.19929700 0.00278900
v 0.01500000 0.19929700 0.00239900
v 0.01500000 0.19929700 0.00239900
v 0.01500000 0.19929700 0.00239900
v 0.01500000 0.19820600 0.00174300
v 0.01500000 0.19820600 0.00174300
v 0.01486600 0.19730500 0.00132100
v 0.01500000 0.19758000 0.00063500
v 0.01500000 0.19758000 0.00063500
v 0.01486600 0.19699700 -0.00000100
v 0.01500000 0.19758000 -0.00063800
v 0.01500000 0.19758000 -0.00063800
v 0.01486600 0.19730500 -0.00132400
v 0.01500000 0.19820600 -0.00174600
v 0.01500000 0.19820600 -0.00174600
v 0.01486600 0.19816300 -0.00237500
v 0.01500000 0.19929700 -0.00240100
v 0.01500000 0.19929700 -0.00240100
v 0.01500000 0.19929700 -0.00240100
v 0.01492600 0.19929700 -0.00279100
v 0.01492600 0.19929700 -0.00279100
v 0.01471300 0.19929700 -0.00312500
v 0.01471300 0.19929700 -0.00312500
v 0.01450000 0.19793900 -0.00266500
v 0.01438700 0.19929700 -0.00335100
v 0.01438700 0.19929700 -0.00335100
v 0.01450000 0.19697600 0.00148200
v 0.01450000 0.19663100 -0.00000100
v 0.01450000 0.19697600 -0.00148500
v 0.01438700 0.20069700 -0.00335100
v 0.01438700 0.20069700 -0.00335100
v 0.01438700 0.20069700 0.00334800
v 0.01438700 0.20069700 0.00334800
v 0.01471300 0.20069700 -0.00312500
v 0.01471300 0.20069700 -0.00312500
v 0.01500000 0.20069700 0.00239900
v 0.01500000 0.20069700 0.00239900
v 0.01500000 0.20069700 0.00239900
v 0.01471300 0.20069700 0.00312200
v 0.01471300 0.20069700 0.00312200
v 0.01492600 0.20069700 -0.00279100
v 0.01492600 0.20069700 -0.00279100
v 0.01500000 0.20069700 -0.00240100
v 0.01500000 0.20069700 -0.00240100
v 0.01500000 0.20069700 -0.00240100
v 0.01492600 0.20069700 0.00278800
v 0.01492600 0.20069700 0.00278800
v 0.01486600 0.20183200 0.00237300
v 0.01500000 0.20178800 0.00174300
v 0.01500000 0.20178800 0.00174300
v 0.01486600 0.20269000 0.00132100
v 0.01500000 0.20241500 0.00063500
v 0.01500000 0.20241500 0.00063500
v 0.01486600 0.20299700 -0.00000100
v 0.01500000 0.20241500 -0.00063800
v 0.01500000 0.20241500 -0.00063800
v 0.01486600 0.20269000 -0.00132400
v 0.01500000 0.20178800 -0.00174600
v 0.01500000 0.20178800 -0.00174600
v 0.01486600 0.20183200 -0.00237500
v 0.01450000 0.20205500 -0.00266500
v 0.01450000 0.20301900 -0.00148500
v 0.01450000 0.20336300 -0.00000100
v 0.01450000 0.20301900 0.00148200
v 0.01450000 0.20205500 0.00266200
v -0.01300000 0.19929700 0.00342800
v -0.01300000 0.19929700 0.00342800
v -0.01300000 0.19929700 0.00342800
v -0.01300000 0.19976300 0.00349100
v -0.01300000 0.19976300 0.00349100
v -0.01300000 0.19929700 -0.00343100
v -0.01300000 0.19929700 -0.00343100
v -0.01300000 0.19929700 -0.00343100
v -0.01300000 0.19976300 -0.00349300
v -0.01300000 0.19976300 -0.00349300
v -0.01300000 0.20023200 0.00349100
v -0.01300000 0.20023200 0.00349100
v -0.01300000 0.20023200 -0.00349300
v -0.01300000 0.20023200 -0.00349300
v -0.01300000 0.20069700 -0.00343100
v -0.01300000 0.20069700 -0.00343100
v -0.01300000 0.20069700 -0.00343100
v -0.01300000 0.20069700 0.00342800
v -0.01300000 0.20069700 0.00342800
v -0.01300000 0.20069700 0.00342800
v -0.01500000 0.19929700 0.00239900
v -0.01500000 0.19929700 0.00239900
v -0.01500000 0.19929700 0.00239900
v -0.01500000 0.19929700 -0.00240100
v -0.01500000 0.19929700 -0.00240100
v -0.01500000 0.19929700 -0.00240100
v -0.01500000 0.19820600 0.00174300
v -0.01500000 0.19820600 0.00174300
v -0.01500000 0.19820600 -0.00174600
v -0.01500000 0.19820600 -0.00174600
v -0.01500000 0.19758000 -0.00063800
v -0.01500000 0.19758000 -0.00063800
v -0.01500000 0.19758000 0.00063500
v -0.01500000 0.19758000 0.00063500
v -0.01492600 0.19929700 -0.00279100
v -0.01492600 0.19929700 -0.00279100
v -0.01471300 0.19929700 -0.00312500
v -0.01471300 0.19929700 -0.00312500
v -0.01438700 0.19929700 -0.00335100
v -0.01438700 0.19929700 -0.00335100
v -0.01471300 0.19929700 0.00312200
v -0.01471300 0.19929700 0.00312200
v -0.01438700 0.19929700 0.00334800
v -0.01438700 0.19929700 0.00334800
v -0.01492600 0.19929700 0.00278800
v -0.01492600 0.19929700 0.00278800
v -0.01400000 0.19929700 -0.00343100
v -0.01400000 0.19929700 -0.00343100
v -0.01400000 0.19929700 -0.00343100
v -0.01400000 0.19929700 0.00342800
v -0.01400000 0.19929700 0.00342800
v -0.01400000 0.19929700 0.00342800
v -0.01400000 0.19785800 -0.00277100
v -0.01400000 0.19785800 -0.00277100
v -0.01450000 0.19793900 -0.00266500
v -0.01486600 0.19816300 -0.00237500
v -0.01486600 0.19730500 -0.00132400
v -0.01486600 0.19699700 -0.00000100
v -0.01486600 0.19730500 0.00132100
v -0.01486600 0.19816300 0.00237300
v -0.01450000 0.19793900 0.00266200
v -0.01400000 0.19785800 0.00276800
v -0.01400000 0.19785800 0.00276800
v -0.01400000 0.19685600 0.00154100
v -0.01400000 0.19685600 0.00154100
v -0.01450000 0.19697600 0.00148200
v -0.01400000 0.19649700 -0.00000100
v -0.01400000 0.19649700 -0.00000100
v -0.01400000 0.19649700 -0.00000100
v -0.01450000 0.19663100 -0.00000100
v -0.01400000 0.19685600 -0.00154400
v -0.01400000 0.19685600 -0.00154400
v -0.01450000 0.19697600 -0.00148500
v -0.01500000 0.20069700 0.00239900
v -0.01500000 0.20069700 0.00239900
v -0.01500000 0.20069700 0.00239900
v -0.01500000 0.20178800 0.00174300
v -0.01500000 0.20178800 0.00174300
v -0.01500000 0.20069700 -0.00240100
v -0.01500000 0.20069700 -0.00240100
v -0.01500000 0.20069700 -0.00240100
v -0.01500000 0.20178800 -0.00174600
v -0.01500000 0.20178800 -0.00174600
v -0.01500000 0.20241500 -0.00063800
v -0.01500000 0.20241500 -0.00063800
v -0.01500000 0.20241500 0.00063500
v -0.01500000 0.20241500 0.00063500
v -0.01492600 0.20069700 0.00278800
v -0.01492600 0.20069700 0.00278800
v -0.01471300 0.20069700 0.00312200
v -0.01471300 0.20069700 0.00312200
v -0.01438700 0.20069700 0.00334800
v -0.01438700 0.20069700 0.00334800
v -0.01471300 0.20069700 -0.00312500
v -0.01471300 0.20069700 -0.00312500
v -0.01438700 0.20069700 -0.00335100
v -0.01438700 0.20069700 -0.00335100
v -0.01492600 0.20069700 -0.00279100
v -0.01492600 0.20069700 -0.00279100
v -0.01400000 0.20069700 0.00342800
v -0.01400000 0.20069700 0.00342800
v -0.01400000 0.20069700 0.00342800
v -0.01400000 0.20069700 -0.00343100
v -0.01400000 0.20069700 -0.00343100
v -0.01400000 0.20069700 -0.00343100
v -0.01400000 0.20213700 -0.00277100
v -0.01400000 0.20213700 -0.00277100
v -0.01400000 0.20313900 -0.00154400
v -0.01400000 0.20313900 -0.00154400
v -0.01400000 0.20349700 -0.00000100
v -0.01400000 0.20349700 -0.00000100
v -0.01400000 0.20313900 0.00154100
v -0.01400000 0.20313900 0.00154100
v -0.01400000 0.20213700 0.00276800
v -0.01400000 0.20213700 0.00276800
v -0.01450000 0.20205500 0.00266200
v -0.01486600 0.20183200 0.00237300
v -0.01486600 0.20269000 0.00132100
v -0.01486600 0.20299700 -0.00000100
v -0.01486600 0.20269000 -0.00132400
v -0.01486600 0.20183200 -0.00237500
v -0.01450000 0.20205500 -0.00266500
v -0.01450000 0.20301900 -0.00148500
v -0.01450000 0.20336300 -0.00000100
v -0.01450000 0.20301900 0.00148200
v 0.00140500 0.59610600 0.01559300
v 0.00140500 0.59610600 0.01559300
v 0.00150000 0.59999200 0.01645300
v 0.00150000 0.59999200 0.01645300
v 0.00150000 0.59999200 0.01645300
v 0.00150000 0.59999200 0.01645300
v 0.00074000 0.59814300 0.01655300
v 0.00077600 0.59999200 0.01675300
v 0.00077600 0.59999200 0.01675300
v 0.00000000 0.59999200 0.01685500
v 0.00000000 0.59999200 0.01685500
v -0.00004500 0.59812300 0.01664300
v -0.00077600 0.59999200 0.01675300
v -0.00077600 0.59999200 0.01675300
v -0.00140500 0.59610600 0.01559300
v -0.00140500 0.59610600 0.01559300
v -0.00150000 0.59999200 0.01645300
v -0.00150000 0.59999200 0.01645300
v -0.00150000 0.59999200 0.01645300
v -0.00150000 0.59999200 0.01645300
v -0.00004100 0.59389800 0.01484700
v -0.00134300 0.59248000 0.01363800
v -0.00134300 0.59248000 0.01363800
v -0.00004100 0.59308400 0.01437100
v -0.00004100 0.59186300 0.01363600
v 0.00067100 0.59312300 0.01430600
v 0.00067200 0.59190200 0.01357100
v 0.00134300 0.59248000 0.01363800
v 0.00134300 0.59248000 0.01363800
v 0.00069800 0.58948900 0.01221000
v 0.00142000 0.58887100 0.01161600
v 0.00142000 0.58887100 0.01161600
v 0.00052100 0.58499500 0.01103600
v 0.00052100 0.58499500 0.01103600
v 0.00150000 0.58499200 0.01068000
v 0.00150000 0.58499200 0.01068000
v 0.00150000 0.58499200 0.01068000
v 0.00150000 0.58499200 0.01068000
v -0.00142000 0.58887100 0.01161600
v -0.00142000 0.58887100 0.01161600
v -0.00004200 0.58945200 0.01228300
v -0.00150000 0.58499200 0.01068000
v -0.00150000 0.58499200 0.01068000
v -0.00150000 0.58499200 0.01068000
v -0.00150000 0.58499200 0.01068000
v -0.00052100 0.58499500 0.01103600
v -0.00052100 0.58499500 0.01103600
v 0.00067600 0.59393600 0.01478100
v 0.00148200 0.58246200 0.01063100
v 0.00148200 0.58246200 0.01063100
v 0.00073700 0.57991500 0.01071400
v 0.00147000 0.57994900 0.01042300
v 0.00147000 0.57994900 0.01042300
v 0.00146600 0.57746100 0.01005900
v 0.00146600 0.57746100 0.01005900
v 0.00050900 0.57491300 0.00987400
v 0.00050900 0.57491300 0.00987400
v 0.00146900 0.57499300 0.00954300
v 0.00146900 0.57499300 0.00954300
v 0.00146900 0.57499300 0.00954300
v 0.00146900 0.57499300 0.00954300
v -0.00004700 0.57990500 0.01080500
v -0.00148200 0.58246200 0.01063100
v -0.00148200 0.58246200 0.01063100
v -0.00147000 0.57994900 0.01042300
v -0.00147000 0.57994900 0.01042300
v -0.00146600 0.57746100 0.01005900
v -0.00146600 0.57746100 0.01005900
v -0.00050900 0.57491300 0.00987400
v -0.00050900 0.57491300 0.00987400
v -0.00146900 0.57499300 0.00954300
v -0.00146900 0.57499300 0.00954300
v -0.00146900 0.57499300 0.00954300
v -0.00146900 0.57499300 0.00954300
v 0.00149900 0.57354500 0.00925400
v 0.00149900 0.57354500 0.00925400
v 0.00075500 0.56991400 0.00954200
v 0.00149200 0.56917600 0.00935000
v 0.00149200 0.56917600 0.00935000
v 0.00048100 0.56512000 0.01101700
v 0.00048100 0.56512000 0.01101700
v 0.00139300 0.56499300 0.01074100
v 0.00139300 0.56499300 0.01074100
v 0.00139300 0.56499300 0.01074100
v 0.00139300 0.56499300 0.01074100
v -0.00004600 0.56992600 0.00963800
v -0.00149900 0.57354500 0.00925400
v -0.00149900 0.57354500 0.00925400
v -0.00149200 0.56917600 0.00935000
v -0.00149200 0.56917600 0.00935000
v -0.00048100 0.56512000 0.01101700
v -0.00048100 0.56512000 0.01101700
v -0.00139300 0.56499300 0.01074100
v -0.00139300 0.56499300 0.01074100
v -0.00139300 0.56499300 0.01074100
v -0.00139300 0.56499300 0.01074100
v 0.00144000 0.56231000 0.01178700
v 0.00144000 0.56231000 0.01178700
v 0.00073800 0.56021200 0.01267800
v 0.00150000 0.55499300 0.01298900
v 0.00150000 0.55499300 0.01298900
v 0.00150000 0.55499300 0.01298900
v 0.00150000 0.55499300 0.01298900
v 0.00077600 0.55499300 0.01328900
v 0.00077600 0.55499300 0.01328900
v 0.00000000 0.55499300 0.01339100
v 0.00000000 0.55499300 0.01339100
v -0.00004500 0.56023400 0.01276700
v -0.00077600 0.55499300 0.01328900
v -0.00077600 0.55499300 0.01328900
v -0.00150000 0.55499300 0.01298900
v -0.00150000 0.55499300 0.01298900
v -0.00150000 0.55499300 0.01298900
v -0.00150000 0.55499300 0.01298900
v -0.00144000 0.56231000 0.01178700
v -0.00144000 0.56231000 0.01178700
v -0.00150000 0.69599500 0.01645300
v -0.00150000 0.69599500 0.01645300
v -0.00150000 0.69599500 0.01645300
v -0.00077600 0.69581900 0.01675200
v -0.00077600 0.69581900 0.01675200
v 0.00000000 0.66399400 0.01685500
v 0.00000000 0.69575900 0.01685500
v 0.00000000 0.69575900 0.01685500
v 0.00077600 0.69581900 0.01675200
v 0.00077600 0.69581900 0.01675200
v 0.00000000 0.63199300 0.01685500
v 0.00150000 0.69599500 0.01645300
v 0.00150000 0.69599500 0.01645300
v 0.00150000 0.69599500 0.01645300
v -0.01000000 0.56013900 0.00746800
v -0.01000000 0.56013900 0.00746800
v -0.01050000 0.55499300 0.00779300
v -0.01050000 0.55499300 0.00779300
v -0.01050000 0.55499300 0.00779300
v -0.01050000 0.55499300 0.00779300
v -0.00577300 0.55975800 0.00999800
v -0.00860700 0.56499300 0.00657600
v -0.00860700 0.56499300 0.00657600
v -0.00860700 0.56499300 0.00657600
v -0.00860700 0.56499300 0.00657600
v -0.00725100 0.56987600 0.00591900
v -0.00725100 0.56987600 0.00591900
v -0.00439300 0.57063900 0.00748400
v -0.00753100 0.57499300 0.00604300
v -0.00753100 0.57499300 0.00604300
v -0.00753100 0.57499300 0.00604300
v -0.00753100 0.57499300 0.00604300
v -0.00850000 0.58499200 0.00663800
v -0.00850000 0.58499200 0.00663800
v -0.00850000 0.58499200 0.00663800
v -0.00850000 0.58499200 0.00663800
v -0.00490600 0.58014300 0.00848000
v -0.00850100 0.58530800 0.00664100
v -0.00850100 0.58530800 0.00664100
v -0.00789800 0.59007700 0.00844900
v -0.00563100 0.59007700 0.00975200
v -0.00661800 0.59396400 0.01146000
v -0.00738300 0.59792900 0.01278500
v -0.01350000 0.59999200 0.00952500
v -0.01350000 0.59999200 0.00952500
v -0.01350000 0.59999200 0.00952500
v -0.01350000 0.59999200 0.00952500
v -0.01034300 0.59792900 0.01107600
v -0.01282700 0.59618000 0.00903000
v -0.01282700 0.59618000 0.00903000
v -0.00927700 0.59396400 0.00992900
v -0.01121300 0.59262100 0.00802400
v -0.01121300 0.59262100 0.00802400
v -0.00944200 0.58908600 0.00708200
v -0.00944200 0.58908600 0.00708200
v -0.01350000 0.69599500 0.00952500
v -0.01350000 0.69599500 0.00952500
v -0.01350000 0.69599500 0.00952500
v -0.00750000 0.69707100 0.01298900
v -0.00750000 0.69707100 0.01298900
v -0.00750000 0.69707100 0.01298900
v -0.01396600 0.59814300 0.00891600
v -0.01412100 0.59999200 0.00904800
v -0.01412100 0.59999200 0.00904800
v -0.01459800 0.59999200 0.00842700
v -0.01459800 0.59999200 0.00842700
v -0.01443700 0.59812300 0.00828200
v -0.01500000 0.59999200 0.00692700
v -0.01500000 0.59999200 0.00692700
v -0.01500000 0.59999200 0.00692700
v -0.01500000 0.59999200 0.00692700
v -0.01420800 0.59610600 0.00657900
v -0.01420800 0.59610600 0.00657900
v -0.01288000 0.59389800 0.00738700
v -0.01248300 0.59248000 0.00565500
v -0.01248300 0.59248000 0.00565500
v -0.01246700 0.59308400 0.00714900
v -0.01183100 0.59186300 0.00678200
v -0.01205500 0.59312300 0.00773300
v -0.01141900 0.59190200 0.00736700
v -0.01022600 0.58948900 0.00670900
v -0.00929800 0.58499500 0.00596800
v -0.00929800 0.58499500 0.00596800
v -0.01077100 0.58887100 0.00457700
v -0.01077100 0.58887100 0.00457700
v -0.01066000 0.58945200 0.00610400
v -0.01000000 0.58499200 0.00404000
v -0.01000000 0.58499200 0.00404000
v -0.01000000 0.58499200 0.00404000
v -0.01000000 0.58499200 0.00404000
v -0.00981900 0.58499500 0.00506600
v -0.00981900 0.58499500 0.00506600
v -0.01246400 0.59393600 0.00797500
v -0.00891100 0.57991500 0.00599500
v -0.00938200 0.57990500 0.00536100
v -0.00994900 0.58246200 0.00403200
v -0.00994900 0.58246200 0.00403200
v -0.00976300 0.57994900 0.00393700
v -0.00976300 0.57994900 0.00393700
v -0.00944600 0.57746100 0.00375900
v -0.00944600 0.57746100 0.00375900
v -0.00880700 0.57491300 0.00449500
v -0.00880700 0.57491300 0.00449500
v -0.00900000 0.57499300 0.00349900
v -0.00900000 0.57499300 0.00349900
v -0.00900000 0.57499300 0.00349900
v -0.00900000 0.57499300 0.00349900
v -0.00829800 0.57491300 0.00537700
v -0.00829800 0.57491300 0.00537700
v -0.00788800 0.56991400 0.00542500
v -0.00930200 0.56512000 0.00592400
v -0.00930200 0.56512000 0.00592400
v -0.00837100 0.56992600 0.00477800
v -0.00978300 0.56512000 0.00509200
v -0.00978300 0.56512000 0.00509200
v -0.00884200 0.56918700 0.00338100
v -0.00884200 0.56918700 0.00338100
v -0.00999200 0.56501300 0.00415800
v -0.00999200 0.56501300 0.00415800
v -0.00876500 0.57354500 0.00332800
v -0.00876500 0.57354500 0.00332800
v -0.01000000 0.56499300 0.00416400
v -0.01000000 0.56499300 0.00416400
v -0.01000000 0.56499300 0.00416400
v -0.01000000 0.56499300 0.00416400
v -0.01061200 0.56021200 0.00697700
v -0.01108000 0.56023400 0.00634400
v -0.01092900 0.56231000 0.00464600
v -0.01092900 0.56231000 0.00464600
v -0.01200000 0.55499300 0.00519500
v -0.01200000 0.55499300 0.00519500
v -0.01200000 0.55499300 0.00519500
v -0.01200000 0.55499300 0.00519500
v -0.01189700 0.55499300 0.00597100
v -0.01189700 0.55499300 0.00597100
v -0.01159800 0.55499300 0.00669500
v -0.01159800 0.55499300 0.00669500
v -0.01112100 0.55499300 0.00731600
v -0.01112100 0.55499300 0.00731600
v -0.01500000 0.69599500 0.00692700
v -0.01500000 0.69599500 0.00692700
v -0.01500000 0.69599500 0.00692700
v -0.01489700 0.69581900 0.00770300
v -0.01489700 0.69581900 0.00770300
v -0.01459800 0.66399400 0.00842700
v -0.01459800 0.69575900 0.00842700
v -0.01459800 0.69575900 0.00842700
v -0.01412000 0.69581900 0.00904700
v -0.01412000 0.69581900 0.00904700
v -0.01459800 0.63199300 0.00842700
v -0.01146900 0.56013900 -0.00492700
v -0.01146900 0.56013900 -0.00492700
v -0.01200000 0.55499300 -0.00519700
v -0.01200000 0.55499300 -0.00519700
v -0.01200000 0.55499300 -0.00519700
v -0.01200000 0.55499300 -0.00519700
v -0.01154600 0.55975800 -0.00000100
v -0.01000000 0.56499300 -0.00416700
v -0.01000000 0.56499300 -0.00416700
v -0.01000000 0.56499300 -0.00416700
v -0.01000000 0.56499300 -0.00416700
v -0.00875300 0.56987600 -0.00332100
v -0.00875300 0.56987600 -0.00332100
v -0.00868000 0.57063900 -0.00006300
v -0.00900000 0.57499300 -0.00350100
v -0.00900000 0.57499300 -0.00350100
v -0.00900000 0.57499300 -0.00350100
v -0.00900000 0.57499300 -0.00350100
v -0.01000000 0.58499200 -0.00404300
v -0.01000000 0.58499200 -0.00404300
v -0.01000000 0.58499200 -0.00404300
v -0.01000000 0.58499200 -0.00404300
v -0.00979900 0.58014300 -0.00000900
v -0.01000300 0.58530800 -0.00404200
v -0.01000300 0.58530800 -0.00404200
v -0.01126700 0.59007700 -0.00261600
v -0.01126200 0.59007700 -0.00000200
v -0.01323500 0.59396400 -0.00000200
v -0.01476500 0.59792900 -0.00000200
v -0.01500000 0.59999200 -0.00692900
v -0.01500000 0.59999200 -0.00692900
v -0.01500000 0.59999200 -0.00692900
v -0.01500000 0.59999200 -0.00692900
v -0.01476500 0.59792900 -0.00342000
v -0.01423500 0.59618000 -0.00659400
v -0.01423500 0.59618000 -0.00659400
v -0.01323800 0.59396400 -0.00307000
v -0.01255700 0.59262100 -0.00569900
v -0.01255700 0.59262100 -0.00569900
v -0.01085500 0.58908600 -0.00463700
v -0.01085500 0.58908600 -0.00463700
v -0.01500000 0.69707100 -0.00000100
v -0.01500000 0.69707100 -0.00000100
v -0.01500000 0.69681700 -0.00330600
v -0.01500000 0.69681700 -0.00330600
v -0.01500000 0.69599500 -0.00692900
v -0.01500000 0.69599500 -0.00692900
v -0.01500000 0.69599500 -0.00692900
v -0.01500000 0.69681700 0.00330400
v -0.01500000 0.69681700 0.00330400
v -0.01470600 0.59814300 -0.00763700
v -0.01459800 0.59999200 -0.00842900
v -0.01459800 0.59999200 -0.00842900
v -0.01439200 0.59812300 -0.00836200
v -0.01412100 0.59999200 -0.00905000
v -0.01412100 0.59999200 -0.00905000
v -0.01280200 0.59610600 -0.00901600
v -0.01280200 0.59610600 -0.00901600
v -0.01350000 0.59999200 -0.00952700
v -0.01350000 0.59999200 -0.00952700
v -0.01350000 0.59999200 -0.00952700
v -0.01350000 0.59999200 -0.00952700
v -0.01283900 0.59389800 -0.00746100
v -0.01114000 0.59248000 -0.00798400
v -0.01114000 0.59248000 -0.00798400
v -0.01242600 0.59308400 -0.00722300
v -0.01179000 0.59186300 -0.00685600
v -0.01272600 0.59312300 -0.00657400
v -0.01209000 0.59190200 -0.00620600
v -0.01092500 0.58948900 -0.00550200
v -0.00981900 0.58499500 -0.00506900
v -0.00981900 0.58499500 -0.00506900
v -0.00935100 0.58887100 -0.00704000
v -0.00935100 0.58887100 -0.00704000
v -0.01061800 0.58945200 -0.00618000
v -0.00850000 0.58499200 -0.00664100
v -0.00850000 0.58499200 -0.00664100
v -0.00850000 0.58499200 -0.00664100
v -0.00850000 0.58499200 -0.00664100
v -0.00929800 0.58499500 -0.00597100
v -0.00929800 0.58499500 -0.00597100
v -0.01313900 0.59393600 -0.00680700
v -0.00964800 0.57991500 -0.00472000
v -0.00933500 0.57990500 -0.00544500
v -0.00846700 0.58246200 -0.00660100
v -0.00846700 0.58246200 -0.00660100
v -0.00829200 0.57994900 -0.00648700
v -0.00829200 0.57994900 -0.00648700
v -0.00797900 0.57746100 -0.00630100
v -0.00797900 0.57746100 -0.00630100
v -0.00829800 0.57491300 -0.00538000
v -0.00829800 0.57491300 -0.00538000
v -0.00753100 0.57499300 -0.00604500
v -0.00753100 0.57499300 -0.00604500
v -0.00753100 0.57499300 -0.00604500
v -0.00753100 0.57499300 -0.00604500
v -0.00880700 0.57491300 -0.00449800
v -0.00880700 0.57491300 -0.00449800
v -0.00864300 0.56991400 -0.00411900
v -0.00978300 0.56512000 -0.00509400
v -0.00978300 0.56512000 -0.00509400
v -0.00832500 0.56992600 -0.00486100
v -0.00930200 0.56512000 -0.00592700
v -0.00930200 0.56512000 -0.00592700
v -0.00735000 0.56918700 -0.00596800
v -0.00735000 0.56918700 -0.00596800
v -0.00859800 0.56501300 -0.00657400
v -0.00859800 0.56501300 -0.00657400
v -0.00726600 0.57354500 -0.00592800
v -0.00726600 0.57354500 -0.00592800
v -0.00860700 0.56499300 -0.00657900
v -0.00860700 0.56499300 -0.00657900
v -0.00860700 0.56499300 -0.00657900
v -0.00860700 0.56499300 -0.00657900
v -0.01134900 0.56021200 -0.00570200
v -0.01103600 0.56023400 -0.00642400
v -0.00949000 0.56231000 -0.00714200
v -0.00949000 0.56231000 -0.00714200
v -0.01050000 0.55499300 -0.00779500
v -0.01050000 0.55499300 -0.00779500
v -0.01050000 0.55499300 -0.00779500
v -0.01050000 0.55499300 -0.00779500
v -0.01112100 0.55499300 -0.00731800
v -0.01112100 0.55499300 -0.00731800
v -0.01159800 0.55499300 -0.00669700
v -0.01159800 0.55499300 -0.00669700
v -0.01189700 0.55499300 -0.00597400
v -0.01189700 0.55499300 -0.00597400
v -0.01350000 0.69599500 -0.00952700
v -0.01350000 0.69599500 -0.00952700
v -0.01350000 0.69599500 -0.00952700
v -0.01412000 0.69581900 -0.00905000
v -0.01412000 0.69581900 -0.00905000
v -0.01459800 0.66399400 -0.00842900
v -0.01459800 0.69575900 -0.00842900
v -0.01459800 0.69575900 -0.00842900
v -0.01489700 0.69581900 -0.00770500
v -0.01489700 0.69581900 -0.00770500
v -0.01459800 0.63199300 -0.00842900
v -0.00146900 0.56013900 -0.01239600
v -0.00146900 0.56013900 -0.01239600
v -0.00150000 0.55499300 -0.01299200
v -0.00150000 0.55499300 -0.01299200
v -0.00150000 0.55499300 -0.01299200
v -0.00150000 0.55499300 -0.01299200
v -0.00577300 0.55975800 -0.01000000
v -0.00139300 0.56499300 -0.01074400
v -0.00139300 0.56499300 -0.01074400
v -0.00139300 0.56499300 -0.01074400
v -0.00139300 0.56499300 -0.01074400
v -0.00150200 0.56987600 -0.00924100
v -0.00150200 0.56987600 -0.00924100
v -0.00428600 0.57063900 -0.00754900
v -0.00146900 0.57499300 -0.00954600
v -0.00146900 0.57499300 -0.00954600
v -0.00146900 0.57499300 -0.00954600
v -0.00146900 0.57499300 -0.00954600
v -0.00150000 0.58499200 -0.01068200
v -0.00150000 0.58499200 -0.01068200
v -0.00150000 0.58499200 -0.01068200
v -0.00150000 0.58499200 -0.01068200
v -0.00489200 0.58014300 -0.00849100
v -0.00150200 0.58530800 -0.01068500
v -0.00150200 0.58530800 -0.01068500
v -0.00336900 0.59007700 -0.01106600
v -0.00563100 0.59007700 -0.00975400
v -0.00661700 0.59396400 -0.01146300
v -0.00738200 0.59792900 -0.01278800
v -0.00150000 0.59999200 -0.01645600
v -0.00150000 0.59999200 -0.01645600
v -0.00150000 0.59999200 -0.01645600
v -0.00150000 0.59999200 -0.01645600
v -0.00442200 0.59792900 -0.01449800
v -0.00140800 0.59618000 -0.01562600
v -0.00140800 0.59618000 -0.01562600
v -0.00396200 0.59396400 -0.01300000
v -0.00134400 0.59262100 -0.01372500
v -0.00134400 0.59262100 -0.01372500
v -0.00141300 0.58908600 -0.01172000
v -0.00141300 0.58908600 -0.01172000
v -0.00750000 0.69707100 -0.01299200
v -0.00750000 0.69707100 -0.01299200
v -0.00463800 0.69681700 -0.01464400
v -0.00463800 0.69681700 -0.01464400
v -0.00150000 0.69599500 -0.01645600
v -0.00150000 0.69599500 -0.01645600
v -0.00150000 0.69599500 -0.01645600
v -0.01036200 0.69681700 -0.01133900
v -0.01036200 0.69681700 -0.01133900
v 0.01412000 0.69581900 -0.00905000
v 0.01412000 0.69581900 -0.00905000
v 0.01350000 0.69599500 -0.00952700
v 0.01350000 0.69599500 -0.00952700
v 0.01350000 0.69599500 -0.00952700
v 0.00928400 0.69999100 -0.00565700
v 0.00928400 0.69999100 -0.00565700
v 0.00750000 0.69707100 -0.01299200
v 0.00750000 0.69707100 -0.01299200
v 0.00521200 0.69999100 -0.00954200
v 0.00521200 0.69999100 -0.00954200
v 0.00150000 0.69599500 -0.01645600
v 0.00150000 0.69599500 -0.01645600
v 0.00150000 0.69599500 -0.01645600
v -0.00025700 0.69999100 -0.01086900
v -0.00025700 0.69999100 -0.01086900
v 0.00077600 0.69581900 -0.01675400
v 0.00077600 0.69581900 -0.01675400
v 0.00000000 0.69575900 -0.01685700
v 0.00000000 0.69575900 -0.01685700
v -0.00077600 0.69581900 -0.01675400
v -0.00077600 0.69581900 -0.01675400
v -0.00565600 0.69999100 -0.00928500
v -0.00565600 0.69999100 -0.00928500
v -0.00954000 0.69999100 -0.00521300
v -0.00954000 0.69999100 -0.00521300
v -0.01086800 0.69999100 0.00025500
v -0.01086800 0.69999100 0.00025500
v -0.00928400 0.69999100 0.00565500
v -0.00928400 0.69999100 0.00565500
v -0.00521200 0.69999100 0.00953900
v -0.00521200 0.69999100 0.00953900
v -0.00521200 0.69999100 0.00953900
v 0.00025700 0.69999100 0.01086700
v 0.00025700 0.69999100 0.01086700
v 0.00463800 0.69681700 0.01464100
v 0.00463800 0.69681700 0.01464100
v 0.00565600 0.69999100 0.00928200
v 0.00565600 0.69999100 0.00928200
v 0.00750000 0.69707100 0.01298900
v 0.00750000 0.69707100 0.01298900
v 0.01036200 0.69681700 0.01133600
v 0.01036200 0.69681700 0.01133600
v 0.00954000 0.69999100 0.00521100
v 0.00954000 0.69999100 0.00521100
v 0.01350000 0.69599500 0.00952500
v 0.01350000 0.69599500 0.00952500
v 0.01350000 0.69599500 0.00952500
v 0.01412000 0.69581900 0.00904700
v 0.01412000 0.69581900 0.00904700
v 0.01459800 0.69575900 0.00842700
v 0.01459800 0.69575900 0.00842700
v 0.01489700 0.69581900 0.00770300
v 0.01489700 0.69581900 0.00770300
v 0.01500000 0.69599500 0.00692700
v 0.01500000 0.69599500 0.00692700
v 0.01500000 0.69599500 0.00692700
v 0.01500000 0.69681700 0.00330400
v 0.01500000 0.69681700 0.00330400
v 0.01086800 0.69999100 -0.00025800
v 0.01086800 0.69999100 -0.00025800
v 0.01500000 0.69707100 -0.00000100
v 0.01500000 0.69707100 -0.00000100
v 0.01500000 0.69681700 -0.00330600
v 0.01500000 0.69681700 -0.00330600
v 0.01500000 0.69599500 -0.00692900
v 0.01500000 0.69599500 -0.00692900
v 0.01500000 0.69599500 -0.00692900
v 0.01489700 0.69581900 -0.00770500
v 0.01489700 0.69581900 -0.00770500
v 0.01459800 0.69575900 -0.00842900
v 0.01459800 0.69575900 -0.00842900
v -0.00074000 0.59814300 -0.01655500
v -0.00077600 0.59999200 -0.01675500
v -0.00077600 0.59999200 -0.01675500
v 0.00000000 0.59999200 -0.01685800
v 0.00000000 0.59999200 -0.01685800
v 0.00004500 0.59812300 -0.01664500
v 0.00077600 0.59999200 -0.01675500
v 0.00077600 0.59999200 -0.01675500
v 0.00140500 0.59610600 -0.01559600
v 0.00140500 0.59610600 -0.01559600
v 0.00150000 0.59999200 -0.01645600
v 0.00150000 0.59999200 -0.01645600
v 0.00150000 0.59999200 -0.01645600
v 0.00150000 0.59999200 -0.01645600
v 0.00004100 0.59389800 -0.01485000
v 0.00134300 0.59248000 -0.01364000
v 0.00134300 0.59248000 -0.01364000
v 0.00004100 0.59308400 -0.01437300
v 0.00004100 0.59186300 -0.01363900
v -0.00067100 0.59312300 -0.01430800
v -0.00067200 0.59190200 -0.01357400
v -0.00069800 0.58948900 -0.01221300
v -0.00052100 0.58499500 -0.01103800
v -0.00052100 0.58499500 -0.01103800
v 0.00142000 0.58887100 -0.01161900
v 0.00142000 0.58887100 -0.01161900
v 0.00004200 0.58945200 -0.01228600
v 0.00150000 0.58499200 -0.01068200
v 0.00150000 0.58499200 -0.01068200
v 0.00150000 0.58499200 -0.01068200
v 0.00150000 0.58499200 -0.01068200
v 0.00052100 0.58499500 -0.01103800
v 0.00052100 0.58499500 -0.01103800
v -0.00067600 0.59393600 -0.01478300
v -0.00073700 0.57991500 -0.01071700
v 0.00004700 0.57990500 -0.01080800
v 0.00148200 0.58246200 -0.01063400
v 0.00148200 0.58246200 -0.01063400
v 0.00147000 0.57994900 -0.01042500
v 0.00147000 0.57994900 -0.01042500
v 0.00146600 0.57746100 -0.01006200
v 0.00146600 0.57746100 -0.01006200
v 0.00050900 0.57491300 -0.00987700
v 0.00050900 0.57491300 -0.00987700
v 0.00146900 0.57499300 -0.00954500
v 0.00146900 0.57499300 -0.00954500
v 0.00146900 0.57499300 -0.00954500
v 0.00146900 0.57499300 -0.00954500
v -0.00050900 0.57491300 -0.00987700
v -0.00050900 0.57491300 -0.00987700
v -0.00075500 0.56991400 -0.00954500
v -0.00048100 0.56512000 -0.01102000
v -0.00048100 0.56512000 -0.01102000
v 0.00004600 0.56992600 -0.00964100
v 0.00048100 0.56512000 -0.01102000
v 0.00048100 0.56512000 -0.01102000
v 0.00149200 0.56918700 -0.00935000
v 0.00149200 0.56918700 -0.00935000
v 0.00139300 0.56501300 -0.01073400
v 0.00139300 0.56501300 -0.01073400
v 0.00149900 0.57354500 -0.00925700
v 0.00149900 0.57354500 -0.00925700
v 0.00139300 0.56499300 -0.01074400
v 0.00139300 0.56499300 -0.01074400
v 0.00139300 0.56499300 -0.01074400
v 0.00139300 0.56499300 -0.01074400
v -0.00073800 0.56021200 -0.01268100
v 0.00004500 0.56023400 -0.01277000
v 0.00144000 0.56231000 -0.01179000
v 0.00144000 0.56231000 -0.01179000
v 0.00150000 0.55499300 -0.01299200
v 0.00150000 0.55499300 -0.01299200
v 0.00150000 0.55499300 -0.01299200
v 0.00150000 0.55499300 -0.01299200
v 0.00077600 0.55499300 -0.01329100
v 0.00077600 0.55499300 -0.01329100
v 0.00000000 0.55499300 -0.01339300
v 0.00000000 0.55499300 -0.01339300
v -0.00077600 0.55499300 -0.01329100
v -0.00077600 0.55499300 -0.01329100
v 0.00000000 0.66399400 -0.01685800
v 0.00000000 0.63199300 -0.01685800
v 0.01000000 0.56013900 -0.00747100
v 0.01000000 0.56013900 -0.00747100
v 0.01050000 0.55499300 -0.00779500
v 0.01050000 0.55499300 -0.00779500
v 0.01050000 0.55499300 -0.00779500
v 0.01050000 0.55499300 -0.00779500
v 0.00577300 0.55975800 -0.01000000
v 0.00860700 0.56499300 -0.00657900
v 0.00860700 0.56499300 -0.00657900
v 0.00860700 0.56499300 -0.00657900
v 0.00860700 0.56499300 -0.00657900
v 0.00725100 0.56987600 -0.00592200
v 0.00725100 0.56987600 -0.00592200
v 0.00439300 0.57063900 -0.00748700
v 0.00753100 0.57499300 -0.00604500
v 0.00753100 0.57499300 -0.00604500
v 0.00753100 0.57499300 -0.00604500
v 0.00753100 0.57499300 -0.00604500
v 0.00850000 0.58499200 -0.00664100
v 0.00850000 0.58499200 -0.00664100
v 0.00850000 0.58499200 -0.00664100
v 0.00850000 0.58499200 -0.00664100
v 0.00490600 0.58014300 -0.00848300
v 0.00850100 0.58530800 -0.00664400
v 0.00850100 0.58530800 -0.00664400
v 0.00789800 0.59007700 -0.00845100
v 0.00563100 0.59007700 -0.00975400
v 0.00661800 0.59396400 -0.01146300
v 0.00738300 0.59792900 -0.01278800
v 0.01350000 0.59999200 -0.00952700
v 0.01350000 0.59999200 -0.00952700
v 0.01350000 0.59999200 -0.00952700
v 0.01350000 0.59999200 -0.00952700
v 0.01034300 0.59792900 -0.01107900
v 0.01282700 0.59618000 -0.00903300
v 0.01282700 0.59618000 -0.00903300
v 0.00927700 0.59396400 -0.00993200
v 0.01121300 0.59262100 -0.00802700
v 0.01121300 0.59262100 -0.00802700
v 0.00944200 0.58908600 -0.00708400
v 0.00944200 0.58908600 -0.00708400
v 0.01396600 0.59814300 -0.00891900
v 0.01412100 0.59999200 -0.00905000
v 0.01412100 0.59999200 -0.00905000
v 0.01459800 0.59999200 -0.00842900
v 0.01459800 0.59999200 -0.00842900
v 0.01443700 0.59812300 -0.00828400
v 0.01500000 0.59999200 -0.00692900
v 0.01500000 0.59999200 -0.00692900
v 0.01500000 0.59999200 -0.00692900
v 0.01500000 0.59999200 -0.00692900
v 0.01420800 0.59610600 -0.00658100
v 0.01420800 0.59610600 -0.00658100
v 0.01288000 0.59389800 -0.00739000
v 0.01248300 0.59248000 -0.00565700
v 0.01248300 0.59248000 -0.00565700
v 0.01246700 0.59308400 -0.00715200
v 0.01183100 0.59186300 -0.00678500
v 0.01205500 0.59312300 -0.00773600
v 0.01141900 0.59190200 -0.00736900
v 0.01022600 0.58948900 -0.00671200
v 0.00929800 0.58499500 -0.00597100
v 0.00929800 0.58499500 -0.00597100
v 0.01077100 0.58887100 -0.00458000
v 0.01077100 0.58887100 -0.00458000
v 0.01066000 0.58945200 -0.00610700
v 0.01000000 0.58499200 -0.00404300
v 0.01000000 0.58499200 -0.00404300
v 0.01000000 0.58499200 -0.00404300
v 0.01000000 0.58499200 -0.00404300
v 0.00981900 0.58499500 -0.00506900
v 0.00981900 0.58499500 -0.00506900
v 0.01246400 0.59393600 -0.00797800
v 0.00891100 0.57991500 -0.00599700
v 0.00938200 0.57990500 -0.00536400
v 0.00994900 0.58246200 -0.00403400
v 0.00994900 0.58246200 -0.00403400
v 0.00976300 0.57994900 -0.00394000
v 0.00976300 0.57994900 -0.00394000
v 0.00944600 0.57746100 -0.00376200
v 0.00944600 0.57746100 -0.00376200
v 0.00880700 0.57491300 -0.00449800
v 0.00880700 0.57491300 -0.00449800
v 0.00900000 0.57499300 -0.00350100
v 0.00900000 0.57499300 -0.00350100
v 0.00900000 0.57499300 -0.00350100
v 0.00900000 0.57499300 -0.00350100
v 0.00829800 0.57491300 -0.00538000
v 0.00829800 0.57491300 -0.00538000
v 0.00788800 0.56991400 -0.00542700
v 0.00930200 0.56512000 -0.00592700
v 0.00930200 0.56512000 -0.00592700
v 0.00837100 0.56992600 -0.00478100
v 0.00978300 0.56512000 -0.00509400
v 0.00978300 0.56512000 -0.00509400
v 0.00884400 0.56917600 -0.00338500
v 0.00884400 0.56917600 -0.00338500
v 0.01000000 0.56499300 -0.00416700
v 0.01000000 0.56499300 -0.00416700
v 0.01000000 0.56499300 -0.00416700
v 0.01000000 0.56499300 -0.00416700
v 0.00876500 0.57354500 -0.00333100
v 0.00876500 0.57354500 -0.00333100
v 0.01061200 0.56021200 -0.00698000
v 0.01108000 0.56023400 -0.00634700
v 0.01092900 0.56231000 -0.00464900
v 0.01092900 0.56231000 -0.00464900
v 0.01200000 0.55499300 -0.00519700
v 0.01200000 0.55499300 -0.00519700
v 0.01200000 0.55499300 -0.00519700
v 0.01200000 0.55499300 -0.00519700
v 0.01189700 0.55499300 -0.00597400
v 0.01189700 0.55499300 -0.00597400
v 0.01159800 0.55499300 -0.00669700
v 0.01159800 0.55499300 -0.00669700
v 0.01112100 0.55499300 -0.00731800
v 0.01112100 0.55499300 -0.00731800
v 0.01459800 0.66399400 -0.00842900
v 0.01459800 0.63199300 -0.00842900
v 0.01000000 0.56013900 0.00746800
v 0.01000000 0.56013900 0.00746800
v 0.00860700 0.56499300 0.00657600
v 0.00860700 0.56499300 0.00657600
v 0.00860700 0.56499300 0.00657600
v 0.00860700 0.56499300 0.00657600
v 0.00577300 0.55975800 0.00999800
v 0.01050000 0.55499300 0.00779300
v 0.01050000 0.55499300 0.00779300
v 0.01050000 0.55499300 0.00779300
v 0.01050000 0.55499300 0.00779300
v 0.00725100 0.56987600 0.00591900
v 0.00725100 0.56987600 0.00591900
v 0.00753100 0.57499300 0.00604300
v 0.00753100 0.57499300 0.00604300
v 0.00753100 0.57499300 0.00604300
v 0.00753100 0.57499300 0.00604300
v 0.00428600 0.57063900 0.00754600
v 0.00489200 0.58014300 0.00848900
v 0.00850000 0.58499200 0.00663800
v 0.00850000 0.58499200 0.00663800
v 0.00850000 0.58499200 0.00663800
v 0.00850000 0.58499200 0.00663800
v 0.01282700 0.59618000 0.00903000
v 0.01282700 0.59618000 0.00903000
v 0.01350000 0.59999200 0.00952500
v 0.01350000 0.59999200 0.00952500
v 0.01350000 0.59999200 0.00952500
v 0.01350000 0.59999200 0.00952500
v 0.00738200 0.59792900 0.01278500
v 0.00442200 0.59792900 0.01449500
v 0.00396200 0.59396400 0.01299800
v 0.00336900 0.59007700 0.01106300
v 0.00850100 0.58530800 0.00664100
v 0.00850100 0.58530800 0.00664100
v 0.00944200 0.58908600 0.00708200
v 0.00944200 0.58908600 0.00708200
v 0.00563100 0.59007700 0.00975200
v 0.00661700 0.59396400 0.01146100
v 0.01121300 0.59262100 0.00802400
v 0.01121300 0.59262100 0.00802400
v 0.01146900 0.56013900 0.00492400
v 0.01146900 0.56013900 0.00492400
v 0.01200000 0.55499300 0.00519500
v 0.01200000 0.55499300 0.00519500
v 0.01200000 0.55499300 0.00519500
v 0.01200000 0.55499300 0.00519500
v 0.01154600 0.55975800 -0.00000100
v 0.01000000 0.56499300 0.00416400
v 0.01000000 0.56499300 0.00416400
v 0.01000000 0.56499300 0.00416400
v 0.01000000 0.56499300 0.00416400
v 0.00875300 0.56987600 0.00331800
v 0.00875300 0.56987600 0.00331800
v 0.00868000 0.57063900 0.00006100
v 0.00900000 0.57499300 0.00349900
v 0.00900000 0.57499300 0.00349900
v 0.00900000 0.57499300 0.00349900
v 0.00900000 0.57499300 0.00349900
v 0.01000000 0.58499200 0.00404000
v 0.01000000 0.58499200 0.00404000
v 0.01000000 0.58499200 0.00404000
v 0.01000000 0.58499200 0.00404000
v 0.00979900 0.58014300 0.00000700
v 0.01000300 0.58530800 0.00404000
v 0.01000300 0.58530800 0.00404000
v 0.01126700 0.59007700 0.00261300
v 0.01126200 0.59007700 -0.00000100
v 0.01323500 0.59396400 -0.00000100
v 0.01476500 0.59792900 -0.00000100
v 0.01500000 0.59999200 0.00692700
v 0.01500000 0.59999200 0.00692700
v 0.01500000 0.59999200 0.00692700
v 0.01500000 0.59999200 0.00692700
v 0.01476500 0.59792900 0.00341800
v 0.01423500 0.59618000 0.00659200
v 0.01423500 0.59618000 0.00659200
v 0.01323800 0.59396400 0.00306700
v 0.01255700 0.59262100 0.00569700
v 0.01255700 0.59262100 0.00569700
v 0.01085500 0.58908600 0.00463400
v 0.01085500 0.58908600 0.00463400
v 0.01470600 0.59814300 0.00763500
v 0.01459800 0.59999200 0.00842700
v 0.01459800 0.59999200 0.00842700
v 0.01439200 0.59812300 0.00836000
v 0.01412100 0.59999200 0.00904800
v 0.01412100 0.59999200 0.00904800
v 0.01283900 0.59389800 0.00745800
v 0.01242600 0.59308400 0.00722000
v 0.01179000 0.59186300 0.00685300
v 0.01061800 0.58945200 0.00617800
v 0.01209000 0.59190200 0.00620300
v 0.01092500 0.58948900 0.00549900
v 0.00981900 0.58499500 0.00506600
v 0.00981900 0.58499500 0.00506600
v 0.00929800 0.58499500 0.00596800
v 0.00929800 0.58499500 0.00596800
v 0.01272600 0.59312300 0.00657100
v 0.01313900 0.59393600 0.00680400
v 0.00964800 0.57991500 0.00471800
v 0.00933500 0.57990500 0.00544200
v 0.00829800 0.57491300 0.00537700
v 0.00829800 0.57491300 0.00537700
v 0.00880700 0.57491300 0.00449500
v 0.00880700 0.57491300 0.00449500
v 0.00864300 0.56991400 0.00411700
v 0.00978300 0.56512000 0.00509200
v 0.00978300 0.56512000 0.00509200
v 0.00832500 0.56992600 0.00485800
v 0.00930200 0.56512000 0.00592400
v 0.00930200 0.56512000 0.00592400
v 0.01134900 0.56021200 0.00569900
v 0.01103600 0.56023400 0.00642200
v 0.01112100 0.55499300 0.00731600
v 0.01112100 0.55499300 0.00731600
v 0.01159800 0.55499300 0.00669500
v 0.01159800 0.55499300 0.00669500
v 0.01189700 0.55499300 0.00597100
v 0.01189700 0.55499300 0.00597100
v 0.01459800 0.66399400 0.00842700
v 0.01459800 0.63199300 0.00842700
v 0.00150000 0.55199300 0.01298900
v 0.00150000 0.55199300 0.01298900
v 0.00150000 0.55199300 0.01298900
v 0.00150000 0.55199300 0.01298900
v 0.00052100 0.55199300 0.01334500
v 0.00052100 0.55199300 0.01334500
v -0.00052100 0.55199300 0.01334500
v -0.00052100 0.55199300 0.01334500
v -0.00150000 0.55199300 0.01298900
v -0.00150000 0.55199300 0.01298900
v -0.00150000 0.55199300 0.01298900
v -0.00150000 0.55199300 0.01298900
v -0.01050000 0.55199300 0.00779300
v -0.01050000 0.55199300 0.00779300
v -0.01050000 0.55199300 0.00779300
v -0.01050000 0.55199300 0.00779300
v -0.01129800 0.55199300 0.00712300
v -0.01129800 0.55199300 0.00712300
v -0.01181900 0.55199300 0.00622100
v -0.01181900 0.55199300 0.00622100
v -0.01200000 0.55199300 0.00519500
v -0.01200000 0.55199300 0.00519500
v -0.01200000 0.55199300 0.00519500
v -0.01200000 0.55199300 0.00519500
v -0.01200000 0.55199300 -0.00519700
v -0.01200000 0.55199300 -0.00519700
v -0.01200000 0.55199300 -0.00519700
v -0.01200000 0.55199300 -0.00519700
v -0.01181900 0.55199300 -0.00622300
v -0.01181900 0.55199300 -0.00622300
v -0.01129800 0.55199300 -0.00712600
v -0.01129800 0.55199300 -0.00712600
v -0.01050000 0.55199300 -0.00779500
v -0.01050000 0.55199300 -0.00779500
v -0.01050000 0.55199300 -0.00779500
v -0.01050000 0.55199300 -0.00779500
v -0.00150000 0.55199300 -0.01299200
v -0.00150000 0.55199300 -0.01299200
v -0.00150000 0.55199300 -0.01299200
v -0.00150000 0.55199300 -0.01299200
v -0.00052100 0.55199300 -0.01334800
v -0.00052100 0.55199300 -0.01334800
v 0.00052100 0.55199300 -0.01334800
v 0.00052100 0.55199300 -0.01334800
v 0.00150000 0.55199300 -0.01299200
v 0.00150000 0.55199300 -0.01299200
v 0.00150000 0.55199300 -0.01299200
v 0.00150000 0.55199300 -0.01299200
v 0.01050000 0.55199300 -0.00779500
v 0.01050000 0.55199300 -0.00779500
v 0.01050000 0.55199300 -0.00779500
v 0.01050000 0.55199300 -0.00779500
v 0.01129800 0.55199300 -0.00712600
v 0.01129800 0.55199300 -0.00712600
v 0.01181900 0.55199300 -0.00622300
v 0.01181900 0.55199300 -0.00622300
v 0.01200000 0.55199300 -0.00519700
v 0.01200000 0.55199300 -0.00519700
v 0.01200000 0.55199300 -0.00519700
v 0.01200000 0.55199300 -0.00519700
v 0.01050000 0.55199300 0.00779300
v 0.01050000 0.55199300 0.00779300
v 0.01050000 0.55199300 0.00779300
v 0.01050000 0.55199300 0.00779300
v 0.01200000 0.55199300 0.00519500
v 0.01200000 0.55199300 0.00519500
v 0.01200000 0.55199300 0.00519500
v 0.01200000 0.55199300 0.00519500
v 0.01181900 0.55199300 0.00622100
v 0.01181900 0.55199300 0.00622100
v 0.01129800 0.55199300 0.00712300
v 0.01129800 0.55199300 0.00712300
v -0.01173200 0.55099300 0.00519500
v -0.01173200 0.55099300 0.00519500
v -0.01173200 0.55099300 -0.00519700
v -0.01173200 0.55099300 -0.00519700
v -0.01100000 0.55026100 0.00519500
v -0.01100000 0.55026100 0.00519500
v -0.01100000 0.55026100 -0.00519700
v -0.01100000 0.55026100 -0.00519700
v -0.01000000 0.54999300 0.00519500
v -0.01000000 0.54999300 0.00519500
v -0.01000000 0.54999300 0.00519500
v -0.01000000 0.54999300 -0.00519700
v -0.01000000 0.54999300 -0.00519700
v -0.01000000 0.54999300 -0.00519700
v -0.01179100 0.55117800 0.00563900
v -0.01130700 0.55050500 0.00556200
v -0.01069400 0.55012500 0.00546400
v -0.00994000 0.54999300 0.00553700
v -0.00994000 0.54999300 0.00553700
v -0.01039700 0.55012500 0.00618900
v -0.00976600 0.54999300 0.00583800
v -0.00976600 0.54999300 0.00583800
v -0.01000000 0.55026100 0.00692700
v -0.01000000 0.55026100 0.00692700
v -0.00950000 0.54999300 0.00606100
v -0.00950000 0.54999300 0.00606100
v -0.00950000 0.54999300 0.00606100
v -0.01090300 0.55050500 0.00654900
v -0.01036600 0.55099300 0.00756100
v -0.01036600 0.55099300 0.00756100
v -0.01130300 0.55117800 0.00683400
v -0.00136600 0.55099300 0.01275700
v -0.00136600 0.55099300 0.01275700
v -0.00100000 0.55026100 0.01212300
v -0.00100000 0.55026100 0.01212300
v -0.00050000 0.54999300 0.01125700
v -0.00050000 0.54999300 0.01125700
v -0.00050000 0.54999300 0.01125700
v -0.00101100 0.55117800 0.01303000
v -0.00083500 0.55050500 0.01257200
v -0.00061300 0.55012500 0.01199300
v -0.00017400 0.54999300 0.01137600
v -0.00017400 0.54999300 0.01137600
v 0.00016300 0.55012500 0.01209800
v 0.00017400 0.54999300 0.01137600
v 0.00017400 0.54999300 0.01137600
v 0.00100000 0.55026100 0.01212300
v 0.00100000 0.55026100 0.01212300
v 0.00050000 0.54999300 0.01125700
v 0.00050000 0.54999300 0.01125700
v 0.00050000 0.54999300 0.01125700
v 0.00022200 0.55050500 0.01271600
v 0.00136600 0.55099300 0.01275700
v 0.00136600 0.55099300 0.01275700
v 0.00026800 0.55117800 0.01320500
v 0.01036600 0.55099300 0.00756100
v 0.01036600 0.55099300 0.00756100
v 0.01000000 0.55026100 0.00692700
v 0.01000000 0.55026100 0.00692700
v 0.00950000 0.54999300 0.00606100
v 0.00950000 0.54999300 0.00606100
v 0.00950000 0.54999300 0.00606100
v 0.01078000 0.55117800 0.00739000
v 0.01047100 0.55050500 0.00700900
v 0.01008000 0.55012500 0.00652700
v 0.00976600 0.54999300 0.00583800
v 0.00976600 0.54999300 0.00583800
v 0.01056000 0.55012500 0.00590800
v 0.00994000 0.54999300 0.00553700
v 0.00994000 0.54999300 0.00553700
v 0.01100000 0.55026100 0.00519500
v 0.01100000 0.55026100 0.00519500
v 0.01000000 0.54999300 0.00519500
v 0.01000000 0.54999300 0.00519500
v 0.01000000 0.54999300 0.00519500
v 0.01112500 0.55050500 0.00616600
v 0.01173200 0.55099300 0.00519500
v 0.01173200 0.55099300 0.00519500
v 0.01157100 0.55117800 0.00637000
v 0.01173200 0.55099300 -0.00519700
v 0.01173200 0.55099300 -0.00519700
v 0.01100000 0.55026100 -0.00519700
v 0.01100000 0.55026100 -0.00519700
v 0.01000000 0.54999300 -0.00519700
v 0.01000000 0.54999300 -0.00519700
v 0.01000000 0.54999300 -0.00519700
v 0.01179100 0.55117800 -0.00564200
v 0.01130700 0.55050500 -0.00556500
v 0.01069400 0.55012500 -0.00546700
v 0.00994000 0.54999300 -0.00553900
v 0.00994000 0.54999300 -0.00553900
v 0.01039700 0.55012500 -0.00619200
v 0.00976600 0.54999300 -0.00584000
v 0.00976600 0.54999300 -0.00584000
v 0.01000000 0.55026100 -0.00692900
v 0.01000000 0.55026100 -0.00692900
v 0.00950000 0.54999300 -0.00606300
v 0.00950000 0.54999300 -0.00606300
v 0.00950000 0.54999300 -0.00606300
v 0.01090300 0.55050500 -0.00655200
v 0.01036600 0.55099300 -0.00756300
v 0.01036600 0.55099300 -0.00756300
v 0.01130300 0.55117800 -0.00683600
v 0.00136600 0.55099300 -0.01275900
v 0.00136600 0.55099300 -0.01275900
v 0.00100000 0.55026100 -0.01212600
v 0.00100000 0.55026100 -0.01212600
v 0.00050000 0.54999300 -0.01126000
v 0.00050000 0.54999300 -0.01126000
v 0.00050000 0.54999300 -0.01126000
v 0.00101100 0.55117800 -0.01303300
v 0.00083500 0.55050500 -0.01257500
v 0.00061300 0.55012500 -0.01199500
v 0.00017400 0.54999300 -0.01137800
v 0.00017400 0.54999300 -0.01137800
v -0.00016300 0.55012500 -0.01210100
v -0.00017400 0.54999300 -0.01137800
v -0.00017400 0.54999300 -0.01137800
v -0.00100000 0.55026100 -0.01212600
v -0.00100000 0.55026100 -0.01212600
v -0.00050000 0.54999300 -0.01126000
v -0.00050000 0.54999300 -0.01126000
v -0.00050000 0.54999300 -0.01126000
v -0.00022200 0.55050500 -0.01271900
v -0.00136600 0.55099300 -0.01275900
v -0.00136600 0.55099300 -0.01275900
v -0.00026800 0.55117800 -0.01320700
v -0.01036600 0.55099300 -0.00756300
v -0.01036600 0.55099300 -0.00756300
v -0.01000000 0.55026100 -0.00692900
v -0.01000000 0.55026100 -0.00692900
v -0.00950000 0.54999300 -0.00606300
v -0.00950000 0.54999300 -0.00606300
v -0.00950000 0.54999300 -0.00606300
v -0.01078000 0.55117800 -0.00739300
v -0.01047100 0.55050500 -0.00701200
v -0.01008000 0.55012500 -0.00653000
v -0.00976600 0.54999300 -0.00584000
v -0.00976600 0.54999300 -0.00584000
v -0.01056000 0.55012500 -0.00591000
v -0.00994000 0.54999300 -0.00553900
v -0.00994000 0.54999300 -0.00553900
v -0.01112500 0.55050500 -0.00616800
v -0.01157100 0.55117800 -0.00637200
v -0.00692800 0.54999300 -0.00400100
v -0.00692800 0.54999300 -0.00400100
v -0.00400000 0.54999300 -0.00692900
v -0.00400000 0.54999300 -0.00692900
v 0.00000000 0.54999300 -0.00800100
v 0.00000000 0.54999300 -0.00800100
v 0.00400000 0.54999300 -0.00692900
v 0.00400000 0.54999300 -0.00692900
v 0.00692800 0.54999300 -0.00400100
v 0.00692800 0.54999300 -0.00400100
v 0.00800000 0.54999300 -0.00000100
v 0.00800000 0.54999300 -0.00000100
v 0.00692800 0.54999300 0.00399900
v 0.00692800 0.54999300 0.00399900
v 0.00400000 0.54999300 0.00692700
v 0.00400000 0.54999300 0.00692700
v 0.00000000 0.54999300 0.00799900
v 0.00000000 0.54999300 0.00799900
v -0.00400000 0.54999300 0.00692700
v -0.00400000 0.54999300 0.00692700
v -0.00692800 0.54999300 0.00399900
v -0.00692800 0.54999300 0.00399900
v -0.00800000 0.54999300 -0.00000100
v -0.00800000 0.54999300 -0.00000100
v -0.00800000 0.54999300 -0.00000100
v -0.00692800 0.69199100 0.00399900
v -0.00692800 0.69199100 0.00399900
v -0.00692800 0.62099200 0.00399900
v -0.00800000 0.69199100 -0.00000100
v -0.00800000 0.69199100 -0.00000100
v -0.00800000 0.69199100 -0.00000100
v -0.00800000 0.62099200 -0.00000100
v -0.00800000 0.62099200 -0.00000100
v -0.00692800 0.69199100 -0.00400100
v -0.00692800 0.69199100 -0.00400100
v -0.00692800 0.62099200 -0.00400100
v -0.00400000 0.69199100 -0.00692900
v -0.00400000 0.69199100 -0.00692900
v -0.00400000 0.62099200 -0.00692900
v 0.00000000 0.69199100 -0.00800100
v 0.00000000 0.69199100 -0.00800100
v 0.00000000 0.62099200 -0.00800100
v 0.00400000 0.69199100 -0.00692900
v 0.00400000 0.69199100 -0.00692900
v 0.00400000 0.62099200 -0.00692900
v 0.00692800 0.69199100 -0.00400100
v 0.00692800 0.69199100 -0.00400100
v 0.00692800 0.62099200 -0.00400100
v 0.00800000 0.69199100 -0.00000100
v 0.00800000 0.69199100 -0.00000100
v 0.00800000 0.62099200 -0.00000100
v 0.00692800 0.69199100 0.00399900
v 0.00692800 0.69199100 0.00399900
v 0.00692800 0.62099200 0.00399900
v 0.00400000 0.69199100 0.00692700
v 0.00400000 0.69199100 0.00692700
v 0.00400000 0.62099200 0.00692700
v 0.00000000 0.69199100 0.00799900
v 0.00000000 0.69199100 0.00799900
v 0.00000000 0.62099200 0.00799900
v -0.00400000 0.69199100 0.00692700
v -0.00400000 0.69199100 0.00692700
v -0.00400000 0.62099200 0.00692700
v 0.00000000 0.69999100 -0.00500100
v 0.00000000 0.69999100 -0.00500100
v 0.00250000 0.69999100 -0.00433100
v 0.00250000 0.69999100 -0.00433100
v 0.00433000 0.69999100 -0.00250100
v 0.00433000 0.69999100 -0.00250100
v 0.00500000 0.69999100 -0.00000100
v 0.00500000 0.69999100 -0.00000100
v 0.00500000 0.69999100 -0.00000100
v 0.00433000 0.69999100 0.00249900
v 0.00433000 0.69999100 0.00249900
v 0.00250000 0.69999100 0.00432900
v 0.00250000 0.69999100 0.00432900
v 0.00000000 0.69999100 0.00499900
v 0.00000000 0.69999100 0.00499900
v -0.00250000 0.69999100 0.00432900
v -0.00250000 0.69999100 0.00432900
v -0.00433000 0.69999100 0.00249900
v -0.00433000 0.69999100 0.00249900
v -0.00500000 0.69999100 -0.00000100
v -0.00500000 0.69999100 -0.00000100
v -0.00433000 0.69999100 -0.00250100
v -0.00433000 0.69999100 -0.00250100
v -0.00250000 0.69999100 -0.00433100
v -0.00250000 0.69999100 -0.00433100
v 0.00433000 0.69499100 0.00249900
v 0.00433000 0.69499100 0.00249900
v 0.00500000 0.69499100 -0.00000100
v 0.00500000 0.69499100 -0.00000100
v 0.00500000 0.69499100 -0.00000100
v 0.00433000 0.69499100 -0.00250100
v 0.00433000 0.69499100 -0.00250100
v 0.00250000 0.69499100 -0.00433100
v 0.00250000 0.69499100 -0.00433100
v 0.00000000 0.69499100 -0.00500100
v 0.00000000 0.69499100 -0.00500100
v -0.00250000 0.69499100 -0.00433100
v -0.00250000 0.69499100 -0.00433100
v -0.00433000 0.69499100 -0.00250100
v -0.00433000 0.69499100 -0.00250100
v -0.00500000 0.69499100 -0.00000100
v -0.00500000 0.69499100 -0.00000100
v -0.00433000 0.69499100 0.00249900
v -0.00433000 0.69499100 0.00249900
v -0.00250000 0.69499100 0.00432900
v -0.00250000 0.69499100 0.00432900
v 0.00000000 0.69499100 0.00499900
v 0.00000000 0.69499100 0.00499900
v 0.00250000 0.69499100 0.00432900
v 0.00250000 0.69499100 0.00432900
v 0.00259800 0.69499100 -0.00150100
v 0.00259800 0.69499100 -0.00150100
v 0.00300000 0.69499100 -0.00000100
v 0.00300000 0.69499100 -0.00000100
v 0.00300000 0.69499100 -0.00000100
v 0.00259800 0.69499100 0.00149900
v 0.00259800 0.69499100 0.00149900
v 0.00150000 0.69499100 -0.00259900
v 0.00150000 0.69499100 -0.00259900
v 0.00000000 0.69499100 -0.00300100
v 0.00000000 0.69499100 -0.00300100
v -0.00150000 0.69499100 -0.00259900
v -0.00150000 0.69499100 -0.00259900
v -0.00259800 0.69499100 -0.00150100
v -0.00259800 0.69499100 -0.00150100
v -0.00300000 0.69499100 -0.00000100
v -0.00300000 0.69499100 -0.00000100
v -0.00259800 0.69499100 0.00149900
v -0.00259800 0.69499100 0.00149900
v -0.00150000 0.69499100 0.00259700
v -0.00150000 0.69499100 0.00259700
v 0.00000000 0.69499100 0.00299900
v 0.00000000 0.69499100 0.00299900
v 0.00150000 0.69499100 0.00259700
v 0.00150000 0.69499100 0.00259700
v -0.00259800 0.69199100 -0.00150100
v -0.00259800 0.69199100 -0.00150100
v -0.00300000 0.69199100 -0.00000100
v -0.00300000 0.69199100 -0.00000100
v -0.00259800 0.69199100 0.00149900
v -0.00259800 0.69199100 0.00149900
v -0.00150000 0.69199100 -0.00259900
v -0.00150000 0.69199100 -0.00259900
v 0.00000000 0.69199100 -0.00300100
v 0.00000000 0.69199100 -0.00300100
v 0.00150000 0.69199100 -0.00259900
v 0.00150000 0.69199100 -0.00259900
v 0.00259800 0.69199100 -0.00150100
v 0.00259800 0.69199100 -0.00150100
v 0.00300000 0.69199100 -0.00000100
v 0.00300000 0.69199100 -0.00000100
v 0.00300000 0.69199100 -0.00000100
v 0.00259800 0.69199100 0.00149900
v 0.00259800 0.69199100 0.00149900
v 0.00150000 0.69199100 0.00259700
v 0.00150000 0.69199100 0.00259700
v 0.00000000 0.69199100 0.00299900
v 0.00000000 0.69199100 0.00299900
v -0.00150000 0.69199100 0.00259700
v -0.00150000 0.69199100 0.00259700
v -0.01200000 0.55499300 -0.00692900
v 0.00000000 0.55499300 -0.01385800
v -0.01200000 0.55499300 0.00692700
v 0.00000000 0.55499300 0.01385500
v 0.01200000 0.55499300 -0.00692900
v 0.01200000 0.55499300 0.00692700
v 0.01000000 0.56499300 -0.00577500
v 0.00000000 0.56499300 0.01154600
v 0.00000000 0.56499300 -0.01154800
v -0.01000000 0.56499300 0.00577200
v -0.01000000 0.56499300 -0.00577500
v 0.01000000 0.56499300 0.00577200
v -0.00900000 0.57499300 -0.00519700
v 0.00000000 0.57499300 -0.01039300
v -0.00900000 0.57499300 0.00519500
v 0.00000000 0.57499300 0.01039100
v 0.00900000 0.57499300 -0.00519700
v 0.00900000 0.57499300 0.00519500
v -0.01000000 0.58499200 0.00577200
v 0.00000000 0.58499200 -0.01154800
v 0.00000000 0.58499200 0.01154600
v 0.01000000 0.58499200 -0.00577500
v 0.01000000 0.58499200 0.00577200
v -0.01000000 0.58499200 -0.00577500
v -0.01500000 0.59999200 0.00865900
v 0.00000000 0.59999200 0.01731900
v -0.01500000 0.59999200 -0.00866100
v 0.00000000 0.59999200 -0.01732200
v 0.01500000 0.59999200 0.00865900
v 0.01500000 0.59999200 -0.00866100
v -0.00779400 -0.51999300 0.00449800
v -0.00779400 -0.51999300 0.00449800
v -0.00692800 -0.51999300 0.00399800
v -0.00692800 -0.51999300 0.00399800
v -0.00900000 -0.51999300 -0.00000200
v -0.00900000 -0.51999300 -0.00000200
v -0.00900000 -0.51999300 -0.00000200
v -0.00800000 -0.51999300 -0.00000200
v -0.00800000 -0.51999300 -0.00000200
v -0.00779400 -0.51999300 -0.00450100
v -0.00779400 -0.51999300 -0.00450100
v -0.00692800 -0.51999300 -0.00400100
v -0.00692800 -0.51999300 -0.00400100
v -0.00400000 -0.51999300 -0.00693000
v -0.00400000 -0.51999300 -0.00693000
v -0.00400000 -0.51999300 0.00692700
v -0.00400000 -0.51999300 0.00692700
v -0.00450000 -0.51999300 0.00779300
v -0.00450000 -0.51999300 0.00779300
v 0.00000000 -0.51999300 0.00799800
v 0.00000000 -0.51999300 0.00799800
v 0.00000000 -0.51999300 0.00899800
v 0.00000000 -0.51999300 0.00899800
v 0.00450000 -0.51999300 0.00779300
v 0.00450000 -0.51999300 0.00779300
v 0.00400000 -0.51999300 0.00692700
v 0.00400000 -0.51999300 0.00692700
v 0.00779400 -0.51999300 0.00449800
v 0.00779400 -0.51999300 0.00449800
v 0.00692800 -0.51999300 0.00399800
v 0.00692800 -0.51999300 0.00399800
v 0.00900000 -0.51999300 -0.00000200
v 0.00900000 -0.51999300 -0.00000200
v 0.00800000 -0.51999300 -0.00000200
v 0.00800000 -0.51999300 -0.00000200
v 0.00800000 -0.51999300 -0.00000200
v 0.00692800 -0.51999300 -0.00400100
v 0.00692800 -0.51999300 -0.00400100
v 0.00779400 -0.51999300 -0.00450100
v 0.00779400 -0.51999300 -0.00450100
v 0.00400000 -0.51999300 -0.00693000
v 0.00400000 -0.51999300 -0.00693000
v 0.00450000 -0.51999300 -0.00779600
v 0.00450000 -0.51999300 -0.00779600
v 0.00000000 -0.51999300 -0.00800100
v 0.00000000 -0.51999300 -0.00800100
v 0.00000000 -0.51999300 -0.00900100
v 0.00000000 -0.51999300 -0.00900100
v -0.00450000 -0.51999300 -0.00779600
v -0.00450000 -0.51999300 -0.00779600
v 0.00692800 -0.53999300 0.00399800
v 0.00692800 -0.53999300 0.00399800
v 0.00800000 -0.53999300 -0.00000200
v 0.00800000 -0.53999300 -0.00000200
v 0.00800000 -0.53999300 -0.00000200
v 0.00692800 -0.53999300 -0.00400100
v 0.00692800 -0.53999300 -0.00400100
v 0.00400000 -0.53999300 -0.00693000
v 0.00400000 -0.53999300 -0.00693000
v 0.00000000 -0.53999300 -0.00800100
v 0.00000000 -0.53999300 -0.00800100
v -0.00400000 -0.53999300 -0.00693000
v -0.00400000 -0.53999300 -0.00693000
v -0.00692800 -0.53999300 -0.00400100
v -0.00692800 -0.53999300 -0.00400100
v -0.00800000 -0.53999300 -0.00000200
v -0.00800000 -0.53999300 -0.00000200
v -0.00692800 -0.53999300 0.00399800
v -0.00692800 -0.53999300 0.00399800
v -0.00400000 -0.53999300 0.00692700
v -0.00400000 -0.53999300 0.00692700
v 0.00000000 -0.53999300 0.00799800
v 0.00000000 -0.53999300 0.00799800
v 0.00400000 -0.53999300 0.00692700
v 0.00400000 -0.53999300 0.00692700
v -0.00779400 -0.53999300 0.00449800
v -0.00779400 -0.53999300 0.00449800
v -0.00900000 -0.53999300 -0.00000200
v -0.00900000 -0.53999300 -0.00000200
v -0.00900000 -0.53999300 -0.00000200
v -0.00900000 -0.53999300 -0.00000200
v -0.00779400 -0.53999300 -0.00450100
v -0.00779400 -0.53999300 -0.00450100
v -0.00450000 -0.53999300 -0.00779600
v -0.00450000 -0.53999300 -0.00779600
v 0.00000000 -0.53999300 -0.00900100
v 0.00000000 -0.53999300 -0.00900100
v 0.00450000 -0.53999300 -0.00779600
v 0.00450000 -0.53999300 -0.00779600
v 0.00779400 -0.53999300 -0.00450100
v 0.00779400 -0.53999300 -0.00450100
v 0.00900000 -0.53999300 -0.00000200
v 0.00900000 -0.53999300 -0.00000200
v 0.00779400 -0.53999300 0.00449800
v 0.00779400 -0.53999300 0.00449800
v 0.00450000 -0.53999300 0.00779300
v 0.00450000 -0.53999300 0.00779300
v 0.00000000 -0.53999300 0.00899800
v 0.00000000 -0.53999300 0.00899800
v -0.00450000 -0.53999300 0.00779300
v -0.00450000 -0.53999300 0.00779300
v -0.00519600 -0.54299300 -0.00300100
v -0.00519600 -0.54299300 -0.00300100
v 0.00519600 -0.54299300 -0.00300100
v 0.00519600 -0.54299300 -0.00300100
v -0.00600000 -0.54299300 -0.00000200
v -0.00600000 -0.54299300 -0.00000200
v -0.00600000 -0.54299300 -0.00000200
v 0.00600000 -0.54299300 -0.00000200
v 0.00600000 -0.54299300 -0.00000200
v -0.00519600 -0.54299300 0.00299800
v -0.00519600 -0.54299300 0.00299800
v 0.00519600 -0.54299300 0.00299800
v 0.00519600 -0.54299300 0.00299800
v -0.00300000 -0.54299300 0.00519500
v -0.00300000 -0.54299300 0.00519500
v 0.00300000 -0.54299300 0.00519500
v 0.00300000 -0.54299300 0.00519500
v -0.00000000 -0.54299300 0.00599800
v -0.00000000 -0.54299300 0.00599800
v 0.00300000 -0.54299300 -0.00519800
v 0.00300000 -0.54299300 -0.00519800
v -0.00300000 -0.54299300 -0.00519800
v -0.00300000 -0.54299300 -0.00519800
v 0.00000000 -0.54299300 -0.00600100
v 0.00000000 -0.54299300 -0.00600100
v -0.00750000 -0.54259100 -0.00000200
v -0.00750000 -0.54259100 -0.00000200
v -0.00649500 -0.54259100 -0.00375100
v -0.00375000 -0.54259100 -0.00649700
v 0.00000000 -0.54259100 -0.00750100
v 0.00375000 -0.54259100 -0.00649700
v 0.00649500 -0.54259100 -0.00375100
v 0.00750000 -0.54259100 -0.00000200
v 0.00649500 -0.54259100 0.00374800
v 0.00375000 -0.54259100 0.00649400
v -0.00000000 -0.54259100 0.00749800
v -0.00375000 -0.54259100 0.00649400
v -0.00649500 -0.54259100 0.00374800
v -0.00859800 -0.54149300 -0.00000200
v -0.00859800 -0.54149300 -0.00000200
v -0.00744600 -0.54149300 0.00429700
v -0.00429900 -0.54149300 0.00744500
v 0.00000000 -0.54149300 0.00859600
v 0.00429900 -0.54149300 0.00744500
v 0.00744600 -0.54149300 0.00429700
v 0.00859800 -0.54149300 -0.00000200
v 0.00744600 -0.54149300 -0.00430000
v 0.00429900 -0.54149300 -0.00744800
v 0.00000000 -0.54149300 -0.00859900
v -0.00429900 -0.54149300 -0.00744800
v -0.00744600 -0.54149300 -0.00430000
v 0.00070000 0.69579100 0.00393700
v 0.00070000 0.69579100 0.00393700
v 0.00070000 0.69579100 0.00393700
v 0.00070000 0.69579100 -0.00394000
v 0.00070000 0.69579100 -0.00394000
v 0.00070000 0.69579100 -0.00394000
v 0.00023400 0.69579100 0.00399200
v 0.00023400 0.69579100 0.00399200
v 0.00023400 0.69579100 -0.00399400
v 0.00023400 0.69579100 -0.00399400
v -0.00023400 0.69579100 -0.00399400
v -0.00023400 0.69579100 -0.00399400
v -0.00023400 0.69579100 0.00399200
v -0.00023400 0.69579100 0.00399200
v -0.00070000 0.69579100 -0.00394000
v -0.00070000 0.69579100 -0.00394000
v -0.00070000 0.69579100 -0.00394000
v -0.00070000 0.69579100 0.00393700
v -0.00070000 0.69579100 0.00393700
v -0.00070000 0.69579100 0.00393700
v -0.00070000 0.69599100 0.00393700
v -0.00070000 0.69599100 0.00393700
v -0.00070000 0.69599100 0.00393700
v -0.00208100 0.69499100 0.00341500
v -0.00208100 0.69499100 0.00341500
v -0.00239200 0.69599100 0.00320500
v -0.00239200 0.69599100 0.00320500
v -0.00351000 0.69499100 0.00191600
v -0.00351000 0.69499100 0.00191600
v -0.00357500 0.69599100 0.00179200
v -0.00357500 0.69599100 0.00179200
v -0.00399900 0.69499100 -0.00009600
v -0.00399900 0.69499100 -0.00009600
v -0.00400000 0.69599100 -0.00000100
v -0.00400000 0.69599100 -0.00000100
v -0.00357500 0.69599100 -0.00179500
v -0.00357500 0.69599100 -0.00179500
v -0.00341600 0.69499100 -0.00208200
v -0.00341600 0.69499100 -0.00208200
v -0.00239200 0.69599100 -0.00320800
v -0.00239200 0.69599100 -0.00320800
v -0.00239200 0.69599100 -0.00320800
v -0.00191800 0.69499100 -0.00351200
v -0.00191800 0.69499100 -0.00351200
v -0.00191800 0.69499100 -0.00351200
v 0.00009400 0.69499100 -0.00400000
v 0.00009400 0.69499100 -0.00400000
v -0.00070000 0.69599100 -0.00394000
v -0.00070000 0.69599100 -0.00394000
v -0.00070000 0.69599100 -0.00394000
v 0.00208100 0.69499100 -0.00341700
v 0.00208100 0.69499100 -0.00341700
v 0.00070000 0.69599100 -0.00394000
v 0.00070000 0.69599100 -0.00394000
v 0.00070000 0.69599100 -0.00394000
v 0.00239200 0.69599100 -0.00320800
v 0.00239200 0.69599100 -0.00320800
v 0.00351000 0.69499100 -0.00191900
v 0.00351000 0.69499100 -0.00191900
v 0.00357500 0.69599100 -0.00179500
v 0.00357500 0.69599100 -0.00179500
v 0.00399900 0.69499100 0.00009300
v 0.00399900 0.69499100 0.00009300
v 0.00400000 0.69599100 -0.00000100
v 0.00400000 0.69599100 -0.00000100
v 0.00357500 0.69599100 0.00179200
v 0.00357500 0.69599100 0.00179200
v 0.00341600 0.69499100 0.00208000
v 0.00341600 0.69499100 0.00208000
v 0.00239200 0.69599100 0.00320500
v 0.00239200 0.69599100 0.00320500
v 0.00191800 0.69499100 0.00350900
v 0.00191800 0.69499100 0.00350900
v -0.00009400 0.69499100 0.00399800
v -0.00009400 0.69499100 0.00399800
v 0.00070000 0.69599100 0.00393700
v 0.00070000 0.69599100 0.00393700
v 0.00070000 0.69599100 0.00393700
v -0.00070000 0.69671000 0.00134400
v -0.00070000 0.69671000 0.00134400
v -0.00070000 0.69671000 -0.00134700
v -0.00070000 0.69671000 -0.00134700
v 0.00070000 0.69671000 -0.00134700
v 0.00070000 0.69671000 -0.00134700
v 0.00070000 0.69671000 0.00134400
v 0.00070000 0.69671000 0.00134400
v 0.00000000 0.69499100 -0.00200100
v 0.00000000 0.69499100 -0.00200100
v -0.00100000 0.69499100 -0.00173300
v -0.00100000 0.69499100 -0.00173300
v -0.00173200 0.69499100 -0.00100100
v -0.00173200 0.69499100 -0.00100100
v -0.00200000 0.69499100 -0.00000100
v -0.00200000 0.69499100 -0.00000100
v -0.00173200 0.69499100 0.00099900
v -0.00173200 0.69499100 0.00099900
v -0.00100000 0.69499100 0.00173100
v -0.00100000 0.69499100 0.00173100
v 0.00000000 0.69499100 0.00199900
v 0.00000000 0.69499100 0.00199900
v 0.00100000 0.69499100 0.00173100
v 0.00100000 0.69499100 0.00173100
v 0.00173200 0.69499100 0.00099900
v 0.00173200 0.69499100 0.00099900
v 0.00200000 0.69499100 -0.00000100
v 0.00200000 0.69499100 -0.00000100
v 0.00200000 0.69499100 -0.00000100
v 0.00173200 0.69499100 -0.00100100
v 0.00173200 0.69499100 -0.00100100
v 0.00100000 0.69499100 -0.00173300
v 0.00100000 0.69499100 -0.00173300
v -0.00173200 0.67599100 0.00099900
v -0.00173200 0.67599100 0.00099900
v -0.00200000 0.67599100 -0.00000100
v -0.00200000 0.67599100 -0.00000100
v -0.00173200 0.67599100 -0.00100100
v -0.00173200 0.67599100 -0.00100100
v -0.00100000 0.67599100 -0.00173300
v -0.00100000 0.67599100 -0.00173300
v -0.00100000 0.67599100 -0.00173300
v 0.00000000 0.67599100 -0.00200100
v 0.00000000 0.67599100 -0.00200100
v 0.00100000 0.67599100 -0.00173300
v 0.00100000 0.67599100 -0.00173300
v 0.00173200 0.67599100 -0.00100100
v 0.00173200 0.67599100 -0.00100100
v 0.00200000 0.67599100 -0.00000100
v 0.00200000 0.67599100 -0.00000100
v 0.00200000 0.67599100 -0.00000100
v 0.00173200 0.67599100 0.00099900
v 0.00173200 0.67599100 0.00099900
v 0.00100000 0.67599100 0.00173100
v 0.00100000 0.67599100 0.00173100
v 0.00000000 0.67599100 0.00199900
v 0.00000000 0.67599100 0.00199900
v -0.00100000 0.67599100 0.00173100
v -0.00100000 0.67599100 0.00173100
v -0.00086600 0.67499100 -0.00050100
v -0.00086600 0.67499100 -0.00050100
v 0.00086600 0.67499100 -0.00050100
v 0.00086600 0.67499100 -0.00050100
v -0.00100000 0.67499100 -0.00000100
v -0.00100000 0.67499100 -0.00000100
v 0.00100000 0.67499100 -0.00000100
v 0.00100000 0.67499100 -0.00000100
v -0.00086600 0.67499100 0.00049900
v -0.00086600 0.67499100 0.00049900
v 0.00086600 0.67499100 0.00049900
v 0.00086600 0.67499100 0.00049900
v -0.00050000 0.67499100 0.00086500
v -0.00050000 0.67499100 0.00086500
v 0.00050000 0.67499100 0.00086500
v 0.00050000 0.67499100 0.00086500
v 0.00000000 0.67499100 0.00099900
v 0.00000000 0.67499100 0.00099900
v 0.00050000 0.67499100 -0.00086700
v 0.00050000 0.67499100 -0.00086700
v -0.00050000 0.67499100 -0.00086700
v -0.00050000 0.67499100 -0.00086700
v -0.00050000 0.67499100 -0.00086700
v 0.00000000 0.67499100 -0.00100100
v 0.00000000 0.67499100 -0.00100100
vn 0.00000000 -1.00000000 -0.00000000
vn -0.86600000 0.00000000 -0.50000000
vn 0.86600000 0.00000000 -0.50000000
vn 0.00000000 -1.00000000 -0.00000000
vn 0.00000000 -1.00000000 -0.00000000
vn -1.00000000 -0.00000000 -0.00000000
vn 1.00000000 -0.00000000 0.00000000
vn 0.00000000 -1.00000000 -0.00000000
vn 1.00000000 -0.00000000 0.00000000
vn -0.86600000 -0.00000000 0.50000000
vn 0.00000000 -1.00000000 -0.00000000
vn 0.86600000 -0.00000000 0.50000000
vn 0.00000000 -1.00000000 -0.00000000
vn 0.00000000 -1.00000000 -0.00000000
vn -0.50000000 -0.00000000 0.86600000
vn 0.50000000 -0.00000000 0.86600000
vn 0.00000000 -1.00000000 -0.00000000
vn 0.00000000 -1.00000000 -0.00000000
vn -0.00000000 -0.00000000 1.00000000
vn 0.00000000 -1.00000000 -0.00000000
vn 0.50000000 0.00000000 -0.86600000
vn 0.00000000 -1.00000000 -0.00000000
vn -0.50000000 0.00000000 -0.86600000
vn -0.00000000 0.00000000 -1.00000000
vn 0.00000000 -1.00000000 -0.00000000
vn 0.86600000 0.00000000 -0.50000000
vn 0.00000000 1.00000000 0.00000000
vn 0.00000000 1.00000000 0.00000000
vn -0.86600000 -0.00000000 0.50000000
vn 0.00000000 1.00000000 0.00000000
vn 1.00000000 -0.00000000 0.00000000
vn 1.00000000 -0.00000000 0.00000000
vn 0.00000000 1.00000000 0.00000000
vn -1.00000000 -0.00000000 -0.00000000
vn -1.00000000 -0.00000000 -0.00000000
vn 0.00000000 1.00000000 0.00000000
vn -0.86600000 0.00000000 -0.50000000
vn 0.00000000 1.00000000 0.00000000
vn -0.50000000 -0.00000000 0.86600000
vn 0.50000000 0.00000000 -0.86600000
vn 0.00000000 1.00000000 0.00000000
vn -0.00000000 -0.00000000 1.00000000
vn 0.00000000 1.00000000 0.00000000
vn 0.00000000 1.00000000 0.00000000
vn -0.00000000 0.00000000 -1.00000000
vn -0.50000000 0.00000000 -0.86600000
vn 0.00000000 1.00000000 0.00000000
vn 0.00000000 1.00000000 0.00000000
vn 0.50000000 -0.00000000 0.86600000
vn -0.86610000 -0.00020000 -0.49990000
vn 0.00000000 1.00000000 0.00000000
vn 0.00000000 1.00000000 0.00000000
vn 0.86600000 -0.00000000 0.50000000
vn 1.00000000 -0.00000000 0.00000000
vn 0.00000000 1.00000000 0.00000000
vn -1.00000000 -0.00000000 -0.00000000
vn 0.00000000 1.00000000 0.00000000
vn 0.86600000 0.00000000 -0.50000000
vn 0.00000000 1.00000000 0.00000000
vn 0.00000000 1.00000000 0.00000000
vn -0.86600000 -0.00000000 0.50000000
vn 0.00000000 1.00000000 0.00000000
vn 0.50000000 0.00000000 -0.86600000
vn -0.50000000 -0.00000000 0.86600000
vn 0.00000000 1.00000000 0.00000000
vn 0.00000000 1.00000000 0.00000000
vn -0.00000000 0.00000000 -1.00000000
vn -0.00000000 -0.00000000 1.00000000
vn 0.00000000 1.00000000 0.00000000
vn 0.00000000 1.00000000 0.00000000
vn 0.50000000 -0.00000000 0.86600000
vn -0.50000000 0.00000000 -0.86600000
vn 0.00000000 1.00000000 0.00000000
vn 0.86600000 -0.00000000 0.50000000
vn 0.00000000 1.00000000 0.00000000
vn -0.86600000 0.00000000 -0.50000000
vn 0.00000000 1.00000000 0.00000000
vn -1.00000000 -0.00000000 -0.00000000
vn -1.00000000 -0.00000000 -0.00000000
vn 0.00000000 1.00000000 0.00000000
vn -0.86600000 -0.00000000 0.50000000
vn 0.00000000 1.00000000 0.00000000
vn 0.00000000 1.00000000 0.00010000
vn -0.50000000 -0.00000000 0.86600000
vn -0.00000000 -0.00000000 1.00000000
vn 0.00000000 1.00000000 0.00000000
vn 0.00000000 1.00000000 0.00000000
vn 0.50000000 -0.00000000 0.86600000
vn 0.00000000 1.00000000 0.00000000
vn 0.86600000 -0.00000000 0.50000000
vn 0.00000000 1.00000000 0.00000000
vn 1.00000000 -0.00000000 0.00000000
vn 0.00000000 1.00000000 0.00000000
vn 0.86600000 0.00000000 -0.50000000
vn 0.50000000 0.00000000 -0.86600000
vn 0.00000000 1.00000000 -0.00010000
vn 0.00000000 1.00000000 0.00000000
vn -0.00000000 0.00000000 -1.00000000
vn -0.50000000 0.00000000 -0.86600000
vn 0.00000000 1.00000000 0.00000000
vn -0.00000000 0.92350000 0.38350000
vn 0.99540000 -0.00000000 -0.09590000
vn 1.00000000 -0.00000000 0.00000000
vn 0.00000000 1.00000000 0.00000000
vn 0.00000000 1.00000000 0.00000000
vn 1.00000000 -0.00000000 0.00000000
vn 1.00000000 -0.00000000 0.00000000
vn 1.00000000 -0.00000000 0.00000000
vn 0.99540000 -0.00000000 0.09590000
vn -0.00000000 0.92360000 -0.38340000
vn 0.96820000 0.00000000 0.25000000
vn 0.98420000 -0.00000000 0.17680000
vn 0.00000000 0.70710000 -0.70710000
vn 0.97300000 -0.00000000 0.23090000
vn -0.00000000 0.38340000 -0.92360000
vn 0.96830000 -0.00000000 0.25000000
vn -0.00000000 0.00000000 -1.00000000
vn 0.86600000 -0.00000000 0.50000000
vn 0.86600000 -0.00000000 0.50000000
vn 0.50000000 -0.00000000 0.86600000
vn 0.50000000 -0.00000000 0.86600000
vn -0.00000000 -0.00000000 1.00000000
vn -0.00000000 -0.00000000 1.00000000
vn -0.50000000 -0.00000000 0.86600000
vn -0.50000000 -0.00000000 0.86600000
vn -0.86600000 -0.00000000 0.50000000
vn -0.86600000 -0.00000000 0.50000000
vn -0.96820000 0.00000000 0.25000000
vn -0.00000000 0.00000000 -1.00000000
vn -1.00000000 -0.00000000 -0.00000000
vn -0.97300000 -0.00000000 0.23090000
vn -0.00000000 0.38340000 -0.92360000
vn 0.00000000 0.70700000 -0.70720000
vn -0.98420000 -0.00000000 0.17680000
vn 0.96080000 -0.00000000 0.27710000
vn 0.00000000 -0.38340000 -0.92360000
vn 0.97300000 -0.00000000 0.23090000
vn 0.98430000 -0.00000000 0.17680000
vn -0.00000000 -0.70700000 -0.70720000
vn 0.99540000 -0.00000000 0.09590000
vn 0.00000000 -0.92360000 -0.38350000
vn 1.00000000 -0.00000000 0.00000000
vn 1.00000000 -0.00000000 0.00000000
vn 1.00000000 -0.00000000 0.00000000
vn 1.00000000 -0.00000000 0.00000000
vn 0.86600000 0.00000000 -0.50000000
vn 0.86600000 0.00000000 -0.50000000
vn 0.50000000 0.00000000 -0.86600000
vn 0.50000000 0.00000000 -0.86600000
vn -0.00000000 0.00000000 -1.00000000
vn -0.00000000 0.00000000 -1.00000000
vn -0.50000000 0.00000000 -0.86600000
vn -0.86600000 0.00000000 -0.50000000
vn -0.88930000 -0.00000000 -0.45740000
vn -0.86600000 0.00000000 -0.50000000
vn -0.91040000 -0.00000000 -0.41360000
vn -0.86600000 0.00000000 -0.50000000
vn -0.92950000 -0.00000000 -0.36890000
vn -0.86600000 0.00000000 -0.50000000
vn -0.94630000 -0.00000000 -0.32340000
vn -0.86600000 0.00000000 -0.50000000
vn -0.96090000 0.00000000 -0.27700000
vn -0.86600000 0.00000000 -0.50000000
vn -0.96830000 -0.00000000 -0.25000000
vn -0.00000000 -0.00000000 1.00000000
vn -0.96820000 -0.00000000 -0.25000000
vn -0.97300000 -0.00000000 -0.23090000
vn 0.00000000 0.38340000 0.92360000
vn 0.00000000 0.70710000 0.70710000
vn -0.98420000 -0.00000000 -0.17680000
vn 0.00000000 0.92360000 0.38350000
vn -0.99540000 -0.00000000 -0.09590000
vn -1.00000000 -0.00000000 -0.00000000
vn -1.00000000 -0.00000000 -0.00000000
vn 0.00000000 1.00000000 0.00000000
vn 0.00000000 1.00000000 0.00000000
vn -0.99540000 -0.00000000 0.09590000
vn -0.00000000 0.92350000 -0.38350000
vn 0.00000000 0.70710000 -0.70720000
vn -0.98420000 -0.00000000 0.17680000
vn -0.00000000 0.38340000 -0.92360000
vn -0.97300000 -0.00000000 0.23090000
vn -0.00000000 0.00000000 -1.00000000
vn -0.96830000 0.00000000 0.25000000
vn -0.86600000 -0.00000000 0.50000000
vn -0.86600000 -0.00000000 0.50000000
vn -0.50000000 -0.00000000 0.86600000
vn -0.50000000 -0.00000000 0.86600000
vn -0.00000000 -0.00000000 1.00000000
vn -0.00000000 -0.00000000 1.00000000
vn 0.50000000 -0.00000000 0.86600000
vn 0.50000000 -0.00000000 0.86600000
vn 0.86600000 -0.00000000 0.50000000
vn 0.86600000 -0.00000000 0.50000000
vn 0.88930000 0.00020000 0.45730000
vn 1.00000000 -0.00000000 0.00000000
vn 1.00000000 -0.00000000 0.00000000
vn 0.86600000 0.00000000 -0.50000000
vn 0.50000000 0.00000000 -0.86600000
vn 1.00000000 -0.00000000 0.00000000
vn 1.00000000 -0.00000000 0.00000000
vn 0.00000000 -1.00000000 -0.00000000
vn 0.99540000 -0.00000000 -0.09590000
vn -0.00000000 -0.92360000 0.38340000
vn 0.98430000 -0.00000000 -0.17680000
vn 0.00000000 -0.70710000 0.70720000
vn -0.00000000 -0.38340000 0.92360000
vn 0.97300000 0.00000000 -0.23090000
vn -0.00000000 -0.00000000 1.00000000
vn 0.96820000 0.00000000 -0.25000000
vn 0.86600000 0.00000000 -0.50000000
vn 0.86600000 0.00000000 -0.50000000
vn 0.50000000 0.00000000 -0.86600000
vn 0.50000000 0.00000000 -0.86600000
vn -0.00000000 0.00000000 -1.00000000
vn -0.00000000 0.00000000 -1.00000000
vn -0.50000000 0.00000000 -0.86600000
vn -0.50000000 0.00000000 -0.86600000
vn 0.97300000 0.00000000 -0.23090000
vn 0.00000000 0.38340000 0.92360000
vn 0.98420000 -0.00000000 -0.17680000
vn 0.00000000 0.70710000 0.70710000
vn 0.50000000 -0.00000000 0.86600000
vn -0.00000000 -0.00000000 1.00000000
vn -0.50000000 -0.00000000 0.86600000
vn -0.86600000 -0.00000000 0.50000000
vn -1.00000000 -0.00000000 -0.00000000
vn -0.00000000 -0.38340000 0.92360000
vn -0.97300000 -0.00000000 -0.23090000
vn -0.98430000 -0.00000000 -0.17680000
vn 0.00000000 -0.70710000 0.70710000
vn 0.00000000 -0.92350000 0.38350000
vn -0.99540000 -0.00000000 -0.09590000
vn -1.00000000 -0.00000000 -0.00000000
vn -1.00000000 -0.00000000 -0.00000000
vn 0.00000000 -1.00000000 -0.00000000
vn -0.99540000 -0.00000000 0.09590000
vn 0.00000000 -0.92360000 -0.38350000
vn -0.98430000 -0.00000000 0.17680000
vn -0.00000000 -0.70710000 -0.70720000
vn 0.00000000 -0.38340000 -0.92360000
vn -0.97300000 -0.00000000 0.23090000
vn -0.00000000 0.92350000 -0.38350000
vn -0.99540000 -0.00000000 0.09590000
vn -1.00000000 -0.00000000 -0.00000000
vn 0.00000000 1.00000000 0.00000000
vn 0.00000000 1.00000000 0.00000000
vn -1.00000000 -0.00000000 -0.00000000
vn -0.99540000 -0.00000000 -0.09590000
vn -0.00000000 0.92360000 0.38340000
vn -0.96820000 -0.00000000 -0.25000000
vn 0.00000000 0.70710000 0.70710000
vn -0.98420000 -0.00000000 -0.17680000
vn -0.97300000 -0.00000000 -0.23090000
vn 0.00000000 0.38340000 0.92360000
vn -0.00000000 -0.00000000 1.00000000
vn -0.96820000 -0.00000000 -0.25000000
vn -0.86600000 0.00000000 -0.50000000
vn -0.86600000 0.00000000 -0.50000000
vn -0.50000000 0.00000000 -0.86600000
vn -0.50000000 0.00000000 -0.86600000
vn -0.00000000 0.00000000 -1.00000000
vn -0.00000000 0.00000000 -1.00000000
vn 0.50000000 0.00000000 -0.86600000
vn 0.50000000 0.00000000 -0.86600000
vn 0.86600000 0.00000000 -0.50000000
vn 0.86600000 0.00000000 -0.50000000
vn 1.00000000 -0.00000000 0.00000000
vn 1.00000000 -0.00000000 0.00000000
vn 0.86600000 -0.00000000 0.50000000
vn 0.50000000 -0.00000000 0.86600000
vn -0.00000000 -0.00000000 1.00000000
vn -0.50000000 -0.00000000 0.86600000
vn -0.86600000 -0.00000000 0.50000000
vn -1.00000000 -0.00000000 -0.00000000
vn -0.86600000 0.00000000 -0.50000000
vn -0.50000000 0.00000000 -0.86600000
vn -0.00000000 0.00000000 -1.00000000
vn 0.50000000 0.00000000 -0.86600000
vn -0.00000000 -0.38340000 0.92360000
vn -0.97300000 -0.00000000 -0.23090000
vn -0.96820000 -0.00000000 -0.25000000
vn -0.86600000 0.00000000 -0.50000000
vn -0.50000000 0.00000000 -0.86600000
vn -0.00000000 0.00000000 -1.00000000
vn 0.50000000 0.00000000 -0.86600000
vn 0.86600000 0.00000000 -0.50000000
vn 1.00000000 -0.00000000 0.00000000
vn 1.00000000 -0.00000000 0.00000000
vn 0.00000000 -0.70710000 0.70710000
vn -0.98420000 -0.00000000 -0.17680000
vn -0.00000000 -0.92360000 0.38340000
vn -0.99540000 -0.00000000 -0.09590000
vn -1.00000000 -0.00000000 -0.00000000
vn -1.00000000 -0.00000000 -0.00000000
vn 0.00000000 -1.00000000 -0.00000000
vn -0.99540000 -0.00000000 0.09590000
vn 0.00000000 -0.92350000 -0.38350000
vn -0.98420000 -0.00000000 0.17680000
vn -0.00000000 -0.70710000 -0.70710000
vn -0.97300000 -0.00000000 0.23090000
vn 0.00000000 -0.38340000 -0.92360000
vn -0.00000000 0.00000000 -1.00000000
vn -0.96820000 0.00000000 0.25000000
vn -0.97300000 -0.00000000 0.23090000
vn -0.00000000 0.38340000 -0.92360000
vn -1.00000000 -0.00000000 -0.00000000
vn -0.86600000 -0.00000000 0.50000000
vn -0.86600000 -0.00000000 0.50000000
vn -0.50000000 -0.00000000 0.86600000
vn -0.50000000 -0.00000000 0.86600000
vn -0.00000000 -0.00000000 1.00000000
vn -0.00000000 -0.00000000 1.00000000
vn 0.50000000 -0.00000000 0.86600000
vn 0.50000000 -0.00000000 0.86600000
vn 0.86600000 -0.00000000 0.50000000
vn 0.86600000 -0.00000000 0.50000000
vn 0.94630000 0.00010000 0.32340000
vn 0.92950000 -0.00000000 0.36890000
vn 1.00000000 0.00020000 -0.00000000
vn 1.00000000 0.00020000 -0.00000000
vn 1.00000000 -0.00000000 0.00000000
vn 1.00000000 -0.00000000 0.00000000
vn 0.86600000 0.00000000 -0.50000000
vn -0.98420000 -0.00000000 0.17680000
vn 0.00000000 0.70710000 -0.70710000
vn -0.96830000 -0.00000000 -0.25000000
vn 0.00000000 0.92360000 -0.38350000
vn -0.99540000 -0.00000000 0.09590000
vn -1.00000000 -0.00000000 -0.00000000
vn 0.00000000 1.00000000 0.00000000
vn 0.00000000 1.00000000 0.00000000
vn -0.99540000 -0.00000000 -0.09590000
vn 0.00000000 0.92360000 0.38350000
vn -0.00000000 0.70710000 0.70720000
vn -0.98420000 -0.00000000 -0.17680000
vn 0.00000000 0.38340000 0.92360000
vn -0.97300000 -0.00000000 -0.23090000
vn -0.86600000 0.00000000 -0.50000000
vn -0.86600000 0.00000000 -0.50000000
vn -0.50000000 0.00000000 -0.86600000
vn -0.96820000 -0.00000000 -0.25000000
vn -0.00000000 -0.00000000 1.00000000
vn -0.86600000 0.00000000 -0.50000000
vn -0.50000000 0.00000000 -0.86600000
vn -0.96830000 -0.00000000 -0.25000000
vn -0.00000000 -0.38340000 0.92360000
vn -0.97300000 -0.00000000 -0.23090000
vn 0.00000000 -0.70710000 0.70720000
vn -0.98430000 -0.00000000 -0.17680000
vn 0.00000000 -0.92350000 0.38350000
vn -0.99540000 -0.00000000 -0.09590000
vn -1.00000000 -0.00000000 -0.00000000
vn -0.98420000 -0.00000000 0.17680000
vn -0.00000000 -0.70700000 -0.70720000
vn -0.97300000 -0.00000000 0.23090000
vn 0.00000000 -0.38340000 -0.92360000
vn 0.00000000 -1.00000000 -0.00000000
vn -1.00000000 -0.00000000 -0.00000000
vn 0.00000000 -0.92360000 -0.38340000
vn -0.99540000 -0.00000000 0.09590000
vn -0.00000000 0.92350000 0.38350000
vn 0.99540000 -0.00000000 -0.09590000
vn 0.00000000 1.00000000 0.00000000
vn 1.00000000 -0.00000000 0.00000000
vn 1.00000000 -0.00000000 0.00000000
vn 0.00000000 1.00000000 0.00000000
vn 1.00000000 -0.00000000 0.00000000
vn 1.00000000 -0.00000000 0.00000000
vn 0.99540000 -0.00000000 0.09590000
vn -0.00000000 0.92360000 -0.38340000
vn 0.00000000 0.70710000 -0.70710000
vn 0.98420000 -0.00000000 0.17680000
vn -0.00000000 0.38340000 -0.92360000
vn 0.97300000 -0.00000000 0.23090000
vn 0.86600000 -0.00000000 0.50000000
vn 0.86600000 -0.00000000 0.50000000
vn 0.50000000 -0.00000000 0.86600000
vn 0.96820000 0.00000000 0.25000000
vn -0.00000000 0.00000000 -1.00000000
vn 0.86600000 -0.00000000 0.50000000
vn 0.50000000 -0.00000000 0.86600000
vn 0.50000000 -0.00000000 0.86600000
vn -0.00000000 -0.00000000 1.00000000
vn -0.00000000 -0.00000000 1.00000000
vn -0.50000000 -0.00000000 0.86600000
vn 0.96820000 0.00000000 0.25000000
vn 0.00000000 -0.38340000 -0.92360000
vn 0.97300000 -0.00000000 0.23090000
vn -0.00000000 -0.70710000 -0.70720000
vn 0.98430000 -0.00000000 0.17680000
vn 0.99540000 -0.00000000 0.09590000
vn 0.00000000 -0.92350000 -0.38350000
vn 1.00000000 -0.00000000 0.00000000
vn 1.00000000 -0.00000000 0.00000000
vn 1.00000000 -0.00000000 0.00000000
vn 1.00000000 -0.00000000 0.00000000
vn 0.00000000 -0.70710000 0.70710000
vn 0.98420000 -0.00000000 -0.17680000
vn 0.97300000 0.00000000 -0.23090000
vn -0.00000000 -0.38340000 0.92360000
vn 1.00000000 -0.00000000 0.00000000
vn 1.00000000 -0.00000000 0.00000000
vn 0.00000000 -1.00000000 -0.00000000
vn -0.00000000 -0.92360000 0.38340000
vn 0.99540000 -0.00000000 -0.09590000
vn -0.00000000 -0.00000000 1.00000000
vn 0.96820000 0.00000000 -0.25000000
vn 0.86600000 0.00000000 -0.50000000
vn -0.00000000 -0.00000000 1.00000000
vn 0.96820000 0.00000000 -0.25000000
vn 0.86600000 0.00000000 -0.50000000
vn 0.86600000 0.00000000 -0.50000000
vn 0.50000000 0.00000000 -0.86600000
vn 0.00000000 0.38340000 0.92360000
vn 0.97300000 0.00000000 -0.23090000
vn 0.86600000 0.00000000 -0.50000000
vn 0.50000000 0.00000000 -0.86600000
vn -0.00000000 0.00000000 -1.00000000
vn -0.50000000 0.00000000 -0.86600000
vn 0.00000000 0.70710000 0.70710000
vn 0.98420000 -0.00000000 -0.17680000
vn 0.99540000 -0.00000000 -0.09590000
vn -0.00000000 0.92360000 0.38340000
vn 0.00000000 1.00000000 0.00000000
vn 1.00000000 -0.00000000 0.00000000
vn 1.00000000 -0.00000000 0.00000000
vn 0.00000000 1.00000000 0.00000000
vn 1.00000000 -0.00000000 0.00000000
vn 1.00000000 -0.00000000 0.00000000
vn -0.00000000 0.92350000 -0.38350000
vn 0.99540000 -0.00000000 0.09590000
vn 0.96820000 0.00000000 0.25000000
vn 0.00000000 0.70710000 -0.70710000
vn 0.98420000 -0.00000000 0.17680000
vn -0.00000000 0.38340000 -0.92360000
vn 0.97300000 -0.00000000 0.23090000
vn 0.96820000 0.00000000 0.25000000
vn -0.00000000 0.00000000 -1.00000000
vn 0.86600000 -0.00000000 0.50000000
vn 0.86600000 -0.00000000 0.50000000
vn 0.50000000 -0.00000000 0.86600000
vn 0.00000000 -0.38340000 -0.92360000
vn 0.97300000 -0.00000000 0.23090000
vn 0.96820000 0.00000000 0.25000000
vn 0.98420000 -0.00000000 0.17680000
vn -0.00000000 -0.70710000 -0.70710000
vn 0.00000000 -0.92350000 -0.38350000
vn 0.99540000 -0.00000000 0.09590000
vn 1.00000000 -0.00000000 0.00000000
vn 1.00000000 -0.00000000 0.00000000
vn 1.00000000 -0.00000000 0.00000000
vn 0.00000000 -1.00000000 -0.00000000
vn 1.00000000 -0.00000000 0.00000000
vn -0.00000000 -0.92360000 0.38340000
vn 0.99540000 -0.00000000 -0.09590000
vn 0.00000000 -0.70710000 0.70710000
vn 0.98420000 -0.00000000 -0.17680000
vn -0.00000000 -0.38340000 0.92360000
vn 0.97300000 0.00000000 -0.23090000
vn 0.97300000 0.00000000 -0.23090000
vn 0.00000000 0.38340000 0.92360000
vn 0.98430000 -0.00000000 -0.17680000
vn 0.00000000 0.70710000 0.70710000
vn 0.91040000 0.00000000 0.41370000
vn 0.86600000 -0.00010000 0.50000000
vn 0.50000000 -0.00000000 0.86600000
vn -0.00000000 -0.00000000 1.00000000
vn -0.50000000 -0.00000000 0.86600000
vn -0.86600000 -0.00000000 0.50000000
vn 0.96830000 -0.00000000 0.25000000
vn 0.50000000 0.00000000 -0.86600000
vn 0.50000000 0.00000000 -0.86600000
vn -0.00000000 0.00000000 -1.00000000
vn -0.50000000 0.00000000 -0.86600000
vn -0.00000000 -0.00000000 1.00000000
vn -0.50000000 -0.00000000 0.86600000
vn -0.86600000 -0.00000000 0.50000000
vn -0.00000000 -0.00000000 1.00000000
vn -0.50000000 -0.00000000 0.86600000
vn -0.86600000 -0.00000000 0.50000000
vn -1.00000000 -0.00000000 -0.00000000
vn -0.50000000 -0.00000000 0.86600000
vn -0.86600000 -0.00000000 0.50000000
vn -1.00000000 -0.00000000 -0.00000000
vn -0.86600000 -0.00000000 0.50000000
vn -1.00000000 -0.00000000 -0.00000000
vn -1.00000000 -0.00000000 -0.00000000
vn -0.50000000 0.00000000 -0.86600000
vn -0.50000000 0.00000000 -0.86600000
vn -0.00000000 0.00000000 -1.00000000
vn -0.00000000 0.00000000 -1.00000000
vn -0.00000000 0.00000000 -1.00000000
vn -0.99540000 -0.00000000 0.09590000
vn -0.00000000 -0.92360000 0.38340000
vn 0.00000000 -1.00000000 -0.00000000
vn -1.00000000 -0.00000000 -0.00000000
vn -1.00000000 -0.00000000 -0.00000000
vn 0.00000000 1.00000000 0.00000000
vn -1.00000000 -0.00000000 -0.00000000
vn -1.00000000 -0.00000000 -0.00000000
vn 0.00000000 -0.92360000 -0.38340000
vn -0.99540000 -0.00000000 -0.09590000
vn -0.00000000 -0.70710000 -0.70710000
vn -0.98430000 -0.00000000 -0.17680000
vn -0.97300000 -0.00000000 -0.23090000
vn 0.00000000 -0.38340000 -0.92360000
vn 0.00000000 1.00000000 0.00000000
vn -0.86600000 0.00000000 -0.50000000
vn -0.00000000 0.00000000 -1.00000000
vn -0.96820000 -0.00000000 -0.25000000
vn -0.86600000 0.00000000 -0.50000000
vn 0.00000000 -1.00000000 -0.00000000
vn -0.97300000 -0.00000000 -0.23090000
vn -0.00000000 0.38340000 -0.92360000
vn -1.00000000 -0.00000000 -0.00000000
vn -1.00000000 -0.00000000 -0.00000000
vn 0.00000000 -1.00000000 -0.00000000
vn 0.00000000 0.70710000 -0.70720000
vn -0.98420000 -0.00000000 -0.17680000
vn -0.99540000 -0.00000000 -0.09590000
vn -0.00000000 0.92360000 -0.38340000
vn 0.00000000 1.00000000 0.00000000
vn -1.00000000 -0.00000000 -0.00000000
vn 0.00000000 1.00000000 0.00000000
vn -1.00000000 -0.00000000 -0.00000000
vn -0.99540000 -0.00000000 0.09590000
vn -0.00000000 0.92360000 0.38340000
vn -0.98430000 -0.00000000 0.17680000
vn -0.00000000 0.70710000 0.70720000
vn -0.97300000 -0.00000000 0.23090000
vn 0.00000000 0.38340000 0.92360000
vn -0.00000000 -0.00000000 1.00000000
vn -0.96820000 0.00000000 0.25000000
vn 0.00000000 -1.00000000 -0.00000000
vn -0.86600000 -0.00000000 0.50000000
vn 0.00000000 1.00000000 0.00000000
vn -0.86600000 -0.00000000 0.50000000
vn 0.00000000 -1.00000000 -0.00000000
vn -0.50000000 -0.00000000 0.86600000
vn -0.50000000 -0.00000000 0.86600000
vn 0.00000000 1.00000000 0.00000000
vn -0.00000000 -0.00000000 1.00000000
vn 0.00000000 -1.00000000 -0.00000000
vn -0.00000000 -0.00000000 1.00000000
vn 0.00000000 1.00000000 0.00000000
vn 0.50000000 -0.00000000 0.86600000
vn 0.00000000 -1.00000000 -0.00000000
vn 0.00000000 1.00000000 0.00000000
vn 0.50000000 -0.00000000 0.86600000
vn 0.00000000 -1.00000000 -0.00000000
vn 0.86600000 -0.00000000 0.50000000
vn 0.00000000 1.00000000 0.00000000
vn 0.86600000 -0.00000000 0.50000000
vn -0.00000000 -0.00000000 1.00000000
vn 0.96820000 0.00000000 0.25000000
vn 0.97300000 -0.00000000 0.23090000
vn -0.00000000 -0.38340000 0.92360000
vn 0.00000000 1.00000000 0.00000000
vn 1.00000000 -0.00000000 0.00000000
vn 0.98430000 -0.00000000 0.17680000
vn 0.00000000 -0.70710000 0.70710000
vn -0.00000000 -0.92360000 0.38340000
vn 0.99540000 -0.00000000 0.09590000
vn 1.00000000 -0.00000000 0.00000000
vn 0.00000000 -1.00000000 -0.00000000
vn 0.00000000 -0.92360000 -0.38340000
vn 0.99540000 -0.00000000 -0.09590000
vn -0.00000000 -0.70710000 -0.70710000
vn 0.98430000 -0.00000000 -0.17680000
vn 0.97300000 0.00000000 -0.23090000
vn 0.00000000 -0.38340000 -0.92360000
vn -0.00000000 0.00000000 -1.00000000
vn 0.96820000 0.00000000 -0.25000000
vn 0.00000000 1.00000000 0.00000000
vn 0.86600000 0.00000000 -0.50000000
vn 0.86600000 0.00000000 -0.50000000
vn 0.00000000 -1.00000000 -0.00000000
vn 0.00000000 -1.00000000 -0.00000000
vn 0.50000000 0.00000000 -0.86600000
vn 0.50000000 0.00000000 -0.86600000
vn 0.00000000 1.00000000 0.00000000
vn -0.00000000 0.00000000 -1.00000000
vn 0.00000000 -1.00000000 -0.00000000
vn 0.00000000 1.00000000 0.00000000
vn -0.00000000 0.00000000 -1.00000000
vn 0.00000000 -1.00000000 -0.00000000
vn -0.50000000 0.00000000 -0.86600000
vn -0.50000000 0.00000000 -0.86600000
vn 0.00000000 1.00000000 0.00000000
vn -0.00000000 -0.38340000 0.92360000
vn -0.97300000 -0.00000000 0.23090000
vn -0.98430000 -0.00000000 0.17680000
vn 0.00000000 -0.70710000 0.70710000
vn 0.00000000 -1.00000000 -0.00000000
vn 1.00000000 -0.00000000 0.00000000
vn -0.00000000 0.38340000 -0.92360000
vn 0.97300000 0.00000000 -0.23090000
vn 0.98420000 -0.00000000 -0.17680000
vn 0.00000000 0.70710000 -0.70720000
vn -0.00000000 0.92360000 -0.38340000
vn 0.99540000 -0.00000000 -0.09590000
vn 0.00000000 1.00000000 0.00000000
vn 0.00000000 1.00000000 0.00000000
vn 1.00000000 -0.00000000 0.00000000
vn 0.99540000 -0.00000000 0.09590000
vn -0.00000000 0.92360000 0.38340000
vn 0.98430000 -0.00000000 0.17680000
vn -0.00000000 0.70710000 0.70720000
vn 0.97300000 -0.00000000 0.23090000
vn 0.00000000 0.38340000 0.92360000
vn 0.00000000 -1.00000000 -0.00000000
vn -0.86600000 0.00000000 -0.50000000
vn 0.00000000 -1.00000000 -0.00000000
vn 0.00000000 0.00010000 -1.00000000
vn 0.00000000 0.00010000 -1.00000000
vn 0.00000000 -1.00000000 -0.00000000
vn -1.00000000 -0.00000000 -0.00000000
vn -1.00000000 -0.00000000 -0.00000000
vn 0.00000000 -1.00000000 -0.00000000
vn -0.50000000 0.00000000 -0.86600000
vn -0.00000000 0.00000000 -1.00000000
vn 0.00000000 -1.00000000 -0.00000000
vn -0.00000000 0.00000000 -1.00000000
vn 0.00000000 -1.00000000 -0.00000000
vn 0.50000000 0.00000000 -0.86600000
vn 0.86600000 0.00000000 -0.50000000
vn 0.00000000 -1.00000000 -0.00000000
vn 0.00000000 -1.00000000 -0.00000000
vn 1.00000000 0.00010000 0.00000000
vn 1.00000000 0.00010000 0.00000000
vn 0.00000000 -1.00000000 -0.00000000
vn 1.00000000 -0.00000000 0.00000000
vn 1.00000000 -0.00000000 0.00000000
vn -0.00000000 -0.00000000 1.00000000
vn 0.00000000 -1.00000000 -0.00000000
vn -0.00000000 -0.00000000 1.00000000
vn 0.00000000 -1.00000000 -0.00000000
vn -0.00000000 -0.00000000 1.00000000
vn -0.00000000 -0.00000000 1.00000000
vn -1.00000000 -0.00000000 -0.00000000
vn 0.00000000 -1.00000000 -0.00000000
vn -1.00000000 -0.00000000 -0.00000000
vn 0.00000000 -1.00000000 -0.00000000
vn 0.86600000 -0.00000000 0.50000000
vn 0.50000000 -0.00000000 0.86600000
vn 0.00000000 -1.00000000 -0.00000000
vn 0.00000000 -1.00000000 -0.00000000
vn -0.50000000 -0.00000000 0.86600000
vn 0.00000000 -1.00000000 -0.00000000
vn -0.86600000 -0.00000000 0.50000000
vn -0.00000000 0.00000000 -1.00000000
vn -0.00000000 0.00000000 -1.00000000
vn 0.00000000 1.00000000 0.00000000
vn 0.50000000 0.00000000 -0.86600000
vn 0.50000000 0.00000000 -0.86600000
vn 0.00000000 1.00000000 0.00000000
vn 0.86600000 0.00000000 -0.50000000
vn 0.00000000 1.00000000 0.00000000
vn 0.86600000 0.00000000 -0.50000000
vn 1.00000000 -0.00000000 0.00000000
vn 0.00000000 1.00000000 0.00000000
vn 1.00000000 -0.00000000 0.00000000
vn -0.52030000 0.85400000 0.00000000
vn -0.34690000 0.56930000 -0.74530000
vn -0.52030000 0.85400000 0.00000000
vn -0.00000000 -0.00000000 1.00000000
vn -0.58510000 0.31960000 -0.74540000
vn -0.87760000 0.47940000 0.00000000
vn -0.87760000 0.47940000 0.00000000
vn -0.58510000 0.31960000 -0.74540000
vn -0.87760000 0.47940000 0.00000000
vn -0.87760000 0.47940000 0.00000000
vn -0.00000000 -0.00000000 1.00000000
vn -0.66650000 -0.01570000 -0.74530000
vn -0.99970000 -0.02360000 0.00000000
vn -0.99970000 -0.02360000 0.00000000
vn -0.00000000 -0.00000000 1.00000000
vn -0.85400000 -0.52030000 0.00000000
vn -0.56930000 -0.34690000 -0.74540000
vn -0.00000000 -0.00000000 1.00000000
vn -0.85400000 -0.52030000 0.00000000
vn -0.47940000 -0.87760000 0.00000000
vn -0.31960000 -0.58510000 -0.74540000
vn -0.00000000 -0.00000000 1.00000000
vn -0.47940000 -0.87760000 0.00000000
vn 0.02360000 -0.99970000 0.00000000
vn 0.01570000 -0.66650000 -0.74530000
vn -0.00000000 -0.00000000 1.00000000
vn 0.02360000 -0.99970000 0.00000000
vn 0.34690000 -0.56930000 -0.74530000
vn 0.52030000 -0.85400000 0.00000000
vn -0.00000000 -0.00000000 1.00000000
vn 0.52030000 -0.85400000 0.00000000
vn 0.87760000 -0.47940000 0.00000000
vn 0.58510000 -0.31960000 -0.74540000
vn -0.00000000 -0.00000000 1.00000000
vn 0.87760000 -0.47940000 0.00000000
vn 0.99970000 0.02360000 0.00000000
vn 0.66650000 0.01570000 -0.74530000
vn 0.99970000 0.02360000 0.00000000
vn -0.00000000 -0.00000000 1.00000000
vn 0.85400000 0.52030000 0.00000000
vn 0.56930000 0.34690000 -0.74540000
vn -0.00000000 -0.00000000 1.00000000
vn 0.85400000 0.52030000 0.00000000
vn 0.47940000 0.87760000 0.00000000
vn 0.31960000 0.58500000 -0.74540000
vn -0.00000000 -0.00000000 1.00000000
vn 0.47940000 0.87760000 0.00000000
vn -0.01570000 0.66650000 -0.74530000
vn -0.02360000 0.99970000 0.00000000
vn -0.02360000 0.99970000 0.00000000
vn -0.00000000 -0.00000000 1.00000000
vn -0.90400000 0.04630000 -0.42510000
vn -0.79430000 0.43400000 -0.42510000
vn -0.79430000 0.43400000 -0.42510000
vn -0.52740000 0.73560000 -0.42510000
vn -0.87700000 0.47910000 -0.03710000
vn -0.87700000 0.47910000 -0.03710000
vn -0.58230000 0.81220000 -0.03720000
vn -0.81980000 0.44790000 0.35680000
vn -0.81980000 0.44790000 0.35680000
vn -0.54430000 0.75920000 0.35680000
vn -0.63200000 0.34520000 0.69380000
vn -0.63200000 0.34520000 0.69380000
vn -0.41960000 0.58530000 0.69380000
vn -0.34330000 0.18760000 0.92030000
vn -0.34330000 0.18760000 0.92030000
vn -0.22790000 0.31800000 0.92030000
vn -0.00000000 -0.00000000 1.00000000
vn -0.00000000 -0.00000000 1.00000000
vn -0.00000000 -0.00000000 1.00000000
vn -0.00000000 -0.00000000 1.00000000
vn -0.00000000 -0.00000000 1.00000000
vn -0.00000000 -0.00000000 1.00000000
vn -0.00000000 -0.00000000 1.00000000
vn -0.00000000 -0.00000000 1.00000000
vn -0.00000000 -0.00000000 1.00000000
vn -0.00000000 -0.00000000 1.00000000
vn -0.00000000 -0.00000000 1.00000000
vn -0.00000000 -0.00000000 1.00000000
vn -0.00000000 -0.00000000 1.00000000
vn -0.00000000 -0.00000000 1.00000000
vn -0.83450000 -0.35050000 -0.42510000
vn -0.59980000 -0.67790000 -0.42510000
vn -0.24630000 -0.87100000 -0.42510000
vn 0.15600000 -0.89160000 -0.42510000
vn 0.52740000 -0.73560000 -0.42510000
vn 0.79430000 -0.43400000 -0.42510000
vn 0.90400000 -0.04630000 -0.42510000
vn 0.99800000 -0.05110000 -0.03690000
vn 0.92140000 0.38690000 -0.03710000
vn 0.86130000 0.36170000 0.35680000
vn 0.61910000 0.69960000 0.35680000
vn 0.47720000 0.53930000 0.69380000
vn 0.19600000 0.69290000 0.69380000
vn 0.10650000 0.37650000 0.92030000
vn -0.06740000 0.38540000 0.92030000
vn 0.83450000 0.35050000 -0.42510000
vn 0.66220000 0.74840000 -0.03710000
vn 0.25420000 0.89890000 0.35680000
vn -0.12410000 0.70930000 0.69380000
vn 0.59980000 0.67790000 -0.42510000
vn 0.27190000 0.96160000 -0.03710000
vn -0.16100000 0.92020000 0.35680000
vn 0.24630000 0.87100000 -0.42510000
vn -0.17220000 0.98440000 -0.03730000
vn -0.15600000 0.89160000 -0.42510000
vn 0.25930000 0.29300000 0.92030000
vn 0.36070000 0.15150000 0.92030000
vn 0.39070000 -0.02000000 0.92030000
vn 0.34330000 -0.18760000 0.92030000
vn 0.22800000 -0.31800000 0.92030000
vn 0.06740000 -0.38540000 0.92030000
vn -0.10650000 -0.37650000 0.92030000
vn -0.25930000 -0.29300000 0.92030000
vn -0.36070000 -0.15150000 0.92030000
vn -0.39070000 0.02000000 0.92030000
vn -0.99800000 0.05110000 -0.03700000
vn -0.92140000 -0.38690000 -0.03710000
vn -0.66220000 -0.74840000 -0.03710000
vn -0.27190000 -0.96160000 -0.03710000
vn 0.17220000 -0.98440000 -0.03730000
vn 0.58230000 -0.81220000 -0.03710000
vn 0.87700000 -0.47910000 -0.03710000
vn -0.93290000 0.04780000 0.35680000
vn -0.86130000 -0.36170000 0.35680000
vn -0.61910000 -0.69960000 0.35680000
vn -0.25420000 -0.89890000 0.35680000
vn 0.16100000 -0.92020000 0.35680000
vn 0.54430000 -0.75920000 0.35680000
vn 0.81980000 -0.44790000 0.35680000
vn 0.93290000 -0.04780000 0.35680000
vn -0.71920000 0.03690000 0.69380000
vn -0.66390000 -0.27880000 0.69380000
vn -0.47720000 -0.53930000 0.69380000
vn -0.19600000 -0.69290000 0.69390000
vn 0.12410000 -0.70930000 0.69380000
vn 0.41960000 -0.58530000 0.69380000
vn 0.63200000 -0.34520000 0.69380000
vn 0.71920000 -0.03690000 0.69380000
vn 0.66390000 0.27880000 0.69380000
vn 0.00000000 0.99450000 -0.10470000
vn -0.00000000 0.00000000 -1.00000000
vn 0.00000000 0.99450000 -0.10470000
vn 0.00000000 0.99450000 -0.10470000
vn 0.99450000 -0.00000000 -0.10470000
vn -0.00000000 0.00000000 -1.00000000
vn 0.00000000 0.99450000 -0.10470000
vn -0.55880000 0.82180000 -0.11070000
vn -0.00000000 -0.00000000 1.00000000
vn 0.99450000 -0.00000000 -0.10470000
vn 0.00000000 0.99450000 -0.10470000
vn -0.00000000 -0.00000000 1.00000000
vn -0.99910000 0.00000000 -0.04330000
vn 0.00000000 0.99450000 -0.10470000
vn 0.99450000 -0.00000000 -0.10470000
vn -0.00000000 0.00000000 -1.00000000
vn 0.00000000 -0.99450000 -0.10470000
vn 0.00000000 -0.99450000 -0.10470000
vn -0.00000000 -0.00000000 1.00000000
vn 0.99450000 -0.00000000 -0.10470000
vn -0.99450000 0.00000000 -0.10470000
vn -0.00000000 0.00000000 -1.00000000
vn 0.00000000 -0.99450000 -0.10470000
vn -0.00000000 -0.00000000 1.00000000
vn -0.99450000 0.00000000 -0.10470000
vn 0.00000000 -0.99450000 -0.10470000
vn -0.99450000 0.00000000 -0.10470000
vn -0.00000000 0.00000000 -1.00000000
vn 0.00000000 0.98930000 -0.14580000
vn -0.55330000 0.81370000 -0.17820000
vn -0.99450000 0.00000000 -0.10470000
vn -0.88670000 0.43470000 -0.15740000
vn -0.99450000 0.00000000 -0.10470000
vn -0.99450000 0.00000000 -0.10470000
vn -0.99450000 0.00000000 -0.10470000
vn -0.00000000 -0.00000000 1.00000000
vn -0.21900000 0.96590000 -0.13820000
vn -0.55640000 0.81820000 -0.14470000
vn -0.89130000 0.43690000 -0.12130000
vn -0.00000000 -0.00000000 1.00000000
vn -0.00000000 -0.99720000 -0.07480000
vn 0.99720000 -0.00000000 -0.07480000
vn -0.99720000 -0.00000000 -0.07480000
vn -0.00000000 -0.99720000 -0.07480000
vn -0.00000000 -0.00000000 1.00000000
vn 0.99720000 -0.00000000 -0.07480000
vn 0.00000000 0.99720000 -0.07480000
vn -0.00000000 -0.00000000 1.00000000
vn -0.00000000 -0.00000000 1.00000000
vn 0.00000000 0.99720000 -0.07480000
vn 0.00000000 0.99720000 -0.07480000
vn 0.00000000 0.99370000 -0.11180000
vn -0.99720000 -0.00000000 -0.07480000
vn -0.00000000 -0.00000000 1.00000000
vn -0.00000000 0.00000000 -1.00000000
vn -0.00000000 0.00000000 -1.00000000
vn -0.00000000 0.00000000 -1.00000000
vn -0.00000000 0.00000000 -1.00000000
vn -0.00000000 0.00000000 -1.00000000
vn -0.00000000 0.00000000 -1.00000000
vn -0.00000000 0.00000000 -1.00000000
vn -0.00000000 0.00000000 -1.00000000
vn -0.00000000 0.00000000 -1.00000000
vn -0.00000000 0.00000000 -1.00000000
vn -0.00000000 0.00000000 -1.00000000
vn -0.00000000 0.00000000 -1.00000000
vn -0.99720000 -0.00000000 -0.07480000
vn -0.99720000 -0.00000000 -0.07480000
vn -0.97810000 0.18540000 -0.09420000
vn -0.98910000 0.00000000 -0.14750000
vn -0.98150000 0.16930000 -0.08910000
vn -0.00000000 -0.99720000 -0.07480000
vn -0.99720000 -0.00000000 -0.07480000
vn -0.00000000 -0.99720000 -0.07480000
vn -0.99720000 -0.00000000 -0.07480000
vn -0.98470000 0.15560000 -0.07800000
vn -0.97760000 0.00000000 -0.21040000
vn 0.00000000 -0.90090000 -0.43390000
vn -0.90090000 0.00000000 -0.43390000
vn -0.00010000 0.95310000 -0.30280000
vn -0.98960000 0.13600000 -0.04660000
vn -0.95310000 0.00000000 -0.30280000
vn -0.00000000 0.81190000 -0.58390000
vn -0.81190000 0.00000000 -0.58380000
vn -0.68010000 0.00000000 -0.73310000
vn 0.00000000 -0.68020000 -0.73300000
vn -0.00000000 0.59040000 -0.80710000
vn -0.59040000 -0.00000000 -0.80710000
vn -0.00000000 -0.36530000 -0.93090000
vn -0.36530000 0.00000000 -0.93090000
vn -0.98150000 0.18610000 -0.04430000
vn 0.00000000 0.99720000 -0.07480000
vn 0.00000000 0.99720000 -0.07480000
vn 0.00000000 0.99720000 -0.07480000
vn 0.99720000 -0.00000000 -0.07480000
vn 0.00000000 0.99720000 -0.07480000
vn 0.99720000 -0.00000000 -0.07480000
vn -0.00000000 0.90100000 -0.43390000
vn 0.90100000 0.00000000 -0.43390000
vn 0.68010000 0.00000000 -0.73310000
vn 0.00000000 0.68020000 -0.73310000
vn -0.00000000 0.36530000 -0.93090000
vn 0.36530000 -0.00000000 -0.93090000
vn -0.00000000 -0.99720000 -0.07480000
vn 0.99720000 -0.00000000 -0.07480000
vn 0.99720000 -0.00000000 -0.07480000
vn -0.00000000 -0.99720000 -0.07480000
vn 0.90100000 0.00000000 -0.43390000
vn -0.00000000 -0.90100000 -0.43390000
vn -0.00000000 -0.68010000 -0.73310000
vn 0.68010000 0.00000000 -0.73310000
vn -0.00000000 -0.36530000 -0.93090000
vn 0.36530000 -0.00000000 -0.93090000
vn -0.99720000 -0.00000000 -0.07480000
vn -0.53580000 0.83360000 -0.13400000
vn -0.53900000 0.83850000 -0.07960000
vn 0.00000000 0.99720000 -0.07480000
vn -0.88740000 0.45230000 -0.08940000
vn -0.64410000 0.75770000 -0.10510000
vn -0.27110000 0.95690000 -0.10400000
vn -1.00000000 -0.00000000 -0.00000000
vn 0.00000000 1.00000000 0.00000000
vn -1.00000000 -0.00000000 -0.00000000
vn -0.86600000 0.00000000 -0.50000000
vn -0.86600000 0.00000000 -0.50000000
vn 0.00000000 1.00000000 0.00000000
vn -0.50000000 0.00000000 -0.86600000
vn -0.50000000 0.00000000 -0.86600000
vn 0.00000000 1.00000000 0.00000000
vn -0.00000000 0.00000000 -1.00000000
vn 0.00000000 1.00000000 0.00000000
vn -0.00000000 0.00000000 -1.00000000
vn 0.00000000 -0.00010000 1.00000000
vn 0.00000000 -0.00010000 1.00000000
vn 0.00000000 1.00000000 0.00000000
vn 0.00000000 1.00000000 0.00000000
vn -0.00000000 -0.00000000 1.00000000
vn -0.00000000 -0.00000000 1.00000000
vn -0.50000000 -0.00000000 0.86600000
vn -0.50000000 -0.00000000 0.86600000
vn 0.00000000 1.00000000 0.00000000
vn -0.86600000 -0.00000000 0.50000000
vn 0.00000000 1.00000000 0.00000000
vn -0.86600000 -0.00000000 0.50000000
vn -1.00000000 -0.00000000 -0.00000000
vn 0.00000000 1.00000000 0.00000000
vn -1.00000000 -0.00000000 -0.00000000
vn 1.00000000 -0.00000000 0.00000000
vn 0.00000000 1.00000000 0.00000000
vn 1.00000000 -0.00000000 0.00000000
vn 0.86600000 -0.00000000 0.50000000
vn 0.00000000 1.00000000 0.00000000
vn 0.86600000 -0.00000000 0.50000000
vn 0.50000000 -0.00000000 0.86600000
vn 0.50000000 -0.00000000 0.86600000
vn 0.00000000 1.00000000 0.00000000
vn 0.00000000 -1.00000000 -0.00000000
vn 1.00000000 -0.00000000 0.00000000
vn -0.00000000 -0.86600000 0.50000000
vn 1.00000000 -0.00000000 0.00000000
vn -0.00000000 -0.50000000 0.86600000
vn 1.00000000 -0.00000000 0.00000000
vn -0.00000000 0.00000000 -1.00000000
vn 1.00000000 -0.00000000 0.00000000
vn 1.00000000 -0.00000000 0.00000000
vn -0.00000000 -0.50000000 -0.86600000
vn 1.00000000 -0.00000000 0.00000000
vn -0.00000000 -0.86600000 -0.50000000
vn 1.00000000 -0.00000000 0.00000000
vn 0.00000000 1.00000000 0.00000000
vn 0.00000000 1.00000000 0.00000000
vn 1.00000000 -0.00000000 0.00000000
vn -0.00000000 0.86600000 -0.50000000
vn -0.00000000 0.50000000 -0.86600000
vn 1.00000000 -0.00000000 0.00000000
vn 1.00000000 -0.00000000 0.00000000
vn -0.00000000 -0.00000000 1.00000000
vn -0.00000000 0.50000000 0.86600000
vn 1.00000000 -0.00000000 0.00000000
vn 1.00000000 -0.00000000 0.00000000
vn -0.00000000 0.86600000 0.50000000
vn 1.00000000 -0.00000000 0.00000000
vn -0.00000000 -0.86600000 -0.50000000
vn 1.00000000 -0.00000000 0.00000000
vn 0.00000000 -1.00000000 -0.00000000
vn -0.00000000 -0.50000000 -0.86600000
vn 1.00000000 -0.00000000 0.00000000
vn -0.00000000 0.00000000 -1.00000000
vn 1.00000000 -0.00000000 0.00000000
vn 1.00000000 -0.00000000 0.00000000
vn -0.00000000 0.50000000 -0.86600000
vn 1.00000000 -0.00000000 0.00000000
vn -0.00000000 0.86600000 -0.50000000
vn 0.00000000 1.00000000 0.00000000
vn 1.00000000 -0.00000000 0.00000000
vn 0.00000000 1.00000000 0.00000000
vn -0.00000000 0.86600000 0.50000000
vn 1.00000000 -0.00000000 0.00000000
vn 1.00000000 -0.00000000 0.00000000
vn -0.00000000 0.50000000 0.86600000
vn -0.00000000 -0.00000000 1.00000000
vn 1.00000000 -0.00000000 0.00000000
vn -0.00000000 -0.50000000 0.86600000
vn 1.00000000 -0.00000000 0.00000000
vn 1.00000000 -0.00000000 0.00000000
vn -0.00000000 -0.86600000 0.50000000
vn -0.00000000 0.86600000 -0.50000000
vn 1.00000000 -0.00000000 0.00000000
vn 0.00000000 1.00000000 0.00000000
vn 1.00000000 -0.00000000 0.00000000
vn 0.00000000 1.00000000 0.00000000
vn -0.00000000 0.86600000 0.50000000
vn 1.00000000 -0.00000000 0.00000000
vn 1.00000000 -0.00000000 0.00000000
vn -0.00000000 0.50000000 0.86600000
vn -0.00000000 -0.00000000 1.00000000
vn 1.00000000 -0.00000000 0.00000000
vn -0.00000000 -0.50000000 0.86600000
vn 1.00000000 -0.00000000 0.00000000
vn -0.00000000 -0.86600000 0.50000000
vn 1.00000000 -0.00000000 0.00000000
vn 1.00000000 -0.00000000 0.00000000
vn 0.00000000 -1.00000000 -0.00000000
vn 1.00000000 -0.00000000 0.00000000
vn -0.00000000 -0.86600000 -0.50000000
vn -0.00000000 -0.50000000 -0.86600000
vn 1.00000000 -0.00000000 0.00000000
vn -0.00000000 0.00000000 -1.00000000
vn 1.00000000 -0.00000000 0.00000000
vn 1.00000000 -0.00000000 0.00000000
vn -0.00000000 0.50000000 -0.86600000
vn -1.00000000 -0.00000000 -0.00000000
vn -0.00000000 -0.86600000 0.50000000
vn -1.00000000 -0.00000000 -0.00000000
vn 0.00000000 -1.00000000 -0.00000000
vn -0.00000000 -0.50000000 0.86600000
vn -1.00000000 -0.00000000 -0.00000000
vn -1.00000000 -0.00000000 -0.00000000
vn -0.00000000 -0.00000000 1.00000000
vn -0.00000000 0.50000000 0.86600000
vn -1.00000000 -0.00000000 -0.00000000
vn -1.00000000 -0.00000000 -0.00000000
vn -0.00000000 0.86600000 0.50000000
vn 0.00000000 1.00000000 0.00000000
vn -1.00000000 -0.00000000 -0.00000000
vn 0.00000000 1.00000000 0.00000000
vn -1.00000000 -0.00000000 -0.00000000
vn -0.00000000 0.86600000 -0.50000000
vn -1.00000000 -0.00000000 -0.00000000
vn -0.00000000 0.50000000 -0.86600000
vn -1.00000000 -0.00000000 -0.00000000
vn -0.00000000 0.00000000 -1.00000000
vn -1.00000000 -0.00000000 -0.00000000
vn -0.00000000 -0.50000000 -0.86600000
vn -1.00000000 -0.00000000 -0.00000000
vn -0.00000000 -0.86600000 -0.50000000
vn -1.00000000 -0.00000000 -0.00000000
vn 0.00000000 1.00000000 0.00000000
vn 0.00000000 1.00000000 0.00000000
vn -0.00000000 0.86600000 0.50000000
vn -1.00000000 -0.00000000 -0.00000000
vn -1.00000000 -0.00000000 -0.00000000
vn -0.00000000 0.50000000 0.86600000
vn -1.00000000 -0.00000000 -0.00000000
vn -0.00000000 0.00000000 -1.00000000
vn -1.00000000 -0.00000000 -0.00000000
vn -0.00000000 0.50000000 -0.86600000
vn -1.00000000 -0.00000000 -0.00000000
vn -0.00000000 0.86600000 -0.50000000
vn -1.00000000 -0.00000000 -0.00000000
vn 0.00000000 -1.00000000 -0.00000000
vn -1.00000000 -0.00000000 -0.00000000
vn -0.00000000 -0.86600000 -0.50000000
vn -1.00000000 -0.00000000 -0.00000000
vn -0.00000000 -0.50000000 -0.86600000
vn -0.00000000 -0.00000000 1.00000000
vn -1.00000000 -0.00000000 -0.00000000
vn -0.00000000 -0.50000000 0.86600000
vn -1.00000000 -0.00000000 -0.00000000
vn -0.00000000 -0.86600000 0.50000000
vn -1.00000000 -0.00000000 -0.00000000
vn -0.00000000 -0.86600000 -0.50000000
vn -1.00000000 -0.00000000 -0.00000000
vn -1.00000000 -0.00000000 -0.00000000
vn 0.00000000 -1.00000000 -0.00000000
vn -1.00000000 -0.00000000 -0.00000000
vn -0.00000000 -0.86600000 0.50000000
vn -1.00000000 -0.00000000 -0.00000000
vn -0.00000000 -0.50000000 0.86600000
vn -1.00000000 -0.00000000 -0.00000000
vn -0.00000000 -0.00000000 1.00000000
vn -0.00000000 0.50000000 0.86600000
vn -1.00000000 -0.00000000 -0.00000000
vn -0.00000000 0.86600000 0.50000000
vn -1.00000000 -0.00000000 -0.00000000
vn -1.00000000 -0.00000000 -0.00000000
vn 0.00000000 1.00000000 0.00000000
vn 0.00000000 1.00000000 0.00000000
vn -1.00000000 -0.00000000 -0.00000000
vn -0.00000000 0.86600000 -0.50000000
vn -1.00000000 -0.00000000 -0.00000000
vn -0.00000000 0.50000000 -0.86600000
vn -0.00000000 0.00000000 -1.00000000
vn -1.00000000 -0.00000000 -0.00000000
vn -0.00000000 -0.50000000 -0.86600000
vn -1.00000000 -0.00000000 -0.00000000
vn -0.00000000 0.86600000 0.50000000
vn 1.00000000 -0.00000000 0.00000000
vn -0.00000000 0.86600000 0.50000000
vn 1.00000000 -0.00000000 0.00000000
vn 0.00000000 1.00000000 0.00000000
vn 1.00000000 -0.00000000 0.00000000
vn 1.00000000 -0.00000000 0.00000000
vn 0.00000000 1.00000000 0.00000000
vn -0.00000000 0.86600000 -0.50000000
vn 1.00000000 -0.00000000 0.00000000
vn 1.00000000 -0.00000000 0.00000000
vn -0.00000000 0.86600000 -0.50000000
vn 1.00000000 -0.00000000 0.00000000
vn -0.00000000 0.50000000 -0.86600000
vn -0.00000000 0.50000000 0.86600000
vn 1.00000000 -0.00000000 0.00000000
vn 1.00000000 -0.00000000 0.00000000
vn -0.00000000 0.50000000 0.86600000
vn 1.00000000 -0.00000000 0.00000000
vn -0.00000000 -0.00000000 1.00000000
vn 1.00000000 -0.00000000 0.00000000
vn -0.00000000 -0.00000000 1.00000000
vn 1.00000000 -0.00000000 0.00000000
vn -0.00000000 -0.50000000 0.86600000
vn 1.00000000 -0.00000000 0.00000000
vn -0.00000000 -0.50000000 0.86600000
vn -0.00000000 -0.86600000 0.50000000
vn 1.00000000 -0.00000000 0.00000000
vn -0.00000000 -0.86600000 0.50000000
vn 1.00000000 -0.00000000 0.00000000
vn 1.00000000 -0.00000000 0.00000000
vn 0.00000000 -1.00000000 -0.00000000
vn 0.00000000 -1.00000000 -0.00000000
vn 0.00000000 -1.00000000 -0.00000000
vn 1.00000000 -0.00000000 0.00000000
vn 0.00000000 -1.00000000 -0.00000000
vn -0.00000000 -0.86600000 -0.50000000
vn 1.00000000 -0.00000000 0.00000000
vn -0.00000000 -0.86600000 -0.50000000
vn 1.00000000 -0.00000000 0.00000000
vn 1.00000000 -0.00000000 0.00000000
vn -0.00000000 -0.50000000 -0.86600000
vn -0.00000000 -0.50000000 -0.86600000
vn 1.00000000 -0.00000000 0.00000000
vn 1.00000000 -0.00000000 0.00000000
vn -0.00000000 0.00000000 -1.00000000
vn -0.00000000 0.00000000 -1.00000000
vn 1.00000000 -0.00000000 0.00000000
vn -0.00000000 0.50000000 -0.86600000
vn 1.00000000 -0.00000000 0.00000000
vn -1.00000000 -0.00000000 -0.00000000
vn -0.00000000 -0.86600000 0.50000000
vn -0.00000000 -0.86600000 0.50000000
vn -1.00000000 -0.00000000 -0.00000000
vn 0.00000000 -1.00000000 -0.00000000
vn 0.00000000 -1.00000000 -0.00000000
vn -1.00000000 -0.00000000 -0.00000000
vn 0.00000000 -1.00000000 -0.00000000
vn 0.00000000 -1.00000000 -0.00000000
vn -1.00000000 -0.00000000 -0.00000000
vn -0.00000000 -0.86600000 -0.50000000
vn -1.00000000 -0.00000000 -0.00000000
vn -1.00000000 -0.00000000 -0.00000000
vn -0.00000000 -0.86600000 -0.50000000
vn -0.00000000 -0.50000000 -0.86600000
vn -1.00000000 -0.00000000 -0.00000000
vn -1.00000000 -0.00000000 -0.00000000
vn -0.00000000 -0.50000000 0.86600000
vn -0.00000000 -0.50000000 0.86600000
vn -1.00000000 -0.00000000 -0.00000000
vn -1.00000000 -0.00000000 -0.00000000
vn -0.00000000 -0.00000000 1.00000000
vn -0.00000000 -0.00000000 1.00000000
vn -1.00000000 -0.00000000 -0.00000000
vn -0.00000000 0.50000000 0.86600000
vn -1.00000000 -0.00000000 -0.00000000
vn -0.00000000 0.50000000 0.86600000
vn -1.00000000 -0.00000000 -0.00000000
vn -1.00000000 -0.00000000 -0.00000000
vn -0.00000000 0.86600000 0.50000000
vn -1.00000000 -0.00000000 -0.00000000
vn -0.00000000 0.86600000 0.50000000
vn -1.00000000 -0.00000000 -0.00000000
vn 0.00000000 1.00000000 0.00000000
vn 0.00000000 1.00000000 0.00000000
vn -1.00000000 -0.00000000 -0.00000000
vn -0.00000000 0.86600000 -0.50000000
vn -1.00000000 -0.00000000 -0.00000000
vn -1.00000000 -0.00000000 -0.00000000
vn -0.00000000 0.86600000 -0.50000000
vn -0.00000000 0.50000000 -0.86600000
vn -1.00000000 -0.00000000 -0.00000000
vn -1.00000000 -0.00000000 -0.00000000
vn -0.00000000 0.50000000 -0.86600000
vn -1.00000000 -0.00000000 -0.00000000
vn -0.00000000 0.00000000 -1.00000000
vn -0.00000000 0.00000000 -1.00000000
vn -1.00000000 -0.00000000 -0.00000000
vn -1.00000000 -0.00000000 -0.00000000
vn -0.00000000 -0.50000000 -0.86600000
vn 0.00000000 1.00000000 0.00000000
vn 1.00000000 -0.00000000 0.00000000
vn 0.00000000 -0.20000000 -0.97980000
vn 0.00000000 -0.20000000 -0.97980000
vn 0.00000000 -0.20000000 -0.97980000
vn 0.00000000 1.00000000 0.00000000
vn 0.00000000 -0.61140000 -0.79130000
vn 0.00000000 -0.61140000 -0.79130000
vn -0.00000000 -0.89760000 -0.44080000
vn -0.00000000 -0.89760000 -0.44080000
vn 0.00000000 -1.00000000 -0.00000000
vn 0.00000000 -1.00000000 -0.00000000
vn 0.00000000 -1.00000000 -0.00000000
vn 0.00000000 -0.89760000 0.44080000
vn 0.00000000 -0.89760000 0.44080000
vn 0.00000000 -0.61140000 0.79130000
vn 0.00000000 -0.61140000 0.79130000
vn 0.00000000 1.00000000 0.00000000
vn 0.00000000 -0.20000000 0.97980000
vn 1.00000000 -0.00000000 0.00000000
vn 1.00000000 -0.00000000 0.00000000
vn -0.00000000 -0.06710000 0.99770000
vn -0.00000000 0.06710000 0.99770000
vn 1.00000000 -0.00000000 0.00000000
vn 0.00000000 1.00000000 0.00000000
vn 0.00000000 -0.20000000 0.97980000
vn 0.00000000 -0.20000000 0.97980000
vn 1.00000000 -0.00000000 0.00000000
vn 0.00000000 0.20000000 0.97980000
vn 0.00000000 -1.00000000 -0.00000000
vn 0.00000000 -1.00000000 -0.00000000
vn 0.00000000 0.20000000 0.97980000
vn 0.00000000 0.20000000 0.97980000
vn 0.00000000 0.61140000 0.79130000
vn 0.00000000 0.61140000 0.79130000
vn 0.00000000 0.89760000 0.44080000
vn 0.00000000 0.89760000 0.44080000
vn 0.00000000 1.00000000 0.00000000
vn 0.00000000 1.00000000 0.00000000
vn 0.00000000 0.89760000 -0.44080000
vn 0.00000000 0.89760000 -0.44080000
vn 0.00000000 0.61140000 -0.79130000
vn 0.00000000 0.61140000 -0.79130000
vn 0.00000000 -1.00000000 -0.00000000
vn 1.00000000 -0.00000000 0.00000000
vn 0.00000000 0.20000000 -0.97980000
vn 0.00000000 0.06710000 -0.99770000
vn 1.00000000 -0.00000000 0.00000000
vn 1.00000000 -0.00000000 0.00000000
vn 0.00000000 -0.06710000 -0.99770000
vn 0.00000000 -1.00000000 -0.00000000
vn 0.00000000 0.20000000 -0.97980000
vn 0.00000000 0.20000000 -0.97980000
vn 0.38750000 -0.18860000 0.90240000
vn 0.00000000 1.00000000 0.00000000
vn 0.50000000 -0.52950000 0.68530000
vn 0.00000000 1.00000000 0.00000000
vn 0.71280000 -0.15340000 0.68440000
vn 0.86600000 -0.30570000 0.39560000
vn 0.92640000 -0.09170000 0.36530000
vn 0.00000000 1.00000000 0.00000000
vn 1.00000000 -0.00000000 0.00000000
vn 1.00000000 -0.00000000 0.00000000
vn 0.00000000 1.00000000 0.00000000
vn 1.00000000 -0.00000000 0.00000000
vn 1.00000000 -0.00000000 0.00000000
vn 0.86600000 -0.44880000 0.22040000
vn 1.00000000 -0.00000000 0.00000000
vn 1.00000000 -0.00000000 0.00000000
vn 0.86600000 -0.50000000 0.00000000
vn 1.00000000 -0.00000000 0.00000000
vn 1.00000000 -0.00000000 0.00000000
vn 0.86600000 -0.44880000 -0.22040000
vn 1.00000000 -0.00000000 0.00000000
vn 1.00000000 -0.00000000 0.00000000
vn 0.86600000 -0.30570000 -0.39570000
vn 0.00000000 1.00000000 0.00000000
vn 1.00000000 -0.00000000 0.00000000
vn 1.00000000 -0.00000000 0.00000000
vn 0.00000000 1.00000000 0.00000000
vn 0.92660000 -0.09150000 -0.36480000
vn 0.71280000 -0.15340000 -0.68440000
vn 0.00000000 1.00000000 0.00000000
vn 0.50000000 -0.52950000 -0.68530000
vn 0.00000000 1.00000000 0.00000000
vn 0.38740000 -0.18860000 -0.90240000
vn 0.50000000 -0.77730000 0.38170000
vn 0.50000000 -0.86600000 0.00000000
vn 0.50000000 -0.77730000 -0.38170000
vn 0.00000000 -1.00000000 -0.00000000
vn 0.38740000 0.18860000 -0.90240000
vn 0.00000000 -1.00000000 -0.00000000
vn 0.38740000 0.18860000 0.90240000
vn 0.71280000 0.15340000 -0.68440000
vn 0.00000000 -1.00000000 -0.00000000
vn 1.00000000 -0.00000000 0.00000000
vn 0.00000000 -1.00000000 -0.00000000
vn 1.00000000 -0.00000000 0.00000000
vn 0.71280000 0.15340000 0.68440000
vn 0.00000000 -1.00000000 -0.00000000
vn 0.00000000 -1.00000000 -0.00000000
vn 0.92660000 0.09150000 -0.36480000
vn 0.00000000 -1.00000000 -0.00000000
vn 1.00000000 -0.00000000 0.00000000
vn 1.00000000 -0.00000000 0.00000000
vn 0.92660000 0.09150000 0.36480000
vn 0.00000000 -1.00000000 -0.00000000
vn 0.86600000 0.30570000 0.39570000
vn 1.00000000 -0.00000000 0.00000000
vn 1.00000000 -0.00000000 0.00000000
vn 0.86600000 0.44880000 0.22040000
vn 1.00000000 -0.00000000 0.00000000
vn 1.00000000 -0.00000000 0.00000000
vn 0.86600000 0.50000000 -0.00000000
vn 1.00000000 -0.00000000 0.00000000
vn 1.00000000 -0.00000000 0.00000000
vn 0.86600000 0.44880000 -0.22040000
vn 1.00000000 -0.00000000 0.00000000
vn 1.00000000 -0.00000000 0.00000000
vn 0.86600000 0.30570000 -0.39560000
vn 0.50000000 0.52950000 -0.68530000
vn 0.50000000 0.77740000 -0.38170000
vn 0.50000000 0.86600000 -0.00000000
vn 0.50000000 0.77730000 0.38170000
vn 0.50000000 0.52950000 0.68530000
vn -1.00000000 -0.00000000 -0.00000000
vn 0.00000000 1.00000000 0.00000000
vn 0.00000000 -0.20000000 0.97980000
vn -1.00000000 -0.00000000 -0.00000000
vn -0.00000000 -0.06710000 0.99770000
vn 0.00000000 1.00000000 0.00000000
vn -1.00000000 -0.00000000 -0.00000000
vn 0.00000000 -0.20000000 -0.97980000
vn -1.00000000 -0.00000000 -0.00000000
vn 0.00000000 -0.06710000 -0.99770000
vn -1.00000000 -0.00000000 -0.00000000
vn -0.00000000 0.06710000 0.99770000
vn 0.00000000 0.06710000 -0.99770000
vn -1.00000000 -0.00000000 -0.00000000
vn -1.00000000 -0.00000000 -0.00000000
vn 0.00000000 0.20000000 -0.97980000
vn 0.00000000 -1.00000000 -0.00000000
vn -1.00000000 -0.00000000 -0.00000000
vn 0.00000000 0.20000000 0.97980000
vn 0.00000000 -1.00000000 -0.00000000
vn 0.00000000 1.00000000 0.00000000
vn -1.00000000 -0.00000000 -0.00000000
vn -1.00000000 -0.00000000 -0.00000000
vn -1.00000000 -0.00000000 -0.00000000
vn -1.00000000 -0.00000000 -0.00000000
vn 0.00000000 1.00000000 0.00000000
vn -1.00000000 -0.00000000 -0.00000000
vn -1.00000000 -0.00000000 -0.00000000
vn -1.00000000 -0.00000000 -0.00000000
vn -1.00000000 -0.00000000 -0.00000000
vn -1.00000000 -0.00000000 -0.00000000
vn -1.00000000 -0.00000000 -0.00000000
vn -1.00000000 -0.00000000 -0.00000000
vn -1.00000000 -0.00000000 -0.00000000
vn -0.92660000 -0.09150000 -0.36480000
vn 0.00000000 1.00000000 0.00000000
vn 0.00000000 1.00000000 0.00000000
vn -0.71280000 -0.15340000 -0.68440000
vn 0.00000000 1.00000000 0.00000000
vn -0.38740000 -0.18860000 -0.90240000
vn -0.71280000 -0.15340000 0.68440000
vn 0.00000000 1.00000000 0.00000000
vn 0.00000000 1.00000000 0.00000000
vn -0.38740000 -0.18830000 0.90250000
vn -0.92660000 -0.09150000 0.36480000
vn 0.00000000 1.00000000 0.00000000
vn 0.00000000 1.00000000 0.00000000
vn 0.00000000 -0.20000000 -0.97980000
vn 0.00000000 -0.20000000 -0.97980000
vn 0.00000000 -0.20000000 0.97980000
vn 0.00000000 -0.20000000 0.97980000
vn 0.00000000 1.00000000 0.00000000
vn 0.00000000 -0.61140000 -0.79130000
vn 0.00000000 -0.61140000 -0.79130000
vn -0.50000000 -0.52950000 -0.68530000
vn -0.86600000 -0.30570000 -0.39560000
vn -0.86600000 -0.44880000 -0.22040000
vn -0.86600000 -0.50000000 -0.00000000
vn -0.86600000 -0.44880000 0.22040000
vn -0.86600000 -0.30570000 0.39570000
vn -0.50000000 -0.52950000 0.68530000
vn 0.00000000 -0.61140000 0.79130000
vn 0.00000000 -0.61140000 0.79130000
vn 0.00000000 -0.89760000 0.44080000
vn 0.00000000 -0.89760000 0.44080000
vn -0.50000000 -0.77730000 0.38170000
vn 0.00000000 -1.00000000 -0.00000000
vn 0.00000000 -1.00000000 -0.00000000
vn 0.00000000 -1.00000000 -0.00000000
vn -0.50000000 -0.86600000 -0.00000000
vn -0.00000000 -0.89760000 -0.44080000
vn -0.00000000 -0.89760000 -0.44080000
vn -0.50000000 -0.77730000 -0.38170000
vn 0.00000000 -1.00000000 -0.00000000
vn -1.00000000 -0.00000000 -0.00000000
vn -1.00000000 -0.00000000 -0.00000000
vn -1.00000000 -0.00000000 -0.00000000
vn -1.00000000 -0.00000000 -0.00000000
vn -1.00000000 -0.00000000 -0.00000000
vn -1.00000000 -0.00000000 -0.00000000
vn 0.00000000 -1.00000000 -0.00000000
vn -1.00000000 -0.00000000 -0.00000000
vn -1.00000000 -0.00000000 -0.00000000
vn -1.00000000 -0.00000000 -0.00000000
vn -1.00000000 -0.00000000 -0.00000000
vn -1.00000000 -0.00000000 -0.00000000
vn -1.00000000 -0.00000000 -0.00000000
vn -0.92660000 0.09150000 0.36480000
vn 0.00000000 -1.00000000 -0.00000000
vn -0.71280000 0.15340000 0.68440000
vn 0.00000000 -1.00000000 -0.00000000
vn -0.38740000 0.18860000 0.90240000
vn 0.00000000 -1.00000000 -0.00000000
vn 0.00000000 -1.00000000 -0.00000000
vn -0.71280000 0.15340000 -0.68440000
vn -0.38740000 0.18810000 -0.90250000
vn 0.00000000 -1.00000000 -0.00000000
vn -0.92660000 0.09150000 -0.36480000
vn 0.00000000 -1.00000000 -0.00000000
vn 0.00000000 -1.00000000 -0.00000000
vn 0.00000000 0.20000000 0.97980000
vn 0.00000000 0.20000000 0.97980000
vn 0.00000000 -1.00000000 -0.00000000
vn 0.00000000 0.20000000 -0.97980000
vn 0.00000000 0.20000000 -0.97980000
vn 0.00000000 0.61140000 -0.79130000
vn 0.00000000 0.61140000 -0.79130000
vn 0.00000000 0.89760000 -0.44080000
vn 0.00000000 0.89760000 -0.44080000
vn 0.00000000 1.00000000 0.00000000
vn 0.00000000 1.00000000 0.00000000
vn 0.00000000 0.89760000 0.44080000
vn 0.00000000 0.89760000 0.44080000
vn 0.00000000 0.61140000 0.79130000
vn 0.00000000 0.61140000 0.79130000
vn -0.50000000 0.52950000 0.68530000
vn -0.86600000 0.30570000 0.39560000
vn -0.86600000 0.44880000 0.22040000
vn -0.86600000 0.50000000 0.00000000
vn -0.86600000 0.44880000 -0.22040000
vn -0.86600000 0.30570000 -0.39570000
vn -0.50000000 0.52950000 -0.68530000
vn -0.50000000 0.77730000 -0.38170000
vn -0.50000000 0.86600000 0.00000000
vn -0.50000000 0.77730000 0.38170000
vn -0.00000000 -0.92360000 0.38340000
vn -0.99540000 -0.00000000 0.09590000
vn 0.00000000 -1.00000000 -0.00000000
vn -1.00000000 -0.00000000 -0.00000000
vn -1.00000000 -0.00000000 -0.00000000
vn -1.00000000 -0.00000000 -0.00000000
vn 0.00000000 1.00000000 0.00000000
vn -1.00000000 -0.00000000 -0.00000000
vn -0.99540000 -0.00000000 -0.09590000
vn 0.00000000 -0.92360000 -0.38340000
vn -0.00000000 -0.70710000 -0.70710000
vn -0.98430000 -0.00000000 -0.17680000
vn -0.97300000 -0.00000000 -0.23090000
vn 0.00000000 -0.38340000 -0.92360000
vn -0.86600000 0.00000000 -0.50000000
vn 0.00000000 1.00000000 0.00000000
vn -0.00000000 0.00000000 -1.00000000
vn -0.96820000 -0.00000000 -0.25000000
vn 0.00000000 -1.00000000 -0.00000000
vn -0.86600000 0.00000000 -0.50000000
vn -0.00000000 0.38340000 -0.92360000
vn -0.97300000 -0.00000000 -0.23090000
vn -1.00000000 -0.00000000 -0.00000000
vn 0.00000000 -1.00000000 -0.00000000
vn -1.00000000 -0.00000000 -0.00000000
vn -0.98430000 -0.00000000 -0.17680000
vn 0.00000000 0.70710000 -0.70710000
vn -0.99540000 -0.00000000 -0.09590000
vn -0.00000000 0.92360000 -0.38340000
vn 0.00000000 1.00000000 0.00000000
vn -1.00000000 -0.00000000 -0.00000000
vn 0.00000000 1.00000000 0.00000000
vn -1.00000000 -0.00000000 -0.00000000
vn -0.00000000 0.92360000 0.38340000
vn -0.99540000 -0.00000000 0.09590000
vn 0.00000000 0.70710000 0.70710000
vn -0.98430000 -0.00000000 0.17680000
vn 0.00000000 0.38340000 0.92360000
vn -0.97300000 -0.00000000 0.23090000
vn -0.00000000 -0.00000000 1.00000000
vn -0.96820000 0.00000000 0.25000000
vn 0.00000000 -1.00000000 -0.00000000
vn -0.86600000 -0.00000000 0.50000000
vn -0.86600000 -0.00000000 0.50000000
vn 0.00000000 1.00000000 0.00000000
vn 0.00000000 -1.00000000 -0.00000000
vn -0.50000000 -0.00000000 0.86600000
vn 0.00000000 1.00000000 0.00000000
vn -0.50000000 -0.00000000 0.86600000
vn -0.00000000 -0.00000000 1.00000000
vn 0.00000000 -1.00000000 -0.00000000
vn -0.00000000 -0.00000000 1.00000000
vn 0.00000000 1.00000000 0.00000000
vn 0.00000000 -1.00000000 -0.00000000
vn 0.50000000 -0.00000000 0.86600000
vn 0.00000000 1.00000000 0.00000000
vn 0.50000000 -0.00000000 0.86600000
vn 0.86600000 -0.00000000 0.50000000
vn 0.00000000 -1.00000000 -0.00000000
vn 0.00000000 1.00000000 0.00000000
vn 0.86600000 -0.00000000 0.50000000
vn -0.00000000 -0.00000000 1.00000000
vn 0.96820000 0.00000000 0.25000000
vn -0.00000000 -0.38340000 0.92360000
vn 0.97300000 -0.00000000 0.23090000
vn 0.00000000 1.00000000 0.00000000
vn 1.00000000 -0.00000000 0.00000000
vn 0.00000000 -0.70710000 0.70710000
vn 0.98430000 -0.00000000 0.17680000
vn 0.99540000 -0.00000000 0.09590000
vn -0.00000000 -0.92360000 0.38340000
vn 0.00000000 -1.00000000 -0.00000000
vn 1.00000000 -0.00000000 0.00000000
vn 0.00000000 -0.92360000 -0.38340000
vn 0.99540000 -0.00000000 -0.09590000
vn 0.98430000 -0.00000000 -0.17680000
vn -0.00000000 -0.70710000 -0.70710000
vn 0.00000000 -0.38340000 -0.92360000
vn 0.97300000 0.00000000 -0.23090000
vn -0.00000000 0.00000000 -1.00000000
vn 0.96820000 0.00000000 -0.25000000
vn 0.00000000 1.00000000 0.00000000
vn 0.86600000 0.00000000 -0.50000000
vn 0.00000000 -1.00000000 -0.00000000
vn 0.86600000 0.00000000 -0.50000000
vn 0.50000000 0.00000000 -0.86600000
vn 0.00000000 -1.00000000 -0.00000000
vn 0.50000000 0.00000000 -0.86600000
vn 0.00000000 1.00000000 0.00000000
vn -0.00000000 0.00000000 -1.00000000
vn 0.00000000 -1.00000000 -0.00000000
vn 0.00000000 1.00000000 0.00000000
vn -0.00000000 0.00000000 -1.00000000
vn -0.50000000 0.00000000 -0.86600000
vn 0.00000000 -1.00000000 -0.00000000
vn 0.00000000 1.00000000 0.00000000
vn -0.50000000 0.00000000 -0.86600000
vn -0.00000000 -0.38340000 0.92360000
vn -0.97300000 -0.00000000 0.23090000
vn 0.00000000 -0.70710000 0.70710000
vn -0.98430000 -0.00000000 0.17680000
vn 0.00000000 -1.00000000 -0.00000000
vn 1.00000000 -0.00000000 0.00000000
vn 0.97300000 0.00000000 -0.23090000
vn -0.00000000 0.38340000 -0.92360000
vn 0.98430000 -0.00000000 -0.17680000
vn 0.00000000 0.70710000 -0.70710000
vn -0.00000000 0.92360000 -0.38340000
vn 0.99540000 -0.00000000 -0.09590000
vn 0.00000000 1.00000000 0.00000000
vn 0.00000000 1.00000000 0.00000000
vn 1.00000000 -0.00000000 0.00000000
vn -0.00000000 0.92360000 0.38340000
vn 0.99540000 -0.00000000 0.09590000
vn 0.00000000 0.70710000 0.70710000
vn 0.98430000 -0.00000000 0.17680000
vn 0.00000000 0.38340000 0.92360000
vn 0.97300000 -0.00000000 0.23090000
vn -0.86600000 0.00000000 -0.50000000
vn 0.00000000 -1.00000000 -0.00000000
vn 0.00000000 -1.00000000 -0.00000000
vn 0.00000000 0.00010000 -1.00000000
vn 0.00000000 0.00010000 -1.00000000
vn -1.00000000 -0.00000000 -0.00000000
vn -1.00000000 -0.00000000 -0.00000000
vn 0.00000000 -1.00000000 -0.00000000
vn 0.00000000 -1.00000000 -0.00000000
vn -0.50000000 0.00000000 -0.86600000
vn -0.00000000 0.00000000 -1.00000000
vn -0.00000000 0.00000000 -1.00000000
vn 0.00000000 -1.00000000 -0.00000000
vn 0.00000000 -1.00000000 -0.00000000
vn 0.50000000 0.00000000 -0.86600000
vn 0.86600000 0.00000000 -0.50000000
vn 0.00000000 -1.00000000 -0.00000000
vn 1.00000000 -0.00000000 0.00000000
vn 0.00000000 -1.00000000 -0.00000000
vn 1.00000000 -0.00000000 0.00000000
vn 1.00000000 -0.00000000 0.00000000
vn 0.00000000 -1.00000000 -0.00000000
vn 1.00000000 -0.00000000 0.00000000
vn -0.00000000 -0.00000000 1.00000000
vn -0.00000000 -0.00000000 1.00000000
vn 0.00000000 -1.00000000 -0.00000000
vn -0.00000000 -0.00000000 1.00000000
vn -0.00000000 -0.00000000 1.00000000
vn 0.00000000 -1.00000000 -0.00000000
vn 0.00000000 -1.00000000 -0.00000000
vn -1.00000000 -0.00000000 -0.00000000
vn -1.00000000 -0.00000000 -0.00000000
vn 0.86600000 -0.00000000 0.50000000
vn 0.00000000 -1.00000000 -0.00000000
vn 0.00000000 -1.00000000 -0.00000000
vn 0.50000000 -0.00000000 0.86600000
vn -0.50000000 -0.00000000 0.86600000
vn 0.00000000 -1.00000000 -0.00000000
vn -0.86600000 -0.00000000 0.50000000
vn 0.00000000 -1.00000000 -0.00000000
vn 0.00000000 1.00000000 0.00000000
vn 0.00000000 0.00010000 -1.00000000
vn 0.00000000 0.00010000 -1.00000000
vn 0.50000000 0.00000000 -0.86600000
vn 0.50000000 0.00000000 -0.86600000
vn 0.00000000 1.00000000 0.00000000
vn 0.86600000 0.00000000 -0.50000000
vn 0.86600000 0.00000000 -0.50000000
vn 0.00000000 1.00000000 0.00000000
vn 0.00000000 1.00000000 0.00000000
vn 1.00000000 -0.00000000 0.00000000
vn 1.00000000 -0.00000000 0.00000000
vn -0.34690000 0.56930000 -0.74530000
vn -0.52030000 0.85400000 0.00000000
vn -0.52030000 0.85400000 0.00000000
vn -0.00000000 -0.00000000 1.00000000
vn -0.58510000 0.31960000 -0.74540000
vn -0.87760000 0.47940000 0.00000000
vn -0.87760000 0.47940000 0.00000000
vn -0.58510000 0.31960000 -0.74540000
vn -0.00000000 -0.00000000 1.00000000
vn -0.87760000 0.47940000 0.00000000
vn -0.87760000 0.47940000 0.00000000
vn -0.66650000 -0.01570000 -0.74530000
vn -0.99970000 -0.02360000 0.00000000
vn -0.00000000 -0.00000000 1.00000000
vn -0.99970000 -0.02360000 0.00000000
vn -0.85400000 -0.52030000 0.00000000
vn -0.56930000 -0.34690000 -0.74540000
vn -0.85400000 -0.52030000 0.00000000
vn -0.00000000 -0.00000000 1.00000000
vn -0.31960000 -0.58500000 -0.74540000
vn -0.47940000 -0.87760000 0.00000000
vn -0.47940000 -0.87760000 0.00000000
vn -0.00000000 -0.00000000 1.00000000
vn 0.01570000 -0.66650000 -0.74530000
vn 0.02360000 -0.99970000 0.00000000
vn -0.00000000 -0.00000000 1.00000000
vn 0.02360000 -0.99970000 0.00000000
vn 0.34690000 -0.56930000 -0.74530000
vn 0.52030000 -0.85400000 0.00000000
vn 0.52030000 -0.85400000 0.00000000
vn -0.00000000 -0.00000000 1.00000000
vn 0.87760000 -0.47940000 0.00000000
vn 0.58510000 -0.31960000 -0.74540000
vn 0.87760000 -0.47940000 0.00000000
vn -0.00000000 -0.00000000 1.00000000
vn 0.66650000 0.01570000 -0.74530000
vn 0.99970000 0.02360000 0.00000000
vn -0.00000000 -0.00000000 1.00000000
vn 0.99970000 0.02360000 0.00000000
vn 0.85400000 0.52030000 0.00000000
vn 0.56930000 0.34690000 -0.74540000
vn -0.00000000 -0.00000000 1.00000000
vn 0.85400000 0.52030000 0.00000000
vn 0.31960000 0.58500000 -0.74540000
vn 0.47940000 0.87760000 0.00000000
vn -0.00000000 -0.00000000 1.00000000
vn 0.47940000 0.87760000 0.00000000
vn -0.01570000 0.66650000 -0.74530000
vn -0.02360000 0.99970000 0.00000000
vn -0.02360000 0.99970000 0.00000000
vn -0.00000000 -0.00000000 1.00000000
vn -0.90400000 0.04630000 -0.42510000
vn -0.79430000 0.43400000 -0.42510000
vn -0.79430000 0.43400000 -0.42510000
vn -0.52740000 0.73560000 -0.42510000
vn -0.87700000 0.47910000 -0.03700000
vn -0.87700000 0.47910000 -0.03700000
vn -0.58230000 0.81220000 -0.03710000
vn -0.81980000 0.44790000 0.35680000
vn -0.81980000 0.44790000 0.35680000
vn -0.54430000 0.75920000 0.35680000
vn -0.63200000 0.34520000 0.69380000
vn -0.63200000 0.34520000 0.69380000
vn -0.41960000 0.58520000 0.69380000
vn -0.34330000 0.18760000 0.92030000
vn -0.34330000 0.18760000 0.92030000
vn -0.22790000 0.31800000 0.92030000
vn -0.00000000 -0.00000000 1.00000000
vn -0.00000000 -0.00000000 1.00000000
vn -0.00000000 -0.00000000 1.00000000
vn -0.00000000 -0.00000000 1.00000000
vn -0.00000000 -0.00000000 1.00000000
vn -0.00000000 -0.00000000 1.00000000
vn -0.00000000 -0.00000000 1.00000000
vn -0.00000000 -0.00000000 1.00000000
vn -0.00000000 -0.00000000 1.00000000
vn -0.00000000 -0.00000000 1.00000000
vn -0.00000000 -0.00000000 1.00000000
vn -0.00000000 -0.00000000 1.00000000
vn -0.00000000 -0.00000000 1.00000000
vn -0.00000000 -0.00000000 1.00000000
vn -0.83450000 -0.35050000 -0.42510000
vn -0.59980000 -0.67790000 -0.42510000
vn -0.24630000 -0.87100000 -0.42510000
vn 0.15600000 -0.89160000 -0.42510000
vn 0.52740000 -0.73560000 -0.42510000
vn 0.79430000 -0.43400000 -0.42510000
vn 0.90400000 -0.04630000 -0.42510000
vn 0.99800000 -0.05110000 -0.03700000
vn 0.92140000 0.38690000 -0.03700000
vn 0.86130000 0.36170000 0.35680000
vn 0.61910000 0.69960000 0.35680000
vn 0.47720000 0.53930000 0.69380000
vn 0.19600000 0.69290000 0.69380000
vn 0.10650000 0.37650000 0.92030000
vn -0.06740000 0.38540000 0.92030000
vn 0.83450000 0.35050000 -0.42510000
vn 0.66220000 0.74840000 -0.03710000
vn 0.25420000 0.89890000 0.35680000
vn -0.12410000 0.70930000 0.69380000
vn 0.59980000 0.67790000 -0.42510000
vn 0.27190000 0.96160000 -0.03700000
vn -0.16100000 0.92020000 0.35680000
vn 0.24630000 0.87100000 -0.42510000
vn -0.17220000 0.98440000 -0.03730000
vn -0.15600000 0.89160000 -0.42510000
vn 0.25930000 0.29300000 0.92030000
vn 0.36070000 0.15150000 0.92030000
vn 0.39070000 -0.02000000 0.92030000
vn 0.34330000 -0.18760000 0.92030000
vn 0.22800000 -0.31800000 0.92030000
vn 0.06740000 -0.38540000 0.92030000
vn -0.10650000 -0.37650000 0.92030000
vn -0.25930000 -0.29300000 0.92030000
vn -0.36070000 -0.15150000 0.92030000
vn -0.39070000 0.02000000 0.92030000
vn -0.99800000 0.05110000 -0.03700000
vn -0.92140000 -0.38690000 -0.03710000
vn -0.66220000 -0.74840000 -0.03710000
vn -0.27190000 -0.96160000 -0.03710000
vn 0.17220000 -0.98440000 -0.03730000
vn 0.58230000 -0.81220000 -0.03710000
vn 0.87700000 -0.47910000 -0.03700000
vn -0.93290000 0.04780000 0.35680000
vn -0.86130000 -0.36170000 0.35680000
vn -0.61910000 -0.69960000 0.35680000
vn -0.25420000 -0.89890000 0.35680000
vn 0.16100000 -0.92020000 0.35680000
vn 0.54430000 -0.75920000 0.35680000
vn 0.81980000 -0.44790000 0.35680000
vn 0.93290000 -0.04780000 0.35680000
vn -0.71920000 0.03690000 0.69380000
vn -0.66390000 -0.27880000 0.69380000
vn -0.47720000 -0.53930000 0.69380000
vn -0.19600000 -0.69290000 0.69380000
vn 0.12410000 -0.70930000 0.69380000
vn 0.41960000 -0.58530000 0.69380000
vn 0.63200000 -0.34520000 0.69380000
vn 0.71920000 -0.03690000 0.69380000
vn 0.66390000 0.27880000 0.69380000
vn -0.00000000 0.00000000 -1.00000000
vn 0.00000000 0.99450000 -0.10470000
vn 0.00000000 0.99450000 -0.10470000
vn -0.00000000 0.00000000 -1.00000000
vn 0.99450000 -0.00000000 -0.10470000
vn 0.00000000 0.99450000 -0.10470000
vn 0.00000000 0.99450000 -0.10470000
vn -0.55890000 0.82180000 -0.11070000
vn -0.00000000 -0.00000000 1.00000000
vn 0.99450000 -0.00000000 -0.10470000
vn 0.00000000 0.99450000 -0.10470000
vn 0.00000000 0.99450000 -0.10470000
vn -0.00000000 -0.00000000 1.00000000
vn -0.99910000 0.00000000 -0.04330000
vn 0.99450000 -0.00000000 -0.10470000
vn -0.00000000 0.00000000 -1.00000000
vn 0.00000000 -0.99450000 -0.10470000
vn -0.00000000 -0.00000000 1.00000000
vn 0.00000000 -0.99450000 -0.10470000
vn 0.99450000 -0.00000000 -0.10470000
vn -0.99450000 0.00000000 -0.10470000
vn 0.00000000 -0.99450000 -0.10470000
vn -0.00000000 0.00000000 -1.00000000
vn -0.00000000 -0.00000000 1.00000000
vn -0.99450000 0.00000000 -0.10470000
vn 0.00000000 -0.99450000 -0.10470000
vn 0.00000000 0.98930000 -0.14580000
vn -0.99450000 0.00000000 -0.10470000
vn -0.00000000 0.00000000 -1.00000000
vn -0.99450000 0.00000000 -0.10470000
vn -0.55330000 0.81370000 -0.17820000
vn -0.88670000 0.43470000 -0.15740000
vn -0.99450000 0.00000000 -0.10470000
vn -0.99450000 0.00000000 -0.10470000
vn -0.00000000 -0.00000000 1.00000000
vn -0.99450000 0.00000000 -0.10470000
vn -0.21900000 0.96590000 -0.13820000
vn -0.55640000 0.81820000 -0.14470000
vn -0.89130000 0.43690000 -0.12130000
vn 0.99720000 -0.00000000 -0.07480000
vn -0.00000000 -0.00000000 1.00000000
vn -0.00000000 -0.99720000 -0.07480000
vn -0.00000000 -0.99720000 -0.07480000
vn -0.99720000 -0.00000000 -0.07480000
vn -0.00000000 -0.00000000 1.00000000
vn 0.99720000 -0.00000000 -0.07480000
vn 0.00000000 0.99720000 -0.07480000
vn -0.00000000 -0.00000000 1.00000000
vn 0.00000000 0.99720000 -0.07480000
vn 0.00000000 0.99720000 -0.07480000
vn -0.00000000 -0.00000000 1.00000000
vn -0.00000000 -0.00000000 1.00000000
vn 0.00000000 0.99370000 -0.11180000
vn -0.99720000 -0.00000000 -0.07480000
vn -0.00000000 0.00000000 -1.00000000
vn -0.00000000 0.00000000 -1.00000000
vn -0.00000000 0.00000000 -1.00000000
vn -0.00000000 0.00000000 -1.00000000
vn -0.00000000 0.00000000 -1.00000000
vn -0.00000000 0.00000000 -1.00000000
vn -0.00000000 0.00000000 -1.00000000
vn -0.00000000 0.00000000 -1.00000000
vn -0.00000000 0.00000000 -1.00000000
vn -0.00000000 0.00000000 -1.00000000
vn -0.00000000 0.00000000 -1.00000000
vn -0.00000000 0.00000000 -1.00000000
vn -0.97810000 0.18540000 -0.09420000
vn -0.99720000 -0.00000000 -0.07480000
vn -0.99720000 -0.00000000 -0.07480000
vn -0.98910000 0.00000000 -0.14750000
vn -0.98150000 0.16930000 -0.08910000
vn -0.99720000 -0.00000000 -0.07480000
vn -0.00000000 -0.99720000 -0.07480000
vn -0.99720000 -0.00000000 -0.07480000
vn -0.00000000 -0.99720000 -0.07480000
vn -0.97760000 0.00000000 -0.21040000
vn -0.98470000 0.15560000 -0.07800000
vn -0.00000000 -0.90100000 -0.43390000
vn -0.90090000 0.00000000 -0.43390000
vn -0.95310000 0.00000000 -0.30280000
vn -0.00000000 0.95310000 -0.30270000
vn -0.98960000 0.13600000 -0.04660000
vn -0.81190000 0.00000000 -0.58380000
vn 0.00000000 0.81190000 -0.58380000
vn -0.00000000 -0.68010000 -0.73310000
vn -0.68010000 0.00000000 -0.73310000
vn -0.59040000 -0.00000000 -0.80710000
vn -0.00000000 0.59040000 -0.80710000
vn -0.00000000 -0.36530000 -0.93090000
vn -0.36530000 0.00000000 -0.93090000
vn 0.00000000 0.99720000 -0.07480000
vn 0.00000000 0.99720000 -0.07480000
vn -0.98150000 0.18610000 -0.04430000
vn 0.00000000 0.99720000 -0.07480000
vn 0.99720000 -0.00000000 -0.07480000
vn 0.99720000 -0.00000000 -0.07480000
vn 0.00000000 0.99720000 -0.07480000
vn -0.00000000 0.90100000 -0.43390000
vn 0.90100000 0.00000000 -0.43390000
vn 0.68010000 0.00000000 -0.73310000
vn 0.00000000 0.68010000 -0.73310000
vn 0.36530000 -0.00000000 -0.93090000
vn -0.00000000 0.36530000 -0.93090000
vn 0.99720000 -0.00000000 -0.07480000
vn -0.00000000 -0.99720000 -0.07480000
vn -0.00000000 -0.99720000 -0.07480000
vn 0.99720000 -0.00000000 -0.07480000
vn -0.00000000 -0.90100000 -0.43390000
vn 0.90100000 0.00000000 -0.43390000
vn -0.00000000 -0.68020000 -0.73310000
vn 0.68010000 0.00000000 -0.73310000
vn 0.36530000 -0.00000000 -0.93090000
vn -0.00000000 -0.36530000 -0.93090000
vn -0.53590000 0.83360000 -0.13400000
vn -0.99720000 -0.00000000 -0.07480000
vn 0.00000000 0.99720000 -0.07480000
vn -0.53900000 0.83850000 -0.07950000
vn -0.88740000 0.45230000 -0.08940000
vn -0.64410000 0.75770000 -0.10510000
vn -0.27110000 0.95690000 -0.10400000
vn -1.00000000 -0.00000000 -0.00000000
vn 0.00000000 1.00000000 0.00000000
vn -1.00000000 -0.00000000 -0.00000000
vn -0.86600000 0.00000000 -0.50000000
vn 0.00000000 1.00000000 0.00000000
vn -0.86600000 0.00000000 -0.50000000
vn -0.50000000 0.00000000 -0.86600000
vn -0.50000000 0.00000000 -0.86600000
vn 0.00000000 1.00000000 0.00000000
vn 0.00000000 1.00000000 0.00000000
vn -0.00000000 0.00000000 -1.00000000
vn -0.00000000 0.00000000 -1.00000000
vn 0.00000000 1.00000000 0.00000000
vn 0.00000000 -0.00010000 1.00000000
vn 0.00000000 -0.00010000 1.00000000
vn 0.00000000 1.00000000 0.00000000
vn -0.00000000 -0.00000000 1.00000000
vn -0.00000000 -0.00000000 1.00000000
vn -0.50000000 -0.00000000 0.86600000
vn -0.50000000 -0.00000000 0.86600000
vn 0.00000000 1.00000000 0.00000000
vn -0.86600000 -0.00000000 0.50000000
vn -0.86600000 -0.00000000 0.50000000
vn 0.00000000 1.00000000 0.00000000
vn -1.00000000 -0.00000000 -0.00000000
vn -1.00000000 -0.00000000 -0.00000000
vn 0.00000000 1.00000000 0.00000000
vn 1.00000000 -0.00000000 0.00000000
vn 0.00000000 1.00000000 0.00000000
vn 1.00000000 -0.00000000 0.00000000
vn 0.86600000 -0.00000000 0.50000000
vn 0.00000000 1.00000000 0.00000000
vn 0.86600000 -0.00000000 0.50000000
vn 0.50000000 -0.00000000 0.86600000
vn 0.50000000 -0.00000000 0.86600000
vn 0.00000000 1.00000000 0.00000000
vn 1.00000000 -0.00000000 0.00000000
vn 0.00000000 -1.00000000 -0.00000000
vn -0.00000000 -0.86600000 0.50000000
vn 1.00000000 -0.00000000 0.00000000
vn -0.00000000 -0.50000000 0.86600000
vn 1.00000000 -0.00000000 0.00000000
vn 1.00000000 -0.00000000 0.00000000
vn -0.00000000 0.00000000 -1.00000000
vn -0.00000000 -0.50000000 -0.86600000
vn 1.00000000 -0.00000000 0.00000000
vn -0.00000000 -0.86600000 -0.50000000
vn 1.00000000 -0.00000000 0.00000000
vn 1.00000000 -0.00000000 0.00000000
vn 0.00000000 1.00000000 0.00000000
vn 0.00000000 1.00000000 0.00000000
vn 1.00000000 -0.00000000 0.00000000
vn -0.00000000 0.86600000 -0.50000000
vn 1.00000000 -0.00000000 0.00000000
vn -0.00000000 0.50000000 -0.86600000
vn 1.00000000 -0.00000000 0.00000000
vn -0.00000000 -0.00000000 1.00000000
vn 1.00000000 -0.00000000 0.00000000
vn -0.00000000 0.50000000 0.86600000
vn 1.00000000 -0.00000000 0.00000000
vn -0.00000000 0.86600000 0.50000000
vn 1.00000000 -0.00000000 0.00000000
vn -0.00000000 -0.86600000 -0.50000000
vn 0.00000000 -1.00000000 -0.00000000
vn 1.00000000 -0.00000000 0.00000000
vn 1.00000000 -0.00000000 0.00000000
vn -0.00000000 -0.50000000 -0.86600000
vn 1.00000000 -0.00000000 0.00000000
vn -0.00000000 0.00000000 -1.00000000
vn -0.00000000 0.50000000 -0.86600000
vn 1.00000000 -0.00000000 0.00000000
vn -0.00000000 0.86600000 -0.50000000
vn 1.00000000 -0.00000000 0.00000000
vn 1.00000000 -0.00000000 0.00000000
vn 0.00000000 1.00000000 0.00000000
vn 0.00000000 1.00000000 0.00000000
vn 1.00000000 -0.00000000 0.00000000
vn -0.00000000 0.86600000 0.50000000
vn -0.00000000 0.50000000 0.86600000
vn 1.00000000 -0.00000000 0.00000000
vn 1.00000000 -0.00000000 0.00000000
vn -0.00000000 -0.00000000 1.00000000
vn 1.00000000 -0.00000000 0.00000000
vn -0.00000000 -0.50000000 0.86600000
vn -0.00000000 -0.86600000 0.50000000
vn 1.00000000 -0.00000000 0.00000000
vn -0.00000000 0.86600000 -0.50000000
vn 1.00000000 -0.00000000 0.00000000
vn 0.00000000 1.00000000 0.00000000
vn 1.00000000 -0.00000000 0.00000000
vn 0.00000000 1.00000000 0.00000000
vn 1.00000000 -0.00000000 0.00000000
vn -0.00000000 0.86600000 0.50000000
vn -0.00000000 0.50000000 0.86600000
vn 1.00000000 -0.00000000 0.00000000
vn 1.00000000 -0.00000000 0.00000000
vn -0.00000000 -0.00000000 1.00000000
vn -0.00000000 -0.50000000 0.86600000
vn 1.00000000 -0.00000000 0.00000000
vn -0.00000000 -0.86600000 0.50000000
vn 1.00000000 -0.00000000 0.00000000
vn 0.00000000 -1.00000000 -0.00000000
vn 1.00000000 -0.00000000 0.00000000
vn 1.00000000 -0.00000000 0.00000000
vn -0.00000000 -0.86600000 -0.50000000
vn 1.00000000 -0.00000000 0.00000000
vn -0.00000000 -0.50000000 -0.86600000
vn 1.00000000 -0.00000000 0.00000000
vn -0.00000000 0.00000000 -1.00000000
vn -0.00000000 0.50000000 -0.86600000
vn 1.00000000 -0.00000000 0.00000000
vn -0.00000000 -0.86600000 0.50000000
vn -1.00000000 -0.00000000 -0.00000000
vn 0.00000000 -1.00000000 -0.00000000
vn -1.00000000 -0.00000000 -0.00000000
vn -1.00000000 -0.00000000 -0.00000000
vn -0.00000000 -0.50000000 0.86600000
vn -0.00000000 -0.00000000 1.00000000
vn -1.00000000 -0.00000000 -0.00000000
vn -0.00000000 0.50000000 0.86600000
vn -1.00000000 -0.00000000 -0.00000000
vn -1.00000000 -0.00000000 -0.00000000
vn -0.00000000 0.86600000 0.50000000
vn 0.00000000 1.00000000 0.00000000
vn 0.00000000 1.00000000 0.00000000
vn -1.00000000 -0.00000000 -0.00000000
vn -0.00000000 0.86600000 -0.50000000
vn -1.00000000 -0.00000000 -0.00000000
vn -1.00000000 -0.00000000 -0.00000000
vn -0.00000000 0.50000000 -0.86600000
vn -0.00000000 0.00000000 -1.00000000
vn -1.00000000 -0.00000000 -0.00000000
vn -0.00000000 -0.50000000 -0.86600000
vn -1.00000000 -0.00000000 -0.00000000
vn -1.00000000 -0.00000000 -0.00000000
vn -0.00000000 -0.86600000 -0.50000000
vn 0.00000000 1.00000000 0.00000000
vn 0.00000000 1.00000000 0.00000000
vn -1.00000000 -0.00000000 -0.00000000
vn -1.00000000 -0.00000000 -0.00000000
vn -0.00000000 0.86600000 0.50000000
vn -0.00000000 0.50000000 0.86600000
vn -1.00000000 -0.00000000 -0.00000000
vn -1.00000000 -0.00000000 -0.00000000
vn -0.00000000 0.00000000 -1.00000000
vn -1.00000000 -0.00000000 -0.00000000
vn -0.00000000 0.50000000 -0.86600000
vn -0.00000000 0.86600000 -0.50000000
vn -1.00000000 -0.00000000 -0.00000000
vn 0.00000000 -1.00000000 -0.00000000
vn -1.00000000 -0.00000000 -0.00000000
vn -1.00000000 -0.00000000 -0.00000000
vn -0.00000000 -0.86600000 -0.50000000
vn -0.00000000 -0.50000000 -0.86600000
vn -1.00000000 -0.00000000 -0.00000000
vn -1.00000000 -0.00000000 -0.00000000
vn -0.00000000 -0.00000000 1.00000000
vn -1.00000000 -0.00000000 -0.00000000
vn -0.00000000 -0.50000000 0.86600000
vn -0.00000000 -0.86600000 0.50000000
vn -1.00000000 -0.00000000 -0.00000000
vn -1.00000000 -0.00000000 -0.00000000
vn -0.00000000 -0.86600000 -0.50000000
vn -1.00000000 -0.00000000 -0.00000000
vn 0.00000000 -1.00000000 -0.00000000
vn -1.00000000 -0.00000000 -0.00000000
vn -0.00000000 -0.86600000 0.50000000
vn -0.00000000 -0.50000000 0.86600000
vn -1.00000000 -0.00000000 -0.00000000
vn -1.00000000 -0.00000000 -0.00000000
vn -0.00000000 -0.00000000 1.00000000
vn -1.00000000 -0.00000000 -0.00000000
vn -0.00000000 0.50000000 0.86600000
vn -1.00000000 -0.00000000 -0.00000000
vn -0.00000000 0.86600000 0.50000000
vn 0.00000000 1.00000000 0.00000000
vn -1.00000000 -0.00000000 -0.00000000
vn 0.00000000 1.00000000 0.00000000
vn -0.00000000 0.86600000 -0.50000000
vn -1.00000000 -0.00000000 -0.00000000
vn -0.00000000 0.50000000 -0.86600000
vn -1.00000000 -0.00000000 -0.00000000
vn -1.00000000 -0.00000000 -0.00000000
vn -0.00000000 0.00000000 -1.00000000
vn -1.00000000 -0.00000000 -0.00000000
vn -0.00000000 -0.50000000 -0.86600000
vn -0.00000000 0.86600000 0.50000000
vn 1.00000000 -0.00000000 0.00000000
vn 1.00000000 -0.00000000 0.00000000
vn -0.00000000 0.86600000 0.50000000
vn 1.00000000 -0.00000000 0.00000000
vn 0.00000000 1.00000000 0.00000000
vn 0.00000000 1.00000000 0.00000000
vn 1.00000000 -0.00000000 0.00000000
vn 1.00000000 -0.00000000 0.00000000
vn -0.00000000 0.86600000 -0.50000000
vn 1.00000000 -0.00000000 0.00000000
vn -0.00000000 0.86600000 -0.50000000
vn -0.00000000 0.50000000 -0.86600000
vn 1.00000000 -0.00000000 0.00000000
vn -0.00000000 0.50000000 0.86600000
vn 1.00000000 -0.00000000 0.00000000
vn 1.00000000 -0.00000000 0.00000000
vn -0.00000000 0.50000000 0.86600000
vn 1.00000000 -0.00000000 0.00000000
vn -0.00000000 -0.00000000 1.00000000
vn 1.00000000 -0.00000000 0.00000000
vn -0.00000000 -0.00000000 1.00000000
vn 1.00000000 -0.00000000 0.00000000
vn -0.00000000 -0.50000000 0.86600000
vn -0.00000000 -0.50000000 0.86600000
vn 1.00000000 -0.00000000 0.00000000
vn 1.00000000 -0.00000000 0.00000000
vn -0.00000000 -0.86600000 0.50000000
vn -0.00000000 -0.86600000 0.50000000
vn 1.00000000 -0.00000000 0.00000000
vn 0.00000000 -1.00000000 -0.00000000
vn 0.00000000 -1.00000000 -0.00000000
vn 1.00000000 -0.00000000 0.00000000
vn 1.00000000 -0.00000000 0.00000000
vn 0.00000000 -1.00000000 -0.00000000
vn 0.00000000 -1.00000000 -0.00000000
vn 1.00000000 -0.00000000 0.00000000
vn -0.00000000 -0.86600000 -0.50000000
vn -0.00000000 -0.86600000 -0.50000000
vn 1.00000000 -0.00000000 0.00000000
vn 1.00000000 -0.00000000 0.00000000
vn -0.00000000 -0.50000000 -0.86600000
vn -0.00000000 -0.50000000 -0.86600000
vn 1.00000000 -0.00000000 0.00000000
vn 1.00000000 -0.00000000 0.00000000
vn -0.00000000 0.00000000 -1.00000000
vn -0.00000000 0.00000000 -1.00000000
vn 1.00000000 -0.00000000 0.00000000
vn -0.00000000 0.50000000 -0.86600000
vn 1.00000000 -0.00000000 0.00000000
vn -1.00000000 -0.00000000 -0.00000000
vn -0.00000000 -0.86600000 0.50000000
vn -0.00000000 -0.86600000 0.50000000
vn -1.00000000 -0.00000000 -0.00000000
vn -1.00000000 -0.00000000 -0.00000000
vn 0.00000000 -1.00000000 -0.00000000
vn 0.00000000 -1.00000000 -0.00000000
vn -1.00000000 -0.00000000 -0.00000000
vn 0.00000000 -1.00000000 -0.00000000
vn 0.00000000 -1.00000000 -0.00000000
vn -0.00000000 -0.86600000 -0.50000000
vn -1.00000000 -0.00000000 -0.00000000
vn -1.00000000 -0.00000000 -0.00000000
vn -0.00000000 -0.86600000 -0.50000000
vn -0.00000000 -0.50000000 -0.86600000
vn -1.00000000 -0.00000000 -0.00000000
vn -1.00000000 -0.00000000 -0.00000000
vn -0.00000000 -0.50000000 0.86600000
vn -1.00000000 -0.00000000 -0.00000000
vn -0.00000000 -0.50000000 0.86600000
vn -0.00000000 -0.00000000 1.00000000
vn -1.00000000 -0.00000000 -0.00000000
vn -1.00000000 -0.00000000 -0.00000000
vn -0.00000000 -0.00000000 1.00000000
vn -1.00000000 -0.00000000 -0.00000000
vn -0.00000000 0.50000000 0.86600000
vn -0.00000000 0.50000000 0.86600000
vn -1.00000000 -0.00000000 -0.00000000
vn -1.00000000 -0.00000000 -0.00000000
vn -0.00000000 0.86600000 0.50000000
vn -0.00000000 0.86600000 0.50000000
vn -1.00000000 -0.00000000 -0.00000000
vn 0.00000000 1.00000000 0.00000000
vn -1.00000000 -0.00000000 -0.00000000
vn 0.00000000 1.00000000 0.00000000
vn -1.00000000 -0.00000000 -0.00000000
vn -1.00000000 -0.00000000 -0.00000000
vn -0.00000000 0.86600000 -0.50000000
vn -1.00000000 -0.00000000 -0.00000000
vn -0.00000000 0.86600000 -0.50000000
vn -1.00000000 -0.00000000 -0.00000000
vn -0.00000000 0.50000000 -0.86600000
vn -0.00000000 0.50000000 -0.86600000
vn -1.00000000 -0.00000000 -0.00000000
vn -1.00000000 -0.00000000 -0.00000000
vn -0.00000000 0.00000000 -1.00000000
vn -0.00000000 0.00000000 -1.00000000
vn -1.00000000 -0.00000000 -0.00000000
vn -0.00000000 -0.50000000 -0.86600000
vn -1.00000000 -0.00000000 -0.00000000
vn 0.00000000 1.00000000 0.00000000
vn 1.00000000 -0.00000000 0.00000000
vn 0.00000000 -0.20000000 -0.97980000
vn 0.00000000 -0.20000000 -0.97980000
vn 0.00000000 -0.20000000 -0.97980000
vn 0.00000000 1.00000000 0.00000000
vn 0.00000000 -0.61140000 -0.79130000
vn 0.00000000 -0.61140000 -0.79130000
vn -0.00000000 -0.89760000 -0.44080000
vn -0.00000000 -0.89760000 -0.44080000
vn 0.00000000 -1.00000000 -0.00000000
vn 0.00000000 -1.00000000 -0.00000000
vn 0.00000000 -1.00000000 -0.00000000
vn 0.00000000 -0.89760000 0.44080000
vn 0.00000000 -0.89760000 0.44080000
vn 0.00000000 -0.61140000 0.79130000
vn 0.00000000 -0.61140000 0.79130000
vn 1.00000000 -0.00000000 0.00000000
vn 0.00000000 1.00000000 0.00000000
vn 0.00000000 -0.20000000 0.97980000
vn -0.00000000 -0.06710000 0.99770000
vn 1.00000000 -0.00000000 0.00000000
vn 1.00000000 -0.00000000 0.00000000
vn -0.00000000 0.06710000 0.99770000
vn 0.00000000 -0.20000000 0.97980000
vn 0.00000000 1.00000000 0.00000000
vn 0.00000000 -0.20000000 0.97980000
vn 0.00000000 -1.00000000 -0.00000000
vn 1.00000000 -0.00000000 0.00000000
vn 0.00000000 0.20000000 0.97980000
vn 0.00000000 0.20000000 0.97980000
vn 0.00000000 0.20000000 0.97980000
vn 0.00000000 -1.00000000 -0.00000000
vn 0.00000000 0.61140000 0.79130000
vn 0.00000000 0.61140000 0.79130000
vn 0.00000000 0.89760000 0.44080000
vn 0.00000000 0.89760000 0.44080000
vn 0.00000000 1.00000000 0.00000000
vn 0.00000000 1.00000000 0.00000000
vn 0.00000000 0.89760000 -0.44080000
vn 0.00000000 0.89760000 -0.44080000
vn 0.00000000 0.61140000 -0.79130000
vn 0.00000000 0.61140000 -0.79130000
vn 0.00000000 -1.00000000 -0.00000000
vn 1.00000000 -0.00000000 0.00000000
vn 0.00000000 0.20000000 -0.97980000
vn 0.00000000 0.06710000 -0.99770000
vn 1.00000000 -0.00000000 0.00000000
vn 0.00000000 -0.06710000 -0.99770000
vn 1.00000000 -0.00000000 0.00000000
vn 0.00000000 -1.00000000 -0.00000000
vn 0.00000000 0.20000000 -0.97980000
vn 0.00000000 0.20000000 -0.97980000
vn 0.38750000 -0.18860000 0.90240000
vn 0.00000000 1.00000000 0.00000000
vn 0.50000000 -0.52950000 0.68530000
vn 0.00000000 1.00000000 0.00000000
vn 0.71280000 -0.15340000 0.68440000
vn 0.86600000 -0.30570000 0.39560000
vn 0.00000000 1.00000000 0.00000000
vn 0.92640000 -0.09170000 0.36530000
vn 1.00000000 -0.00000000 0.00000000
vn 0.00000000 1.00000000 0.00000000
vn 1.00000000 -0.00000000 0.00000000
vn 1.00000000 -0.00000000 0.00000000
vn 1.00000000 -0.00000000 0.00000000
vn 0.86600000 -0.44880000 0.22040000
vn 1.00000000 -0.00000000 0.00000000
vn 1.00000000 -0.00000000 0.00000000
vn 0.86600000 -0.50000000 0.00000000
vn 1.00000000 -0.00000000 0.00000000
vn 1.00000000 -0.00000000 0.00000000
vn 0.86600000 -0.44880000 -0.22040000
vn 1.00000000 -0.00000000 0.00000000
vn 1.00000000 -0.00000000 0.00000000
vn 0.86600000 -0.30570000 -0.39570000
vn 1.00000000 -0.00000000 0.00000000
vn 0.00000000 1.00000000 0.00000000
vn 1.00000000 -0.00000000 0.00000000
vn 0.92660000 -0.09150000 -0.36480000
vn 0.00000000 1.00000000 0.00000000
vn 0.71280000 -0.15340000 -0.68440000
vn 0.00000000 1.00000000 0.00000000
vn 0.50000000 -0.52950000 -0.68530000
vn 0.38740000 -0.18860000 -0.90240000
vn 0.00000000 1.00000000 0.00000000
vn 0.50000000 -0.77730000 0.38170000
vn 0.50000000 -0.86600000 0.00000000
vn 0.50000000 -0.77730000 -0.38170000
vn 0.00000000 -1.00000000 -0.00000000
vn 0.38740000 0.18860000 -0.90240000
vn 0.38740000 0.18860000 0.90240000
vn 0.00000000 -1.00000000 -0.00000000
vn 0.71280000 0.15340000 -0.68440000
vn 0.00000000 -1.00000000 -0.00000000
vn 1.00000000 -0.00000000 0.00000000
vn 0.00000000 -1.00000000 -0.00000000
vn 1.00000000 -0.00000000 0.00000000
vn 0.71280000 0.15340000 0.68440000
vn 0.00000000 -1.00000000 -0.00000000
vn 0.92660000 0.09150000 -0.36480000
vn 0.00000000 -1.00000000 -0.00000000
vn 1.00000000 -0.00000000 0.00000000
vn 0.00000000 -1.00000000 -0.00000000
vn 1.00000000 -0.00000000 0.00000000
vn 0.00000000 -1.00000000 -0.00000000
vn 0.92660000 0.09150000 0.36480000
vn 0.86600000 0.30570000 0.39570000
vn 1.00000000 -0.00000000 0.00000000
vn 1.00000000 -0.00000000 0.00000000
vn 0.86600000 0.44880000 0.22040000
vn 1.00000000 -0.00000000 0.00000000
vn 1.00000000 -0.00000000 0.00000000
vn 0.86600000 0.50000000 -0.00000000
vn 1.00000000 -0.00000000 0.00000000
vn 1.00000000 -0.00000000 0.00000000
vn 0.86600000 0.44880000 -0.22040000
vn 1.00000000 -0.00000000 0.00000000
vn 1.00000000 -0.00000000 0.00000000
vn 0.86600000 0.30570000 -0.39560000
vn 0.50000000 0.52950000 -0.68530000
vn 0.50000000 0.77730000 -0.38170000
vn 0.50000000 0.86600000 -0.00000000
vn 0.50000000 0.77730000 0.38170000
vn 0.50000000 0.52950000 0.68530000
vn -1.00000000 -0.00000000 -0.00000000
vn 0.00000000 1.00000000 0.00000000
vn 0.00000000 -0.20000000 0.97980000
vn -1.00000000 -0.00000000 -0.00000000
vn -0.00000000 -0.06710000 0.99770000
vn 0.00000000 -0.20000000 -0.97980000
vn 0.00000000 1.00000000 0.00000000
vn -1.00000000 -0.00000000 -0.00000000
vn -1.00000000 -0.00000000 -0.00000000
vn 0.00000000 -0.06710000 -0.99770000
vn -1.00000000 -0.00000000 -0.00000000
vn -0.00000000 0.06710000 0.99770000
vn 0.00000000 0.06710000 -0.99770000
vn -1.00000000 -0.00000000 -0.00000000
vn 0.00000000 0.20000000 -0.97980000
vn 0.00000000 -1.00000000 -0.00000000
vn -1.00000000 -0.00000000 -0.00000000
vn 0.00000000 -1.00000000 -0.00000000
vn 0.00000000 0.20000000 0.97980000
vn -1.00000000 -0.00000000 -0.00000000
vn -1.00000000 -0.00000000 -0.00000000
vn -1.00000000 -0.00000000 -0.00000000
vn 0.00000000 1.00000000 0.00000000
vn 0.00000000 1.00000000 0.00000000
vn -1.00000000 -0.00000000 -0.00000000
vn -1.00000000 -0.00000000 -0.00000000
vn -1.00000000 -0.00000000 -0.00000000
vn -1.00000000 -0.00000000 -0.00000000
vn -1.00000000 -0.00000000 -0.00000000
vn -1.00000000 -0.00000000 -0.00000000
vn -1.00000000 -0.00000000 -0.00000000
vn -1.00000000 -0.00000000 -0.00000000
vn -1.00000000 -0.00000000 -0.00000000
vn -1.00000000 -0.00000000 -0.00000000
vn 0.00000000 1.00000000 0.00000000
vn -0.92660000 -0.09150000 -0.36480000
vn 0.00000000 1.00000000 0.00000000
vn -0.71280000 -0.15340000 -0.68440000
vn 0.00000000 1.00000000 0.00000000
vn -0.38740000 -0.18860000 -0.90240000
vn 0.00000000 1.00000000 0.00000000
vn -0.71280000 -0.15340000 0.68440000
vn 0.00000000 1.00000000 0.00000000
vn -0.38740000 -0.18860000 0.90240000
vn -0.92660000 -0.09150000 0.36480000
vn 0.00000000 1.00000000 0.00000000
vn 0.00000000 1.00000000 0.00000000
vn 0.00000000 -0.20000000 -0.97980000
vn 0.00000000 -0.20000000 -0.97980000
vn 0.00000000 1.00000000 0.00000000
vn 0.00000000 -0.20000000 0.97980000
vn 0.00000000 -0.20000000 0.97980000
vn 0.00000000 -0.61140000 -0.79130000
vn 0.00000000 -0.61140000 -0.79130000
vn -0.50000000 -0.52950000 -0.68530000
vn -0.86600000 -0.30570000 -0.39560000
vn -0.86600000 -0.44880000 -0.22040000
vn -0.86600000 -0.50000000 -0.00000000
vn -0.86600000 -0.44880000 0.22040000
vn -0.86600000 -0.30570000 0.39570000
vn -0.50000000 -0.52950000 0.68530000
vn 0.00000000 -0.61140000 0.79130000
vn 0.00000000 -0.61140000 0.79130000
vn 0.00000000 -0.89760000 0.44080000
vn 0.00000000 -0.89760000 0.44080000
vn -0.50000000 -0.77730000 0.38170000
vn 0.00000000 -1.00000000 -0.00000000
vn 0.00000000 -1.00000000 -0.00000000
vn 0.00000000 -1.00000000 -0.00000000
vn -0.50000000 -0.86600000 -0.00000000
vn -0.00000000 -0.89760000 -0.44080000
vn -0.00000000 -0.89760000 -0.44080000
vn -0.50000000 -0.77730000 -0.38170000
vn -1.00000000 -0.00000000 -0.00000000
vn 0.00000000 -1.00000000 -0.00000000
vn -1.00000000 -0.00000000 -0.00000000
vn -1.00000000 -0.00000000 -0.00000000
vn -1.00000000 -0.00000000 -0.00000000
vn -1.00000000 -0.00000000 -0.00000000
vn 0.00000000 -1.00000000 -0.00000000
vn -1.00000000 -0.00000000 -0.00000000
vn -1.00000000 -0.00000000 -0.00000000
vn -1.00000000 -0.00000000 -0.00000000
vn -1.00000000 -0.00000000 -0.00000000
vn -1.00000000 -0.00000000 -0.00000000
vn -1.00000000 -0.00000000 -0.00000000
vn -1.00000000 -0.00000000 -0.00000000
vn -0.92660000 0.09150000 0.36480000
vn 0.00000000 -1.00000000 -0.00000000
vn 0.00000000 -1.00000000 -0.00000000
vn -0.71280000 0.15340000 0.68440000
vn -0.38740000 0.18860000 0.90240000
vn 0.00000000 -1.00000000 -0.00000000
vn 0.00000000 -1.00000000 -0.00000000
vn -0.71280000 0.15340000 -0.68440000
vn 0.00000000 -1.00000000 -0.00000000
vn -0.38740000 0.18860000 -0.90240000
vn 0.00000000 -1.00000000 -0.00000000
vn -0.92660000 0.09150000 -0.36480000
vn 0.00000000 -1.00000000 -0.00000000
vn 0.00000000 0.20000000 0.97980000
vn 0.00000000 0.20000000 0.97980000
vn 0.00000000 -1.00000000 -0.00000000
vn 0.00000000 0.20000000 -0.97980000
vn 0.00000000 0.20000000 -0.97980000
vn 0.00000000 0.61140000 -0.79130000
vn 0.00000000 0.61140000 -0.79130000
vn 0.00000000 0.89760000 -0.44080000
vn 0.00000000 0.89760000 -0.44080000
vn 0.00000000 1.00000000 0.00000000
vn 0.00000000 1.00000000 0.00000000
vn 0.00000000 0.89760000 0.44080000
vn 0.00000000 0.89760000 0.44080000
vn 0.00000000 0.61140000 0.79130000
vn 0.00000000 0.61140000 0.79130000
vn -0.50000000 0.52950000 0.68530000
vn -0.86600000 0.30570000 0.39560000
vn -0.86600000 0.44880000 0.22040000
vn -0.86600000 0.50000000 0.00000000
vn -0.86600000 0.44880000 -0.22040000
vn -0.86600000 0.30570000 -0.39570000
vn -0.50000000 0.52950000 -0.68530000
vn -0.50000000 0.77740000 -0.38170000
vn -0.50000000 0.86600000 0.00000000
vn -0.50000000 0.77730000 0.38170000
vn -0.99540000 -0.00000000 0.09590000
vn -0.00000000 -0.92360000 0.38340000
vn -1.00000000 -0.00000000 -0.00000000
vn -1.00000000 -0.00000000 -0.00000000
vn 0.00000000 -1.00000000 -0.00000000
vn -1.00000000 -0.00000000 -0.00000000
vn 0.00000000 1.00000000 0.00000000
vn -1.00000000 -0.00000000 -0.00000000
vn -0.99540000 -0.00000000 -0.09590000
vn 0.00000000 -0.92360000 -0.38340000
vn -0.00000000 -0.70700000 -0.70720000
vn -0.98430000 -0.00000000 -0.17680000
vn -0.97300000 -0.00000000 -0.23090000
vn 0.00000000 -0.38340000 -0.92360000
vn -0.86600000 0.00000000 -0.50000000
vn 0.00000000 1.00000000 0.00000000
vn -0.96820000 -0.00000000 -0.25000000
vn -0.00000000 0.00000000 -1.00000000
vn 0.00000000 -1.00000000 -0.00000000
vn -0.86600000 0.00000000 -0.50000000
vn -0.00000000 0.38340000 -0.92360000
vn -0.97300000 -0.00000000 -0.23090000
vn -1.00000000 -0.00000000 -0.00000000
vn -1.00000000 -0.00000000 -0.00000000
vn 0.00000000 -1.00000000 -0.00000000
vn 0.00000000 0.70710000 -0.70710000
vn -0.98420000 -0.00000000 -0.17680000
vn -0.00000000 0.92360000 -0.38340000
vn -0.99540000 -0.00000000 -0.09590000
vn 0.00000000 1.00000000 0.00000000
vn -1.00000000 -0.00000000 -0.00000000
vn -1.00000000 -0.00000000 -0.00000000
vn 0.00000000 1.00000000 0.00000000
vn -0.99540000 -0.00000000 0.09590000
vn -0.00000000 0.92360000 0.38340000
vn 0.00000000 0.70710000 0.70710000
vn -0.98430000 -0.00000000 0.17680000
vn 0.00000000 0.38340000 0.92360000
vn -0.97300000 -0.00000000 0.23090000
vn -0.96820000 0.00000000 0.25000000
vn -0.00000000 -0.00000000 1.00000000
vn 0.00000000 -1.00000000 -0.00000000
vn -0.86600000 -0.00000000 0.50000000
vn -0.86600000 -0.00000000 0.50000000
vn 0.00000000 1.00000000 0.00000000
vn -0.50000000 -0.00000000 0.86600000
vn 0.00000000 -1.00000000 -0.00000000
vn -0.50000000 -0.00000000 0.86600000
vn 0.00000000 1.00000000 0.00000000
vn -0.00000000 -0.00000000 1.00000000
vn 0.00000000 -1.00000000 -0.00000000
vn -0.00000000 -0.00000000 1.00000000
vn 0.00000000 1.00000000 0.00000000
vn 0.00000000 -1.00000000 -0.00000000
vn 0.50000000 -0.00000000 0.86600000
vn 0.50000000 -0.00000000 0.86600000
vn 0.00000000 1.00000000 0.00000000
vn 0.00000000 -1.00000000 -0.00000000
vn 0.86600000 -0.00000000 0.50000000
vn 0.00000000 1.00000000 0.00000000
vn 0.86600000 -0.00000000 0.50000000
vn -0.00000000 -0.00000000 1.00000000
vn 0.96820000 0.00000000 0.25000000
vn -0.00000000 -0.38340000 0.92360000
vn 0.97300000 -0.00000000 0.23090000
vn 0.00000000 1.00000000 0.00000000
vn 1.00000000 -0.00000000 0.00000000
vn 0.00000000 -0.70700000 0.70720000
vn 0.98430000 -0.00000000 0.17680000
vn -0.00000000 -0.92360000 0.38340000
vn 0.99540000 -0.00000000 0.09590000
vn 1.00000000 -0.00000000 0.00000000
vn 0.00000000 -1.00000000 -0.00000000
vn 0.00000000 -0.92360000 -0.38340000
vn 0.99540000 -0.00000000 -0.09590000
vn 0.98430000 -0.00000000 -0.17680000
vn -0.00000000 -0.70700000 -0.70720000
vn 0.00000000 -0.38340000 -0.92360000
vn 0.97300000 0.00000000 -0.23090000
vn -0.00000000 0.00000000 -1.00000000
vn 0.96820000 0.00000000 -0.25000000
vn 0.00000000 1.00000000 0.00000000
vn 0.86600000 0.00000000 -0.50000000
vn 0.86600000 0.00000000 -0.50000000
vn 0.00000000 -1.00000000 -0.00000000
vn 0.00000000 -1.00000000 -0.00000000
vn 0.50000000 0.00000000 -0.86600000
vn 0.50000000 0.00000000 -0.86600000
vn 0.00000000 1.00000000 0.00000000
vn 0.00000000 -1.00000000 -0.00000000
vn -0.00000000 0.00000000 -1.00000000
vn -0.00000000 0.00000000 -1.00000000
vn 0.00000000 1.00000000 0.00000000
vn -0.50000000 0.00000000 -0.86600000
vn 0.00000000 -1.00000000 -0.00000000
vn 0.00000000 1.00000000 0.00000000
vn -0.50000000 0.00000000 -0.86600000
vn -0.00000000 -0.38340000 0.92360000
vn -0.97300000 -0.00000000 0.23090000
vn -0.98430000 -0.00000000 0.17680000
vn 0.00000000 -0.70700000 0.70720000
vn 0.00000000 -1.00000000 -0.00000000
vn 1.00000000 -0.00000000 0.00000000
vn 0.97300000 0.00000000 -0.23090000
vn -0.00000000 0.38340000 -0.92360000
vn 0.00000000 0.70710000 -0.70710000
vn 0.98420000 -0.00000000 -0.17680000
vn 0.99540000 -0.00000000 -0.09590000
vn -0.00000000 0.92360000 -0.38340000
vn 1.00000000 -0.00000000 0.00000000
vn 0.00000000 1.00000000 0.00000000
vn 0.00000000 1.00000000 0.00000000
vn 0.99540000 -0.00000000 0.09590000
vn -0.00000000 0.92360000 0.38340000
vn 0.98430000 -0.00000000 0.17680000
vn 0.00000000 0.70710000 0.70710000
vn 0.00000000 0.38340000 0.92360000
vn 0.97300000 -0.00000000 0.23090000
vn 0.00000000 -1.00000000 -0.00000000
vn -0.86600000 0.00000000 -0.50000000
vn 0.00000000 0.00010000 -1.00000000
vn 0.00000000 -1.00000000 -0.00000000
vn 0.00000000 0.00010000 -1.00000000
vn -1.00000000 -0.00000000 -0.00000000
vn 0.00000000 -1.00000000 -0.00000000
vn -1.00000000 -0.00000000 -0.00000000
vn -0.50000000 0.00000000 -0.86600000
vn 0.00000000 -1.00000000 -0.00000000
vn 0.00000000 -1.00000000 -0.00000000
vn -0.00000000 0.00000000 -1.00000000
vn -0.00000000 0.00000000 -1.00000000
vn 0.50000000 0.00000000 -0.86600000
vn 0.00000000 -1.00000000 -0.00000000
vn 0.00000000 -1.00000000 -0.00000000
vn 0.86600000 0.00000000 -0.50000000
vn 1.00000000 -0.00000000 0.00000000
vn 0.00000000 -1.00000000 -0.00000000
vn 1.00000000 -0.00000000 0.00000000
vn 1.00000000 -0.00000000 0.00000000
vn 0.00000000 -1.00000000 -0.00000000
vn 1.00000000 -0.00000000 0.00000000
vn -0.00000000 -0.00000000 1.00000000
vn 0.00000000 -1.00000000 -0.00000000
vn -0.00000000 -0.00000000 1.00000000
vn -0.00000000 -0.00000000 1.00000000
vn -0.00000000 -0.00000000 1.00000000
vn 0.00000000 -1.00000000 -0.00000000
vn -1.00000000 -0.00000000 -0.00000000
vn -1.00000000 -0.00000000 -0.00000000
vn 0.00000000 -1.00000000 -0.00000000
vn 0.00000000 -1.00000000 -0.00000000
vn 0.86600000 -0.00000000 0.50000000
vn 0.50000000 -0.00000000 0.86600000
vn 0.00000000 -1.00000000 -0.00000000
vn -0.50000000 -0.00000000 0.86600000
vn 0.00000000 -1.00000000 -0.00000000
vn 0.00000000 -1.00000000 -0.00000000
vn -0.86600000 -0.00000000 0.50000000
vn 0.00000000 1.00000000 0.00000000
vn -0.00000000 0.00000000 -1.00000000
vn -0.00000000 0.00000000 -1.00000000
vn 0.50000000 0.00000000 -0.86600000
vn 0.00000000 1.00000000 0.00000000
vn 0.50000000 0.00000000 -0.86600000
vn 0.86600000 0.00000000 -0.50000000
vn 0.00000000 1.00000000 0.00000000
vn 0.86600000 0.00000000 -0.50000000
vn 1.00000000 -0.00000000 0.00000000
vn 1.00000000 -0.00000000 0.00000000
vn 0.00000000 1.00000000 0.00000000
vn -0.34690000 0.56930000 -0.74530000
vn -0.52030000 0.85400000 0.00000000
vn -0.52030000 0.85400000 0.00000000
vn -0.00000000 -0.00000000 1.00000000
vn -0.58510000 0.31960000 -0.74540000
vn -0.87760000 0.47940000 0.00000000
vn -0.87760000 0.47940000 0.00000000
vn -0.58510000 0.31960000 -0.74540000
vn -0.87760000 0.47940000 0.00000000
vn -0.87760000 0.47940000 0.00000000
vn -0.00000000 -0.00000000 1.00000000
vn -0.66650000 -0.01570000 -0.74530000
vn -0.99970000 -0.02360000 0.00000000
vn -0.00000000 -0.00000000 1.00000000
vn -0.99970000 -0.02360000 0.00000000
vn -0.56930000 -0.34690000 -0.74540000
vn -0.85400000 -0.52030000 0.00000000
vn -0.85400000 -0.52030000 0.00000000
vn -0.00000000 -0.00000000 1.00000000
vn -0.47940000 -0.87760000 0.00000000
vn -0.31960000 -0.58500000 -0.74540000
vn -0.00000000 -0.00000000 1.00000000
vn -0.47940000 -0.87760000 0.00000000
vn 0.01570000 -0.66650000 -0.74530000
vn 0.02360000 -0.99970000 0.00000000
vn -0.00000000 -0.00000000 1.00000000
vn 0.02360000 -0.99970000 0.00000000
vn 0.52030000 -0.85400000 0.00000000
vn 0.34690000 -0.56930000 -0.74530000
vn -0.00000000 -0.00000000 1.00000000
vn 0.52030000 -0.85400000 0.00000000
vn 0.58510000 -0.31960000 -0.74540000
vn 0.87760000 -0.47940000 0.00000000
vn -0.00000000 -0.00000000 1.00000000
vn 0.87760000 -0.47940000 0.00000000
vn 0.66650000 0.01570000 -0.74530000
vn 0.99970000 0.02360000 0.00000000
vn -0.00000000 -0.00000000 1.00000000
vn 0.99970000 0.02360000 0.00000000
vn 0.85400000 0.52030000 0.00000000
vn 0.56930000 0.34690000 -0.74540000
vn -0.00000000 -0.00000000 1.00000000
vn 0.85400000 0.52030000 0.00000000
vn 0.47940000 0.87760000 0.00000000
vn 0.31960000 0.58510000 -0.74540000
vn -0.00000000 -0.00000000 1.00000000
vn 0.47940000 0.87760000 0.00000000
vn -0.01570000 0.66650000 -0.74530000
vn -0.02360000 0.99970000 0.00000000
vn -0.00000000 -0.00000000 1.00000000
vn -0.02360000 0.99970000 0.00000000
vn -0.90400000 0.04630000 -0.42510000
vn -0.79430000 0.43390000 -0.42510000
vn -0.79430000 0.43390000 -0.42510000
vn -0.52740000 0.73560000 -0.42510000
vn -0.87700000 0.47910000 -0.03710000
vn -0.87700000 0.47910000 -0.03710000
vn -0.58230000 0.81220000 -0.03710000
vn -0.81980000 0.44790000 0.35680000
vn -0.81980000 0.44790000 0.35680000
vn -0.54430000 0.75920000 0.35680000
vn -0.63200000 0.34520000 0.69380000
vn -0.63200000 0.34520000 0.69380000
vn -0.41960000 0.58530000 0.69390000
vn -0.34330000 0.18760000 0.92030000
vn -0.34330000 0.18760000 0.92030000
vn -0.22800000 0.31800000 0.92030000
vn -0.00000000 -0.00000000 1.00000000
vn -0.00000000 -0.00000000 1.00000000
vn -0.00000000 -0.00000000 1.00000000
vn -0.00000000 -0.00000000 1.00000000
vn -0.00000000 -0.00000000 1.00000000
vn -0.00000000 -0.00000000 1.00000000
vn -0.00000000 -0.00000000 1.00000000
vn -0.00000000 -0.00000000 1.00000000
vn -0.00000000 -0.00000000 1.00000000
vn -0.00000000 -0.00000000 1.00000000
vn -0.00000000 -0.00000000 1.00000000
vn -0.00000000 -0.00000000 1.00000000
vn -0.00000000 -0.00000000 1.00000000
vn -0.00000000 -0.00000000 1.00000000
vn -0.83450000 -0.35050000 -0.42510000
vn -0.59980000 -0.67790000 -0.42510000
vn -0.24630000 -0.87100000 -0.42510000
vn 0.15600000 -0.89160000 -0.42510000
vn 0.52740000 -0.73560000 -0.42510000
vn 0.79430000 -0.43400000 -0.42510000
vn 0.90400000 -0.04630000 -0.42510000
vn 0.99800000 -0.05110000 -0.03690000
vn 0.92140000 0.38690000 -0.03720000
vn 0.86130000 0.36170000 0.35680000
vn 0.61910000 0.69960000 0.35680000
vn 0.47720000 0.53930000 0.69380000
vn 0.19600000 0.69290000 0.69380000
vn 0.10650000 0.37650000 0.92030000
vn -0.06740000 0.38540000 0.92030000
vn 0.83450000 0.35050000 -0.42510000
vn 0.66220000 0.74840000 -0.03710000
vn 0.25420000 0.89890000 0.35680000
vn -0.12410000 0.70930000 0.69380000
vn 0.59980000 0.67790000 -0.42510000
vn 0.27190000 0.96160000 -0.03710000
vn -0.16100000 0.92020000 0.35680000
vn 0.24630000 0.87100000 -0.42510000
vn -0.17220000 0.98440000 -0.03730000
vn -0.15600000 0.89160000 -0.42510000
vn 0.25930000 0.29300000 0.92030000
vn 0.36070000 0.15150000 0.92030000
vn 0.39070000 -0.02000000 0.92030000
vn 0.34330000 -0.18760000 0.92030000
vn 0.22800000 -0.31800000 0.92030000
vn 0.06740000 -0.38540000 0.92030000
vn -0.10650000 -0.37650000 0.92030000
vn -0.25930000 -0.29300000 0.92030000
vn -0.36070000 -0.15150000 0.92030000
vn -0.39070000 0.02000000 0.92030000
vn -0.99800000 0.05110000 -0.03700000
vn -0.92140000 -0.38690000 -0.03710000
vn -0.66220000 -0.74840000 -0.03720000
vn -0.27190000 -0.96160000 -0.03690000
vn 0.17220000 -0.98440000 -0.03730000
vn 0.58230000 -0.81220000 -0.03710000
vn 0.87700000 -0.47910000 -0.03710000
vn -0.93290000 0.04780000 0.35680000
vn -0.86130000 -0.36170000 0.35680000
vn -0.61910000 -0.69960000 0.35680000
vn -0.25420000 -0.89890000 0.35680000
vn 0.16100000 -0.92020000 0.35680000
vn 0.54430000 -0.75920000 0.35680000
vn 0.81980000 -0.44790000 0.35680000
vn 0.93290000 -0.04780000 0.35680000
vn -0.71920000 0.03690000 0.69380000
vn -0.66390000 -0.27880000 0.69380000
vn -0.47720000 -0.53930000 0.69390000
vn -0.19600000 -0.69290000 0.69390000
vn 0.12410000 -0.70930000 0.69380000
vn 0.41960000 -0.58530000 0.69380000
vn 0.63200000 -0.34520000 0.69380000
vn 0.71920000 -0.03690000 0.69380000
vn 0.66390000 0.27880000 0.69380000
vn -0.00000000 0.00000000 -1.00000000
vn 0.00000000 0.99450000 -0.10470000
vn 0.00000000 0.99450000 -0.10470000
vn 0.99450000 -0.00000000 -0.10470000
vn -0.00000000 0.00000000 -1.00000000
vn 0.00000000 0.99450000 -0.10470000
vn 0.00000000 0.99450000 -0.10470000
vn -0.55890000 0.82180000 -0.11070000
vn 0.00000000 0.99450000 -0.10470000
vn -0.00000000 -0.00000000 1.00000000
vn 0.99450000 -0.00000000 -0.10470000
vn 0.00000000 0.99450000 -0.10470000
vn -0.99910000 0.00000000 -0.04330000
vn -0.00000000 -0.00000000 1.00000000
vn 0.00000000 -0.99450000 -0.10470000
vn -0.00000000 0.00000000 -1.00000000
vn 0.99450000 -0.00000000 -0.10470000
vn 0.99450000 -0.00000000 -0.10470000
vn -0.00000000 -0.00000000 1.00000000
vn 0.00000000 -0.99450000 -0.10470000
vn 0.00000000 -0.99450000 -0.10470000
vn -0.00000000 0.00000000 -1.00000000
vn -0.99450000 0.00000000 -0.10470000
vn 0.00000000 -0.99450000 -0.10470000
vn -0.00000000 -0.00000000 1.00000000
vn -0.99450000 0.00000000 -0.10470000
vn -0.00000000 0.00000000 -1.00000000
vn -0.99450000 0.00000000 -0.10470000
vn 0.00000000 0.98930000 -0.14580000
vn -0.99450000 0.00000000 -0.10470000
vn -0.55330000 0.81370000 -0.17820000
vn -0.88670000 0.43470000 -0.15740000
vn -0.99450000 0.00000000 -0.10470000
vn -0.99450000 0.00000000 -0.10470000
vn -0.99450000 0.00000000 -0.10470000
vn -0.00000000 -0.00000000 1.00000000
vn -0.21900000 0.96590000 -0.13820000
vn -0.55640000 0.81820000 -0.14470000
vn -0.89130000 0.43690000 -0.12130000
vn -0.00000000 -0.00000000 1.00000000
vn 0.99720000 -0.00000000 -0.07480000
vn -0.00000000 -0.99720000 -0.07480000
vn -0.00000000 -0.00000000 1.00000000
vn -0.99720000 -0.00000000 -0.07480000
vn -0.00000000 -0.99720000 -0.07480000
vn 0.99720000 -0.00000000 -0.07480000
vn -0.00000000 -0.00000000 1.00000000
vn 0.00000000 0.99720000 -0.07480000
vn 0.00000000 0.99720000 -0.07480000
vn 0.00000000 0.99720000 -0.07480000
vn -0.00000000 -0.00000000 1.00000000
vn -0.00000000 -0.00000000 1.00000000
vn 0.00000000 0.99370000 -0.11180000
vn -0.99720000 -0.00000000 -0.07480000
vn -0.00000000 0.00000000 -1.00000000
vn -0.00000000 0.00000000 -1.00000000
vn -0.00000000 0.00000000 -1.00000000
vn -0.00000000 0.00000000 -1.00000000
vn -0.00000000 0.00000000 -1.00000000
vn -0.00000000 0.00000000 -1.00000000
vn -0.00000000 0.00000000 -1.00000000
vn -0.00000000 0.00000000 -1.00000000
vn -0.00000000 0.00000000 -1.00000000
vn -0.00000000 0.00000000 -1.00000000
vn -0.00000000 0.00000000 -1.00000000
vn -0.00000000 0.00000000 -1.00000000
vn -0.99720000 -0.00000000 -0.07480000
vn -0.99720000 -0.00000000 -0.07480000
vn -0.97810000 0.18540000 -0.09420000
vn -0.98150000 0.16930000 -0.08910000
vn -0.98910000 0.00000000 -0.14750000
vn -0.99720000 -0.00000000 -0.07480000
vn -0.00000000 -0.99720000 -0.07480000
vn -0.00000000 -0.99720000 -0.07480000
vn -0.99720000 -0.00000000 -0.07480000
vn -0.97760000 0.00000000 -0.21040000
vn -0.98470000 0.15560000 -0.07800000
vn -0.00000000 -0.90100000 -0.43390000
vn -0.90090000 0.00000000 -0.43390000
vn -0.98960000 0.13600000 -0.04660000
vn -0.95310000 0.00000000 -0.30280000
vn -0.00000000 0.95310000 -0.30270000
vn 0.00000000 0.81190000 -0.58380000
vn -0.81190000 0.00000000 -0.58380000
vn -0.00000000 -0.68010000 -0.73310000
vn -0.68010000 0.00000000 -0.73310000
vn -0.00000000 0.59040000 -0.80710000
vn -0.59040000 -0.00000000 -0.80710000
vn -0.00000000 -0.36530000 -0.93090000
vn -0.36530000 0.00000000 -0.93090000
vn -0.98150000 0.18610000 -0.04430000
vn 0.00000000 0.99720000 -0.07480000
vn 0.00000000 0.99720000 -0.07480000
vn 0.99720000 -0.00000000 -0.07480000
vn 0.00000000 0.99720000 -0.07480000
vn 0.99720000 -0.00000000 -0.07480000
vn 0.00000000 0.99720000 -0.07480000
vn 0.90100000 0.00000000 -0.43390000
vn -0.00000000 0.90090000 -0.43390000
vn 0.00000000 0.68010000 -0.73310000
vn 0.68010000 0.00000000 -0.73310000
vn 0.36530000 -0.00000000 -0.93090000
vn -0.00000000 0.36530000 -0.93090000
vn -0.00000000 -0.99720000 -0.07480000
vn 0.99720000 -0.00000000 -0.07480000
vn 0.99720000 -0.00000000 -0.07480000
vn -0.00000000 -0.99720000 -0.07480000
vn -0.00000000 -0.90100000 -0.43390000
vn 0.90100000 0.00000000 -0.43390000
vn -0.00000000 -0.68020000 -0.73310000
vn 0.68010000 0.00000000 -0.73310000
vn -0.00000000 -0.36530000 -0.93090000
vn 0.36530000 -0.00000000 -0.93090000
vn -0.53590000 0.83360000 -0.13400000
vn -0.99720000 -0.00000000 -0.07480000
vn 0.00000000 0.99720000 -0.07480000
vn -0.53900000 0.83850000 -0.07960000
vn -0.88740000 0.45230000 -0.08940000
vn -0.64410000 0.75770000 -0.10510000
vn -0.27110000 0.95690000 -0.10400000
vn 0.00000000 1.00000000 0.00000000
vn -1.00000000 -0.00000000 -0.00000000
vn -1.00000000 -0.00000000 -0.00000000
vn -0.86600000 0.00000000 -0.50000000
vn -0.86600000 0.00000000 -0.50000000
vn 0.00000000 1.00000000 0.00000000
vn -0.50000000 0.00000000 -0.86600000
vn -0.50000000 0.00000000 -0.86600000
vn 0.00000000 1.00000000 0.00000000
vn 0.00000000 1.00000000 0.00000000
vn -0.00000000 0.00000000 -1.00000000
vn -0.00000000 0.00000000 -1.00000000
vn 0.00000000 1.00000000 0.00000000
vn 0.00000000 -0.00010000 1.00000000
vn 0.00000000 -0.00010000 1.00000000
vn -0.00000000 -0.00000000 1.00000000
vn 0.00000000 1.00000000 0.00000000
vn -0.00000000 -0.00000000 1.00000000
vn -0.50000000 -0.00000000 0.86600000
vn 0.00000000 1.00000000 0.00000000
vn -0.50000000 -0.00000000 0.86600000
vn -0.86600000 -0.00000000 0.50000000
vn -0.86600000 -0.00000000 0.50000000
vn 0.00000000 1.00000000 0.00000000
vn -1.00000000 -0.00000000 -0.00000000
vn -1.00000000 -0.00000000 -0.00000000
vn 0.00000000 1.00000000 0.00000000
vn 1.00000000 -0.00000000 0.00000000
vn 0.00000000 1.00000000 0.00000000
vn 1.00000000 -0.00000000 0.00000000
vn 0.86600000 -0.00000000 0.50000000
vn 0.00000000 1.00000000 0.00000000
vn 0.86600000 -0.00000000 0.50000000
vn 0.50000000 -0.00000000 0.86600000
vn 0.50000000 -0.00000000 0.86600000
vn 0.00000000 1.00000000 0.00000000
vn 0.00000000 -1.00000000 -0.00000000
vn 1.00000000 -0.00000000 0.00000000
vn 1.00000000 -0.00000000 0.00000000
vn -0.00000000 -0.86600000 0.50000000
vn 1.00000000 -0.00000000 0.00000000
vn -0.00000000 -0.50000000 0.86600000
vn -0.00000000 0.00000000 -1.00000000
vn 1.00000000 -0.00000000 0.00000000
vn 1.00000000 -0.00000000 0.00000000
vn -0.00000000 -0.50000000 -0.86600000
vn -0.00000000 -0.86600000 -0.50000000
vn 1.00000000 -0.00000000 0.00000000
vn 0.00000000 1.00000000 0.00000000
vn 0.00000000 1.00000000 0.00000000
vn 1.00000000 -0.00000000 0.00000000
vn 1.00000000 -0.00000000 0.00000000
vn -0.00000000 0.86600000 -0.50000000
vn 1.00000000 -0.00000000 0.00000000
vn -0.00000000 0.50000000 -0.86600000
vn 1.00000000 -0.00000000 0.00000000
vn -0.00000000 -0.00000000 1.00000000
vn 1.00000000 -0.00000000 0.00000000
vn -0.00000000 0.50000000 0.86600000
vn 1.00000000 -0.00000000 0.00000000
vn -0.00000000 0.86600000 0.50000000
vn -0.00000000 -0.86600000 -0.50000000
vn 1.00000000 -0.00000000 0.00000000
vn 1.00000000 -0.00000000 0.00000000
vn 0.00000000 -1.00000000 -0.00000000
vn 1.00000000 -0.00000000 0.00000000
vn -0.00000000 -0.50000000 -0.86600000
vn 1.00000000 -0.00000000 0.00000000
vn -0.00000000 0.00000000 -1.00000000
vn 1.00000000 -0.00000000 0.00000000
vn -0.00000000 0.50000000 -0.86600000
vn -0.00000000 0.86600000 -0.50000000
vn 1.00000000 -0.00000000 0.00000000
vn 1.00000000 -0.00000000 0.00000000
vn 0.00000000 1.00000000 0.00000000
vn 0.00000000 1.00000000 0.00000000
vn 1.00000000 -0.00000000 0.00000000
vn -0.00000000 0.86600000 0.50000000
vn 1.00000000 -0.00000000 0.00000000
vn -0.00000000 0.50000000 0.86600000
vn 1.00000000 -0.00000000 0.00000000
vn -0.00000000 -0.00000000 1.00000000
vn 1.00000000 -0.00000000 0.00000000
vn -0.00000000 -0.50000000 0.86600000
vn -0.00000000 -0.86600000 0.50000000
vn 1.00000000 -0.00000000 0.00000000
vn 1.00000000 -0.00000000 0.00000000
vn -0.00000000 0.86600000 -0.50000000
vn 1.00000000 -0.00000000 0.00000000
vn 0.00000000 1.00000000 0.00000000
vn 0.00000000 1.00000000 0.00000000
vn 1.00000000 -0.00000000 0.00000000
vn -0.00000000 0.86600000 0.50000000
vn 1.00000000 -0.00000000 0.00000000
vn -0.00000000 0.50000000 0.86600000
vn -0.00000000 -0.00000000 1.00000000
vn 1.00000000 -0.00000000 0.00000000
vn 1.00000000 -0.00000000 0.00000000
vn -0.00000000 -0.50000000 0.86600000
vn -0.00000000 -0.86600000 0.50000000
vn 1.00000000 -0.00000000 0.00000000
vn 0.00000000 -1.00000000 -0.00000000
vn 1.00000000 -0.00000000 0.00000000
vn 1.00000000 -0.00000000 0.00000000
vn -0.00000000 -0.86600000 -0.50000000
vn -0.00000000 -0.50000000 -0.86600000
vn 1.00000000 -0.00000000 0.00000000
vn -0.00000000 0.00000000 -1.00000000
vn 1.00000000 -0.00000000 0.00000000
vn 1.00000000 -0.00000000 0.00000000
vn -0.00000000 0.50000000 -0.86600000
vn -0.00000000 -0.86600000 0.50000000
vn -1.00000000 -0.00000000 -0.00000000
vn -1.00000000 -0.00000000 -0.00000000
vn 0.00000000 -1.00000000 -0.00000000
vn -0.00000000 -0.50000000 0.86600000
vn -1.00000000 -0.00000000 -0.00000000
vn -0.00000000 -0.00000000 1.00000000
vn -1.00000000 -0.00000000 -0.00000000
vn -0.00000000 0.50000000 0.86600000
vn -1.00000000 -0.00000000 -0.00000000
vn -1.00000000 -0.00000000 -0.00000000
vn -0.00000000 0.86600000 0.50000000
vn 0.00000000 1.00000000 0.00000000
vn -1.00000000 -0.00000000 -0.00000000
vn 0.00000000 1.00000000 0.00000000
vn -0.00000000 0.86600000 -0.50000000
vn -1.00000000 -0.00000000 -0.00000000
vn -0.00000000 0.50000000 -0.86600000
vn -1.00000000 -0.00000000 -0.00000000
vn -1.00000000 -0.00000000 -0.00000000
vn -0.00000000 0.00000000 -1.00000000
vn -1.00000000 -0.00000000 -0.00000000
vn -0.00000000 -0.50000000 -0.86600000
vn -1.00000000 -0.00000000 -0.00000000
vn -0.00000000 -0.86600000 -0.50000000
vn -1.00000000 -0.00000000 -0.00000000
vn 0.00000000 1.00000000 0.00000000
vn 0.00000000 1.00000000 0.00000000
vn -0.00000000 0.86600000 0.50000000
vn -1.00000000 -0.00000000 -0.00000000
vn -1.00000000 -0.00000000 -0.00000000
vn -0.00000000 0.50000000 0.86600000
vn -0.00000000 0.00000000 -1.00000000
vn -1.00000000 -0.00000000 -0.00000000
vn -1.00000000 -0.00000000 -0.00000000
vn -0.00000000 0.50000000 -0.86600000
vn -0.00000000 0.86600000 -0.50000000
vn -1.00000000 -0.00000000 -0.00000000
vn -1.00000000 -0.00000000 -0.00000000
vn 0.00000000 -1.00000000 -0.00000000
vn -0.00000000 -0.86600000 -0.50000000
vn -1.00000000 -0.00000000 -0.00000000
vn -1.00000000 -0.00000000 -0.00000000
vn -0.00000000 -0.50000000 -0.86600000
vn -1.00000000 -0.00000000 -0.00000000
vn -0.00000000 -0.00000000 1.00000000
vn -1.00000000 -0.00000000 -0.00000000
vn -0.00000000 -0.50000000 0.86600000
vn -1.00000000 -0.00000000 -0.00000000
vn -0.00000000 -0.86600000 0.50000000
vn -0.00000000 -0.86600000 -0.50000000
vn -1.00000000 -0.00000000 -0.00000000
vn -1.00000000 -0.00000000 -0.00000000
vn 0.00000000 -1.00000000 -0.00000000
vn -1.00000000 -0.00000000 -0.00000000
vn -0.00000000 -0.86600000 0.50000000
vn -0.00000000 -0.50000000 0.86600000
vn -1.00000000 -0.00000000 -0.00000000
vn -1.00000000 -0.00000000 -0.00000000
vn -0.00000000 -0.00000000 1.00000000
vn -0.00000000 0.50000000 0.86600000
vn -1.00000000 -0.00000000 -0.00000000
vn -0.00000000 0.86600000 0.50000000
vn -1.00000000 -0.00000000 -0.00000000
vn -1.00000000 -0.00000000 -0.00000000
vn 0.00000000 1.00000000 0.00000000
vn 0.00000000 1.00000000 0.00000000
vn -1.00000000 -0.00000000 -0.00000000
vn -0.00000000 0.86600000 -0.50000000
vn -0.00000000 0.50000000 -0.86600000
vn -1.00000000 -0.00000000 -0.00000000
vn -0.00000000 0.00000000 -1.00000000
vn -1.00000000 -0.00000000 -0.00000000
vn -0.00000000 -0.50000000 -0.86600000
vn -1.00000000 -0.00000000 -0.00000000
vn 1.00000000 -0.00000000 0.00000000
vn -0.00000000 0.86600000 0.50000000
vn -0.00000000 0.86600000 0.50000000
vn 1.00000000 -0.00000000 0.00000000
vn 1.00000000 -0.00000000 0.00000000
vn 0.00000000 1.00000000 0.00000000
vn 1.00000000 -0.00000000 0.00000000
vn 0.00000000 1.00000000 0.00000000
vn 1.00000000 -0.00000000 0.00000000
vn -0.00000000 0.86600000 -0.50000000
vn -0.00000000 0.86600000 -0.50000000
vn 1.00000000 -0.00000000 0.00000000
vn -0.00000000 0.50000000 -0.86600000
vn 1.00000000 -0.00000000 0.00000000
vn 1.00000000 -0.00000000 0.00000000
vn -0.00000000 0.50000000 0.86600000
vn -0.00000000 0.50000000 0.86600000
vn 1.00000000 -0.00000000 0.00000000
vn -0.00000000 -0.00000000 1.00000000
vn 1.00000000 -0.00000000 0.00000000
vn 1.00000000 -0.00000000 0.00000000
vn -0.00000000 -0.00000000 1.00000000
vn -0.00000000 -0.50000000 0.86600000
vn 1.00000000 -0.00000000 0.00000000
vn 1.00000000 -0.00000000 0.00000000
vn -0.00000000 -0.50000000 0.86600000
vn 1.00000000 -0.00000000 0.00000000
vn -0.00000000 -0.86600000 0.50000000
vn -0.00000000 -0.86600000 0.50000000
vn 1.00000000 -0.00000000 0.00000000
vn 1.00000000 -0.00000000 0.00000000
vn 0.00000000 -1.00000000 -0.00000000
vn 0.00000000 -1.00000000 -0.00000000
vn 1.00000000 -0.00000000 0.00000000
vn 0.00000000 -1.00000000 -0.00000000
vn 0.00000000 -1.00000000 -0.00000000
vn -0.00000000 -0.86600000 -0.50000000
vn 1.00000000 -0.00000000 0.00000000
vn 1.00000000 -0.00000000 0.00000000
vn -0.00000000 -0.86600000 -0.50000000
vn -0.00000000 -0.50000000 -0.86600000
vn 1.00000000 -0.00000000 0.00000000
vn 1.00000000 -0.00000000 0.00000000
vn -0.00000000 -0.50000000 -0.86600000
vn -0.00000000 0.00000000 -1.00000000
vn 1.00000000 -0.00000000 0.00000000
vn 1.00000000 -0.00000000 0.00000000
vn -0.00000000 0.00000000 -1.00000000
vn -0.00000000 0.50000000 -0.86600000
vn 1.00000000 -0.00000000 0.00000000
vn -0.00000000 -0.86600000 0.50000000
vn -1.00000000 -0.00000000 -0.00000000
vn -1.00000000 -0.00000000 -0.00000000
vn -0.00000000 -0.86600000 0.50000000
vn 0.00000000 -1.00000000 -0.00000000
vn -1.00000000 -0.00000000 -0.00000000
vn 0.00000000 -1.00000000 -0.00000000
vn -1.00000000 -0.00000000 -0.00000000
vn 0.00000000 -1.00000000 -0.00000000
vn 0.00000000 -1.00000000 -0.00000000
vn -0.00000000 -0.86600000 -0.50000000
vn -1.00000000 -0.00000000 -0.00000000
vn -1.00000000 -0.00000000 -0.00000000
vn -0.00000000 -0.86600000 -0.50000000
vn -1.00000000 -0.00000000 -0.00000000
vn -0.00000000 -0.50000000 -0.86600000
vn -1.00000000 -0.00000000 -0.00000000
vn -0.00000000 -0.50000000 0.86600000
vn -0.00000000 -0.50000000 0.86600000
vn -1.00000000 -0.00000000 -0.00000000
vn -0.00000000 -0.00000000 1.00000000
vn -1.00000000 -0.00000000 -0.00000000
vn -1.00000000 -0.00000000 -0.00000000
vn -0.00000000 -0.00000000 1.00000000
vn -1.00000000 -0.00000000 -0.00000000
vn -0.00000000 0.50000000 0.86600000
vn -0.00000000 0.50000000 0.86600000
vn -1.00000000 -0.00000000 -0.00000000
vn -0.00000000 0.86600000 0.50000000
vn -1.00000000 -0.00000000 -0.00000000
vn -1.00000000 -0.00000000 -0.00000000
vn -0.00000000 0.86600000 0.50000000
vn 0.00000000 1.00000000 0.00000000
vn -1.00000000 -0.00000000 -0.00000000
vn -1.00000000 -0.00000000 -0.00000000
vn 0.00000000 1.00000000 0.00000000
vn -0.00000000 0.86600000 -0.50000000
vn -1.00000000 -0.00000000 -0.00000000
vn -0.00000000 0.86600000 -0.50000000
vn -1.00000000 -0.00000000 -0.00000000
vn -1.00000000 -0.00000000 -0.00000000
vn -0.00000000 0.50000000 -0.86600000
vn -0.00000000 0.50000000 -0.86600000
vn -1.00000000 -0.00000000 -0.00000000
vn -1.00000000 -0.00000000 -0.00000000
vn -0.00000000 0.00000000 -1.00000000
vn -1.00000000 -0.00000000 -0.00000000
vn -0.00000000 0.00000000 -1.00000000
vn -0.00000000 -0.50000000 -0.86600000
vn -1.00000000 -0.00000000 -0.00000000
vn 0.00000000 1.00000000 0.00000000
vn 1.00000000 -0.00000000 0.00000000
vn 0.00000000 -0.20000000 -0.97980000
vn 0.00000000 -0.20000000 -0.97980000
vn 0.00000000 1.00000000 0.00000000
vn 0.00000000 -0.20000000 -0.97980000
vn 0.00000000 -0.61140000 -0.79130000
vn 0.00000000 -0.61140000 -0.79130000
vn -0.00000000 -0.89760000 -0.44080000
vn -0.00000000 -0.89760000 -0.44080000
vn 0.00000000 -1.00000000 -0.00000000
vn 0.00000000 -1.00000000 -0.00000000
vn 0.00000000 -1.00000000 -0.00000000
vn 0.00000000 -0.89760000 0.44080000
vn 0.00000000 -0.89760000 0.44080000
vn 0.00000000 -0.61140000 0.79130000
vn 0.00000000 -0.61140000 0.79130000
vn 1.00000000 -0.00000000 0.00000000
vn 0.00000000 -0.20000000 0.97980000
vn 0.00000000 1.00000000 0.00000000
vn 1.00000000 -0.00000000 0.00000000
vn -0.00000000 -0.06710000 0.99770000
vn 1.00000000 -0.00000000 0.00000000
vn -0.00000000 0.06710000 0.99770000
vn 0.00000000 -0.20000000 0.97980000
vn 0.00000000 -0.20000000 0.97980000
vn 0.00000000 1.00000000 0.00000000
vn 0.00000000 -1.00000000 -0.00000000
vn 1.00000000 -0.00000000 0.00000000
vn 0.00000000 0.20000000 0.97980000
vn 0.00000000 0.20000000 0.97980000
vn 0.00000000 0.20000000 0.97980000
vn 0.00000000 -1.00000000 -0.00000000
vn 0.00000000 0.61140000 0.79130000
vn 0.00000000 0.61140000 0.79130000
vn 0.00000000 0.89760000 0.44080000
vn 0.00000000 0.89760000 0.44080000
vn 0.00000000 1.00000000 0.00000000
vn 0.00000000 1.00000000 0.00000000
vn 0.00000000 0.89760000 -0.44080000
vn 0.00000000 0.89760000 -0.44080000
vn 0.00000000 0.61140000 -0.79130000
vn 0.00000000 0.61140000 -0.79130000
vn 0.00000000 -1.00000000 -0.00000000
vn 0.00000000 0.20000000 -0.97980000
vn 1.00000000 -0.00000000 0.00000000
vn 0.00000000 0.06710000 -0.99770000
vn 1.00000000 -0.00000000 0.00000000
vn 1.00000000 -0.00000000 0.00000000
vn 0.00000000 -0.06710000 -0.99770000
vn 0.00000000 0.20000000 -0.97980000
vn 0.00000000 0.20000000 -0.97980000
vn 0.00000000 -1.00000000 -0.00000000
vn 0.00000000 1.00000000 0.00000000
vn 0.38750000 -0.18860000 0.90240000
vn 0.50000000 -0.52950000 0.68530000
vn 0.71280000 -0.15340000 0.68440000
vn 0.00000000 1.00000000 0.00000000
vn 0.86600000 -0.30570000 0.39560000
vn 0.00000000 1.00000000 -0.00010000
vn 0.92640000 -0.09170000 0.36530000
vn 1.00000000 -0.00000000 0.00000000
vn 1.00000000 -0.00000000 0.00000000
vn 0.00000000 1.00000000 0.00000000
vn 1.00000000 -0.00000000 0.00000000
vn 1.00000000 -0.00000000 0.00000000
vn 0.86600000 -0.44880000 0.22040000
vn 1.00000000 -0.00000000 0.00000000
vn 1.00000000 -0.00000000 0.00000000
vn 0.86600000 -0.50000000 0.00000000
vn 1.00000000 -0.00000000 0.00000000
vn 1.00000000 -0.00000000 0.00000000
vn 0.86600000 -0.44880000 -0.22040000
vn 1.00000000 -0.00000000 0.00000000
vn 1.00000000 -0.00000000 0.00000000
vn 0.86600000 -0.30570000 -0.39570000
vn 1.00000000 -0.00000000 0.00000000
vn 1.00000000 -0.00000000 0.00000000
vn 0.00000000 1.00000000 0.00000000
vn 0.92660000 -0.09150000 -0.36480000
vn 0.00000000 1.00000000 -0.00010000
vn 0.71280000 -0.15340000 -0.68440000
vn 0.00000000 1.00000000 0.00000000
vn 0.50000000 -0.52950000 -0.68530000
vn 0.00000000 1.00000000 0.00000000
vn 0.38740000 -0.18860000 -0.90240000
vn 0.50000000 -0.77730000 0.38170000
vn 0.50000000 -0.86600000 0.00000000
vn 0.50000000 -0.77730000 -0.38170000
vn 0.00000000 -1.00000000 -0.00000000
vn 0.38740000 0.18860000 -0.90240000
vn 0.00000000 -1.00000000 -0.00000000
vn 0.38740000 0.18860000 0.90240000
vn 0.00000000 -1.00000000 -0.00000000
vn 0.71280000 0.15340000 -0.68440000
vn 1.00000000 -0.00000000 0.00000000
vn 0.00000000 -1.00000000 -0.00000000
vn 1.00000000 -0.00000000 0.00000000
vn 0.00000000 -1.00000000 -0.00000000
vn 0.71280000 0.15340000 0.68440000
vn 0.92660000 0.09150000 -0.36480000
vn 0.00000000 -1.00000000 -0.00010000
vn 1.00000000 -0.00000000 0.00000000
vn 1.00000000 -0.00000000 0.00000000
vn 0.00000000 -1.00000000 -0.00000000
vn 0.92660000 0.09150000 0.36480000
vn 0.00000000 -1.00000000 -0.00000000
vn 0.86600000 0.30570000 0.39570000
vn 1.00000000 -0.00000000 0.00000000
vn 1.00000000 -0.00000000 0.00000000
vn 0.86600000 0.44880000 0.22040000
vn 1.00000000 -0.00000000 0.00000000
vn 1.00000000 -0.00000000 0.00000000
vn 0.86600000 0.50000000 -0.00000000
vn 1.00000000 -0.00000000 0.00000000
vn 1.00000000 -0.00000000 0.00000000
vn 0.86600000 0.44880000 -0.22040000
vn 1.00000000 -0.00000000 0.00000000
vn 1.00000000 -0.00000000 0.00000000
vn 0.86600000 0.30570000 -0.39560000
vn 0.50000000 0.52950000 -0.68530000
vn 0.50000000 0.77740000 -0.38170000
vn 0.50000000 0.86600000 -0.00000000
vn 0.50000000 0.77730000 0.38170000
vn 0.50000000 0.52950000 0.68530000
vn 0.00000000 -0.20000000 0.97980000
vn 0.00000000 1.00000000 0.00000000
vn -1.00000000 -0.00000000 -0.00000000
vn -0.00000000 -0.06710000 0.99770000
vn -1.00000000 -0.00000000 -0.00000000
vn 0.00000000 1.00000000 0.00000000
vn -1.00000000 -0.00000000 -0.00000000
vn 0.00000000 -0.20000000 -0.97980000
vn -1.00000000 -0.00000000 -0.00000000
vn 0.00000000 -0.06710000 -0.99770000
vn -1.00000000 -0.00000000 -0.00000000
vn -0.00000000 0.06710000 0.99770000
vn 0.00000000 0.06710000 -0.99770000
vn -1.00000000 -0.00000000 -0.00000000
vn -1.00000000 -0.00000000 -0.00000000
vn 0.00000000 0.20000000 -0.97980000
vn 0.00000000 -1.00000000 -0.00000000
vn 0.00000000 0.20000000 0.97980000
vn -1.00000000 -0.00000000 -0.00000000
vn 0.00000000 -1.00000000 -0.00000000
vn 0.00000000 1.00000000 0.00000000
vn -1.00000000 -0.00000000 -0.00000000
vn -1.00000000 -0.00000000 -0.00000000
vn -1.00000000 -0.00000000 -0.00000000
vn -1.00000000 -0.00000000 -0.00000000
vn 0.00000000 1.00000000 0.00000000
vn -1.00000000 -0.00000000 -0.00000000
vn -1.00000000 -0.00000000 -0.00000000
vn -1.00000000 -0.00000000 -0.00000000
vn -1.00000000 -0.00000000 -0.00000000
vn -1.00000000 -0.00000000 -0.00000000
vn -1.00000000 -0.00000000 -0.00000000
vn -1.00000000 -0.00000000 -0.00000000
vn -1.00000000 -0.00000000 -0.00000000
vn 0.00000000 1.00000000 -0.00010000
vn -0.92660000 -0.09150000 -0.36480000
vn -0.71280000 -0.15340000 -0.68440000
vn 0.00000000 1.00000000 0.00000000
vn 0.00000000 1.00000000 0.00000000
vn -0.38740000 -0.18860000 -0.90240000
vn 0.00000000 1.00000000 0.00000000
vn -0.71280000 -0.15340000 0.68440000
vn -0.38740000 -0.18830000 0.90250000
vn 0.00000000 1.00000000 0.00000000
vn -0.92660000 -0.09150000 0.36480000
vn 0.00000000 1.00000000 0.00010000
vn 0.00000000 -0.20000000 -0.97980000
vn 0.00000000 1.00000000 0.00000000
vn 0.00000000 -0.20000000 -0.97980000
vn 0.00000000 1.00000000 0.00000000
vn 0.00000000 -0.20000000 0.97980000
vn 0.00000000 -0.20000000 0.97980000
vn 0.00000000 -0.61140000 -0.79130000
vn 0.00000000 -0.61140000 -0.79130000
vn -0.50000000 -0.52950000 -0.68530000
vn -0.86600000 -0.30570000 -0.39560000
vn -0.86600000 -0.44880000 -0.22040000
vn -0.86600000 -0.50000000 -0.00000000
vn -0.86600000 -0.44880000 0.22040000
vn -0.86600000 -0.30570000 0.39570000
vn -0.50000000 -0.52950000 0.68530000
vn 0.00000000 -0.61140000 0.79130000
vn 0.00000000 -0.61140000 0.79130000
vn 0.00000000 -0.89760000 0.44080000
vn 0.00000000 -0.89760000 0.44080000
vn -0.50000000 -0.77730000 0.38170000
vn 0.00000000 -1.00000000 -0.00000000
vn 0.00000000 -1.00000000 -0.00000000
vn 0.00000000 -1.00000000 -0.00000000
vn -0.50000000 -0.86600000 -0.00000000
vn -0.00000000 -0.89760000 -0.44080000
vn -0.00000000 -0.89760000 -0.44080000
vn -0.50000000 -0.77730000 -0.38170000
vn -1.00000000 -0.00000000 -0.00000000
vn -1.00000000 -0.00000000 -0.00000000
vn 0.00000000 -1.00000000 -0.00000000
vn -1.00000000 -0.00000000 -0.00000000
vn -1.00000000 -0.00000000 -0.00000000
vn 0.00000000 -1.00000000 -0.00000000
vn -1.00000000 -0.00000000 -0.00000000
vn -1.00000000 -0.00000000 -0.00000000
vn -1.00000000 -0.00000000 -0.00000000
vn -1.00000000 -0.00000000 -0.00000000
vn -1.00000000 -0.00000000 -0.00000000
vn -1.00000000 -0.00000000 -0.00000000
vn -1.00000000 -0.00000000 -0.00000000
vn -1.00000000 -0.00000000 -0.00000000
vn 0.00000000 -1.00000000 0.00010000
vn -0.92660000 0.09150000 0.36480000
vn 0.00000000 -1.00000000 -0.00000000
vn -0.71280000 0.15340000 0.68440000
vn -0.38740000 0.18860000 0.90240000
vn 0.00000000 -1.00000000 -0.00000000
vn 0.00000000 -1.00000000 -0.00000000
vn -0.71280000 0.15340000 -0.68440000
vn 0.00000000 -1.00000000 -0.00000000
vn -0.38740000 0.18830000 -0.90250000
vn -0.92660000 0.09150000 -0.36480000
vn 0.00000000 -1.00000000 -0.00000000
vn 0.00000000 0.20000000 0.97980000
vn 0.00000000 0.20000000 0.97980000
vn 0.00000000 -1.00000000 -0.00000000
vn 0.00000000 -1.00000000 -0.00000000
vn 0.00000000 0.20000000 -0.97980000
vn 0.00000000 0.20000000 -0.97980000
vn 0.00000000 0.61140000 -0.79130000
vn 0.00000000 0.61140000 -0.79130000
vn 0.00000000 0.89760000 -0.44080000
vn 0.00000000 0.89760000 -0.44080000
vn 0.00000000 1.00000000 0.00000000
vn 0.00000000 1.00000000 0.00000000
vn 0.00000000 0.89760000 0.44080000
vn 0.00000000 0.89760000 0.44080000
vn 0.00000000 0.61140000 0.79130000
vn 0.00000000 0.61140000 0.79130000
vn -0.50000000 0.52950000 0.68530000
vn -0.86600000 0.30570000 0.39560000
vn -0.86600000 0.44880000 0.22040000
vn -0.86600000 0.50000000 0.00000000
vn -0.86600000 0.44880000 -0.22040000
vn -0.86600000 0.30570000 -0.39570000
vn -0.50000000 0.52950000 -0.68530000
vn -0.50000000 0.77730000 -0.38170000
vn -0.50000000 0.86600000 0.00000000
vn -0.50000000 0.77730000 0.38170000
vn 0.46850000 -0.35740000 0.80790000
vn 0.46850000 -0.35740000 0.80790000
vn 0.50000000 -0.00000000 0.86600000
vn 0.50000000 -0.00000000 0.86600000
vn 0.50000000 -0.00000000 0.86600000
vn 0.50000000 -0.00000000 0.86600000
vn 0.24660000 -0.21160000 0.94570000
vn 0.25870000 -0.00000000 0.96600000
vn 0.25870000 -0.00000000 0.96600000
vn -0.00000000 -0.00000000 1.00000000
vn -0.00000000 -0.00000000 1.00000000
vn -0.01500000 -0.21830000 0.97580000
vn -0.25870000 0.00000000 0.96600000
vn -0.25870000 0.00000000 0.96600000
vn -0.46850000 -0.35740000 0.80800000
vn -0.46850000 -0.35740000 0.80800000
vn -0.50000000 -0.00000000 0.86600000
vn -0.50000000 -0.00000000 0.86600000
vn -0.50000000 -0.00000000 0.86600000
vn -0.50000000 -0.00000000 0.86600000
vn -0.01370000 -0.49690000 0.86770000
vn -0.44780000 -0.46190000 0.76560000
vn -0.44780000 -0.46190000 0.76560000
vn -0.01360000 -0.51190000 0.85890000
vn -0.01360000 -0.51480000 0.85720000
vn 0.22360000 -0.49900000 0.83720000
vn 0.22390000 -0.50180000 0.83550000
vn 0.44780000 -0.46190000 0.76560000
vn 0.44780000 -0.46190000 0.76560000
vn 0.23270000 -0.43310000 0.87080000
vn 0.47350000 -0.35400000 0.80650000
vn 0.47350000 -0.35400000 0.80650000
vn 0.17360000 0.00800000 0.98480000
vn 0.17360000 0.00800000 0.98480000
vn 0.50000000 0.00710000 0.86600000
vn 0.50000000 0.00710000 0.86600000
vn 0.50000000 0.00710000 0.86600000
vn 0.50000000 0.00710000 0.86600000
vn -0.47350000 -0.35400000 0.80650000
vn -0.47350000 -0.35400000 0.80650000
vn -0.01410000 -0.44530000 0.89530000
vn -0.50000000 0.00710000 0.86600000
vn -0.50000000 0.00710000 0.86600000
vn -0.50000000 0.00710000 0.86600000
vn -0.50000000 0.00710000 0.86600000
vn -0.17360000 0.00790000 0.98480000
vn -0.17360000 0.00790000 0.98480000
vn 0.22520000 -0.48420000 0.84550000
vn 0.49390000 -0.04730000 0.86820000
vn 0.49390000 -0.04730000 0.86820000
vn 0.24570000 -0.11220000 0.96280000
vn 0.49020000 -0.10090000 0.86580000
vn 0.49020000 -0.10090000 0.86580000
vn 0.48870000 -0.15280000 0.85890000
vn 0.48870000 -0.15280000 0.85890000
vn 0.16970000 -0.22940000 0.95840000
vn 0.16970000 -0.22940000 0.95840000
vn 0.48960000 -0.20290000 0.84800000
vn 0.48960000 -0.20290000 0.84800000
vn 0.48960000 -0.20290000 0.84800000
vn 0.48960000 -0.20290000 0.84800000
vn -0.01560000 -0.11570000 0.99320000
vn -0.49390000 -0.04730000 0.86820000
vn -0.49390000 -0.04730000 0.86820000
vn -0.49020000 -0.10080000 0.86580000
vn -0.49020000 -0.10080000 0.86580000
vn -0.48870000 -0.15280000 0.85890000
vn -0.48870000 -0.15280000 0.85890000
vn -0.16970000 -0.22940000 0.95840000
vn -0.16970000 -0.22940000 0.95840000
vn -0.48960000 -0.20290000 0.84800000
vn -0.48960000 -0.20290000 0.84800000
vn -0.48960000 -0.20290000 0.84800000
vn -0.48960000 -0.20290000 0.84800000
vn 0.49980000 -0.11580000 0.85840000
vn 0.49980000 -0.11580000 0.85840000
vn 0.25170000 0.12090000 0.96020000
vn 0.49730000 0.14940000 0.85460000
vn 0.49730000 0.14940000 0.85460000
vn 0.16020000 0.41390000 0.89610000
vn 0.16020000 0.41390000 0.89610000
vn 0.46420000 0.37140000 0.80410000
vn 0.46420000 0.37140000 0.80410000
vn 0.46420000 0.37140000 0.80410000
vn 0.46420000 0.37140000 0.80410000
vn -0.01540000 0.12500000 0.99200000
vn -0.49980000 -0.11580000 0.85840000
vn -0.49980000 -0.11580000 0.85840000
vn -0.49730000 0.14940000 0.85460000
vn -0.49730000 0.14940000 0.85460000
vn -0.16020000 0.41390000 0.89610000
vn -0.16020000 0.41390000 0.89610000
vn -0.46420000 0.37140000 0.80410000
vn -0.46420000 0.37140000 0.80410000
vn -0.46420000 0.37140000 0.80410000
vn -0.46420000 0.37140000 0.80410000
vn 0.47990000 0.28090000 0.83110000
vn 0.47990000 0.28090000 0.83110000
vn 0.24580000 0.22440000 0.94300000
vn 0.50000000 -0.00000000 0.86600000
vn 0.50000000 -0.00000000 0.86600000
vn 0.50000000 -0.00000000 0.86600000
vn 0.50000000 -0.00000000 0.86600000
vn 0.25870000 -0.00000000 0.96600000
vn 0.25870000 -0.00000000 0.96600000
vn -0.00000000 -0.00000000 1.00000000
vn -0.00000000 -0.00000000 1.00000000
vn -0.01490000 0.23150000 0.97270000
vn -0.25870000 0.00000000 0.96600000
vn -0.25870000 0.00000000 0.96600000
vn -0.50000000 -0.00000000 0.86600000
vn -0.50000000 -0.00000000 0.86600000
vn -0.50000000 -0.00000000 0.86600000
vn -0.50000000 -0.00000000 0.86600000
vn -0.47990000 0.28090000 0.83120000
vn -0.47990000 0.28090000 0.83120000
vn -0.50000000 -0.00000000 0.86600000
vn -0.50000000 -0.00000000 0.86600000
vn -0.05240000 0.81650000 0.57500000
vn -0.02680000 0.81650000 0.57670000
vn -0.25890000 0.00000000 0.96590000
vn -0.00000000 -0.00000000 1.00000000
vn -0.00000000 -0.00000000 1.00000000
vn 0.00010000 0.81640000 0.57740000
vn 0.02680000 0.81650000 0.57670000
vn 0.25890000 0.00000000 0.96590000
vn -0.00000000 -0.00000000 1.00000000
vn 0.05240000 0.81650000 0.57500000
vn 0.50000000 -0.00000000 0.86600000
vn 0.50000000 -0.00000000 0.86600000
vn -0.48970000 0.20160000 0.84820000
vn -0.48970000 0.20160000 0.84820000
vn -0.50000000 -0.00000000 0.86600000
vn -0.50000000 -0.00000000 0.86600000
vn -0.50000000 -0.00000000 0.86600000
vn -0.50000000 -0.00000000 0.86600000
vn -0.49110000 0.18720000 0.85070000
vn -0.46420000 0.37140000 0.80410000
vn -0.46420000 0.37140000 0.80410000
vn -0.46420000 0.37140000 0.80410000
vn -0.46420000 0.37140000 0.80410000
vn -0.49350000 0.10820000 0.86300000
vn -0.49350000 0.10820000 0.86300000
vn -0.49890000 0.06350000 0.86430000
vn -0.48960000 -0.20290000 0.84800000
vn -0.48960000 -0.20290000 0.84800000
vn -0.48960000 -0.20290000 0.84800000
vn -0.48960000 -0.20290000 0.84800000
vn -0.50010000 0.00710000 0.86600000
vn -0.50010000 0.00710000 0.86600000
vn -0.50010000 0.00710000 0.86600000
vn -0.50010000 0.00710000 0.86600000
vn -0.49770000 -0.09630000 0.86200000
vn -0.49900000 -0.02850000 0.86610000
vn -0.49900000 -0.02850000 0.86610000
vn -0.45170000 -0.41570000 0.78940000
vn -0.45470000 -0.41600000 0.78750000
vn -0.44690000 -0.44850000 0.77410000
vn -0.48790000 -0.21840000 0.84510000
vn -0.50000000 -0.00000000 0.86600000
vn -0.50000000 -0.00000000 0.86600000
vn -0.50000000 -0.00000000 0.86600000
vn -0.50000000 -0.00000000 0.86600000
vn -0.48780000 -0.21800000 0.84530000
vn -0.46640000 -0.35290000 0.81110000
vn -0.46640000 -0.35290000 0.81110000
vn -0.44550000 -0.44780000 0.77530000
vn -0.43930000 -0.46180000 0.77060000
vn -0.43930000 -0.46180000 0.77060000
vn -0.45920000 -0.36680000 0.80900000
vn -0.45920000 -0.36680000 0.80900000
vn -0.50000000 -0.00000000 0.86600000
vn -0.50000000 -0.00000000 0.86600000
vn -0.47170000 0.81650000 0.33290000
vn -0.28870000 0.81650000 0.50000000
vn -0.50000000 -0.00000000 0.86600000
vn -0.28870000 0.81650000 0.50000000
vn -0.69570000 -0.21160000 0.68640000
vn -0.70720000 -0.00000000 0.70700000
vn -0.70720000 -0.00000000 0.70700000
vn -0.86600000 -0.00000000 0.50000000
vn -0.86600000 -0.00000000 0.50000000
vn -0.85260000 -0.21830000 0.47490000
vn -1.00000000 -0.00000000 -0.00000000
vn -1.00000000 -0.00000000 -0.00000000
vn -1.00000000 -0.00000000 -0.00000000
vn -1.00000000 -0.00000000 -0.00000000
vn -0.93390000 -0.35740000 -0.00170000
vn -0.93390000 -0.35740000 -0.00170000
vn -0.75830000 -0.49690000 0.42200000
vn -0.88690000 -0.46190000 -0.00500000
vn -0.88690000 -0.46190000 -0.00500000
vn -0.75060000 -0.51190000 0.41770000
vn -0.74920000 -0.51480000 0.41690000
vn -0.61320000 -0.49900000 0.61230000
vn -0.61170000 -0.50170000 0.61160000
vn -0.63770000 -0.43310000 0.63700000
vn -0.76610000 0.00790000 0.64270000
vn -0.76610000 0.00790000 0.64270000
vn -0.93520000 -0.35400000 -0.00680000
vn -0.93520000 -0.35400000 -0.00680000
vn -0.78240000 -0.44530000 0.43540000
vn -1.00000000 0.00710000 -0.00000000
vn -1.00000000 0.00710000 -0.00000000
vn -1.00000000 0.00710000 -0.00000000
vn -1.00000000 0.00710000 -0.00000000
vn -0.93970000 0.00790000 0.34200000
vn -0.93970000 0.00790000 0.34200000
vn -0.61960000 -0.48420000 0.61780000
vn -0.71100000 -0.11220000 0.69420000
vn -0.86790000 -0.11570000 0.48310000
vn -0.99890000 -0.04730000 0.00640000
vn -0.99890000 -0.04730000 0.00640000
vn -0.99490000 -0.10080000 0.00840000
vn -0.99490000 -0.10080000 0.00840000
vn -0.98820000 -0.15280000 0.00620000
vn -0.98820000 -0.15280000 0.00620000
vn -0.91490000 -0.22940000 0.33230000
vn -0.91490000 -0.22940000 0.33230000
vn -0.97920000 -0.20290000 0.00000000
vn -0.97920000 -0.20290000 0.00000000
vn -0.97920000 -0.20290000 0.00000000
vn -0.97920000 -0.20290000 0.00000000
vn -0.74520000 -0.22940000 0.62620000
vn -0.74520000 -0.22940000 0.62620000
vn -0.70580000 0.12100000 0.69800000
vn -0.69600000 0.41390000 0.58680000
vn -0.69600000 0.41390000 0.58680000
vn -0.86680000 0.12500000 0.48270000
vn -0.85620000 0.41390000 0.30930000
vn -0.85620000 0.41390000 0.30930000
vn -0.98890000 0.14880000 -0.00340000
vn -0.98890000 0.14880000 -0.00340000
vn -0.92880000 0.37050000 0.00020000
vn -0.92880000 0.37050000 0.00020000
vn -0.99330000 -0.11580000 -0.00360000
vn -0.99330000 -0.11580000 -0.00360000
vn -0.92850000 0.37150000 0.00020000
vn -0.92850000 0.37150000 0.00020000
vn -0.92850000 0.37150000 0.00020000
vn -0.92850000 0.37150000 0.00020000
vn -0.69370000 0.22440000 0.68440000
vn -0.84980000 0.23150000 0.47350000
vn -0.95970000 0.28090000 0.00000000
vn -0.95970000 0.28090000 0.00000000
vn -1.00000000 -0.00000000 -0.00000000
vn -1.00000000 -0.00000000 -0.00000000
vn -1.00000000 -0.00000000 -0.00000000
vn -1.00000000 -0.00000000 -0.00000000
vn -0.96590000 0.00000000 0.25890000
vn -0.96590000 0.00000000 0.25890000
vn -0.86600000 -0.00000000 0.50000000
vn -0.86600000 -0.00000000 0.50000000
vn -0.70720000 -0.00000000 0.70700000
vn -0.70720000 -0.00000000 0.70700000
vn -1.00000000 -0.00000000 -0.00000000
vn -1.00000000 -0.00000000 -0.00000000
vn -0.52420000 0.81650000 0.24210000
vn -0.96590000 0.00000000 0.25880000
vn -0.51290000 0.81650000 0.26510000
vn -0.86600000 -0.00000000 0.50000000
vn -0.50000000 0.81660000 0.28830000
vn -0.86600000 -0.00000000 0.50000000
vn -0.70710000 0.00000000 0.70710000
vn -0.48610000 0.81650000 0.31160000
vn -0.86600000 -0.00000000 0.50000000
vn -0.97950000 0.20160000 0.00000000
vn -0.97950000 0.20160000 0.00000000
vn -1.00000000 -0.00000000 -0.00000000
vn -1.00000000 -0.00000000 -0.00000000
vn -1.00000000 -0.00000000 -0.00000000
vn -1.00000000 -0.00000000 -0.00000000
vn -0.98230000 0.18720000 -0.00000000
vn -0.92850000 0.37140000 0.00000000
vn -0.92850000 0.37140000 0.00000000
vn -0.92850000 0.37140000 0.00000000
vn -0.92850000 0.37140000 0.00000000
vn -0.99410000 0.10820000 0.00400000
vn -0.99410000 0.10820000 0.00400000
vn -0.99800000 0.06350000 0.00010000
vn -0.97920000 -0.20290000 0.00000000
vn -0.97920000 -0.20290000 0.00000000
vn -0.97920000 -0.20290000 0.00000000
vn -0.97920000 -0.20290000 0.00000000
vn -1.00000000 0.00710000 -0.00000000
vn -1.00000000 0.00710000 -0.00000000
vn -1.00000000 0.00710000 -0.00000000
vn -1.00000000 0.00710000 -0.00000000
vn -0.99530000 -0.09630000 0.00000000
vn -0.99960000 -0.02850000 0.00100000
vn -0.99960000 -0.02850000 0.00100000
vn -0.90950000 -0.41570000 0.00360000
vn -0.90930000 -0.41610000 -0.00000000
vn -0.89380000 -0.44850000 -0.00000000
vn -0.97590000 -0.21840000 -0.00000000
vn -1.00000000 -0.00000000 -0.00000000
vn -1.00000000 -0.00000000 -0.00000000
vn -1.00000000 -0.00000000 -0.00000000
vn -1.00000000 -0.00000000 -0.00000000
vn -0.97590000 -0.21800000 0.00030000
vn -0.93570000 -0.35290000 0.00170000
vn -0.93570000 -0.35290000 0.00170000
vn -0.89410000 -0.44780000 0.00180000
vn -0.88700000 -0.46180000 0.00490000
vn -0.88700000 -0.46180000 0.00490000
vn -0.93030000 -0.36680000 0.00680000
vn -0.93030000 -0.36680000 0.00680000
vn -0.57730000 0.81650000 -0.00000000
vn -1.00000000 -0.00000000 -0.00000000
vn -0.56380000 0.81650000 -0.12430000
vn -1.00000000 -0.00000000 -0.00000000
vn -1.00000000 -0.00000000 -0.00000000
vn -0.52410000 0.81650000 -0.24210000
vn -1.00000000 -0.00000000 -0.00000000
vn -0.56380000 0.81650000 0.12430000
vn -1.00000000 -0.00000000 -0.00000000
vn -0.94230000 -0.21160000 -0.25930000
vn -0.86600000 0.00000000 -0.50000000
vn -0.86600000 0.00000000 -0.50000000
vn -0.83750000 -0.21830000 -0.50090000
vn -0.70720000 0.00000000 -0.70700000
vn -0.70720000 0.00000000 -0.70700000
vn -0.46550000 -0.35740000 -0.80970000
vn -0.46550000 -0.35740000 -0.80970000
vn -0.50000000 0.00000000 -0.86600000
vn -0.50000000 0.00000000 -0.86600000
vn -0.50000000 0.00000000 -0.86600000
vn -0.50000000 0.00000000 -0.86600000
vn -0.74460000 -0.49690000 -0.44570000
vn -0.43910000 -0.46190000 -0.77060000
vn -0.43910000 -0.46190000 -0.77060000
vn -0.73710000 -0.51200000 -0.44120000
vn -0.73560000 -0.51480000 -0.44040000
vn -0.83690000 -0.49900000 -0.22490000
vn -0.83550000 -0.50170000 -0.22400000
vn -0.87050000 -0.43310000 -0.23380000
vn -0.93960000 0.00790000 -0.34210000
vn -0.93960000 0.00790000 -0.34210000
vn -0.46180000 -0.35400000 -0.81330000
vn -0.46180000 -0.35400000 -0.81330000
vn -0.76830000 -0.44530000 -0.45990000
vn -0.50000000 0.00710000 -0.86600000
vn -0.50000000 0.00710000 -0.86600000
vn -0.50000000 0.00710000 -0.86600000
vn -0.50000000 0.00710000 -0.86600000
vn -0.76600000 0.00790000 -0.64270000
vn -0.76600000 0.00790000 -0.64270000
vn -0.84480000 -0.48420000 -0.22770000
vn -0.95670000 -0.11220000 -0.26860000
vn -0.85230000 -0.11570000 -0.51010000
vn -0.50500000 -0.04730000 -0.86180000
vn -0.50500000 -0.04730000 -0.86180000
vn -0.50470000 -0.10090000 -0.85740000
vn -0.50470000 -0.10090000 -0.85740000
vn -0.49950000 -0.15280000 -0.85270000
vn -0.49950000 -0.15280000 -0.85270000
vn -0.74520000 -0.22940000 -0.62620000
vn -0.74520000 -0.22940000 -0.62620000
vn -0.48960000 -0.20290000 -0.84800000
vn -0.48960000 -0.20290000 -0.84800000
vn -0.48960000 -0.20290000 -0.84800000
vn -0.48960000 -0.20290000 -0.84800000
vn -0.91490000 -0.22940000 -0.33230000
vn -0.91490000 -0.22940000 -0.33230000
vn -0.95740000 0.12100000 -0.26220000
vn -0.85620000 0.41390000 -0.30930000
vn -0.85620000 0.41390000 -0.30930000
vn -0.85150000 0.12500000 -0.50930000
vn -0.69600000 0.41390000 -0.58680000
vn -0.69600000 0.41390000 -0.58680000
vn -0.49150000 0.14880000 -0.85810000
vn -0.49150000 0.14880000 -0.85810000
vn -0.46440000 0.37050000 -0.80440000
vn -0.46440000 0.37050000 -0.80440000
vn -0.49350000 -0.11580000 -0.86200000
vn -0.49350000 -0.11580000 -0.86200000
vn -0.46430000 0.37150000 -0.80400000
vn -0.46430000 0.37150000 -0.80400000
vn -0.46430000 0.37150000 -0.80400000
vn -0.46430000 0.37150000 -0.80400000
vn -0.93960000 0.22440000 -0.25860000
vn -0.83500000 0.23150000 -0.49920000
vn -0.47990000 0.28090000 -0.83110000
vn -0.47990000 0.28090000 -0.83110000
vn -0.50000000 0.00000000 -0.86600000
vn -0.50000000 0.00000000 -0.86600000
vn -0.50000000 0.00000000 -0.86600000
vn -0.50000000 0.00000000 -0.86600000
vn -0.70720000 0.00000000 -0.70700000
vn -0.70720000 0.00000000 -0.70700000
vn -0.86600000 0.00000000 -0.50000000
vn -0.86600000 0.00000000 -0.50000000
vn -0.96590000 -0.00000000 -0.25890000
vn -0.96590000 -0.00000000 -0.25890000
vn -0.50000000 0.00000000 -0.86600000
vn -0.50000000 0.00000000 -0.86600000
vn -0.47170000 0.81650000 -0.33290000
vn -0.70710000 0.00000000 -0.70710000
vn -0.48610000 0.81650000 -0.31160000
vn -0.86600000 0.00000000 -0.50000000
vn -0.49970000 0.81660000 -0.28880000
vn -0.86600000 0.00000000 -0.50000000
vn -0.96590000 0.00000000 -0.25870000
vn -0.51290000 0.81650000 -0.26520000
vn -0.86600000 0.00000000 -0.50000000
vn -0.48970000 0.20160000 -0.84820000
vn -0.48970000 0.20160000 -0.84820000
vn -0.50000000 0.00000000 -0.86600000
vn -0.50000000 0.00000000 -0.86600000
vn -0.50000000 0.00000000 -0.86600000
vn -0.50000000 0.00000000 -0.86600000
vn -0.49120000 0.18720000 -0.85070000
vn -0.46420000 0.37140000 -0.80410000
vn -0.46420000 0.37140000 -0.80410000
vn -0.46420000 0.37140000 -0.80410000
vn -0.46420000 0.37140000 -0.80410000
vn -0.50060000 0.10820000 -0.85890000
vn -0.50060000 0.10820000 -0.85890000
vn -0.49910000 0.06350000 -0.86420000
vn -0.48960000 -0.20290000 -0.84800000
vn -0.48960000 -0.20290000 -0.84800000
vn -0.48960000 -0.20290000 -0.84800000
vn -0.48960000 -0.20290000 -0.84800000
vn -0.50010000 0.00710000 -0.86600000
vn -0.50010000 0.00710000 -0.86600000
vn -0.50010000 0.00710000 -0.86600000
vn -0.50010000 0.00710000 -0.86600000
vn -0.49770000 -0.09630000 -0.86200000
vn -0.50080000 -0.02850000 -0.86510000
vn -0.50080000 -0.02850000 -0.86510000
vn -0.45780000 -0.41570000 -0.78590000
vn -0.45470000 -0.41600000 -0.78750000
vn -0.44690000 -0.44850000 -0.77410000
vn -0.48790000 -0.21840000 -0.84510000
vn -0.50000000 0.00000000 -0.86600000
vn -0.50000000 0.00000000 -0.86600000
vn -0.50000000 0.00000000 -0.86600000
vn -0.50000000 0.00000000 -0.86600000
vn -0.48820000 -0.21800000 -0.84510000
vn -0.46930000 -0.35290000 -0.80950000
vn -0.46930000 -0.35290000 -0.80950000
vn -0.44870000 -0.44780000 -0.77340000
vn -0.44770000 -0.46180000 -0.76570000
vn -0.44770000 -0.46180000 -0.76570000
vn -0.47100000 -0.36680000 -0.80220000
vn -0.47100000 -0.36680000 -0.80220000
vn -0.28860000 0.81650000 -0.50000000
vn -0.50000000 0.00000000 -0.86600000
vn -0.50000000 0.00000000 -0.86600000
vn -0.17430000 0.81650000 -0.55040000
vn -0.50000000 0.00000000 -0.86600000
vn -0.05240000 0.81650000 -0.57500000
vn -0.50000000 0.00000000 -0.86600000
vn -0.50000000 0.00000000 -0.86600000
vn -0.38950000 0.81650000 -0.42620000
vn 0.48610000 0.81650000 -0.31160000
vn 0.70710000 0.00000000 -0.70710000
vn 0.47170000 0.81650000 -0.33300000
vn 0.50000000 0.00000000 -0.86600000
vn 0.50000000 0.00000000 -0.86600000
vn 0.49310000 0.81650000 -0.30040000
vn 0.00000000 1.00000000 0.00000000
vn 0.50000000 0.00000000 -0.86600000
vn 0.28870000 0.81650000 -0.50000000
vn 0.00000000 1.00000000 0.00000000
vn 0.27680000 0.81650000 -0.50670000
vn 0.05240000 0.81650000 -0.57500000
vn 0.50000000 0.00000000 -0.86600000
vn 0.50000000 0.00000000 -0.86600000
vn -0.01360000 0.81650000 -0.57720000
vn 0.00000000 1.00000000 0.00000000
vn 0.25890000 0.00000000 -0.96590000
vn 0.02680000 0.81650000 -0.57670000
vn -0.00000000 0.00000000 -1.00000000
vn -0.00010000 0.81640000 -0.57740000
vn -0.25890000 0.00000000 -0.96590000
vn -0.02680000 0.81650000 -0.57670000
vn -0.30040000 0.81650000 -0.49300000
vn 0.00000000 1.00000000 0.00000000
vn 0.00000000 1.00000000 0.00000000
vn -0.50670000 0.81650000 -0.27680000
vn 0.00000000 1.00000000 0.00000000
vn -0.57720000 0.81650000 0.01360000
vn 0.00000000 1.00000000 0.00000000
vn -0.49310000 0.81650000 0.30040000
vn -0.27680000 0.81650000 0.50670000
vn 0.00000000 1.00000000 0.00000000
vn -0.27680000 0.81650000 0.50670000
vn 0.00000000 1.00000000 0.00000000
vn 0.01360000 0.81650000 0.57720000
vn 0.50000000 -0.00000000 0.86600000
vn 0.17430000 0.81650000 0.55040000
vn 0.00000000 1.00000000 0.00000000
vn 0.30040000 0.81650000 0.49300000
vn 0.50000000 -0.00000000 0.86600000
vn 0.28870000 0.81650000 0.50000000
vn 0.38950000 0.81650000 0.42620000
vn 0.50000000 -0.00000000 0.86600000
vn 0.00000000 1.00000000 0.00000000
vn 0.50670000 0.81650000 0.27680000
vn 0.50000000 -0.00000000 0.86600000
vn 0.47170000 0.81650000 0.33290000
vn 0.50000000 -0.00000000 0.86600000
vn 0.48610000 0.81650000 0.31160000
vn 0.70700000 0.00000000 0.70720000
vn 0.49970000 0.81660000 0.28880000
vn 0.86600000 -0.00000000 0.50000000
vn 0.51290000 0.81650000 0.26520000
vn 0.96590000 0.00000000 0.25880000
vn 1.00000000 -0.00000000 0.00000000
vn 0.52410000 0.81650000 0.24210000
vn 1.00000000 -0.00000000 0.00000000
vn 1.00000000 -0.00000000 0.00000000
vn 0.56380000 0.81650000 0.12430000
vn 0.00000000 1.00000000 0.00000000
vn 0.57720000 0.81650000 -0.01360000
vn 0.57740000 0.81650000 0.00000000
vn 1.00000000 -0.00000000 0.00000000
vn 0.56380000 0.81650000 -0.12430000
vn 1.00000000 -0.00000000 0.00000000
vn 1.00000000 -0.00000000 0.00000000
vn 1.00000000 -0.00000000 0.00000000
vn 0.52420000 0.81650000 -0.24210000
vn 0.96590000 0.00000000 -0.25870000
vn 0.51290000 0.81650000 -0.26510000
vn 0.50000000 0.81660000 -0.28830000
vn 0.86600000 0.00000000 -0.50000000
vn -0.24670000 -0.21160000 -0.94570000
vn -0.25870000 -0.00000000 -0.96600000
vn -0.25870000 -0.00000000 -0.96600000
vn -0.00000000 0.00000000 -1.00000000
vn -0.00000000 0.00000000 -1.00000000
vn 0.01500000 -0.21830000 -0.97580000
vn 0.25870000 0.00000000 -0.96600000
vn 0.25870000 0.00000000 -0.96600000
vn 0.46850000 -0.35740000 -0.80800000
vn 0.46850000 -0.35740000 -0.80800000
vn 0.50000000 0.00000000 -0.86600000
vn 0.50000000 0.00000000 -0.86600000
vn 0.50000000 0.00000000 -0.86600000
vn 0.50000000 0.00000000 -0.86600000
vn 0.01370000 -0.49700000 -0.86770000
vn 0.44780000 -0.46190000 -0.76560000
vn 0.44780000 -0.46190000 -0.76560000
vn 0.01360000 -0.51200000 -0.85890000
vn 0.01360000 -0.51480000 -0.85720000
vn -0.22360000 -0.49900000 -0.83730000
vn -0.22390000 -0.50170000 -0.83550000
vn -0.23280000 -0.43310000 -0.87080000
vn -0.17360000 0.00790000 -0.98480000
vn -0.17360000 0.00790000 -0.98480000
vn 0.47350000 -0.35400000 -0.80650000
vn 0.47350000 -0.35400000 -0.80650000
vn 0.01410000 -0.44530000 -0.89530000
vn 0.50000000 0.00710000 -0.86600000
vn 0.50000000 0.00710000 -0.86600000
vn 0.50000000 0.00710000 -0.86600000
vn 0.50000000 0.00710000 -0.86600000
vn 0.17360000 0.00790000 -0.98480000
vn 0.17360000 0.00790000 -0.98480000
vn -0.22520000 -0.48420000 -0.84550000
vn -0.24570000 -0.11220000 -0.96280000
vn 0.01560000 -0.11570000 -0.99320000
vn 0.49390000 -0.04730000 -0.86820000
vn 0.49390000 -0.04730000 -0.86820000
vn 0.49020000 -0.10080000 -0.86580000
vn 0.49020000 -0.10080000 -0.86580000
vn 0.48870000 -0.15280000 -0.85890000
vn 0.48870000 -0.15280000 -0.85890000
vn 0.16970000 -0.22940000 -0.95840000
vn 0.16970000 -0.22940000 -0.95840000
vn 0.48960000 -0.20290000 -0.84800000
vn 0.48960000 -0.20290000 -0.84800000
vn 0.48960000 -0.20290000 -0.84800000
vn 0.48960000 -0.20290000 -0.84800000
vn -0.16970000 -0.22940000 -0.95840000
vn -0.16970000 -0.22940000 -0.95840000
vn -0.25170000 0.12100000 -0.96020000
vn -0.16020000 0.41390000 -0.89610000
vn -0.16020000 0.41390000 -0.89610000
vn 0.01530000 0.12500000 -0.99200000
vn 0.16020000 0.41390000 -0.89610000
vn 0.16020000 0.41390000 -0.89610000
vn 0.49740000 0.14880000 -0.85470000
vn 0.49740000 0.14880000 -0.85470000
vn 0.46420000 0.37020000 -0.80470000
vn 0.46420000 0.37020000 -0.80470000
vn 0.49980000 -0.11580000 -0.85840000
vn 0.49980000 -0.11580000 -0.85840000
vn 0.46400000 0.37120000 -0.80430000
vn 0.46400000 0.37120000 -0.80430000
vn 0.46400000 0.37120000 -0.80430000
vn 0.46400000 0.37120000 -0.80430000
vn -0.24580000 0.22440000 -0.94300000
vn 0.01480000 0.23150000 -0.97270000
vn 0.47990000 0.28090000 -0.83110000
vn 0.47990000 0.28090000 -0.83110000
vn 0.50000000 0.00000000 -0.86600000
vn 0.50000000 0.00000000 -0.86600000
vn 0.50000000 0.00000000 -0.86600000
vn 0.50000000 0.00000000 -0.86600000
vn 0.25870000 0.00000000 -0.96600000
vn 0.25870000 0.00000000 -0.96600000
vn -0.00000000 0.00000000 -1.00000000
vn -0.00000000 0.00000000 -1.00000000
vn -0.25870000 -0.00000000 -0.96600000
vn -0.25870000 -0.00000000 -0.96600000
vn -0.00000000 0.00000000 -1.00000000
vn -0.00000000 0.00000000 -1.00000000
vn 0.48970000 0.20160000 -0.84820000
vn 0.48970000 0.20160000 -0.84820000
vn 0.50000000 0.00000000 -0.86600000
vn 0.50000000 0.00000000 -0.86600000
vn 0.50000000 0.00000000 -0.86600000
vn 0.50000000 0.00000000 -0.86600000
vn 0.49110000 0.18720000 -0.85070000
vn 0.46420000 0.37140000 -0.80410000
vn 0.46420000 0.37140000 -0.80410000
vn 0.46420000 0.37140000 -0.80410000
vn 0.46420000 0.37140000 -0.80410000
vn 0.49360000 0.10820000 -0.86300000
vn 0.49360000 0.10820000 -0.86300000
vn 0.49890000 0.06350000 -0.86430000
vn 0.48960000 -0.20290000 -0.84800000
vn 0.48960000 -0.20290000 -0.84800000
vn 0.48960000 -0.20290000 -0.84800000
vn 0.48960000 -0.20290000 -0.84800000
vn 0.50010000 0.00710000 -0.86600000
vn 0.50010000 0.00710000 -0.86600000
vn 0.50010000 0.00710000 -0.86600000
vn 0.50010000 0.00710000 -0.86600000
vn 0.49770000 -0.09630000 -0.86200000
vn 0.49900000 -0.02850000 -0.86610000
vn 0.49900000 -0.02850000 -0.86610000
vn 0.45170000 -0.41570000 -0.78940000
vn 0.45470000 -0.41600000 -0.78750000
vn 0.44690000 -0.44850000 -0.77410000
vn 0.48790000 -0.21840000 -0.84510000
vn 0.50000000 0.00000000 -0.86600000
vn 0.50000000 0.00000000 -0.86600000
vn 0.50000000 0.00000000 -0.86600000
vn 0.50000000 0.00000000 -0.86600000
vn 0.48780000 -0.21800000 -0.84530000
vn 0.46630000 -0.35290000 -0.81120000
vn 0.46630000 -0.35290000 -0.81120000
vn 0.44550000 -0.44780000 -0.77530000
vn 0.43930000 -0.46180000 -0.77060000
vn 0.43930000 -0.46180000 -0.77060000
vn 0.45920000 -0.36680000 -0.80900000
vn 0.45920000 -0.36680000 -0.80900000
vn 0.69570000 -0.21160000 -0.68650000
vn 0.70720000 -0.00000000 -0.70700000
vn 0.70720000 -0.00000000 -0.70700000
vn 0.86600000 0.00000000 -0.50000000
vn 0.86600000 0.00000000 -0.50000000
vn 0.85250000 -0.21830000 -0.47490000
vn 1.00000000 -0.00000000 0.00000000
vn 1.00000000 -0.00000000 0.00000000
vn 1.00000000 -0.00000000 0.00000000
vn 1.00000000 -0.00000000 0.00000000
vn 0.93390000 -0.35740000 0.00170000
vn 0.93390000 -0.35740000 0.00170000
vn 0.75830000 -0.49690000 -0.42200000
vn 0.88690000 -0.46190000 0.00500000
vn 0.88690000 -0.46190000 0.00500000
vn 0.75060000 -0.51190000 -0.41770000
vn 0.74920000 -0.51480000 -0.41690000
vn 0.61320000 -0.49900000 -0.61230000
vn 0.61170000 -0.50170000 -0.61160000
vn 0.63770000 -0.43310000 -0.63700000
vn 0.76610000 0.00790000 -0.64270000
vn 0.76610000 0.00790000 -0.64270000
vn 0.93520000 -0.35400000 0.00680000
vn 0.93520000 -0.35400000 0.00680000
vn 0.78240000 -0.44530000 -0.43540000
vn 1.00000000 0.00710000 0.00000000
vn 1.00000000 0.00710000 0.00000000
vn 1.00000000 0.00710000 0.00000000
vn 1.00000000 0.00710000 0.00000000
vn 0.93970000 0.00790000 -0.34200000
vn 0.93970000 0.00790000 -0.34200000
vn 0.61960000 -0.48420000 -0.61780000
vn 0.71100000 -0.11220000 -0.69420000
vn 0.86790000 -0.11570000 -0.48310000
vn 0.99890000 -0.04730000 -0.00640000
vn 0.99890000 -0.04730000 -0.00640000
vn 0.99490000 -0.10080000 -0.00840000
vn 0.99490000 -0.10080000 -0.00840000
vn 0.98820000 -0.15280000 -0.00620000
vn 0.98820000 -0.15280000 -0.00620000
vn 0.91490000 -0.22940000 -0.33230000
vn 0.91490000 -0.22940000 -0.33230000
vn 0.97920000 -0.20290000 -0.00000000
vn 0.97920000 -0.20290000 -0.00000000
vn 0.97920000 -0.20290000 -0.00000000
vn 0.97920000 -0.20290000 -0.00000000
vn 0.74520000 -0.22940000 -0.62620000
vn 0.74520000 -0.22940000 -0.62620000
vn 0.70580000 0.12100000 -0.69800000
vn 0.69600000 0.41390000 -0.58680000
vn 0.69600000 0.41390000 -0.58680000
vn 0.86680000 0.12500000 -0.48270000
vn 0.85620000 0.41390000 -0.30930000
vn 0.85620000 0.41390000 -0.30930000
vn 0.98880000 0.14940000 0.00340000
vn 0.98880000 0.14940000 0.00340000
vn 0.92850000 0.37140000 0.00000000
vn 0.92850000 0.37140000 0.00000000
vn 0.92850000 0.37140000 0.00000000
vn 0.92850000 0.37140000 0.00000000
vn 0.99330000 -0.11580000 0.00360000
vn 0.99330000 -0.11580000 0.00360000
vn 0.69370000 0.22440000 -0.68440000
vn 0.84980000 0.23150000 -0.47350000
vn 0.95970000 0.28090000 -0.00000000
vn 0.95970000 0.28090000 -0.00000000
vn 1.00000000 -0.00000000 0.00000000
vn 1.00000000 -0.00000000 0.00000000
vn 1.00000000 -0.00000000 0.00000000
vn 1.00000000 -0.00000000 0.00000000
vn 0.96590000 0.00000000 -0.25890000
vn 0.96590000 0.00000000 -0.25890000
vn 0.86600000 0.00000000 -0.50000000
vn 0.86600000 0.00000000 -0.50000000
vn 0.70720000 -0.00000000 -0.70700000
vn 0.70720000 -0.00000000 -0.70700000
vn 0.86600000 0.00000000 -0.50000000
vn 0.86600000 0.00000000 -0.50000000
vn 0.48970000 0.20160000 0.84820000
vn 0.48970000 0.20160000 0.84820000
vn 0.46420000 0.37140000 0.80410000
vn 0.46420000 0.37140000 0.80410000
vn 0.46420000 0.37140000 0.80410000
vn 0.46420000 0.37140000 0.80410000
vn 0.49110000 0.18720000 0.85070000
vn 0.50000000 -0.00000000 0.86600000
vn 0.50000000 -0.00000000 0.86600000
vn 0.50000000 -0.00000000 0.86600000
vn 0.50000000 -0.00000000 0.86600000
vn 0.49350000 0.10810000 0.86300000
vn 0.49350000 0.10810000 0.86300000
vn 0.48960000 -0.20290000 0.84800000
vn 0.48960000 -0.20290000 0.84800000
vn 0.48960000 -0.20290000 0.84800000
vn 0.48960000 -0.20290000 0.84800000
vn 0.49910000 0.06350000 0.86420000
vn 0.49760000 -0.09630000 0.86200000
vn 0.50000000 0.00710000 0.86600000
vn 0.50000000 0.00710000 0.86600000
vn 0.50000000 0.00710000 0.86600000
vn 0.50000000 0.00710000 0.86600000
vn 0.46640000 -0.35290000 0.81110000
vn 0.46640000 -0.35290000 0.81110000
vn 0.50000000 -0.00000000 0.86600000
vn 0.50000000 -0.00000000 0.86600000
vn 0.50000000 -0.00000000 0.86600000
vn 0.50000000 -0.00000000 0.86600000
vn 0.48790000 -0.21840000 0.84510000
vn 0.48820000 -0.21800000 0.84510000
vn 0.44870000 -0.44770000 0.77340000
vn 0.45780000 -0.41570000 0.78590000
vn 0.49890000 -0.02850000 0.86620000
vn 0.49890000 -0.02850000 0.86620000
vn 0.45920000 -0.36680000 0.80900000
vn 0.45920000 -0.36680000 0.80900000
vn 0.45460000 -0.41600000 0.78750000
vn 0.44690000 -0.44850000 0.77410000
vn 0.43930000 -0.46180000 0.77060000
vn 0.43930000 -0.46180000 0.77060000
vn 0.97950000 0.20160000 -0.00000000
vn 0.97950000 0.20160000 -0.00000000
vn 1.00000000 -0.00000000 0.00000000
vn 1.00000000 -0.00000000 0.00000000
vn 1.00000000 -0.00000000 0.00000000
vn 1.00000000 -0.00000000 0.00000000
vn 0.98230000 0.18720000 0.00000000
vn 0.92850000 0.37140000 0.00000000
vn 0.92850000 0.37140000 0.00000000
vn 0.92850000 0.37140000 0.00000000
vn 0.92850000 0.37140000 0.00000000
vn 0.99410000 0.10820000 -0.00410000
vn 0.99410000 0.10820000 -0.00410000
vn 0.99800000 0.06350000 -0.00010000
vn 0.97920000 -0.20290000 -0.00000000
vn 0.97920000 -0.20290000 -0.00000000
vn 0.97920000 -0.20290000 -0.00000000
vn 0.97920000 -0.20290000 -0.00000000
vn 1.00000000 0.00710000 0.00000000
vn 1.00000000 0.00710000 0.00000000
vn 1.00000000 0.00710000 0.00000000
vn 1.00000000 0.00710000 0.00000000
vn 0.99530000 -0.09630000 -0.00000000
vn 0.99960000 -0.02850000 -0.00100000
vn 0.99960000 -0.02850000 -0.00100000
vn 0.90950000 -0.41570000 -0.00360000
vn 0.90930000 -0.41610000 0.00000000
vn 0.89380000 -0.44850000 0.00000000
vn 0.97590000 -0.21840000 0.00000000
vn 1.00000000 -0.00000000 0.00000000
vn 1.00000000 -0.00000000 0.00000000
vn 1.00000000 -0.00000000 0.00000000
vn 1.00000000 -0.00000000 0.00000000
vn 0.97590000 -0.21800000 -0.00030000
vn 0.93570000 -0.35290000 -0.00170000
vn 0.93570000 -0.35290000 -0.00170000
vn 0.89410000 -0.44780000 -0.00180000
vn 0.88700000 -0.46180000 -0.00490000
vn 0.88700000 -0.46180000 -0.00490000
vn 0.93030000 -0.36680000 -0.00680000
vn 0.93030000 -0.36680000 -0.00680000
vn 0.94230000 -0.21160000 0.25930000
vn 0.86600000 -0.00000000 0.50000000
vn 0.86600000 -0.00000000 0.50000000
vn 0.83750000 -0.21830000 0.50090000
vn 0.70720000 0.00000000 0.70700000
vn 0.70720000 0.00000000 0.70700000
vn 0.74460000 -0.49690000 0.44570000
vn 0.73710000 -0.51200000 0.44120000
vn 0.73560000 -0.51480000 0.44040000
vn 0.76830000 -0.44530000 0.45990000
vn 0.83550000 -0.50170000 0.22400000
vn 0.87050000 -0.43310000 0.23380000
vn 0.93960000 0.00790000 0.34210000
vn 0.93960000 0.00790000 0.34210000
vn 0.76610000 0.00790000 0.64270000
vn 0.76610000 0.00790000 0.64270000
vn 0.83690000 -0.49910000 0.22490000
vn 0.84480000 -0.48420000 0.22770000
vn 0.95670000 -0.11220000 0.26860000
vn 0.85230000 -0.11570000 0.51010000
vn 0.74520000 -0.22940000 0.62620000
vn 0.74520000 -0.22940000 0.62620000
vn 0.91490000 -0.22940000 0.33230000
vn 0.91490000 -0.22940000 0.33230000
vn 0.95740000 0.12100000 0.26220000
vn 0.85620000 0.41390000 0.30930000
vn 0.85620000 0.41390000 0.30930000
vn 0.85150000 0.12500000 0.50930000
vn 0.69600000 0.41390000 0.58680000
vn 0.69600000 0.41390000 0.58680000
vn 0.93960000 0.22440000 0.25860000
vn 0.83500000 0.23150000 0.49920000
vn 0.70720000 0.00000000 0.70700000
vn 0.70720000 0.00000000 0.70700000
vn 0.86600000 -0.00000000 0.50000000
vn 0.86600000 -0.00000000 0.50000000
vn 0.96590000 -0.00000000 0.25890000
vn 0.96590000 -0.00000000 0.25890000
vn 0.86600000 -0.00000000 0.50000000
vn 0.86600000 -0.00000000 0.50000000
vn 0.49790000 0.00000000 0.86720000
vn 0.49790000 0.00000000 0.86720000
vn 0.49790000 0.00000000 0.86720000
vn 0.49790000 0.00000000 0.86720000
vn 0.17360000 -0.00000000 0.98480000
vn 0.17360000 -0.00000000 0.98480000
vn -0.17360000 0.00000000 0.98480000
vn -0.17360000 0.00000000 0.98480000
vn -0.50000000 -0.00000000 0.86600000
vn -0.50000000 -0.00000000 0.86600000
vn -0.50000000 -0.00000000 0.86600000
vn -0.50000000 -0.00000000 0.86600000
vn -0.50210000 0.00000000 0.86480000
vn -0.50210000 0.00000000 0.86480000
vn -0.50210000 0.00000000 0.86480000
vn -0.50210000 0.00000000 0.86480000
vn -0.76600000 -0.00000000 0.64280000
vn -0.76600000 -0.00000000 0.64280000
vn -0.93970000 0.00000000 0.34200000
vn -0.93970000 0.00000000 0.34200000
vn -1.00000000 -0.00000000 -0.00000000
vn -1.00000000 -0.00000000 -0.00000000
vn -1.00000000 -0.00000000 -0.00000000
vn -1.00000000 -0.00000000 -0.00000000
vn -1.00000000 0.00000000 -0.00240000
vn -1.00000000 0.00000000 -0.00240000
vn -1.00000000 0.00000000 -0.00240000
vn -1.00000000 0.00000000 -0.00240000
vn -0.93970000 -0.00000000 -0.34200000
vn -0.93970000 -0.00000000 -0.34200000
vn -0.76600000 0.00000000 -0.64280000
vn -0.76600000 0.00000000 -0.64280000
vn -0.50000000 0.00000000 -0.86600000
vn -0.50000000 0.00000000 -0.86600000
vn -0.50000000 0.00000000 -0.86600000
vn -0.50000000 0.00000000 -0.86600000
vn -0.49790000 0.00000000 -0.86720000
vn -0.49790000 0.00000000 -0.86720000
vn -0.49790000 0.00000000 -0.86720000
vn -0.49790000 0.00000000 -0.86720000
vn -0.17360000 -0.00000000 -0.98480000
vn -0.17360000 -0.00000000 -0.98480000
vn 0.17360000 0.00000000 -0.98480000
vn 0.17360000 0.00000000 -0.98480000
vn 0.50000000 0.00000000 -0.86600000
vn 0.50000000 0.00000000 -0.86600000
vn 0.50000000 0.00000000 -0.86600000
vn 0.50000000 0.00000000 -0.86600000
vn 0.50210000 0.00000000 -0.86480000
vn 0.50210000 0.00000000 -0.86480000
vn 0.50210000 0.00000000 -0.86480000
vn 0.50210000 0.00000000 -0.86480000
vn 0.76600000 -0.00000000 -0.64280000
vn 0.76600000 -0.00000000 -0.64280000
vn 0.93970000 0.00000000 -0.34200000
vn 0.93970000 0.00000000 -0.34200000
vn 1.00000000 -0.00000000 0.00000000
vn 1.00000000 -0.00000000 0.00000000
vn 1.00000000 -0.00000000 0.00000000
vn 1.00000000 -0.00000000 0.00000000
vn 0.50000000 -0.00000000 0.86600000
vn 0.50000000 -0.00000000 0.86600000
vn 0.50000000 -0.00000000 0.86600000
vn 0.50000000 -0.00000000 0.86600000
vn 1.00000000 0.00000000 0.00240000
vn 1.00000000 0.00000000 0.00240000
vn 1.00000000 0.00000000 0.00240000
vn 1.00000000 0.00000000 0.00240000
vn 0.93970000 -0.00000000 0.34200000
vn 0.93970000 -0.00000000 0.34200000
vn 0.76600000 0.00000000 0.64280000
vn 0.76600000 0.00000000 0.64280000
vn -0.86600000 -0.50010000 0.00000000
vn -0.86600000 -0.50010000 0.00000000
vn -0.86600000 -0.50010000 -0.00360000
vn -0.86600000 -0.50010000 -0.00360000
vn -0.50010000 -0.86600000 -0.00010000
vn -0.50010000 -0.86600000 -0.00010000
vn -0.50010000 -0.86600000 -0.00240000
vn -0.50010000 -0.86600000 -0.00240000
vn 0.00000000 -1.00000000 -0.00010000
vn 0.00000000 -1.00000000 -0.00010000
vn 0.00000000 -1.00000000 -0.00010000
vn 0.00000000 -1.00000000 -0.00000000
vn 0.00000000 -1.00000000 -0.00000000
vn 0.00000000 -1.00000000 -0.00000000
vn -0.90180000 -0.40760000 0.14360000
vn -0.65980000 -0.74410000 0.10510000
vn -0.35330000 -0.93380000 0.05610000
vn 0.00000000 -1.00000000 -0.00010000
vn 0.00000000 -1.00000000 -0.00010000
vn -0.29150000 -0.93380000 0.20750000
vn 0.00000000 -1.00000000 -0.00000000
vn 0.00000000 -1.00000000 -0.00000000
vn -0.25210000 -0.86600000 0.43190000
vn -0.25210000 -0.86600000 0.43190000
vn 0.00000000 -1.00000000 -0.00000000
vn 0.00000000 -1.00000000 -0.00000000
vn 0.00000000 -1.00000000 -0.00000000
vn -0.54430000 -0.74410000 0.38740000
vn -0.43680000 -0.50010000 0.74780000
vn -0.43680000 -0.50010000 0.74780000
vn -0.74400000 -0.40750000 0.52950000
vn -0.43300000 -0.50010000 0.75000000
vn -0.43300000 -0.50010000 0.75000000
vn -0.25000000 -0.86600000 0.43310000
vn -0.25000000 -0.86600000 0.43310000
vn 0.00000000 -1.00000000 -0.00000000
vn 0.00000000 -1.00000000 -0.00000000
vn 0.00000000 -1.00000000 -0.00000000
vn -0.32660000 -0.40760000 0.85280000
vn -0.23890000 -0.74410000 0.62390000
vn -0.12790000 -0.93380000 0.33400000
vn 0.00000000 -1.00000000 -0.00040000
vn 0.00000000 -1.00000000 -0.00040000
vn 0.03390000 -0.93380000 0.35610000
vn 0.00000000 -1.00000000 -0.00000000
vn 0.00000000 -1.00000000 -0.00000000
vn 0.24800000 -0.86600000 0.43420000
vn 0.24800000 -0.86600000 0.43420000
vn 0.00000000 -1.00000000 -0.00000000
vn 0.00000000 -1.00000000 -0.00000000
vn 0.00000000 -1.00000000 -0.00000000
vn 0.06330000 -0.74410000 0.66510000
vn 0.42920000 -0.50010000 0.75210000
vn 0.42920000 -0.50010000 0.75210000
vn 0.08660000 -0.40750000 0.90910000
vn 0.43300000 -0.50010000 0.75000000
vn 0.43300000 -0.50010000 0.75000000
vn 0.25000000 -0.86590000 0.43310000
vn 0.25000000 -0.86590000 0.43310000
vn 0.00000000 -1.00000000 -0.00000000
vn 0.00000000 -1.00000000 -0.00000000
vn 0.00000000 -1.00000000 -0.00000000
vn 0.57530000 -0.40760000 0.70920000
vn 0.42090000 -0.74410000 0.51890000
vn 0.22540000 -0.93380000 0.27790000
vn 0.00000000 -1.00000000 -0.00010000
vn 0.00000000 -1.00000000 -0.00010000
vn 0.32540000 -0.93380000 0.14870000
vn 0.00000000 -1.00000000 -0.00010000
vn 0.00000000 -1.00000000 -0.00010000
vn 0.50010000 -0.86600000 0.00240000
vn 0.50010000 -0.86600000 0.00240000
vn 0.00000000 -1.00000000 -0.00000000
vn 0.00000000 -1.00000000 -0.00000000
vn 0.00000000 -1.00000000 -0.00000000
vn 0.60760000 -0.74410000 0.27770000
vn 0.86600000 -0.50010000 0.00440000
vn 0.86600000 -0.50010000 0.00440000
vn 0.83060000 -0.40750000 0.37960000
vn 0.86600000 -0.50010000 -0.00000000
vn 0.86600000 -0.50010000 -0.00000000
vn 0.50010000 -0.86600000 0.00010000
vn 0.50010000 -0.86600000 0.00010000
vn 0.00000000 -1.00000000 0.00010000
vn 0.00000000 -1.00000000 0.00010000
vn 0.00000000 -1.00000000 0.00010000
vn 0.90180000 -0.40760000 -0.14360000
vn 0.65980000 -0.74410000 -0.10510000
vn 0.35330000 -0.93380000 -0.05610000
vn -0.00000000 -1.00000000 0.00020000
vn -0.00000000 -1.00000000 0.00020000
vn 0.29150000 -0.93380000 -0.20750000
vn 0.00000000 -1.00000000 -0.00000000
vn 0.00000000 -1.00000000 -0.00000000
vn 0.25210000 -0.86600000 -0.43190000
vn 0.25210000 -0.86600000 -0.43190000
vn 0.00000000 -1.00000000 -0.00000000
vn 0.00000000 -1.00000000 -0.00000000
vn 0.00000000 -1.00000000 -0.00000000
vn 0.54430000 -0.74410000 -0.38740000
vn 0.43680000 -0.50010000 -0.74780000
vn 0.43680000 -0.50010000 -0.74780000
vn 0.74400000 -0.40750000 -0.52950000
vn 0.43300000 -0.50010000 -0.75000000
vn 0.43300000 -0.50010000 -0.75000000
vn 0.25000000 -0.86600000 -0.43310000
vn 0.25000000 -0.86600000 -0.43310000
vn 0.00000000 -1.00000000 -0.00000000
vn 0.00000000 -1.00000000 -0.00000000
vn 0.00000000 -1.00000000 -0.00000000
vn 0.32660000 -0.40760000 -0.85280000
vn 0.23890000 -0.74410000 -0.62390000
vn 0.12790000 -0.93380000 -0.33410000
vn -0.00000000 -1.00000000 0.00040000
vn -0.00000000 -1.00000000 0.00040000
vn -0.03390000 -0.93380000 -0.35610000
vn 0.00000000 -1.00000000 -0.00000000
vn 0.00000000 -1.00000000 -0.00000000
vn -0.24800000 -0.86600000 -0.43420000
vn -0.24800000 -0.86600000 -0.43420000
vn 0.00000000 -1.00000000 -0.00000000
vn 0.00000000 -1.00000000 -0.00000000
vn 0.00000000 -1.00000000 -0.00000000
vn -0.06340000 -0.74410000 -0.66500000
vn -0.42920000 -0.50010000 -0.75210000
vn -0.42920000 -0.50010000 -0.75210000
vn -0.08660000 -0.40750000 -0.90910000
vn -0.43300000 -0.50010000 -0.75000000
vn -0.43300000 -0.50010000 -0.75000000
vn -0.25000000 -0.86590000 -0.43310000
vn -0.25000000 -0.86590000 -0.43310000
vn 0.00000000 -1.00000000 -0.00000000
vn 0.00000000 -1.00000000 -0.00000000
vn 0.00000000 -1.00000000 -0.00000000
vn -0.57530000 -0.40760000 -0.70920000
vn -0.42080000 -0.74410000 -0.51890000
vn -0.22540000 -0.93380000 -0.27790000
vn 0.00000000 -1.00000000 0.00010000
vn 0.00000000 -1.00000000 0.00010000
vn -0.32540000 -0.93380000 -0.14860000
vn -0.00000000 -1.00000000 0.00040000
vn -0.00000000 -1.00000000 0.00040000
vn -0.60760000 -0.74410000 -0.27760000
vn -0.83060000 -0.40760000 -0.37950000
vn 0.00000000 -1.00000000 -0.00000000
vn 0.86600000 -0.00000000 0.50000000
vn 0.00000000 -1.00000000 -0.00000000
vn 0.50000000 -0.00000000 0.86600000
vn -0.00000000 -0.00000000 1.00000000
vn 0.00000000 -1.00000000 -0.00000000
vn -0.50000000 -0.00000000 0.86600000
vn 0.00000000 -1.00000000 -0.00000000
vn -0.86600000 -0.00000000 0.50000000
vn 0.00000000 -1.00000000 -0.00000000
vn -1.00000000 -0.00000000 -0.00000000
vn 0.00000000 -1.00000000 -0.00000000
vn -0.86600000 0.00000000 -0.50000000
vn 0.00000000 -1.00000000 -0.00000000
vn -0.50000000 0.00000000 -0.86600000
vn 0.00000000 -1.00000000 -0.00000000
vn 0.00000000 -1.00000000 -0.00000000
vn -0.00000000 0.00000000 -1.00000000
vn 0.00000000 -1.00000000 -0.00000000
vn 0.50000000 0.00000000 -0.86600000
vn 0.00000000 -1.00000000 -0.00000000
vn 0.86600000 0.00000000 -0.50000000
vn 1.00000000 -0.00000000 0.00000000
vn 1.00000000 -0.00000000 0.00000000
vn 0.00000000 -1.00000000 -0.00000000
vn 0.00000000 -1.00000000 -0.00000000
vn 0.86600000 0.00000000 -0.50000000
vn 0.86600000 0.00000000 -0.50000000
vn 0.00000000 -1.00000000 -0.00000000
vn 1.00000000 -0.00000000 0.00000000
vn 1.00000000 -0.00000000 0.00000000
vn 1.00000000 -0.00000000 0.00000000
vn 1.00000000 -0.00000000 0.00000000
vn 0.86600000 -0.00000000 0.50000000
vn 0.00000000 -1.00000000 -0.00000000
vn 0.86600000 -0.00000000 0.50000000
vn 0.50000000 -0.00000000 0.86600000
vn 0.00000000 -1.00000000 -0.00000000
vn 0.50000000 -0.00000000 0.86600000
vn 0.00000000 -1.00000000 -0.00000000
vn -0.00000000 -0.00000000 1.00000000
vn -0.00000000 -0.00000000 1.00000000
vn -0.50000000 -0.00000000 0.86600000
vn 0.00000000 -1.00000000 -0.00000000
vn -0.50000000 -0.00000000 0.86600000
vn -0.86600000 -0.00000000 0.50000000
vn 0.00000000 -1.00000000 -0.00000000
vn -0.86600000 -0.00000000 0.50000000
vn 0.00000000 -1.00000000 -0.00000000
vn -1.00000000 -0.00000000 -0.00000000
vn -1.00000000 -0.00000000 -0.00000000
vn -0.86600000 0.00000000 -0.50000000
vn 0.00000000 -1.00000000 -0.00000000
vn -0.86600000 0.00000000 -0.50000000
vn -0.50000000 0.00000000 -0.86600000
vn 0.00000000 -1.00000000 -0.00000000
vn -0.50000000 0.00000000 -0.86600000
vn 0.00000000 -1.00000000 -0.00000000
vn -0.00000000 0.00000000 -1.00000000
vn -0.00000000 0.00000000 -1.00000000
vn 0.00000000 -1.00000000 -0.00000000
vn 0.50000000 0.00000000 -0.86600000
vn 0.50000000 0.00000000 -0.86600000
vn -0.00000000 -0.00000000 1.00000000
vn 0.00000000 1.00000000 0.00000000
vn -0.50000000 -0.00000000 0.86600000
vn 0.00000000 1.00000000 0.00000000
vn 0.00000000 1.00000000 0.00000000
vn -0.86600000 -0.00000000 0.50000000
vn -1.00000000 -0.00000000 -0.00000000
vn 0.00000000 1.00000000 0.00000000
vn -1.00000000 -0.00000000 -0.00000000
vn -0.86600000 0.00000000 -0.50000000
vn 0.00000000 1.00000000 0.00000000
vn 0.00000000 1.00000000 0.00000000
vn -0.50000000 0.00000000 -0.86600000
vn -0.00000000 0.00000000 -1.00000000
vn 0.00000000 1.00000000 0.00000000
vn 0.50000000 0.00000000 -0.86600000
vn 0.00000000 1.00000000 0.00000000
vn 0.00000000 1.00000000 0.00000000
vn 0.86600000 0.00000000 -0.50000000
vn 1.00000000 -0.00000000 0.00000000
vn 0.00000000 1.00000000 0.00000000
vn 0.86600000 -0.00000000 0.50000000
vn 0.00000000 1.00000000 0.00000000
vn 0.50000000 -0.00000000 0.86600000
vn 0.00000000 1.00000000 0.00000000
vn 0.00000000 1.00000000 0.00000000
vn -0.86600000 0.00000000 -0.50000000
vn -1.00000000 -0.00000000 -0.00000000
vn -1.00000000 -0.00000000 -0.00000000
vn 0.00000000 1.00000000 0.00000000
vn -0.86600000 -0.00000000 0.50000000
vn 0.00000000 1.00000000 0.00000000
vn -0.50000000 -0.00000000 0.86600000
vn 0.00000000 1.00000000 0.00000000
vn 0.00000000 1.00000000 0.00000000
vn -0.00000000 -0.00000000 1.00000000
vn 0.50000000 -0.00000000 0.86600000
vn 0.00000000 1.00000000 0.00000000
vn 0.00000000 1.00000000 0.00000000
vn 0.86600000 -0.00000000 0.50000000
vn 1.00000000 -0.00000000 0.00000000
vn 0.00000000 1.00000000 0.00000000
vn 0.00000000 1.00000000 0.00000000
vn 0.86600000 0.00000000 -0.50000000
vn 0.00000000 1.00000000 0.00000000
vn 0.50000000 0.00000000 -0.86600000
vn 0.00000000 1.00000000 0.00000000
vn -0.00000000 0.00000000 -1.00000000
vn -0.50000000 0.00000000 -0.86600000
vn 0.00000000 1.00000000 0.00000000
vn 0.00000000 1.00000000 0.00000000
vn -0.86600000 -0.00000000 0.50000000
vn 0.00000000 1.00000000 0.00000000
vn -1.00000000 -0.00000000 -0.00000000
vn -1.00000000 -0.00000000 -0.00000000
vn -0.86600000 0.00000000 -0.50000000
vn 0.00000000 1.00000000 0.00000000
vn -0.50000000 -0.00000000 0.86600000
vn 0.00000000 1.00000000 0.00000000
vn -0.00000000 -0.00000000 1.00000000
vn 0.00000000 1.00000000 0.00000000
vn 0.00000000 1.00000000 0.00000000
vn 0.50000000 -0.00000000 0.86600000
vn 0.00000000 1.00000000 0.00000000
vn 0.86600000 -0.00000000 0.50000000
vn 1.00000000 -0.00000000 0.00000000
vn 0.00000000 1.00000000 0.00000000
vn 0.00000000 1.00000000 0.00000000
vn 0.86600000 0.00000000 -0.50000000
vn 0.00000000 1.00000000 0.00000000
vn 0.50000000 0.00000000 -0.86600000
vn 0.00000000 1.00000000 0.00000000
vn -0.00000000 0.00000000 -1.00000000
vn -0.50000000 0.00000000 -0.86600000
vn 0.00000000 1.00000000 0.00000000
vn 0.86600000 -0.00000000 0.50000000
vn 0.00000000 -1.00000000 -0.00000000
vn 1.00000000 -0.00000000 0.00000000
vn 0.00000000 -1.00000000 -0.00000000
vn 0.00000000 -1.00000000 -0.00000000
vn 0.86600000 0.00000000 -0.50000000
vn 0.00000000 -1.00000000 -0.00000000
vn 0.50000000 -0.00000000 0.86600000
vn -0.00000000 -0.00000000 1.00000000
vn 0.00000000 -1.00000000 -0.00000000
vn -0.50000000 -0.00000000 0.86600000
vn 0.00000000 -1.00000000 -0.00000000
vn 0.00000000 -1.00000000 -0.00000000
vn -0.86600000 -0.00000000 0.50000000
vn 0.00000000 -1.00000000 -0.00000000
vn -1.00000000 -0.00000000 -0.00000000
vn -1.00000000 -0.00000000 -0.00000000
vn -0.86600000 0.00000000 -0.50000000
vn 0.00000000 -1.00000000 -0.00000000
vn 0.00000000 -1.00000000 -0.00000000
vn -0.50000000 0.00000000 -0.86600000
vn -0.00000000 0.00000000 -1.00000000
vn 0.00000000 -1.00000000 -0.00000000
vn 0.50000000 0.00000000 -0.86600000
vn 0.00000000 -1.00000000 -0.00000000
vn 0.00000000 -1.00000000 -0.00000000
vn 0.00000000 -1.00000000 -0.00000000
vn 0.00000000 -1.00000000 -0.00000000
vn 0.00000000 -1.00000000 -0.00000000
vn 0.00000000 -1.00000000 -0.00000000
vn 0.00000000 -1.00000000 -0.00000000
vn 0.00000000 -1.00000000 -0.00000000
vn 0.00000000 -1.00000000 -0.00000000
vn 0.00000000 -1.00000000 -0.00000000
vn 0.00000000 -1.00000000 -0.00000000
vn 0.00000000 -1.00000000 -0.00000000
vn 0.00000000 -1.00000000 -0.00000000
vn 0.00000000 -1.00000000 -0.00000000
vn 0.00000000 -1.00000000 -0.00000000
vn 0.00000000 -1.00000000 -0.00000000
vn 0.00000000 -1.00000000 -0.00000000
vn 0.00000000 -1.00000000 -0.00000000
vn 0.00000000 -1.00000000 -0.00000000
vn 0.00000000 -1.00000000 -0.00000000
vn 0.00000000 -1.00000000 -0.00000000
vn 0.00000000 -1.00000000 -0.00000000
vn 0.00000000 -1.00000000 -0.00000000
vn 0.00000000 -1.00000000 -0.00000000
vn 0.00000000 -1.00000000 -0.00000000
vn 0.00000000 1.00000000 0.00000000
vn 0.00000000 1.00000000 0.00000000
vn 0.00000000 1.00000000 0.00000000
vn 0.00000000 1.00000000 0.00000000
vn 0.00000000 1.00000000 0.00000000
vn 0.00000000 1.00000000 0.00000000
vn 0.00000000 1.00000000 0.00000000
vn -0.86600000 -0.00000000 0.50000000
vn 0.86600000 0.00000000 -0.50000000
vn 0.00000000 1.00000000 0.00000000
vn -1.00000000 -0.00000000 -0.00000000
vn 0.00000000 1.00000000 0.00000000
vn -1.00000000 -0.00000000 -0.00000000
vn 0.00000000 1.00000000 0.00000000
vn 1.00000000 -0.00000000 0.00000000
vn 0.00000000 1.00000000 0.00000000
vn -0.86600000 0.00000000 -0.50000000
vn 0.86600000 -0.00000000 0.50000000
vn 0.00000000 1.00000000 0.00000000
vn 0.50000000 -0.00000000 0.86600000
vn 0.00000000 1.00000000 0.00000000
vn 0.00000000 1.00000000 0.00000000
vn 0.50000000 0.00000000 -0.86600000
vn 0.00000000 1.00000000 0.00000000
vn -0.50000000 -0.00000000 0.86600000
vn 0.00000000 1.00000000 0.00000000
vn -0.00000000 0.00000000 -1.00000000
vn 0.00000000 1.00000000 0.00000000
vn -0.00000000 -0.00000000 1.00000000
vn 0.50000000 -0.00000000 0.86600000
vn 0.00000000 1.00000000 0.00000000
vn -0.50000000 0.00000000 -0.86600000
vn 0.00000000 1.00000000 0.00000000
vn 0.86600000 -0.00000000 0.50000000
vn 0.00000000 1.00000000 0.00000000
vn -0.86600000 0.00000000 -0.50000000
vn 0.00000000 1.00000000 0.00000000
vn 1.00000000 -0.00000000 0.00000000
vn 0.00000000 1.00000000 0.00000000
vn -1.00000000 -0.00000000 -0.00000000
vn 0.00000000 1.00000000 0.00000000
vn -1.00000000 -0.00000000 -0.00000000
vn -0.86600000 -0.00000000 0.50000000
vn 0.00000000 1.00000000 0.00000000
vn 0.86600000 0.00000000 -0.50000000
vn 0.00000000 1.00000000 0.00000000
vn -0.50000000 -0.00000000 0.86600000
vn 0.00000000 1.00000000 0.00000000
vn 0.00000000 1.00000000 0.00000000
vn 0.50000000 0.00000000 -0.86600000
vn -0.00000000 -0.00000000 1.00000000
vn 0.00000000 1.00000000 0.00000000
vn -0.00000000 0.00000000 -1.00000000
vn 0.00000000 1.00000000 0.00000000
vn 0.00000000 1.00000000 0.00000000
vn -0.50000000 0.00000000 -0.86600000
vn -0.86600000 0.00000000 -0.50000000
vn 0.00000000 1.00000000 0.00000000
vn -1.00000000 -0.00000000 -0.00000000
vn -1.00000000 -0.00000000 -0.00000000
vn 0.00000000 1.00000000 0.00000000
vn -0.86600000 -0.00000000 0.50000000
vn 0.00000000 1.00000000 0.00000000
vn -0.50000000 -0.00000000 0.86600000
vn 0.00000000 1.00000000 0.00000000
vn 0.00000000 1.00000000 0.00000000
vn -0.00000000 -0.00000000 1.00000000
vn 0.50000000 -0.00000000 0.86600000
vn 0.00000000 1.00000000 0.00000000
vn 0.00000000 1.00000000 0.00000000
vn 0.86600000 -0.00000000 0.50000000
vn 1.00000000 -0.00000000 0.00000000
vn 0.00000000 1.00000000 0.00000000
vn 0.86600000 0.00000000 -0.50000000
vn 0.00000000 1.00000000 0.00000000
vn 0.00000000 1.00000000 0.00000000
vn 0.50000000 0.00000000 -0.86600000
vn -0.00000000 0.00000000 -1.00000000
vn 0.00000000 1.00000000 0.00000000
vn -0.50000000 0.00000000 -0.86600000
vn 0.00000000 1.00000000 0.00000000
vn -0.86600000 -0.00000000 0.50000000
vn -0.86600000 -0.00000000 0.50000000
vn -1.00000000 -0.00000000 -0.00000000
vn -1.00000000 -0.00000000 -0.00000000
vn -1.00000000 -0.00000000 -0.00000000
vn -1.00000000 -0.00000000 -0.00000000
vn -0.86600000 0.00000000 -0.50000000
vn -0.86600000 0.00000000 -0.50000000
vn -0.50000000 0.00000000 -0.86600000
vn -0.50000000 0.00000000 -0.86600000
vn -0.00000000 0.00000000 -1.00000000
vn -0.00000000 0.00000000 -1.00000000
vn 0.50000000 0.00000000 -0.86600000
vn 0.50000000 0.00000000 -0.86600000
vn 0.86600000 0.00000000 -0.50000000
vn 0.86600000 0.00000000 -0.50000000
vn 1.00000000 -0.00000000 0.00000000
vn 1.00000000 -0.00000000 0.00000000
vn 0.86600000 -0.00000000 0.50000000
vn 0.86600000 -0.00000000 0.50000000
vn 0.50000000 -0.00000000 0.86600000
vn 0.50000000 -0.00000000 0.86600000
vn -0.00000000 -0.00000000 1.00000000
vn -0.00000000 -0.00000000 1.00000000
vn -0.50000000 -0.00000000 0.86600000
vn -0.50000000 -0.00000000 0.86600000
vn 0.00000000 -1.00000000 -0.00000000
vn 0.00000000 -1.00000000 -0.00000000
vn 0.00000000 -1.00000000 -0.00000000
vn 0.00000000 -1.00000000 -0.00000000
vn 0.00000000 -1.00000000 -0.00000000
vn 0.00000000 -1.00000000 -0.00000000
vn 0.00000000 -1.00000000 -0.00000000
vn 0.00000000 -1.00000000 -0.00000000
vn 0.00000000 -1.00000000 -0.00000000
vn 0.00000000 -1.00000000 -0.00000000
vn 0.00000000 -1.00000000 -0.00000000
vn 0.00000000 -1.00000000 -0.00000000
vn 0.00000000 -1.00000000 -0.00000000
vn 0.00000000 -1.00000000 -0.00000000
vn 0.00000000 -1.00000000 -0.00000000
vn 0.00000000 -1.00000000 -0.00000000
vn 0.00000000 -1.00000000 -0.00000000
vn 0.00000000 -1.00000000 -0.00000000
vn 0.00000000 -1.00000000 -0.00000000
vn 0.00000000 -1.00000000 -0.00000000
vn 0.00000000 -1.00000000 -0.00000000
vn 0.00000000 -1.00000000 -0.00000000
vn 0.00000000 -1.00000000 -0.00000000
vn 0.00000000 -1.00000000 -0.00000000
vn 0.00000000 -1.00000000 -0.00000000
vn -0.50000000 -0.86600000 -0.00000000
vn -0.50000000 -0.86600000 -0.00000000
vn -0.43300000 -0.86600000 -0.25000000
vn -0.25000000 -0.86600000 -0.43300000
vn -0.00000000 -0.86600000 -0.50000000
vn 0.25000000 -0.86600000 -0.43300000
vn 0.43300000 -0.86600000 -0.25000000
vn 0.50000000 -0.86600000 0.00000000
vn 0.43300000 -0.86600000 0.25000000
vn 0.25000000 -0.86600000 0.43300000
vn -0.00000000 -0.86600000 0.50000000
vn -0.25000000 -0.86600000 0.43300000
vn -0.43300000 -0.86600000 0.25000000
vn -0.86600000 -0.50000000 -0.00000000
vn -0.86600000 -0.50000000 -0.00000000
vn -0.75000000 -0.50000000 0.43300000
vn -0.43300000 -0.50000000 0.75000000
vn -0.00000000 -0.50000000 0.86600000
vn 0.43300000 -0.50000000 0.75000000
vn 0.75000000 -0.50000000 0.43300000
vn 0.86600000 -0.50000000 0.00000000
vn 0.75000000 -0.50000000 -0.43300000
vn 0.43300000 -0.50000000 -0.75000000
vn -0.00000000 -0.50000000 -0.86600000
vn -0.43300000 -0.50000000 -0.75000000
vn -0.75000000 -0.50000000 -0.43300000
vn 0.17490000 0.00000000 0.98460000
vn -1.00000000 -0.00000000 -0.00000000
vn 0.00000000 1.00000000 0.00000000
vn 0.00000000 1.00000000 0.00000000
vn 0.17500000 -0.00000000 -0.98460000
vn -1.00000000 -0.00000000 -0.00000000
vn 0.00000000 1.00000000 0.00000000
vn 0.05860000 -0.00000000 0.99830000
vn 0.00000000 1.00000000 0.00000000
vn 0.05860000 -0.00000000 -0.99830000
vn 0.00000000 1.00000000 0.00000000
vn -0.05860000 -0.00000000 -0.99830000
vn -0.05860000 -0.00000000 0.99830000
vn 0.00000000 1.00000000 0.00000000
vn 1.00000000 -0.00000000 0.00000000
vn 0.00000000 1.00000000 0.00000000
vn -0.17500000 0.00000000 -0.98460000
vn -0.17500000 -0.00000000 0.98460000
vn 0.00000000 1.00000000 0.00000000
vn 1.00000000 -0.00000000 0.00000000
vn -0.07000000 0.91650000 0.39380000
vn 1.00000000 -0.00000000 0.00000000
vn -0.17500000 -0.00000000 0.98460000
vn -0.52030000 0.00000000 0.85400000
vn 0.00000000 -1.00000000 -0.00000000
vn -0.59790000 -0.00000000 0.80160000
vn -0.23920000 0.91650000 0.32060000
vn 0.00000000 -1.00000000 -0.00000000
vn -0.87760000 -0.00000000 0.47940000
vn -0.89390000 -0.00000000 0.44830000
vn -0.35750000 0.91650000 0.17940000
vn 0.00000000 -1.00000000 -0.00000000
vn -0.99970000 -0.00000000 -0.02360000
vn -0.40000000 0.91650000 0.00000000
vn -1.00000000 -0.00000000 -0.00000000
vn -0.89380000 -0.00000000 -0.44840000
vn -0.35760000 0.91650000 -0.17930000
vn 0.00000000 -1.00000000 -0.00000000
vn -0.85400000 -0.00000000 -0.52030000
vn -0.23920000 0.91650000 -0.32060000
vn -0.59790000 0.00000000 -0.80160000
vn -0.59790000 0.00000000 -0.80160000
vn 0.00000000 -1.00000000 -0.00000000
vn -0.47940000 0.00000000 -0.87760000
vn -0.47940000 0.00000000 -0.87760000
vn 0.00000000 -1.00000000 -0.00000000
vn 0.02360000 0.00000000 -0.99970000
vn -0.07000000 0.91650000 -0.39380000
vn 1.00000000 -0.00000000 0.00000000
vn -0.17480000 -0.00000000 -0.98460000
vn 0.00000000 -1.00000000 -0.00000000
vn 0.52030000 0.00000000 -0.85400000
vn -1.00000000 -0.00000000 -0.00000000
vn 0.07000000 0.91650000 -0.39380000
vn 0.17500000 -0.00000000 -0.98460000
vn 0.59790000 -0.00000000 -0.80160000
vn 0.23920000 0.91650000 -0.32060000
vn 0.87760000 -0.00000000 -0.47940000
vn 0.00000000 -1.00000000 -0.00000000
vn 0.35760000 0.91650000 -0.17930000
vn 0.89380000 0.00000000 -0.44840000
vn 0.99970000 -0.00000000 0.02360000
vn 0.00000000 -1.00000000 -0.00000000
vn 0.40000000 0.91650000 0.00000000
vn 1.00000000 -0.00000000 0.00000000
vn 0.35750000 0.91650000 0.17940000
vn 0.89380000 -0.00000000 0.44840000
vn 0.85400000 -0.00000000 0.52030000
vn 0.00000000 -1.00000000 -0.00000000
vn 0.23920000 0.91650000 0.32060000
vn 0.59790000 0.00000000 0.80160000
vn 0.47940000 0.00000000 0.87760000
vn 0.00000000 -1.00000000 -0.00000000
vn -0.02360000 0.00000000 0.99970000
vn 0.00000000 -1.00000000 -0.00000000
vn 0.17480000 -0.00000000 0.98460000
vn 0.07000000 0.91650000 0.39380000
vn -1.00000000 -0.00000000 -0.00000000
vn -0.07000000 0.98840000 0.13450000
vn 1.00000000 -0.00000000 0.00000000
vn -0.07000000 0.98840000 -0.13450000
vn 1.00000000 -0.00000000 0.00000000
vn -1.00000000 -0.00000000 -0.00000000
vn 0.07000000 0.98840000 -0.13450000
vn -1.00000000 -0.00000000 -0.00000000
vn 0.07000000 0.98840000 0.13450000
vn -0.00000000 0.00000000 -1.00000000
vn 0.00000000 -1.00000000 -0.00000000
vn -0.50000000 0.00000000 -0.86600000
vn 0.00000000 -1.00000000 -0.00000000
vn 0.00000000 -1.00000000 -0.00000000
vn -0.86600000 0.00000000 -0.50000000
vn -1.00000000 -0.00000000 -0.00000000
vn 0.00000000 -1.00000000 -0.00000000
vn 0.00000000 -1.00000000 -0.00000000
vn -0.86600000 -0.00000000 0.50000000
vn 0.00000000 -1.00000000 -0.00000000
vn -0.50000000 -0.00000000 0.86600000
vn -0.00000000 -0.00000000 1.00000000
vn 0.00000000 -1.00000000 -0.00000000
vn 0.00000000 -1.00000000 -0.00000000
vn 0.50000000 -0.00000000 0.86600000
vn 0.86600000 -0.00000000 0.50000000
vn 0.00000000 -1.00000000 -0.00000000
vn 1.00000000 -0.00000000 0.00000000
vn 1.00000000 -0.00000000 0.00000000
vn 0.00000000 -1.00000000 -0.00000000
vn 0.86600000 0.00000000 -0.50000000
vn 0.00000000 -1.00000000 -0.00000000
vn 0.00000000 -1.00000000 -0.00000000
vn 0.50000000 0.00000000 -0.86600000
vn -0.61240000 -0.70710000 0.35350000
vn -0.86600000 -0.00000000 0.50000000
vn -0.70710000 -0.70710000 0.00000000
vn -1.00000000 -0.00000000 -0.00000000
vn -0.61240000 -0.70710000 -0.35350000
vn -0.86600000 0.00000000 -0.50000000
vn -0.35360000 -0.70710000 -0.61240000
vn -0.50000000 0.00000000 -0.86600000
vn -0.35360000 -0.70710000 -0.61240000
vn -0.00000000 0.00000000 -1.00000000
vn -0.00000000 -0.70710000 -0.70710000
vn 0.35360000 -0.70710000 -0.61240000
vn 0.50000000 0.00000000 -0.86600000
vn 0.61240000 -0.70710000 -0.35350000
vn 0.86600000 0.00000000 -0.50000000
vn 1.00000000 -0.00000000 0.00000000
vn 1.00000000 -0.00000000 0.00000000
vn 0.70710000 -0.70710000 -0.00000000
vn 0.86600000 -0.00000000 0.50000000
vn 0.61240000 -0.70710000 0.35350000
vn 0.35360000 -0.70710000 0.61240000
vn 0.50000000 -0.00000000 0.86600000
vn -0.00000000 -0.00000000 1.00000000
vn 0.00000000 -0.70710000 0.70710000
vn -0.50000000 -0.00000000 0.86600000
vn -0.35360000 -0.70710000 0.61240000
vn 0.00000000 -1.00000000 -0.00000000
vn -0.61240000 -0.70710000 -0.35360000
vn 0.00000000 -1.00000000 -0.00000000
vn 0.61240000 -0.70710000 -0.35360000
vn 0.00000000 -1.00000000 -0.00000000
vn -0.70710000 -0.70710000 0.00000000
vn 0.70710000 -0.70710000 -0.00000000
vn 0.00000000 -1.00000000 -0.00000000
vn -0.61240000 -0.70710000 0.35360000
vn 0.00000000 -1.00000000 0.00010000
vn 0.61240000 -0.70710000 0.35360000
vn 0.00000000 -1.00000000 -0.00000000
vn -0.35360000 -0.70710000 0.61240000
vn 0.00000000 -1.00000000 0.00010000
vn 0.35360000 -0.70710000 0.61240000
vn 0.00000000 -1.00000000 -0.00000000
vn 0.00000000 -0.70710000 0.70710000
vn 0.00000000 -1.00000000 -0.00000000
vn 0.35360000 -0.70710000 -0.61240000
vn 0.00000000 -1.00000000 -0.00010000
vn -0.35360000 -0.70710000 -0.61240000
vn -0.35360000 -0.70710000 -0.61240000
vn 0.00000000 -1.00000000 -0.00000000
vn 0.00000000 -1.00000000 -0.00000000
vn -0.00000000 -0.70710000 -0.70710000
f 1//1 4//4 5//5
f 5//5 4//4 8//8
f 5//5 8//8 11//11
f 11//11 8//8 13//13
f 11//11 13//13 14//14
f 14//14 13//13 17//17
f 14//14 17//17 18//18
f 4//4 1//1 20//20
f 20//20 1//1 22//22
f 20//20 22//22 25//25
f 27//27 28//28 30//30
f 30//30 28//28 33//33
f 30//30 33//33 36//36
f 28//28 27//27 38//38
f 38//38 27//27 41//41
f 38//38 41//41 43//43
f 43//43 41//41 44//44
f 43//43 44//44 47//47
f 43//43 47//47 48//48
f 48//48 47//47 51//51
f 48//48 51//51 52//52
f 52//52 51//51 55//55
f 55//55 51//51 57//57
f 55//55 57//57 59//59
f 59//59 57//57 60//60
f 59//59 60//60 62//62
f 62//62 60//60 65//65
f 62//62 65//65 66//66
f 66//66 65//65 69//69
f 66//66 69//69 70//70
f 66//66 70//70 73//73
f 73//73 70//70 75//75
f 73//73 75//75 36//36
f 36//36 75//75 30//30
f 76//76 37//37 78//78
f 78//78 37//37 35//35
f 79//79 34//34 81//81
f 81//81 34//34 29//29
f 81//81 29//29 84//84
f 84//84 29//29 39//39
f 84//84 39//39 85//85
f 85//85 39//39 42//42
f 85//85 42//42 88//88
f 88//88 42//42 49//49
f 88//88 49//49 90//90
f 90//90 49//49 53//53
f 90//90 53//53 92//92
f 92//92 53//53 54//54
f 92//92 54//54 94//94
f 94//94 54//54 58//58
f 94//94 58//58 95//95
f 95//95 58//58 63//63
f 95//95 63//63 98//98
f 98//98 63//63 67//67
f 98//98 67//67 99//99
f 99//99 67//67 72//72
f 99//99 72//72 76//76
f 76//76 72//72 37//37
f 82//82 89//89 80//80
f 80//80 89//89 91//91
f 80//80 91//91 77//77
f 77//77 91//91 93//93
f 77//77 93//93 100//100
f 100//100 93//93 96//96
f 100//100 96//96 97//97
f 89//89 82//82 87//87
f 87//87 82//82 83//83
f 87//87 83//83 86//86
f 102//102 106//106 107//107
f 108//108 103//103 109//109
f 108//108 109//109 111//111
f 111//111 109//109 112//112
f 111//111 112//112 114//114
f 114//114 116//116 111//111
f 111//111 116//116 118//118
f 111//111 118//118 119//119
f 119//119 118//118 120//120
f 119//119 120//120 121//121
f 121//121 120//120 122//122
f 121//121 122//122 123//123
f 123//123 122//122 124//124
f 123//123 124//124 125//125
f 125//125 124//124 126//126
f 125//125 126//126 127//127
f 127//127 126//126 128//128
f 127//127 128//128 130//130
f 130//130 128//128 131//131
f 130//130 131//131 134//134
f 118//118 116//116 135//135
f 135//135 116//116 137//137
f 135//135 137//137 138//138
f 138//138 140//140 135//135
f 135//135 140//140 142//142
f 135//135 142//142 145//145
f 144//144 143//143 146//146
f 144//144 146//146 147//147
f 147//147 146//146 148//148
f 147//147 148//148 149//149
f 149//149 148//148 150//150
f 149//149 150//150 151//151
f 151//151 150//150 152//152
f 151//151 152//152 46//46
f 46//46 152//152 50//50
f 50//50 152//152 153//153
f 50//50 153//153 154//154
f 154//154 153//153 155//155
f 154//154 155//155 156//156
f 156//156 155//155 157//157
f 156//156 157//157 158//158
f 158//158 157//157 159//159
f 158//158 159//159 160//160
f 160//160 159//159 161//161
f 160//160 161//161 162//162
f 162//162 161//161 163//163
f 162//162 163//163 164//164
f 164//164 163//163 166//166
f 164//164 166//166 167//167
f 167//167 166//166 170//170
f 170//170 166//166 172//172
f 172//172 166//166 173//173
f 172//172 173//173 174//174
f 174//174 173//173 177//177
f 177//177 173//173 180//180
f 180//180 173//173 182//182
f 182//182 173//173 184//184
f 184//184 173//173 185//185
f 184//184 185//185 186//186
f 186//186 185//185 187//187
f 186//186 187//187 188//188
f 188//188 187//187 189//189
f 188//188 189//189 190//190
f 190//190 189//189 191//191
f 190//190 191//191 192//192
f 192//192 191//191 193//193
f 192//192 193//193 194//194
f 194//194 193//193 195//195
f 194//194 195//195 74//74
f 74//74 195//195 31//31
f 31//31 195//195 196//196
f 32//32 197//197 26//26
f 26//26 197//197 198//198
f 26//26 198//198 40//40
f 40//40 198//198 199//199
f 40//40 199//199 45//45
f 45//45 199//199 151//151
f 45//45 151//151 46//46
f 140//140 200//200 142//142
f 143//143 201//201 203//203
f 143//143 203//203 205//205
f 205//205 208//208 143//143
f 143//143 208//208 210//210
f 143//143 210//210 211//211
f 211//211 210//210 212//212
f 211//211 212//212 213//213
f 213//213 212//212 214//214
f 213//213 214//214 215//215
f 215//215 214//214 216//216
f 215//215 216//216 217//217
f 217//217 216//216 218//218
f 217//217 218//218 161//161
f 161//161 218//218 163//163
f 212//212 210//210 107//107
f 107//107 210//210 219//219
f 107//107 219//219 221//221
f 221//221 102//102 107//107
f 194//194 74//74 223//223
f 223//223 74//74 71//71
f 223//223 71//71 224//224
f 224//224 71//71 68//68
f 224//224 68//68 225//225
f 225//225 68//68 64//64
f 225//225 64//64 226//226
f 226//226 64//64 61//61
f 226//226 61//61 227//227
f 227//227 61//61 56//56
f 227//227 56//56 154//154
f 154//154 56//56 50//50
f 164//164 229//229 162//162
f 162//162 229//229 230//230
f 162//162 230//230 233//233
f 162//162 233//233 234//234
f 234//234 233//233 235//235
f 234//234 235//235 237//237
f 237//237 239//239 234//234
f 234//234 239//239 242//242
f 234//234 242//242 184//184
f 244//244 245//245 248//248
f 248//248 245//245 249//249
f 248//248 249//249 251//251
f 251//251 249//249 253//253
f 251//251 253//253 254//254
f 254//254 257//257 251//251
f 251//251 257//257 258//258
f 251//251 258//258 259//259
f 259//259 258//258 260//260
f 259//259 260//260 261//261
f 261//261 260//260 262//262
f 261//261 262//262 263//263
f 263//263 262//262 264//264
f 263//263 264//264 265//265
f 265//265 264//264 266//266
f 265//265 266//266 267//267
f 267//267 266//266 268//268
f 267//267 268//268 7//7
f 9//9 269//269 12//12
f 12//12 269//269 270//270
f 12//12 270//270 16//16
f 16//16 270//270 271//271
f 16//16 271//271 19//19
f 19//19 271//271 272//272
f 19//19 272//272 15//15
f 15//15 272//272 273//273
f 15//15 273//273 10//10
f 10//10 273//273 274//274
f 10//10 274//274 6//6
f 6//6 274//274 275//275
f 6//6 275//275 2//2
f 2//2 275//275 276//276
f 2//2 276//276 23//23
f 23//23 276//276 277//277
f 23//23 277//277 24//24
f 24//24 277//277 278//278
f 24//24 278//278 21//21
f 21//21 278//278 279//279
f 21//21 279//279 3//3
f 3//3 279//279 267//267
f 3//3 267//267 7//7
f 281//281 282//282 257//257
f 257//257 282//282 283//283
f 257//257 283//283 258//258
f 258//258 283//283 284//284
f 258//258 284//284 260//260
f 260//260 284//284 285//285
f 260//260 285//285 262//262
f 262//262 285//285 286//286
f 262//262 286//286 264//264
f 264//264 286//286 287//287
f 264//264 287//287 266//266
f 266//266 287//287 288//288
f 266//266 288//288 268//268
f 269//269 289//289 270//270
f 281//281 291//291 282//282
f 282//282 291//291 293//293
f 282//282 293//293 294//294
f 294//294 293//293 295//295
f 294//294 295//295 297//297
f 297//297 299//299 294//294
f 294//294 299//299 301//301
f 294//294 301//301 304//304
f 305//305 307//307 304//304
f 304//304 307//307 308//308
f 304//304 308//308 309//309
f 309//309 308//308 310//310
f 309//309 310//310 311//311
f 311//311 310//310 312//312
f 311//311 312//312 313//313
f 313//313 312//312 314//314
f 313//313 314//314 315//315
f 315//315 314//314 316//316
f 315//315 316//316 317//317
f 317//317 316//316 318//318
f 317//317 318//318 319//319
f 319//319 318//318 320//320
f 319//319 320//320 322//322
f 323//323 321//321 324//324
f 323//323 324//324 198//198
f 198//198 324//324 199//199
f 305//305 325//325 307//307
f 307//307 325//325 248//248
f 307//307 248//248 327//327
f 327//327 248//248 251//251
f 327//327 251//251 259//259
f 325//325 244//244 248//248
f 329//329 330//330 130//130
f 130//130 330//330 333//333
f 130//130 333//333 336//336
f 336//336 338//338 130//130
f 130//130 338//338 339//339
f 130//130 339//339 340//340
f 340//340 339//339 341//341
f 340//340 341//341 277//277
f 277//277 341//341 278//278
f 338//338 342//342 339//339
f 339//339 342//342 344//344
f 339//339 344//344 345//345
f 345//345 344//344 261//261
f 345//345 261//261 263//263
f 344//344 342//342 346//346
f 346//346 342//342 348//348
f 346//346 348//348 350//350
f 350//350 352//352 346//346
f 346//346 352//352 353//353
f 346//346 353//353 307//307
f 307//307 353//353 354//354
f 307//307 354//354 356//356
f 352//352 359//359 353//353
f 353//353 359//359 361//361
f 353//353 361//361 354//354
f 356//356 128//128 307//307
f 307//307 128//128 308//308
f 134//134 329//329 130//130
f 363//363 365//365 369//369
f 368//368 366//366 370//370
f 368//368 370//370 373//373
f 373//373 375//375 368//368
f 368//368 375//375 376//376
f 368//368 376//376 377//377
f 377//377 376//376 378//378
f 377//377 378//378 271//271
f 271//271 378//378 272//272
f 375//375 379//379 376//376
f 376//376 379//379 381//381
f 376//376 381//381 382//382
f 382//382 381//381 383//383
f 382//382 383//383 384//384
f 384//384 383//383 385//385
f 384//384 385//385 386//386
f 386//386 385//385 125//125
f 386//386 125//125 127//127
f 381//381 379//379 387//387
f 387//387 379//379 389//389
f 387//387 389//389 391//391
f 391//391 392//392 387//387
f 387//387 392//392 394//394
f 387//387 394//394 397//397
f 396//396 395//395 399//399
f 396//396 399//399 400//400
f 392//392 403//403 394//394
f 395//395 402//402 406//406
f 395//395 406//406 399//399
f 400//400 408//408 396//396
f 396//396 408//408 409//409
f 396//396 409//409 411//411
f 411//411 409//409 412//412
f 411//411 412//412 413//413
f 413//413 412//412 414//414
f 413//413 414//414 214//214
f 214//214 414//414 216//216
f 416//416 369//369 408//408
f 408//408 369//369 287//287
f 408//408 287//287 417//417
f 417//417 287//287 286//286
f 417//417 286//286 418//418
f 418//418 286//286 285//285
f 418//418 285//285 419//419
f 419//419 285//285 284//284
f 419//419 284//284 420//420
f 420//420 284//284 283//283
f 420//420 283//283 163//163
f 163//163 283//283 166//166
f 416//416 422//422 369//369
f 369//369 422//422 363//363
f 423//423 426//426 430//430
f 429//429 427//427 432//432
f 429//429 432//432 433//433
f 433//433 432//432 435//435
f 433//433 435//435 437//437
f 437//437 438//438 433//433
f 433//433 438//438 440//440
f 433//433 440//440 441//441
f 441//441 440//440 442//442
f 441//441 442//442 383//383
f 383//383 442//442 385//385
f 444//444 445//445 438//438
f 438//438 445//445 119//119
f 438//438 119//119 440//440
f 440//440 119//119 121//121
f 440//440 121//121 442//442
f 442//442 121//121 123//123
f 442//442 123//123 385//385
f 385//385 123//123 125//125
f 444//444 446//446 445//445
f 445//445 446//446 449//449
f 445//445 449//449 451//451
f 451//451 449//449 452//452
f 450//450 454//454 456//456
f 456//456 458//458 450//450
f 450//450 458//458 460//460
f 450//450 460//460 411//411
f 411//411 461//461 396//396
f 396//396 461//461 463//463
f 396//396 463//463 430//430
f 430//430 463//463 423//423
f 198//198 197//197 323//323
f 322//322 196//196 465//465
f 322//322 465//465 319//319
f 319//319 465//465 466//466
f 319//319 466//466 317//317
f 317//317 466//466 467//467
f 317//317 467//467 315//315
f 315//315 467//467 468//468
f 315//315 468//468 313//313
f 313//313 468//468 469//469
f 313//313 469//469 311//311
f 311//311 469//469 470//470
f 311//311 470//470 309//309
f 309//309 470//470 304//304
f 465//465 196//196 195//195
f 324//324 321//321 147//147
f 147//147 321//321 144//144
f 135//135 145//145 318//318
f 318//318 145//145 320//320
f 107//107 450//450 212//212
f 212//212 450//450 413//413
f 212//212 413//413 214//214
f 451//451 108//108 445//445
f 445//445 108//108 111//111
f 445//445 111//111 119//119
f 397//397 429//429 471//471
f 471//471 429//429 433//433
f 471//471 433//433 441//441
f 287//287 369//369 288//288
f 289//289 368//368 377//377
f 289//289 377//377 270//270
f 270//270 377//377 271//271
f 166//166 283//283 282//282
f 466//466 465//465 193//193
f 193//193 465//465 195//195
f 118//118 135//135 316//316
f 316//316 135//135 318//318
f 265//265 267//267 279//279
f 409//409 408//408 417//417
f 417//417 418//418 409//409
f 409//409 418//418 472//472
f 409//409 472//472 412//412
f 412//412 472//472 414//414
f 450//450 411//411 413//413
f 143//143 211//211 146//146
f 146//146 211//211 473//473
f 146//146 473//473 148//148
f 148//148 473//473 474//474
f 148//148 474//474 150//150
f 150//150 474//474 475//475
f 150//150 475//475 152//152
f 152//152 475//475 153//153
f 473//473 211//211 213//213
f 199//199 324//324 149//149
f 149//149 324//324 147//147
f 194//194 223//223 192//192
f 192//192 223//223 476//476
f 192//192 476//476 190//190
f 190//190 476//476 477//477
f 190//190 477//477 188//188
f 188//188 477//477 478//478
f 188//188 478//478 186//186
f 186//186 478//478 234//234
f 186//186 234//234 184//184
f 476//476 223//223 224//224
f 466//466 193//193 191//191
f 466//466 191//191 467//467
f 467//467 191//191 189//189
f 467//467 189//189 468//468
f 468//468 189//189 187//187
f 468//468 187//187 469//469
f 469//469 187//187 185//185
f 469//469 185//185 470//470
f 470//470 185//185 294//294
f 470//470 294//294 304//304
f 118//118 316//316 314//314
f 118//118 314//314 120//120
f 120//120 314//314 312//312
f 120//120 312//312 122//122
f 122//122 312//312 310//310
f 122//122 310//310 124//124
f 124//124 310//310 308//308
f 124//124 308//308 126//126
f 126//126 308//308 128//128
f 441//441 383//383 381//381
f 376//376 382//382 378//378
f 378//378 382//382 479//479
f 378//378 479//479 272//272
f 272//272 479//479 273//273
f 479//479 382//382 384//384
f 471//471 441//441 381//381
f 476//476 224//224 480//480
f 480//480 224//224 225//225
f 480//480 225//225 481//481
f 481//481 225//225 226//226
f 481//481 226//226 482//482
f 482//482 226//226 227//227
f 482//482 227//227 156//156
f 156//156 227//227 154//154
f 479//479 384//384 483//483
f 483//483 384//384 386//386
f 483//483 386//386 484//484
f 484//484 386//386 127//127
f 484//484 127//127 485//485
f 485//485 127//127 130//130
f 485//485 130//130 340//340
f 476//476 480//480 477//477
f 477//477 480//480 486//486
f 477//477 486//486 478//478
f 478//478 486//486 487//487
f 478//478 487//487 234//234
f 234//234 487//487 162//162
f 486//486 480//480 481//481
f 274//274 273//273 483//483
f 483//483 273//273 479//479
f 274//274 483//483 484//484
f 486//486 481//481 488//488
f 488//488 481//481 482//482
f 488//488 482//482 158//158
f 158//158 482//482 156//156
f 275//275 274//274 484//484
f 275//275 484//484 485//485
f 486//486 488//488 487//487
f 487//487 488//488 160//160
f 487//487 160//160 162//162
f 160//160 488//488 158//158
f 282//282 294//294 173//173
f 173//173 294//294 185//185
f 166//166 282//282 173//173
f 346//346 307//307 327//327
f 276//276 275//275 485//485
f 276//276 485//485 340//340
f 155//155 153//153 475//475
f 157//157 155//155 489//489
f 489//489 155//155 475//475
f 489//489 475//475 474//474
f 159//159 157//157 490//490
f 490//490 157//157 489//489
f 490//490 489//489 491//491
f 491//491 489//489 474//474
f 491//491 474//474 473//473
f 161//161 159//159 217//217
f 217//217 159//159 490//490
f 217//217 490//490 215//215
f 215//215 490//490 491//491
f 215//215 491//491 213//213
f 213//213 491//491 473//473
f 163//163 218//218 420//420
f 420//420 218//218 492//492
f 420//420 492//492 419//419
f 419//419 492//492 472//472
f 419//419 472//472 418//418
f 492//492 218//218 216//216
f 259//259 261//261 344//344
f 339//339 345//345 341//341
f 341//341 345//345 493//493
f 341//341 493//493 278//278
f 278//278 493//493 279//279
f 493//493 345//345 263//263
f 276//276 340//340 277//277
f 327//327 259//259 344//344
f 346//346 327//327 344//344
f 149//149 151//151 199//199
f 472//472 492//492 414//414
f 414//414 492//492 216//216
f 279//279 493//493 265//265
f 265//265 493//493 263//263
f 397//397 471//471 387//387
f 387//387 471//471 381//381
f 424//424 250//250 425//425
f 425//425 250//250 246//246
f 428//428 247//247 431//431
f 431//431 247//247 243//243
f 431//431 243//243 326//326
f 424//424 464//464 250//250
f 250//250 464//464 252//252
f 252//252 464//464 462//462
f 252//252 462//462 255//255
f 255//255 462//462 256//256
f 256//256 462//462 410//410
f 256//256 410//410 280//280
f 280//280 410//410 459//459
f 280//280 459//459 457//457
f 280//280 457//457 290//290
f 290//290 457//457 455//455
f 290//290 455//455 292//292
f 292//292 455//455 296//296
f 296//296 455//455 453//453
f 296//296 453//453 298//298
f 298//298 453//453 448//448
f 298//298 448//448 447//447
f 298//298 447//447 300//300
f 300//300 447//447 443//443
f 300//300 443//443 302//302
f 302//302 443//443 303//303
f 303//303 443//443 439//439
f 303//303 439//439 306//306
f 306//306 439//439 436//436
f 306//306 436//436 434//434
f 306//306 434//434 326//326
f 326//326 434//434 431//431
f 101//101 171//171 105//105
f 105//105 171//171 175//175
f 104//104 176//176 110//110
f 110//110 176//176 178//178
f 110//110 178//178 179//179
f 101//101 222//222 171//171
f 171//171 222//222 169//169
f 169//169 222//222 220//220
f 169//169 220//220 168//168
f 168//168 220//220 165//165
f 165//165 220//220 209//209
f 165//165 209//209 228//228
f 228//228 209//209 207//207
f 228//228 207//207 206//206
f 228//228 206//206 231//231
f 231//231 206//206 204//204
f 231//231 204//204 232//232
f 232//232 204//204 236//236
f 236//236 204//204 202//202
f 236//236 202//202 238//238
f 238//238 202//202 141//141
f 238//238 141//141 139//139
f 238//238 139//139 240//240
f 240//240 139//139 136//136
f 240//240 136//136 241//241
f 241//241 136//136 183//183
f 183//183 136//136 117//117
f 183//183 117//117 181//181
f 181//181 117//117 115//115
f 181//181 115//115 113//113
f 181//181 113//113 179//179
f 179//179 113//113 110//110
f 362//362 334//334 364//364
f 364//364 334//334 332//332
f 367//367 331//331 371//371
f 371//371 331//331 328//328
f 371//371 328//328 133//133
f 362//362 421//421 334//334
f 334//334 421//421 335//335
f 335//335 421//421 415//415
f 335//335 415//415 337//337
f 337//337 415//415 343//343
f 343//343 415//415 407//407
f 343//343 407//407 347//347
f 347//347 407//407 401//401
f 347//347 401//401 398//398
f 347//347 398//398 349//349
f 349//349 398//398 405//405
f 349//349 405//405 351//351
f 351//351 405//405 358//358
f 358//358 405//405 404//404
f 358//358 404//404 360//360
f 360//360 404//404 393//393
f 360//360 393//393 390//390
f 360//360 390//390 355//355
f 355//355 390//390 388//388
f 355//355 388//388 357//357
f 357//357 388//388 129//129
f 129//129 388//388 380//380
f 129//129 380//380 132//132
f 132//132 380//380 374//374
f 132//132 374//374 372//372
f 132//132 372//372 133//133
f 133//133 372//372 371//371
f 494//494 498//498 500//500
f 501//501 497//497 503//503
f 501//501 503//503 505//505
f 505//505 506//506 501//501
f 501//501 506//506 509//509
f 509//509 506//506 511//511
f 509//509 511//511 512//512
f 512//512 511//511 514//514
f 512//512 514//514 517//517
f 517//517 514//514 520//520
f 517//517 520//520 521//521
f 521//521 526//526 517//517
f 516//516 524//524 527//527
f 516//516 527//527 529//529
f 529//529 531//531 516//516
f 516//516 531//531 534//534
f 516//516 534//534 536//536
f 536//536 534//534 538//538
f 536//536 538//538 540//540
f 540//540 538//538 541//541
f 540//540 541//541 543//543
f 543//543 541//541 545//545
f 543//543 545//545 547//547
f 547//547 545//545 550//550
f 547//547 550//550 552//552
f 552//552 550//550 554//554
f 552//552 554//554 556//556
f 556//556 554//554 557//557
f 557//557 554//554 560//560
f 557//557 560//560 561//561
f 561//561 560//560 564//564
f 564//564 560//560 565//565
f 565//565 560//560 568//568
f 568//568 560//560 570//570
f 570//570 560//560 571//571
f 571//571 560//560 574//574
f 574//574 560//560 576//576
f 574//574 576//576 577//577
f 577//577 576//576 580//580
f 580//580 576//576 581//581
f 580//580 581//581 583//583
f 583//583 581//581 586//586
f 583//583 586//586 588//588
f 588//588 586//586 589//589
f 588//588 589//589 512//512
f 512//512 589//589 509//509
f 538//538 534//534 500//500
f 500//500 534//534 592//592
f 500//500 592//592 593//593
f 593//593 494//494 500//500
f 577//577 596//596 574//574
f 574//574 596//596 598//598
f 598//598 596//596 599//599
f 599//599 596//596 602//602
f 602//602 596//596 605//605
f 605//605 596//596 606//606
f 606//606 596//596 608//608
f 608//608 596//596 610//610
f 610//610 596//596 552//552
f 610//610 552//552 556//556
f 612//612 614//614 617//617
f 617//617 614//614 551//551
f 617//617 551//551 595//595
f 612//612 620//620 614//614
f 623//623 544//544 614//614
f 614//614 544//544 548//548
f 614//614 548//548 551//551
f 625//625 628//628 623//623
f 623//623 628//628 629//629
f 623//623 629//629 535//535
f 535//535 629//629 518//518
f 518//518 629//629 632//632
f 518//518 632//632 513//513
f 513//513 632//632 636//636
f 513//513 636//636 587//587
f 587//587 636//636 584//584
f 584//584 636//636 638//638
f 584//584 638//638 579//579
f 579//579 638//638 578//578
f 578//578 638//638 642//642
f 578//578 642//642 595//595
f 595//595 642//642 617//617
f 632//632 644//644 636//636
f 636//636 644//644 647//647
f 648//648 650//650 638//638
f 638//638 650//650 642//642
f 535//535 539//539 623//623
f 623//623 539//539 544//544
f 624//624 652//652 655//655
f 655//655 652//652 656//656
f 655//655 656//656 658//658
f 658//658 656//656 660//660
f 658//658 660//660 661//661
f 661//661 630//630 658//658
f 658//658 630//630 627//627
f 658//658 627//627 655//655
f 655//655 627//627 626//626
f 655//655 626//626 624//624
f 664//664 666//666 670//670
f 670//670 666//666 672//672
f 669//669 673//673 676//676
f 676//676 673//673 677//677
f 676//676 677//677 679//679
f 679//679 677//677 682//682
f 679//679 682//682 683//683
f 683//683 682//682 686//686
f 683//683 686//686 687//687
f 687//687 686//686 690//690
f 687//687 690//690 692//692
f 692//692 690//690 694//694
f 692//692 694//694 695//695
f 695//695 694//694 698//698
f 695//695 698//698 699//699
f 699//699 698//698 701//701
f 699//699 701//701 703//703
f 703//703 701//701 706//706
f 703//703 706//706 707//707
f 707//707 706//706 710//710
f 707//707 710//710 712//712
f 712//712 710//710 713//713
f 712//712 713//713 664//664
f 664//664 713//713 666//666
f 675//675 715//715 668//668
f 668//668 715//715 716//716
f 671//671 717//717 718//718
f 718//718 717//717 720//720
f 718//718 720//720 721//721
f 721//721 720//720 722//722
f 721//721 722//722 724//724
f 724//724 722//722 725//725
f 724//724 725//725 727//727
f 727//727 725//725 729//729
f 727//727 729//729 730//730
f 730//730 729//729 741//741
f 715//715 675//675 745//745
f 745//745 675//675 680//680
f 745//745 680//680 746//746
f 746//746 680//680 684//684
f 746//746 684//684 747//747
f 747//747 684//684 688//688
f 747//747 688//688 748//748
f 748//748 688//688 691//691
f 748//748 691//691 749//749
f 749//749 691//691 696//696
f 749//749 696//696 750//750
f 750//750 696//696 751//751
f 750//750 751//751 752//752
f 752//752 751//751 753//753
f 752//752 753//753 754//754
f 754//754 753//753 755//755
f 754//754 755//755 756//756
f 756//756 755//755 757//757
f 756//756 757//757 758//758
f 758//758 757//757 759//759
f 758//758 759//759 733//733
f 696//696 700//700 751//751
f 751//751 700//700 760//760
f 751//751 760//760 753//753
f 753//753 760//760 761//761
f 753//753 761//761 755//755
f 755//755 761//761 762//762
f 755//755 762//762 757//757
f 757//757 762//762 763//763
f 757//757 763//763 759//759
f 759//759 763//763 730//730
f 759//759 730//730 740//740
f 700//700 704//704 760//760
f 760//760 704//704 764//764
f 760//760 764//764 761//761
f 761//761 764//764 765//765
f 761//761 765//765 762//762
f 762//762 765//765 766//766
f 762//762 766//766 763//763
f 763//763 766//766 727//727
f 763//763 727//727 730//730
f 704//704 708//708 764//764
f 764//764 708//708 767//767
f 764//764 767//767 765//765
f 765//765 767//767 768//768
f 765//765 768//768 766//766
f 766//766 768//768 724//724
f 766//766 724//724 727//727
f 708//708 711//711 767//767
f 767//767 711//711 769//769
f 767//767 769//769 768//768
f 768//768 769//769 721//721
f 768//768 721//721 724//724
f 711//711 665//665 769//769
f 769//769 665//665 718//718
f 769//769 718//718 721//721
f 665//665 671//671 718//718
f 758//758 744//744 770//770
f 771//771 743//743 772//772
f 772//772 736//736 773//773
f 773//773 735//735 774//774
f 774//774 734//734 775//775
f 776//776 742//742 777//777
f 777//777 731//731 778//778
f 778//778 738//738 779//779
f 779//779 737//737 728//728
f 719//719 716//716 780//780
f 780//780 716//716 715//715
f 780//780 715//715 781//781
f 781//781 715//715 745//745
f 781//781 745//745 782//782
f 782//782 745//745 746//746
f 782//782 746//746 783//783
f 783//783 746//746 747//747
f 783//783 747//747 784//784
f 784//784 747//747 748//748
f 784//784 748//748 785//785
f 785//785 748//748 749//749
f 785//785 749//749 786//786
f 786//786 749//749 750//750
f 786//786 750//750 752//752
f 723//723 719//719 787//787
f 787//787 719//719 780//780
f 787//787 780//780 788//788
f 788//788 780//780 781//781
f 788//788 781//781 789//789
f 789//789 781//781 782//782
f 789//789 782//782 790//790
f 790//790 782//782 783//783
f 790//790 783//783 791//791
f 791//791 783//783 784//784
f 791//791 784//784 792//792
f 792//792 784//784 785//785
f 792//792 785//785 793//793
f 793//793 785//785 786//786
f 793//793 786//786 794//794
f 794//794 786//786 752//752
f 794//794 752//752 754//754
f 779//779 728//728 726//726
f 726//726 723//723 795//795
f 795//795 723//723 787//787
f 795//795 787//787 796//796
f 796//796 787//787 788//788
f 796//796 788//788 797//797
f 797//797 788//788 789//789
f 797//797 789//789 798//798
f 798//798 789//789 790//790
f 798//798 790//790 799//799
f 799//799 790//790 791//791
f 799//799 791//791 800//800
f 800//800 791//791 792//792
f 800//800 792//792 801//801
f 801//801 792//792 793//793
f 801//801 793//793 802//802
f 802//802 793//793 794//794
f 802//802 794//794 803//803
f 803//803 794//794 754//754
f 803//803 754//754 756//756
f 770//770 739//739 771//771
f 775//775 732//732 776//776
f 778//778 779//779 795//795
f 795//795 779//779 726//726
f 778//778 795//795 796//796
f 777//777 778//778 796//796
f 777//777 796//796 797//797
f 776//776 777//777 797//797
f 776//776 797//797 798//798
f 775//775 776//776 798//798
f 775//775 798//798 799//799
f 774//774 775//775 799//799
f 774//774 799//799 800//800
f 773//773 774//774 800//800
f 773//773 800//800 801//801
f 773//773 801//801 772//772
f 772//772 801//801 802//802
f 772//772 802//802 771//771
f 771//771 802//802 803//803
f 771//771 803//803 770//770
f 770//770 803//803 756//756
f 770//770 756//756 758//758
f 804//804 807//807 810//810
f 810//810 807//807 814//814
f 810//810 814//814 817//817
f 818//818 823//823 808//808
f 808//808 823//823 813//813
f 826//826 829//829 820//820
f 820//820 829//829 821//821
f 830//830 834//834 824//824
f 824//824 834//834 836//836
f 824//824 836//836 828//828
f 828//828 836//836 837//837
f 832//832 806//806 840//840
f 840//840 806//806 811//811
f 840//840 811//811 841//841
f 841//841 811//811 842//842
f 841//841 842//842 833//833
f 833//833 842//842 835//835
f 835//835 842//842 838//838
f 838//838 842//842 816//816
f 816//816 842//842 811//811
f 841//841 833//833 840//840
f 840//840 833//833 832//832
f 843//843 822//822 848//848
f 848//848 822//822 827//827
f 848//848 827//827 839//839
f 843//843 851//851 822//822
f 822//822 851//851 812//812
f 812//812 851//851 852//852
f 812//812 852//852 815//815
f 815//815 852//852 857//857
f 815//815 857//857 839//839
f 839//839 857//857 848//848
f 860//860 861//861 864//864
f 864//864 861//861 868//868
f 871//871 873//873 876//876
f 876//876 873//873 880//880
f 876//876 880//880 882//882
f 882//882 880//880 885//885
f 882//882 885//885 887//887
f 882//882 887//887 888//888
f 888//888 887//887 891//891
f 888//888 891//891 893//893
f 893//893 891//891 862//862
f 893//893 862//862 859//859
f 895//895 899//899 883//883
f 883//883 899//899 901//901
f 883//883 901//901 886//886
f 886//886 901//901 904//904
f 886//886 904//904 890//890
f 890//890 904//904 905//905
f 890//890 905//905 863//863
f 863//863 905//905 867//867
f 900//900 909//909 902//902
f 902//902 909//909 911//911
f 902//902 911//911 914//914
f 902//902 914//914 903//903
f 903//903 914//914 916//916
f 903//903 916//916 906//906
f 906//906 916//916 869//869
f 869//869 916//916 865//865
f 910//910 875//875 912//912
f 912//912 875//875 881//881
f 912//912 881//881 889//889
f 912//912 889//889 913//913
f 913//913 889//889 892//892
f 913//913 892//892 915//915
f 915//915 892//892 866//866
f 866//866 892//892 858//858
f 870//870 878//878 917//917
f 917//917 878//878 846//846
f 917//917 846//846 856//856
f 919//919 894//894 921//921
f 921//921 894//894 884//884
f 921//921 884//884 879//879
f 879//879 874//874 921//921
f 921//921 874//874 918//918
f 921//921 918//918 922//922
f 922//922 918//918 923//923
f 922//922 923//923 919//919
f 919//919 923//923 854//854
f 854//854 923//923 855//855
f 855//855 923//923 918//918
f 874//874 872//872 918//918
f 922//922 919//919 921//921
f 896//896 920//920 897//897
f 897//897 920//920 850//850
f 850//850 920//920 853//853
f 908//908 898//898 845//845
f 845//845 898//898 849//849
f 907//907 844//844 877//877
f 877//877 844//844 847//847
f 619//619 926//926 927//927
f 927//927 926//926 928//928
f 927//927 928//928 930//930
f 930//930 928//928 931//931
f 930//930 931//931 933//933
f 933//933 615//615 930//930
f 930//930 615//615 621//621
f 930//930 621//621 927//927
f 927//927 621//621 613//613
f 927//927 613//613 619//619
f 935//935 831//831 616//616
f 616//616 831//831 825//825
f 616//616 825//825 819//819
f 831//831 935//935 805//805
f 805//805 935//935 653//653
f 805//805 653//653 809//809
f 809//809 653//653 622//622
f 809//809 622//622 819//819
f 819//819 622//622 616//616
f 640//640 678//678 936//936
f 936//936 678//678 674//674
f 936//936 674//674 667//667
f 637//637 689//689 640//640
f 640//640 689//689 685//685
f 640//640 685//685 681//681
f 940//940 702//702 637//637
f 637//637 702//702 697//697
f 637//637 697//697 693//693
f 936//936 714//714 940//940
f 940//940 714//714 709//709
f 940//940 709//709 705//705
f 667//667 714//714 936//936
f 705//705 702//702 940//940
f 693//693 689//689 637//637
f 681//681 678//678 640//640
f 639//639 937//937 942//942
f 942//942 937//937 943//943
f 942//942 943//943 945//945
f 945//945 943//943 947//947
f 945//945 947//947 948//948
f 948//948 643//643 945//945
f 945//945 643//643 651//651
f 945//945 651//651 942//942
f 942//942 651//651 649//649
f 942//942 649//649 639//639
f 634//634 953//953 954//954
f 954//954 953//953 956//956
f 954//954 956//956 957//957
f 957//957 956//956 958//958
f 957//957 958//958 941//941
f 941//941 635//635 957//957
f 957//957 635//635 646//646
f 957//957 646//646 954//954
f 954//954 646//646 645//645
f 954//954 645//645 634//634
f 949//949 559//559 925//925
f 925//925 559//559 553//553
f 925//925 553//553 934//934
f 934//934 553//553 549//549
f 934//934 549//549 546//546
f 946//946 938//938 949//949
f 949//949 938//938 575//575
f 949//949 575//575 559//559
f 946//946 944//944 938//938
f 939//939 585//585 938//938
f 938//938 585//585 582//582
f 938//938 582//582 575//575
f 959//959 955//955 939//939
f 939//939 955//955 952//952
f 939//939 952//952 508//508
f 508//508 952//952 499//499
f 499//499 952//952 662//662
f 499//499 662//662 537//537
f 537//537 662//662 654//654
f 537//537 654//654 542//542
f 542//542 654//654 546//546
f 546//546 654//654 934//934
f 662//662 659//659 654//654
f 654//654 659//659 657//657
f 932//932 929//929 934//934
f 934//934 929//929 925//925
f 508//508 590//590 939//939
f 939//939 590//590 585//585
f 951//951 961//961 663//663
f 663//663 961//961 963//963
f 663//663 963//963 965//965
f 633//633 967//967 951//951
f 951//951 967//967 968//968
f 951//951 968//968 970//970
f 631//631 972//972 633//633
f 633//633 972//972 975//975
f 633//633 975//975 978//978
f 663//663 979//979 631//631
f 631//631 979//979 982//982
f 631//631 982//982 983//983
f 978//978 967//967 633//633
f 970//970 961//961 951//951
f 965//965 979//979 663//663
f 983//983 972//972 631//631
f 986//986 502//502 988//988
f 988//988 502//502 496//496
f 988//988 496//496 495//495
f 502//502 986//986 504//504
f 504//504 986//986 989//989
f 504//504 989//989 507//507
f 507//507 989//989 991//991
f 507//507 991//991 510//510
f 510//510 991//991 515//515
f 515//515 991//991 994//994
f 515//515 994//994 519//519
f 519//519 994//994 996//996
f 519//519 996//996 522//522
f 522//522 996//996 999//999
f 522//522 999//999 525//525
f 523//523 997//997 528//528
f 528//528 997//997 1000//1000
f 528//528 1000//1000 530//530
f 530//530 1000//1000 1003//1003
f 530//530 1003//1003 532//532
f 532//532 1003//1003 1004//1004
f 532//532 1004//1004 533//533
f 533//533 1004//1004 591//591
f 591//591 1004//1004 1006//1006
f 591//591 1006//1006 594//594
f 594//594 1006//1006 1009//1009
f 594//594 1009//1009 495//495
f 495//495 1009//1009 988//988
f 1010//1010 976//976 1012//1012
f 1012//1012 976//976 973//973
f 1014//1014 974//974 1015//1015
f 1015//1015 974//974 984//984
f 1015//1015 984//984 1018//1018
f 1018//1018 984//984 981//981
f 1018//1018 981//981 1019//1019
f 1019//1019 981//981 980//980
f 1019//1019 980//980 1021//1021
f 1021//1021 980//980 964//964
f 1021//1021 964//964 1023//1023
f 1023//1023 964//964 962//962
f 1023//1023 962//962 1026//1026
f 1026//1026 962//962 960//960
f 1026//1026 960//960 1028//1028
f 1028//1028 960//960 971//971
f 1028//1028 971//971 1029//1029
f 1029//1029 971//971 969//969
f 1029//1029 969//969 1031//1031
f 1031//1031 969//969 966//966
f 1031//1031 966//966 1034//1034
f 1034//1034 966//966 977//977
f 1034//1034 977//977 1010//1010
f 1010//1010 977//977 976//976
f 1016//1016 1001//1001 1013//1013
f 1013//1013 1001//1001 998//998
f 1013//1013 998//998 995//995
f 1001//1001 1016//1016 1002//1002
f 1002//1002 1016//1016 1017//1017
f 1002//1002 1017//1017 1005//1005
f 1005//1005 1017//1017 1020//1020
f 1005//1005 1020//1020 1022//1022
f 1005//1005 1022//1022 1007//1007
f 1007//1007 1022//1022 1024//1024
f 1007//1007 1024//1024 1008//1008
f 1008//1008 1024//1024 987//987
f 987//987 1024//1024 1025//1025
f 987//987 1025//1025 985//985
f 985//985 1025//1025 1027//1027
f 985//985 1027//1027 990//990
f 990//990 1027//1027 1030//1030
f 990//990 1030//1030 992//992
f 992//992 1030//1030 1032//1032
f 992//992 1032//1032 1033//1033
f 992//992 1033//1033 993//993
f 993//993 1033//1033 1011//1011
f 993//993 1011//1011 995//995
f 995//995 1011//1011 1013//1013
f 1036//1036 563//563 1038//1038
f 1038//1038 563//563 566//566
f 1038//1038 566//566 567//567
f 563//563 1036//1036 562//562
f 562//562 1036//1036 1039//1039
f 562//562 1039//1039 558//558
f 558//558 1039//1039 1042//1042
f 558//558 1042//1042 555//555
f 555//555 1042//1042 611//611
f 611//611 1042//1042 1043//1043
f 611//611 1043//1043 609//609
f 609//609 1043//1043 1046//1046
f 609//609 1046//1046 607//607
f 607//607 1046//1046 1049//1049
f 607//607 1049//1049 603//603
f 604//604 1047//1047 601//601
f 601//601 1047//1047 1051//1051
f 601//601 1051//1051 600//600
f 600//600 1051//1051 1053//1053
f 600//600 1053//1053 597//597
f 597//597 1053//1053 1055//1055
f 597//597 1055//1055 573//573
f 573//573 1055//1055 572//572
f 572//572 1055//1055 1057//1057
f 572//572 1057//1057 569//569
f 569//569 1057//1057 1059//1059
f 569//569 1059//1059 567//567
f 567//567 1059//1059 1038//1038
f 641//641 1060//1060 618//618
f 618//618 1060//1060 1064//1064
f 618//618 1064//1064 1065//1065
f 950//950 1067//1067 641//641
f 641//641 1067//1067 1069//1069
f 641//641 1069//1069 1071//1071
f 924//924 1073//1073 950//950
f 950//950 1073//1073 1075//1075
f 950//950 1075//1075 1077//1077
f 618//618 1080//1080 924//924
f 924//924 1080//1080 1082//1082
f 924//924 1082//1082 1084//1084
f 1077//1077 1067//1067 950//950
f 1071//1071 1060//1060 641//641
f 1065//1065 1080//1080 618//618
f 1084//1084 1073//1073 924//924
f 1085//1085 1076//1076 1088//1088
f 1088//1088 1076//1076 1074//1074
f 1088//1088 1074//1074 1090//1090
f 1090//1090 1074//1074 1083//1083
f 1090//1090 1083//1083 1092//1092
f 1092//1092 1083//1083 1081//1081
f 1092//1092 1081//1081 1094//1094
f 1094//1094 1081//1081 1079//1079
f 1094//1094 1079//1079 1095//1095
f 1095//1095 1079//1079 1066//1066
f 1095//1095 1066//1066 1097//1097
f 1097//1097 1066//1066 1063//1063
f 1097//1097 1063//1063 1100//1100
f 1100//1100 1063//1063 1062//1062
f 1101//1101 1061//1061 1103//1103
f 1103//1103 1061//1061 1072//1072
f 1103//1103 1072//1072 1105//1105
f 1105//1105 1072//1072 1070//1070
f 1105//1105 1070//1070 1106//1106
f 1106//1106 1070//1070 1068//1068
f 1106//1106 1068//1068 1108//1108
f 1108//1108 1068//1068 1078//1078
f 1108//1108 1078//1078 1085//1085
f 1085//1085 1078//1078 1076//1076
f 1089//1089 1035//1035 1087//1087
f 1087//1087 1035//1035 1037//1037
f 1087//1087 1037//1037 1058//1058
f 1035//1035 1089//1089 1040//1040
f 1040//1040 1089//1089 1091//1091
f 1040//1040 1091//1091 1041//1041
f 1041//1041 1091//1091 1093//1093
f 1041//1041 1093//1093 1096//1096
f 1041//1041 1096//1096 1044//1044
f 1044//1044 1096//1096 1098//1098
f 1044//1044 1098//1098 1045//1045
f 1045//1045 1098//1098 1048//1048
f 1048//1048 1098//1098 1099//1099
f 1048//1048 1099//1099 1050//1050
f 1050//1050 1099//1099 1102//1102
f 1050//1050 1102//1102 1052//1052
f 1052//1052 1102//1102 1104//1104
f 1052//1052 1104//1104 1054//1054
f 1054//1054 1104//1104 1107//1107
f 1054//1054 1107//1107 1109//1109
f 1054//1054 1109//1109 1056//1056
f 1056//1056 1109//1109 1086//1086
f 1056//1056 1086//1086 1058//1058
f 1058//1058 1086//1086 1087//1087
f 1111//1111 1113//1113 1115//1115
f 1115//1115 1113//1113 1116//1116
f 1115//1115 1116//1116 1119//1119
f 1119//1119 1116//1116 1120//1120
f 1119//1119 1120//1120 1122//1122
f 1113//1113 1111//1111 1125//1125
f 1125//1125 1111//1111 1126//1126
f 1125//1125 1126//1126 1128//1128
f 1128//1128 1126//1126 1130//1130
f 1128//1128 1130//1130 1132//1132
f 1128//1128 1132//1132 1134//1134
f 1134//1134 1132//1132 1137//1137
f 1134//1134 1137//1137 1139//1139
f 1139//1139 1137//1137 1140//1140
f 1139//1139 1140//1140 1144//1144
f 1144//1144 1140//1140 1147//1147
f 1147//1147 1140//1140 1149//1149
f 1147//1147 1149//1149 1150//1150
f 1150//1150 1149//1149 1153//1153
f 1150//1150 1153//1153 1154//1154
f 1154//1154 1153//1153 1157//1157
f 1154//1154 1157//1157 1159//1159
f 1154//1154 1159//1159 1122//1122
f 1122//1122 1159//1159 1119//1119
f 1160//1160 1163//1163 1166//1166
f 1166//1166 1163//1163 1169//1169
f 1166//1166 1169//1169 1171//1171
f 1171//1171 1169//1169 1172//1172
f 1171//1171 1172//1172 1175//1175
f 1163//1163 1160//1160 1176//1176
f 1176//1176 1160//1160 1179//1179
f 1176//1176 1179//1179 1180//1180
f 1180//1180 1179//1179 1183//1183
f 1180//1180 1183//1183 1185//1185
f 1180//1180 1185//1185 1187//1187
f 1187//1187 1185//1185 1188//1188
f 1187//1187 1188//1188 1190//1190
f 1190//1190 1188//1188 1192//1192
f 1190//1190 1192//1192 1195//1195
f 1195//1195 1192//1192 1197//1197
f 1197//1197 1192//1192 1198//1198
f 1197//1197 1198//1198 1201//1201
f 1201//1201 1198//1198 1202//1202
f 1201//1201 1202//1202 1204//1204
f 1204//1204 1202//1202 1207//1207
f 1204//1204 1207//1207 1208//1208
f 1204//1204 1208//1208 1175//1175
f 1175//1175 1208//1208 1171//1171
f 1212//1212 1213//1213 1209//1209
f 1209//1209 1213//1213 1216//1216
f 1209//1209 1216//1216 1170//1170
f 1170//1170 1216//1216 1219//1219
f 1170//1170 1219//1219 1164//1164
f 1164//1164 1219//1219 1222//1222
f 1165//1165 1221//1221 1223//1223
f 1165//1165 1223//1223 1161//1161
f 1161//1161 1223//1223 1226//1226
f 1161//1161 1226//1226 1178//1178
f 1178//1178 1226//1226 1228//1228
f 1178//1178 1228//1228 1182//1182
f 1182//1182 1228//1228 1231//1231
f 1182//1182 1231//1231 1232//1232
f 1226//1226 1235//1235 1228//1228
f 1232//1232 1238//1238 1182//1182
f 1182//1182 1238//1238 1184//1184
f 1184//1184 1238//1238 1242//1242
f 1184//1184 1242//1242 1244//1244
f 1184//1184 1244//1244 1189//1189
f 1189//1189 1244//1244 1245//1245
f 1189//1189 1245//1245 1193//1193
f 1193//1193 1245//1245 1248//1248
f 1193//1193 1248//1248 1250//1250
f 1193//1193 1250//1250 1199//1199
f 1199//1199 1250//1250 1252//1252
f 1199//1199 1252//1252 1203//1203
f 1203//1203 1252//1252 1255//1255
f 1203//1203 1255//1255 1206//1206
f 1206//1206 1255//1255 1256//1256
f 1206//1206 1256//1256 1259//1259
f 1252//1252 1261//1261 1255//1255
f 1259//1259 1212//1212 1206//1206
f 1206//1206 1212//1212 1209//1209
f 1162//1162 1138//1138 1167//1167
f 1167//1167 1138//1138 1143//1143
f 1168//1168 1145//1145 1173//1173
f 1173//1173 1145//1145 1146//1146
f 1173//1173 1146//1146 1174//1174
f 1174//1174 1146//1146 1151//1151
f 1174//1174 1151//1151 1205//1205
f 1205//1205 1151//1151 1155//1155
f 1205//1205 1155//1155 1200//1200
f 1200//1200 1155//1155 1123//1123
f 1200//1200 1123//1123 1196//1196
f 1196//1196 1123//1123 1121//1121
f 1196//1196 1121//1121 1194//1194
f 1194//1194 1121//1121 1117//1117
f 1194//1194 1117//1117 1191//1191
f 1191//1191 1117//1117 1112//1112
f 1191//1191 1112//1112 1186//1186
f 1186//1186 1112//1112 1124//1124
f 1186//1186 1124//1124 1181//1181
f 1181//1181 1124//1124 1129//1129
f 1181//1181 1129//1129 1177//1177
f 1177//1177 1129//1129 1135//1135
f 1177//1177 1135//1135 1162//1162
f 1162//1162 1135//1135 1138//1138
f 1236//1236 1225//1225 1263//1263
f 1263//1263 1225//1225 1265//1265
f 1263//1263 1265//1265 1267//1267
f 1267//1267 1265//1265 1268//1268
f 1267//1267 1268//1268 1269//1269
f 1269//1269 1268//1268 1272//1272
f 1272//1272 1268//1268 1274//1274
f 1274//1274 1268//1268 1276//1276
f 1274//1274 1276//1276 1277//1277
f 1277//1277 1276//1276 1279//1279
f 1277//1277 1279//1279 1281//1281
f 1281//1281 1279//1279 1282//1282
f 1281//1281 1282//1282 1284//1284
f 1284//1284 1282//1282 1285//1285
f 1284//1284 1285//1285 1288//1288
f 1288//1288 1285//1285 1290//1290
f 1290//1290 1285//1285 1291//1291
f 1291//1291 1285//1285 1293//1293
f 1291//1291 1293//1293 1295//1295
f 1295//1295 1293//1293 1217//1217
f 1295//1295 1217//1217 1214//1214
f 1265//1265 1225//1225 1296//1296
f 1296//1296 1225//1225 1224//1224
f 1296//1296 1224//1224 1297//1297
f 1297//1297 1224//1224 1220//1220
f 1297//1297 1220//1220 1298//1298
f 1298//1298 1220//1220 1218//1218
f 1298//1298 1218//1218 1293//1293
f 1293//1293 1218//1218 1217//1217
f 1276//1276 1268//1268 1265//1265
f 1276//1276 1265//1265 1296//1296
f 1279//1279 1276//1276 1296//1296
f 1279//1279 1296//1296 1297//1297
f 1282//1282 1279//1279 1297//1297
f 1282//1282 1297//1297 1298//1298
f 1285//1285 1282//1282 1298//1298
f 1285//1285 1298//1298 1293//1293
f 1264//1264 1294//1294 1234//1234
f 1234//1234 1294//1294 1215//1215
f 1234//1234 1215//1215 1227//1227
f 1227//1227 1215//1215 1210//1210
f 1264//1264 1266//1266 1294//1294
f 1294//1294 1266//1266 1273//1273
f 1294//1294 1273//1273 1292//1292
f 1292//1292 1273//1273 1286//1286
f 1292//1292 1286//1286 1289//1289
f 1266//1266 1270//1270 1273//1273
f 1229//1229 1211//1211 1230//1230
f 1230//1230 1211//1211 1258//1258
f 1230//1230 1258//1258 1257//1257
f 1230//1230 1257//1257 1233//1233
f 1233//1233 1257//1257 1254//1254
f 1233//1233 1254//1254 1237//1237
f 1299//1299 1301//1301 1260//1260
f 1260//1260 1301//1301 1240//1240
f 1260//1260 1240//1240 1253//1253
f 1253//1253 1240//1240 1239//1239
f 1304//1304 1306//1306 1299//1299
f 1299//1299 1306//1306 1309//1309
f 1299//1299 1309//1309 1301//1301
f 1310//1310 1312//1312 1304//1304
f 1304//1304 1312//1312 1306//1306
f 1306//1306 1316//1316 1309//1309
f 1315//1315 1307//1307 1317//1317
f 1317//1317 1307//1307 1318//1318
f 1317//1317 1318//1318 1320//1320
f 1320//1320 1318//1318 1321//1321
f 1320//1320 1321//1321 1323//1323
f 1323//1323 1321//1321 1325//1325
f 1323//1323 1325//1325 1326//1326
f 1326//1326 1325//1325 1327//1327
f 1326//1326 1327//1327 1329//1329
f 1329//1329 1327//1327 1314//1314
f 1329//1329 1314//1314 1311//1311
f 1311//1311 1303//1303 1329//1329
f 1329//1329 1303//1303 1330//1330
f 1329//1329 1330//1330 1326//1326
f 1326//1326 1330//1330 1331//1331
f 1326//1326 1331//1331 1323//1323
f 1323//1323 1331//1331 1332//1332
f 1323//1323 1332//1332 1320//1320
f 1320//1320 1332//1332 1333//1333
f 1320//1320 1333//1333 1317//1317
f 1317//1317 1333//1333 1334//1334
f 1317//1317 1334//1334 1308//1308
f 1308//1308 1334//1334 1302//1302
f 1302//1302 1334//1334 1243//1243
f 1302//1302 1243//1243 1241//1241
f 1303//1303 1300//1300 1330//1330
f 1330//1330 1300//1300 1251//1251
f 1330//1330 1251//1251 1331//1331
f 1331//1331 1251//1251 1249//1249
f 1331//1331 1249//1249 1332//1332
f 1332//1332 1249//1249 1247//1247
f 1332//1332 1247//1247 1333//1333
f 1333//1333 1247//1247 1246//1246
f 1333//1333 1246//1246 1334//1334
f 1334//1334 1246//1246 1243//1243
f 1300//1300 1262//1262 1251//1251
f 1308//1308 1315//1315 1317//1317
f 1271//1271 1275//1275 1287//1287
f 1287//1287 1275//1275 1283//1283
f 1283//1283 1275//1275 1280//1280
f 1280//1280 1275//1275 1278//1278
f 1305//1305 1313//1313 1319//1319
f 1319//1319 1313//1313 1328//1328
f 1319//1319 1328//1328 1324//1324
f 1324//1324 1322//1322 1319//1319
f 1335//1335 1338//1338 1341//1341
f 1341//1341 1338//1338 1343//1343
f 1343//1343 1338//1338 1345//1345
f 1343//1343 1345//1345 1348//1348
f 1348//1348 1345//1345 1349//1349
f 1349//1349 1345//1345 1352//1352
f 1357//1357 1359//1359 1362//1362
f 1362//1362 1359//1359 1364//1364
f 1362//1362 1364//1364 1366//1366
f 1366//1366 1367//1367 1362//1362
f 1370//1370 1360//1360 1371//1371
f 1371//1371 1360//1360 1355//1355
f 1371//1371 1355//1355 1373//1373
f 1373//1373 1355//1355 1376//1376
f 1373//1373 1376//1376 1377//1377
f 1355//1355 1380//1380 1376//1376
f 1373//1373 1377//1377 1381//1381
f 1381//1381 1377//1377 1386//1386
f 1381//1381 1386//1386 1340//1340
f 1340//1340 1386//1386 1336//1336
f 1383//1383 1387//1387 1374//1374
f 1374//1374 1387//1387 1389//1389
f 1374//1374 1389//1389 1372//1372
f 1372//1372 1389//1389 1390//1390
f 1372//1372 1390//1390 1369//1369
f 1369//1369 1390//1390 1358//1358
f 1358//1358 1390//1390 1363//1363
f 1363//1363 1390//1390 1391//1391
f 1363//1363 1391//1391 1365//1365
f 1365//1365 1391//1391 1392//1392
f 1365//1365 1392//1392 1368//1368
f 1368//1368 1392//1392 1393//1393
f 1368//1368 1393//1393 1361//1361
f 1361//1361 1393//1393 1394//1394
f 1361//1361 1394//1394 1356//1356
f 1356//1356 1394//1394 1379//1379
f 1379//1379 1394//1394 1375//1375
f 1375//1375 1394//1394 1395//1395
f 1375//1375 1395//1395 1384//1384
f 1384//1384 1395//1395 1396//1396
f 1396//1396 1395//1395 1398//1398
f 1398//1398 1395//1395 1400//1400
f 1398//1398 1400//1400 1403//1403
f 1403//1403 1400//1400 1404//1404
f 1403//1403 1404//1404 1406//1406
f 1406//1406 1404//1404 1407//1407
f 1406//1406 1407//1407 1387//1387
f 1387//1387 1407//1407 1389//1389
f 1384//1384 1378//1378 1375//1375
f 1391//1391 1390//1390 1389//1389
f 1391//1391 1389//1389 1407//1407
f 1392//1392 1391//1391 1407//1407
f 1392//1392 1407//1407 1404//1404
f 1393//1393 1392//1392 1404//1404
f 1393//1393 1404//1404 1400//1400
f 1394//1394 1393//1393 1400//1400
f 1394//1394 1400//1400 1395//1395
f 1410//1410 1412//1412 1413//1413
f 1413//1413 1412//1412 1417//1417
f 1417//1417 1412//1412 1418//1418
f 1418//1418 1412//1412 1420//1420
f 1423//1423 1408//1408 1425//1425
f 1425//1425 1408//1408 1415//1415
f 1425//1425 1415//1415 1427//1427
f 1427//1427 1415//1415 1428//1428
f 1427//1427 1428//1428 1431//1431
f 1415//1415 1433//1433 1428//1428
f 1427//1427 1431//1431 1434//1434
f 1434//1434 1431//1431 1437//1437
f 1434//1434 1437//1437 1354//1354
f 1354//1354 1437//1437 1351//1351
f 1350//1350 1439//1439 1158//1158
f 1158//1158 1439//1439 1440//1440
f 1158//1158 1440//1440 1118//1118
f 1118//1118 1440//1440 1443//1443
f 1118//1118 1443//1443 1114//1114
f 1114//1114 1443//1443 1444//1444
f 1114//1114 1444//1444 1446//1446
f 1114//1114 1446//1446 1110//1110
f 1110//1110 1446//1446 1449//1449
f 1110//1110 1449//1449 1127//1127
f 1127//1127 1449//1449 1436//1436
f 1127//1127 1436//1436 1353//1353
f 1127//1127 1353//1353 1131//1131
f 1131//1131 1353//1353 1346//1346
f 1131//1131 1346//1346 1339//1339
f 1339//1339 1337//1337 1131//1131
f 1131//1131 1337//1337 1133//1133
f 1133//1133 1337//1337 1385//1385
f 1133//1133 1385//1385 1397//1397
f 1133//1133 1397//1397 1136//1136
f 1136//1136 1397//1397 1399//1399
f 1136//1136 1399//1399 1141//1141
f 1141//1141 1399//1399 1402//1402
f 1142//1142 1401//1401 1405//1405
f 1142//1142 1405//1405 1148//1148
f 1148//1148 1405//1405 1388//1388
f 1148//1148 1388//1388 1152//1152
f 1152//1152 1388//1388 1382//1382
f 1152//1152 1382//1382 1342//1342
f 1152//1152 1342//1342 1156//1156
f 1156//1156 1342//1342 1344//1344
f 1156//1156 1344//1344 1347//1347
f 1347//1347 1350//1350 1156//1156
f 1156//1156 1350//1350 1158//1158
f 1435//1435 1448//1448 1426//1426
f 1426//1426 1448//1448 1450//1450
f 1426//1426 1450//1450 1424//1424
f 1424//1424 1450//1450 1451//1451
f 1424//1424 1451//1451 1422//1422
f 1422//1422 1451//1451 1409//1409
f 1409//1409 1451//1451 1411//1411
f 1411//1411 1451//1451 1452//1452
f 1411//1411 1452//1452 1421//1421
f 1421//1421 1452//1452 1453//1453
f 1421//1421 1453//1453 1419//1419
f 1419//1419 1453//1453 1454//1454
f 1419//1419 1454//1454 1416//1416
f 1416//1416 1454//1454 1455//1455
f 1416//1416 1455//1455 1414//1414
f 1414//1414 1455//1455 1432//1432
f 1432//1432 1455//1455 1429//1429
f 1429//1429 1455//1455 1456//1456
f 1429//1429 1456//1456 1438//1438
f 1438//1438 1456//1456 1441//1441
f 1441//1441 1456//1456 1442//1442
f 1442//1442 1456//1456 1457//1457
f 1442//1442 1457//1457 1445//1445
f 1445//1445 1457//1457 1458//1458
f 1445//1445 1458//1458 1447//1447
f 1447//1447 1458//1458 1459//1459
f 1447//1447 1459//1459 1448//1448
f 1448//1448 1459//1459 1450//1450
f 1438//1438 1430//1430 1429//1429
f 1452//1452 1451//1451 1450//1450
f 1452//1452 1450//1450 1459//1459
f 1453//1453 1452//1452 1459//1459
f 1453//1453 1459//1459 1458//1458
f 1454//1454 1453//1453 1458//1458
f 1454//1454 1458//1458 1457//1457
f 1455//1455 1454//1454 1457//1457
f 1455//1455 1457//1457 1456//1456
f 1461//1461 1464//1464 1467//1467
f 1465//1465 1463//1463 1468//1468
f 1465//1465 1468//1468 1471//1471
f 1471//1471 1472//1472 1465//1465
f 1465//1465 1472//1472 1474//1474
f 1474//1474 1472//1472 1477//1477
f 1474//1474 1477//1477 1479//1479
f 1479//1479 1477//1477 1481//1481
f 1479//1479 1481//1481 1482//1482
f 1482//1482 1481//1481 1485//1485
f 1482//1482 1485//1485 1487//1487
f 1487//1487 1492//1492 1482//1482
f 1484//1484 1490//1490 1494//1494
f 1484//1484 1494//1494 1496//1496
f 1496//1496 1498//1498 1484//1484
f 1484//1484 1498//1498 1500//1500
f 1484//1484 1500//1500 1502//1502
f 1502//1502 1500//1500 1503//1503
f 1502//1502 1503//1503 1506//1506
f 1506//1506 1503//1503 1508//1508
f 1506//1506 1508//1508 1509//1509
f 1509//1509 1508//1508 1511//1511
f 1509//1509 1511//1511 1514//1514
f 1514//1514 1511//1511 1516//1516
f 1514//1514 1516//1516 1517//1517
f 1517//1517 1516//1516 1520//1520
f 1517//1517 1520//1520 1522//1522
f 1522//1522 1520//1520 1524//1524
f 1524//1524 1520//1520 1526//1526
f 1524//1524 1526//1526 1528//1528
f 1528//1528 1526//1526 1529//1529
f 1529//1529 1526//1526 1532//1532
f 1532//1532 1526//1526 1534//1534
f 1534//1534 1526//1526 1535//1535
f 1535//1535 1526//1526 1538//1538
f 1538//1538 1526//1526 1540//1540
f 1540//1540 1526//1526 1542//1542
f 1540//1540 1542//1542 1544//1544
f 1544//1544 1542//1542 1545//1545
f 1545//1545 1542//1542 1547//1547
f 1545//1545 1547//1547 1549//1549
f 1549//1549 1547//1547 1552//1552
f 1549//1549 1552//1552 1553//1553
f 1553//1553 1552//1552 1556//1556
f 1553//1553 1556//1556 1479//1479
f 1479//1479 1556//1556 1474//1474
f 1503//1503 1500//1500 1467//1467
f 1467//1467 1500//1500 1558//1558
f 1467//1467 1558//1558 1560//1560
f 1560//1560 1461//1461 1467//1467
f 1544//1544 1562//1562 1540//1540
f 1540//1540 1562//1562 1563//1563
f 1563//1563 1562//1562 1565//1565
f 1565//1565 1562//1562 1568//1568
f 1568//1568 1562//1562 1571//1571
f 1571//1571 1562//1562 1573//1573
f 1573//1573 1562//1562 1575//1575
f 1575//1575 1562//1562 1577//1577
f 1577//1577 1562//1562 1517//1517
f 1577//1577 1517//1517 1522//1522
f 1579//1579 1580//1580 1585//1585
f 1585//1585 1580//1580 1518//1518
f 1585//1585 1518//1518 1561//1561
f 1579//1579 1586//1586 1580//1580
f 1590//1590 1510//1510 1580//1580
f 1580//1580 1510//1510 1513//1513
f 1580//1580 1513//1513 1518//1518
f 1591//1591 1594//1594 1590//1590
f 1590//1590 1594//1594 1596//1596
f 1590//1590 1596//1596 1501//1501
f 1501//1501 1596//1596 1483//1483
f 1483//1483 1596//1596 1599//1599
f 1483//1483 1599//1599 1478//1478
f 1478//1478 1599//1599 1603//1603
f 1478//1478 1603//1603 1554//1554
f 1554//1554 1603//1603 1550//1550
f 1550//1550 1603//1603 1606//1606
f 1550//1550 1606//1606 1546//1546
f 1546//1546 1606//1606 1543//1543
f 1543//1543 1606//1606 1607//1607
f 1543//1543 1607//1607 1561//1561
f 1561//1561 1607//1607 1585//1585
f 1599//1599 1611//1611 1603//1603
f 1603//1603 1611//1611 1612//1612
f 1615//1615 1617//1617 1606//1606
f 1606//1606 1617//1617 1607//1607
f 1501//1501 1505//1505 1590//1590
f 1590//1590 1505//1505 1510//1510
f 1588//1588 1619//1619 1621//1621
f 1621//1621 1619//1619 1622//1622
f 1621//1621 1622//1622 1624//1624
f 1624//1624 1622//1622 1625//1625
f 1624//1624 1625//1625 1629//1629
f 1629//1629 1595//1595 1624//1624
f 1624//1624 1595//1595 1593//1593
f 1624//1624 1593//1593 1621//1621
f 1621//1621 1593//1593 1592//1592
f 1621//1621 1592//1592 1588//1588
f 1631//1631 1632//1632 1635//1635
f 1635//1635 1632//1632 1640//1640
f 1636//1636 1639//1639 1642//1642
f 1642//1642 1639//1639 1644//1644
f 1642//1642 1644//1644 1645//1645
f 1645//1645 1644//1644 1647//1647
f 1645//1645 1647//1647 1650//1650
f 1650//1650 1647//1647 1651//1651
f 1650//1650 1651//1651 1654//1654
f 1654//1654 1651//1651 1656//1656
f 1654//1654 1656//1656 1658//1658
f 1658//1658 1656//1656 1659//1659
f 1658//1658 1659//1659 1661//1661
f 1661//1661 1659//1659 1663//1663
f 1661//1661 1663//1663 1666//1666
f 1666//1666 1663//1663 1668//1668
f 1666//1666 1668//1668 1669//1669
f 1669//1669 1668//1668 1672//1672
f 1669//1669 1672//1672 1674//1674
f 1674//1674 1672//1672 1676//1676
f 1674//1674 1676//1676 1678//1678
f 1678//1678 1676//1676 1679//1679
f 1678//1678 1679//1679 1631//1631
f 1631//1631 1679//1679 1632//1632
f 1641//1641 1681//1681 1637//1637
f 1637//1637 1681//1681 1683//1683
f 1634//1634 1682//1682 1684//1684
f 1684//1684 1682//1682 1686//1686
f 1684//1684 1686//1686 1687//1687
f 1687//1687 1686//1686 1689//1689
f 1687//1687 1689//1689 1690//1690
f 1690//1690 1689//1689 1691//1691
f 1690//1690 1691//1691 1693//1693
f 1693//1693 1691//1691 1694//1694
f 1693//1693 1694//1694 1696//1696
f 1696//1696 1694//1694 1700//1700
f 1681//1681 1641//1641 1711//1711
f 1711//1711 1641//1641 1646//1646
f 1711//1711 1646//1646 1712//1712
f 1712//1712 1646//1646 1649//1649
f 1712//1712 1649//1649 1713//1713
f 1713//1713 1649//1649 1653//1653
f 1713//1713 1653//1653 1714//1714
f 1714//1714 1653//1653 1657//1657
f 1714//1714 1657//1657 1715//1715
f 1715//1715 1657//1657 1662//1662
f 1715//1715 1662//1662 1716//1716
f 1716//1716 1662//1662 1717//1717
f 1716//1716 1717//1717 1718//1718
f 1718//1718 1717//1717 1719//1719
f 1718//1718 1719//1719 1720//1720
f 1720//1720 1719//1719 1721//1721
f 1720//1720 1721//1721 1722//1722
f 1722//1722 1721//1721 1723//1723
f 1722//1722 1723//1723 1724//1724
f 1724//1724 1723//1723 1725//1725
f 1724//1724 1725//1725 1709//1709
f 1662//1662 1665//1665 1717//1717
f 1717//1717 1665//1665 1726//1726
f 1717//1717 1726//1726 1719//1719
f 1719//1719 1726//1726 1727//1727
f 1719//1719 1727//1727 1721//1721
f 1721//1721 1727//1727 1728//1728
f 1721//1721 1728//1728 1723//1723
f 1723//1723 1728//1728 1729//1729
f 1723//1723 1729//1729 1725//1725
f 1725//1725 1729//1729 1696//1696
f 1725//1725 1696//1696 1706//1706
f 1665//1665 1670//1670 1726//1726
f 1726//1726 1670//1670 1730//1730
f 1726//1726 1730//1730 1727//1727
f 1727//1727 1730//1730 1731//1731
f 1727//1727 1731//1731 1728//1728
f 1728//1728 1731//1731 1732//1732
f 1728//1728 1732//1732 1729//1729
f 1729//1729 1732//1732 1693//1693
f 1729//1729 1693//1693 1696//1696
f 1670//1670 1673//1673 1730//1730
f 1730//1730 1673//1673 1733//1733
f 1730//1730 1733//1733 1731//1731
f 1731//1731 1733//1733 1734//1734
f 1731//1731 1734//1734 1732//1732
f 1732//1732 1734//1734 1690//1690
f 1732//1732 1690//1690 1693//1693
f 1673//1673 1677//1677 1733//1733
f 1733//1733 1677//1677 1735//1735
f 1733//1733 1735//1735 1734//1734
f 1734//1734 1735//1735 1687//1687
f 1734//1734 1687//1687 1690//1690
f 1677//1677 1630//1630 1735//1735
f 1735//1735 1630//1630 1684//1684
f 1735//1735 1684//1684 1687//1687
f 1630//1630 1634//1634 1684//1684
f 1724//1724 1699//1699 1736//1736
f 1737//1737 1697//1697 1738//1738
f 1738//1738 1705//1705 1739//1739
f 1739//1739 1701//1701 1740//1740
f 1740//1740 1704//1704 1741//1741
f 1742//1742 1702//1702 1743//1743
f 1743//1743 1698//1698 1744//1744
f 1744//1744 1710//1710 1745//1745
f 1745//1745 1703//1703 1695//1695
f 1685//1685 1683//1683 1746//1746
f 1746//1746 1683//1683 1681//1681
f 1746//1746 1681//1681 1747//1747
f 1747//1747 1681//1681 1711//1711
f 1747//1747 1711//1711 1748//1748
f 1748//1748 1711//1711 1712//1712
f 1748//1748 1712//1712 1749//1749
f 1749//1749 1712//1712 1713//1713
f 1749//1749 1713//1713 1750//1750
f 1750//1750 1713//1713 1714//1714
f 1750//1750 1714//1714 1751//1751
f 1751//1751 1714//1714 1715//1715
f 1751//1751 1715//1715 1752//1752
f 1752//1752 1715//1715 1716//1716
f 1752//1752 1716//1716 1718//1718
f 1688//1688 1685//1685 1753//1753
f 1753//1753 1685//1685 1746//1746
f 1753//1753 1746//1746 1754//1754
f 1754//1754 1746//1746 1747//1747
f 1754//1754 1747//1747 1755//1755
f 1755//1755 1747//1747 1748//1748
f 1755//1755 1748//1748 1756//1756
f 1756//1756 1748//1748 1749//1749
f 1756//1756 1749//1749 1757//1757
f 1757//1757 1749//1749 1750//1750
f 1757//1757 1750//1750 1758//1758
f 1758//1758 1750//1750 1751//1751
f 1758//1758 1751//1751 1759//1759
f 1759//1759 1751//1751 1752//1752
f 1759//1759 1752//1752 1760//1760
f 1760//1760 1752//1752 1718//1718
f 1760//1760 1718//1718 1720//1720
f 1745//1745 1695//1695 1692//1692
f 1692//1692 1688//1688 1761//1761
f 1761//1761 1688//1688 1753//1753
f 1761//1761 1753//1753 1762//1762
f 1762//1762 1753//1753 1754//1754
f 1762//1762 1754//1754 1763//1763
f 1763//1763 1754//1754 1755//1755
f 1763//1763 1755//1755 1764//1764
f 1764//1764 1755//1755 1756//1756
f 1764//1764 1756//1756 1765//1765
f 1765//1765 1756//1756 1757//1757
f 1765//1765 1757//1757 1766//1766
f 1766//1766 1757//1757 1758//1758
f 1766//1766 1758//1758 1767//1767
f 1767//1767 1758//1758 1759//1759
f 1767//1767 1759//1759 1768//1768
f 1768//1768 1759//1759 1760//1760
f 1768//1768 1760//1760 1769//1769
f 1769//1769 1760//1760 1720//1720
f 1769//1769 1720//1720 1722//1722
f 1736//1736 1708//1708 1737//1737
f 1741//1741 1707//1707 1742//1742
f 1744//1744 1745//1745 1761//1761
f 1761//1761 1745//1745 1692//1692
f 1744//1744 1761//1761 1762//1762
f 1743//1743 1744//1744 1762//1762
f 1743//1743 1762//1762 1763//1763
f 1742//1742 1743//1743 1763//1763
f 1742//1742 1763//1763 1764//1764
f 1741//1741 1742//1742 1764//1764
f 1741//1741 1764//1764 1765//1765
f 1740//1740 1741//1741 1765//1765
f 1740//1740 1765//1765 1766//1766
f 1739//1739 1740//1740 1766//1766
f 1739//1739 1766//1766 1767//1767
f 1739//1739 1767//1767 1738//1738
f 1738//1738 1767//1767 1768//1768
f 1738//1738 1768//1768 1737//1737
f 1737//1737 1768//1768 1769//1769
f 1737//1737 1769//1769 1736//1736
f 1736//1736 1769//1769 1722//1722
f 1736//1736 1722//1722 1724//1724
f 1771//1771 1775//1775 1776//1776
f 1776//1776 1775//1775 1780//1780
f 1776//1776 1780//1780 1781//1781
f 1784//1784 1789//1789 1774//1774
f 1774//1774 1789//1789 1779//1779
f 1791//1791 1795//1795 1786//1786
f 1786//1786 1795//1795 1788//1788
f 1797//1797 1799//1799 1790//1790
f 1790//1790 1799//1799 1802//1802
f 1790//1790 1802//1802 1794//1794
f 1794//1794 1802//1802 1803//1803
f 1796//1796 1772//1772 1806//1806
f 1806//1806 1772//1772 1777//1777
f 1806//1806 1777//1777 1807//1807
f 1807//1807 1777//1777 1808//1808
f 1807//1807 1808//1808 1800//1800
f 1800//1800 1808//1808 1801//1801
f 1801//1801 1808//1808 1805//1805
f 1805//1805 1808//1808 1783//1783
f 1783//1783 1808//1808 1777//1777
f 1807//1807 1800//1800 1806//1806
f 1806//1806 1800//1800 1796//1796
f 1810//1810 1787//1787 1814//1814
f 1814//1814 1787//1787 1793//1793
f 1814//1814 1793//1793 1804//1804
f 1810//1810 1817//1817 1787//1787
f 1787//1787 1817//1817 1778//1778
f 1778//1778 1817//1817 1820//1820
f 1778//1778 1820//1820 1782//1782
f 1782//1782 1820//1820 1821//1821
f 1782//1782 1821//1821 1804//1804
f 1804//1804 1821//1821 1814//1814
f 1824//1824 1827//1827 1831//1831
f 1831//1831 1827//1827 1835//1835
f 1837//1837 1839//1839 1843//1843
f 1843//1843 1839//1839 1845//1845
f 1843//1843 1845//1845 1848//1848
f 1848//1848 1845//1845 1849//1849
f 1848//1848 1849//1849 1852//1852
f 1848//1848 1852//1852 1855//1855
f 1855//1855 1852//1852 1856//1856
f 1855//1855 1856//1856 1859//1859
f 1859//1859 1856//1856 1828//1828
f 1859//1859 1828//1828 1826//1826
f 1860//1860 1866//1866 1850//1850
f 1850//1850 1866//1866 1867//1867
f 1850//1850 1867//1867 1853//1853
f 1853//1853 1867//1867 1870//1870
f 1853//1853 1870//1870 1857//1857
f 1857//1857 1870//1870 1872//1872
f 1857//1857 1872//1872 1829//1829
f 1829//1829 1872//1872 1833//1833
f 1864//1864 1873//1873 1868//1868
f 1868//1868 1873//1873 1878//1878
f 1868//1868 1878//1878 1880//1880
f 1868//1868 1880//1880 1869//1869
f 1869//1869 1880//1880 1881//1881
f 1869//1869 1881//1881 1871//1871
f 1871//1871 1881//1881 1834//1834
f 1834//1834 1881//1881 1832//1832
f 1875//1875 1844//1844 1877//1877
f 1877//1877 1844//1844 1847//1847
f 1877//1877 1847//1847 1854//1854
f 1877//1877 1854//1854 1879//1879
f 1879//1879 1854//1854 1858//1858
f 1879//1879 1858//1858 1882//1882
f 1882//1882 1858//1858 1830//1830
f 1830//1830 1858//1858 1825//1825
f 1838//1838 1841//1841 1884//1884
f 1884//1884 1841//1841 1813//1813
f 1884//1884 1813//1813 1823//1823
f 1886//1886 1862//1862 1887//1887
f 1887//1887 1862//1862 1851//1851
f 1887//1887 1851//1851 1846//1846
f 1846//1846 1840//1840 1887//1887
f 1887//1887 1840//1840 1883//1883
f 1887//1887 1883//1883 1888//1888
f 1888//1888 1883//1883 1889//1889
f 1888//1888 1889//1889 1886//1886
f 1886//1886 1889//1889 1818//1818
f 1818//1818 1889//1889 1822//1822
f 1822//1822 1889//1889 1883//1883
f 1840//1840 1836//1836 1883//1883
f 1888//1888 1886//1886 1887//1887
f 1861//1861 1885//1885 1863//1863
f 1863//1863 1885//1885 1816//1816
f 1816//1816 1885//1885 1819//1819
f 1876//1876 1865//1865 1809//1809
f 1809//1809 1865//1865 1815//1815
f 1874//1874 1811//1811 1842//1842
f 1842//1842 1811//1811 1812//1812
f 1584//1584 1892//1892 1893//1893
f 1893//1893 1892//1892 1895//1895
f 1893//1893 1895//1895 1896//1896
f 1896//1896 1895//1895 1897//1897
f 1896//1896 1897//1897 1900//1900
f 1900//1900 1581//1581 1896//1896
f 1896//1896 1581//1581 1587//1587
f 1896//1896 1587//1587 1893//1893
f 1893//1893 1587//1587 1578//1578
f 1893//1893 1578//1578 1584//1584
f 1901//1901 1798//1798 1582//1582
f 1582//1582 1798//1798 1792//1792
f 1582//1582 1792//1792 1785//1785
f 1798//1798 1901//1901 1770//1770
f 1770//1770 1901//1901 1620//1620
f 1770//1770 1620//1620 1773//1773
f 1773//1773 1620//1620 1589//1589
f 1773//1773 1589//1589 1785//1785
f 1785//1785 1589//1589 1582//1582
f 1604//1604 1643//1643 1903//1903
f 1903//1903 1643//1643 1638//1638
f 1903//1903 1638//1638 1633//1633
f 1601//1601 1655//1655 1604//1604
f 1604//1604 1655//1655 1652//1652
f 1604//1604 1652//1652 1648//1648
f 1907//1907 1667//1667 1601//1601
f 1601//1601 1667//1667 1664//1664
f 1601//1601 1664//1664 1660//1660
f 1903//1903 1680//1680 1907//1907
f 1907//1907 1680//1680 1675//1675
f 1907//1907 1675//1675 1671//1671
f 1633//1633 1680//1680 1903//1903
f 1671//1671 1667//1667 1907//1907
f 1660//1660 1655//1655 1601//1601
f 1648//1648 1643//1643 1604//1604
f 1605//1605 1904//1904 1908//1908
f 1908//1908 1904//1904 1909//1909
f 1908//1908 1909//1909 1911//1911
f 1911//1911 1909//1909 1912//1912
f 1911//1911 1912//1912 1915//1915
f 1915//1915 1609//1609 1911//1911
f 1911//1911 1609//1609 1616//1616
f 1911//1911 1616//1616 1908//1908
f 1908//1908 1616//1616 1614//1614
f 1908//1908 1614//1614 1605//1605
f 1600//1600 1917//1917 1920//1920
f 1920//1920 1917//1917 1922//1922
f 1920//1920 1922//1922 1923//1923
f 1923//1923 1922//1922 1924//1924
f 1923//1923 1924//1924 1906//1906
f 1906//1906 1602//1602 1923//1923
f 1923//1923 1602//1602 1613//1613
f 1923//1923 1613//1613 1920//1920
f 1920//1920 1613//1613 1610//1610
f 1920//1920 1610//1610 1600//1600
f 1916//1916 1525//1525 1891//1891
f 1891//1891 1525//1525 1519//1519
f 1891//1891 1519//1519 1899//1899
f 1899//1899 1519//1519 1515//1515
f 1899//1899 1515//1515 1512//1512
f 1913//1913 1902//1902 1916//1916
f 1916//1916 1902//1902 1541//1541
f 1916//1916 1541//1541 1525//1525
f 1913//1913 1910//1910 1902//1902
f 1905//1905 1551//1551 1902//1902
f 1902//1902 1551//1551 1548//1548
f 1902//1902 1548//1548 1541//1541
f 1925//1925 1921//1921 1905//1905
f 1905//1905 1921//1921 1918//1918
f 1905//1905 1918//1918 1475//1475
f 1475//1475 1918//1918 1466//1466
f 1466//1466 1918//1918 1627//1627
f 1466//1466 1627//1627 1504//1504
f 1504//1504 1627//1627 1618//1618
f 1504//1504 1618//1618 1507//1507
f 1507//1507 1618//1618 1512//1512
f 1512//1512 1618//1618 1899//1899
f 1627//1627 1626//1626 1618//1618
f 1618//1618 1626//1626 1623//1623
f 1898//1898 1894//1894 1899//1899
f 1899//1899 1894//1894 1891//1891
f 1475//1475 1555//1555 1905//1905
f 1905//1905 1555//1555 1551//1551
f 1919//1919 1926//1926 1628//1628
f 1628//1628 1926//1926 1929//1929
f 1628//1628 1929//1929 1931//1931
f 1598//1598 1932//1932 1919//1919
f 1919//1919 1932//1932 1935//1935
f 1919//1919 1935//1935 1937//1937
f 1597//1597 1938//1938 1598//1598
f 1598//1598 1938//1938 1941//1941
f 1598//1598 1941//1941 1943//1943
f 1628//1628 1945//1945 1597//1597
f 1597//1597 1945//1945 1947//1947
f 1597//1597 1947//1947 1949//1949
f 1943//1943 1932//1932 1598//1598
f 1937//1937 1926//1926 1919//1919
f 1931//1931 1945//1945 1628//1628
f 1949//1949 1938//1938 1597//1597
f 1952//1952 1469//1469 1953//1953
f 1953//1953 1469//1469 1462//1462
f 1953//1953 1462//1462 1460//1460
f 1469//1469 1952//1952 1470//1470
f 1470//1470 1952//1952 1956//1956
f 1470//1470 1956//1956 1473//1473
f 1473//1473 1956//1956 1958//1958
f 1473//1473 1958//1958 1476//1476
f 1476//1476 1958//1958 1480//1480
f 1480//1480 1958//1958 1959//1959
f 1480//1480 1959//1959 1486//1486
f 1486//1486 1959//1959 1961//1961
f 1486//1486 1961//1961 1488//1488
f 1488//1488 1961//1961 1965//1965
f 1488//1488 1965//1965 1491//1491
f 1489//1489 1964//1964 1493//1493
f 1493//1493 1964//1964 1967//1967
f 1493//1493 1967//1967 1495//1495
f 1495//1495 1967//1967 1968//1968
f 1495//1495 1968//1968 1497//1497
f 1497//1497 1968//1968 1971//1971
f 1497//1497 1971//1971 1499//1499
f 1499//1499 1971//1971 1557//1557
f 1557//1557 1971//1971 1973//1973
f 1557//1557 1973//1973 1559//1559
f 1559//1559 1973//1973 1974//1974
f 1559//1559 1974//1974 1460//1460
f 1460//1460 1974//1974 1953//1953
f 1976//1976 1942//1942 1980//1980
f 1980//1980 1942//1942 1940//1940
f 1978//1978 1939//1939 1982//1982
f 1982//1982 1939//1939 1950//1950
f 1982//1982 1950//1950 1983//1983
f 1983//1983 1950//1950 1948//1948
f 1983//1983 1948//1948 1986//1986
f 1986//1986 1948//1948 1946//1946
f 1986//1986 1946//1946 1987//1987
f 1987//1987 1946//1946 1930//1930
f 1987//1987 1930//1930 1989//1989
f 1989//1989 1930//1930 1928//1928
f 1989//1989 1928//1928 1991//1991
f 1991//1991 1928//1928 1927//1927
f 1991//1991 1927//1927 1994//1994
f 1994//1994 1927//1927 1936//1936
f 1994//1994 1936//1936 1996//1996
f 1996//1996 1936//1936 1934//1934
f 1996//1996 1934//1934 1998//1998
f 1998//1998 1934//1934 1933//1933
f 1998//1998 1933//1933 1999//1999
f 1999//1999 1933//1933 1944//1944
f 1999//1999 1944//1944 1976//1976
f 1976//1976 1944//1944 1942//1942
f 1981//1981 1966//1966 1979//1979
f 1979//1979 1966//1966 1963//1963
f 1979//1979 1963//1963 1962//1962
f 1966//1966 1981//1981 1969//1969
f 1969//1969 1981//1981 1984//1984
f 1969//1969 1984//1984 1970//1970
f 1970//1970 1984//1984 1985//1985
f 1970//1970 1985//1985 1988//1988
f 1970//1970 1988//1988 1972//1972
f 1972//1972 1988//1988 1990//1990
f 1972//1972 1990//1990 1975//1975
f 1975//1975 1990//1990 1954//1954
f 1954//1954 1990//1990 1992//1992
f 1954//1954 1992//1992 1951//1951
f 1951//1951 1992//1992 1993//1993
f 1951//1951 1993//1993 1955//1955
f 1955//1955 1993//1993 1995//1995
f 1955//1955 1995//1995 1957//1957
f 1957//1957 1995//1995 1997//1997
f 1957//1957 1997//1997 2000//2000
f 1957//1957 2000//2000 1960//1960
f 1960//1960 2000//2000 1977//1977
f 1960//1960 1977//1977 1962//1962
f 1962//1962 1977//1977 1979//1979
f 2001//2001 1530//1530 2003//2003
f 2003//2003 1530//1530 1531//1531
f 2003//2003 1531//1531 1533//1533
f 1530//1530 2001//2001 1527//1527
f 1527//1527 2001//2001 2006//2006
f 1527//1527 2006//2006 1523//1523
f 1523//1523 2006//2006 2007//2007
f 1523//1523 2007//2007 1521//1521
f 1521//1521 2007//2007 1576//1576
f 1576//1576 2007//2007 2009//2009
f 1576//1576 2009//2009 1574//1574
f 1574//1574 2009//2009 2012//2012
f 1574//1574 2012//2012 1572//1572
f 1572//1572 2012//2012 2013//2013
f 1572//1572 2013//2013 1570//1570
f 1569//1569 2014//2014 1567//1567
f 1567//1567 2014//2014 2016//2016
f 1567//1567 2016//2016 1566//1566
f 1566//1566 2016//2016 2019//2019
f 1566//1566 2019//2019 1564//1564
f 1564//1564 2019//2019 2020//2020
f 1564//1564 2020//2020 1539//1539
f 1539//1539 2020//2020 1537//1537
f 1537//1537 2020//2020 2022//2022
f 1537//1537 2022//2022 1536//1536
f 1536//1536 2022//2022 2025//2025
f 1536//1536 2025//2025 1533//1533
f 1533//1533 2025//2025 2003//2003
f 1608//1608 2028//2028 1583//1583
f 1583//1583 2028//2028 2029//2029
f 1583//1583 2029//2029 2032//2032
f 1914//1914 2033//2033 1608//1608
f 1608//1608 2033//2033 2035//2035
f 1608//1608 2035//2035 2038//2038
f 1890//1890 2040//2040 1914//1914
f 1914//1914 2040//2040 2041//2041
f 1914//1914 2041//2041 2044//2044
f 1583//1583 2045//2045 1890//1890
f 1890//1890 2045//2045 2047//2047
f 1890//1890 2047//2047 2050//2050
f 2044//2044 2033//2033 1914//1914
f 2038//2038 2028//2028 1608//1608
f 2032//2032 2045//2045 1583//1583
f 2050//2050 2040//2040 1890//1890
f 2052//2052 2042//2042 2054//2054
f 2054//2054 2042//2042 2039//2039
f 2054//2054 2039//2039 2056//2056
f 2056//2056 2039//2039 2049//2049
f 2056//2056 2049//2049 2057//2057
f 2057//2057 2049//2049 2048//2048
f 2057//2057 2048//2048 2060//2060
f 2060//2060 2048//2048 2046//2046
f 2060//2060 2046//2046 2062//2062
f 2062//2062 2046//2046 2031//2031
f 2062//2062 2031//2031 2064//2064
f 2064//2064 2031//2031 2030//2030
f 2064//2064 2030//2030 2065//2065
f 2065//2065 2030//2030 2026//2026
f 2067//2067 2027//2027 2068//2068
f 2068//2068 2027//2027 2037//2037
f 2068//2068 2037//2037 2070//2070
f 2070//2070 2037//2037 2036//2036
f 2070//2070 2036//2036 2073//2073
f 2073//2073 2036//2036 2034//2034
f 2073//2073 2034//2034 2075//2075
f 2075//2075 2034//2034 2043//2043
f 2075//2075 2043//2043 2052//2052
f 2052//2052 2043//2043 2042//2042
f 2055//2055 2002//2002 2053//2053
f 2053//2053 2002//2002 2004//2004
f 2053//2053 2004//2004 2024//2024
f 2002//2002 2055//2055 2005//2005
f 2005//2005 2055//2055 2058//2058
f 2005//2005 2058//2058 2008//2008
f 2008//2008 2058//2058 2059//2059
f 2008//2008 2059//2059 2061//2061
f 2008//2008 2061//2061 2010//2010
f 2010//2010 2061//2061 2063//2063
f 2010//2010 2063//2063 2011//2011
f 2011//2011 2063//2063 2015//2015
f 2015//2015 2063//2063 2066//2066
f 2015//2015 2066//2066 2017//2017
f 2017//2017 2066//2066 2069//2069
f 2017//2017 2069//2069 2018//2018
f 2018//2018 2069//2069 2071//2071
f 2018//2018 2071//2071 2021//2021
f 2021//2021 2071//2071 2072//2072
f 2021//2021 2072//2072 2074//2074
f 2021//2021 2074//2074 2023//2023
f 2023//2023 2074//2074 2051//2051
f 2023//2023 2051//2051 2024//2024
f 2024//2024 2051//2051 2053//2053
f 2077//2077 2078//2078 2080//2080
f 2080//2080 2078//2078 2083//2083
f 2080//2080 2083//2083 2084//2084
f 2084//2084 2083//2083 2086//2086
f 2084//2084 2086//2086 2089//2089
f 2078//2078 2077//2077 2091//2091
f 2091//2091 2077//2077 2092//2092
f 2091//2091 2092//2092 2094//2094
f 2094//2094 2092//2092 2096//2096
f 2094//2094 2096//2096 2098//2098
f 2094//2094 2098//2098 2101//2101
f 2101//2101 2098//2098 2102//2102
f 2101//2101 2102//2102 2105//2105
f 2105//2105 2102//2102 2108//2108
f 2105//2105 2108//2108 2109//2109
f 2109//2109 2108//2108 2112//2112
f 2112//2112 2108//2108 2115//2115
f 2112//2112 2115//2115 2116//2116
f 2116//2116 2115//2115 2119//2119
f 2116//2116 2119//2119 2120//2120
f 2120//2120 2119//2119 2123//2123
f 2120//2120 2123//2123 2125//2125
f 2120//2120 2125//2125 2089//2089
f 2089//2089 2125//2125 2084//2084
f 2126//2126 2129//2129 2130//2130
f 2130//2130 2129//2129 2133//2133
f 2130//2130 2133//2133 2137//2137
f 2137//2137 2133//2133 2138//2138
f 2137//2137 2138//2138 2141//2141
f 2129//2129 2126//2126 2142//2142
f 2142//2142 2126//2126 2144//2144
f 2142//2142 2144//2144 2147//2147
f 2147//2147 2144//2144 2148//2148
f 2147//2147 2148//2148 2150//2150
f 2147//2147 2150//2150 2153//2153
f 2153//2153 2150//2150 2154//2154
f 2153//2153 2154//2154 2157//2157
f 2157//2157 2154//2154 2159//2159
f 2157//2157 2159//2159 2161//2161
f 2161//2161 2159//2159 2162//2162
f 2162//2162 2159//2159 2164//2164
f 2162//2162 2164//2164 2166//2166
f 2166//2166 2164//2164 2169//2169
f 2166//2166 2169//2169 2170//2170
f 2170//2170 2169//2169 2173//2173
f 2170//2170 2173//2173 2175//2175
f 2170//2170 2175//2175 2141//2141
f 2141//2141 2175//2175 2137//2137
f 2178//2178 2179//2179 2174//2174
f 2174//2174 2179//2179 2182//2182
f 2174//2174 2182//2182 2136//2136
f 2136//2136 2182//2182 2185//2185
f 2136//2136 2185//2185 2131//2131
f 2131//2131 2185//2185 2186//2186
f 2132//2132 2187//2187 2189//2189
f 2132//2132 2189//2189 2127//2127
f 2127//2127 2189//2189 2192//2192
f 2127//2127 2192//2192 2145//2145
f 2145//2145 2192//2192 2195//2195
f 2145//2145 2195//2195 2149//2149
f 2149//2149 2195//2195 2196//2196
f 2149//2149 2196//2196 2199//2199
f 2192//2192 2202//2202 2195//2195
f 2199//2199 2205//2205 2149//2149
f 2149//2149 2205//2205 2151//2151
f 2151//2151 2205//2205 2207//2207
f 2151//2151 2207//2207 2209//2209
f 2151//2151 2209//2209 2155//2155
f 2155//2155 2209//2209 2211//2211
f 2155//2155 2211//2211 2158//2158
f 2158//2158 2211//2211 2213//2213
f 2158//2158 2213//2213 2216//2216
f 2158//2158 2216//2216 2165//2165
f 2165//2165 2216//2216 2217//2217
f 2165//2165 2217//2217 2168//2168
f 2168//2168 2217//2217 2221//2221
f 2168//2168 2221//2221 2172//2172
f 2172//2172 2221//2221 2222//2222
f 2172//2172 2222//2222 2224//2224
f 2217//2217 2228//2228 2221//2221
f 2224//2224 2178//2178 2172//2172
f 2172//2172 2178//2178 2174//2174
f 2128//2128 2104//2104 2135//2135
f 2135//2135 2104//2104 2110//2110
f 2134//2134 2111//2111 2139//2139
f 2139//2139 2111//2111 2113//2113
f 2139//2139 2113//2113 2140//2140
f 2140//2140 2113//2113 2117//2117
f 2140//2140 2117//2117 2171//2171
f 2171//2171 2117//2117 2121//2121
f 2171//2171 2121//2121 2167//2167
f 2167//2167 2121//2121 2088//2088
f 2167//2167 2088//2088 2163//2163
f 2163//2163 2088//2088 2087//2087
f 2163//2163 2087//2087 2160//2160
f 2160//2160 2087//2087 2082//2082
f 2160//2160 2082//2082 2156//2156
f 2156//2156 2082//2082 2079//2079
f 2156//2156 2079//2079 2152//2152
f 2152//2152 2079//2079 2090//2090
f 2152//2152 2090//2090 2146//2146
f 2146//2146 2090//2090 2095//2095
f 2146//2146 2095//2095 2143//2143
f 2143//2143 2095//2095 2100//2100
f 2143//2143 2100//2100 2128//2128
f 2128//2128 2100//2100 2104//2104
f 2200//2200 2191//2191 2229//2229
f 2229//2229 2191//2191 2231//2231
f 2229//2229 2231//2231 2233//2233
f 2233//2233 2231//2231 2234//2234
f 2233//2233 2234//2234 2236//2236
f 2236//2236 2234//2234 2239//2239
f 2239//2239 2234//2234 2240//2240
f 2240//2240 2234//2234 2242//2242
f 2240//2240 2242//2242 2244//2244
f 2244//2244 2242//2242 2245//2245
f 2244//2244 2245//2245 2247//2247
f 2247//2247 2245//2245 2248//2248
f 2247//2247 2248//2248 2249//2249
f 2249//2249 2248//2248 2251//2251
f 2249//2249 2251//2251 2252//2252
f 2252//2252 2251//2251 2255//2255
f 2255//2255 2251//2251 2257//2257
f 2257//2257 2251//2251 2259//2259
f 2257//2257 2259//2259 2260//2260
f 2260//2260 2259//2259 2183//2183
f 2260//2260 2183//2183 2180//2180
f 2231//2231 2191//2191 2262//2262
f 2262//2262 2191//2191 2190//2190
f 2262//2262 2190//2190 2263//2263
f 2263//2263 2190//2190 2188//2188
f 2263//2263 2188//2188 2264//2264
f 2264//2264 2188//2188 2184//2184
f 2264//2264 2184//2184 2259//2259
f 2259//2259 2184//2184 2183//2183
f 2242//2242 2234//2234 2231//2231
f 2242//2242 2231//2231 2262//2262
f 2245//2245 2242//2242 2262//2262
f 2245//2245 2262//2262 2263//2263
f 2248//2248 2245//2245 2263//2263
f 2248//2248 2263//2263 2264//2264
f 2251//2251 2248//2248 2264//2264
f 2251//2251 2264//2264 2259//2259
f 2230//2230 2261//2261 2201//2201
f 2201//2201 2261//2261 2181//2181
f 2201//2201 2181//2181 2194//2194
f 2194//2194 2181//2181 2176//2176
f 2230//2230 2232//2232 2261//2261
f 2261//2261 2232//2232 2238//2238
f 2261//2261 2238//2238 2258//2258
f 2258//2258 2238//2238 2253//2253
f 2258//2258 2253//2253 2256//2256
f 2232//2232 2235//2235 2238//2238
f 2193//2193 2177//2177 2197//2197
f 2197//2197 2177//2177 2225//2225
f 2197//2197 2225//2225 2223//2223
f 2197//2197 2223//2223 2198//2198
f 2198//2198 2223//2223 2220//2220
f 2198//2198 2220//2220 2204//2204
f 2265//2265 2268//2268 2226//2226
f 2226//2226 2268//2268 2208//2208
f 2226//2226 2208//2208 2219//2219
f 2219//2219 2208//2208 2203//2203
f 2270//2270 2272//2272 2265//2265
f 2265//2265 2272//2272 2275//2275
f 2265//2265 2275//2275 2268//2268
f 2277//2277 2279//2279 2270//2270
f 2270//2270 2279//2279 2272//2272
f 2272//2272 2281//2281 2275//2275
f 2282//2282 2273//2273 2283//2283
f 2283//2283 2273//2273 2284//2284
f 2283//2283 2284//2284 2286//2286
f 2286//2286 2284//2284 2288//2288
f 2286//2286 2288//2288 2289//2289
f 2289//2289 2288//2288 2291//2291
f 2289//2289 2291//2291 2292//2292
f 2292//2292 2291//2291 2294//2294
f 2292//2292 2294//2294 2295//2295
f 2295//2295 2294//2294 2280//2280
f 2295//2295 2280//2280 2276//2276
f 2276//2276 2269//2269 2295//2295
f 2295//2295 2269//2269 2296//2296
f 2295//2295 2296//2296 2292//2292
f 2292//2292 2296//2296 2297//2297
f 2292//2292 2297//2297 2289//2289
f 2289//2289 2297//2297 2298//2298
f 2289//2289 2298//2298 2286//2286
f 2286//2286 2298//2298 2299//2299
f 2286//2286 2299//2299 2283//2283
f 2283//2283 2299//2299 2300//2300
f 2283//2283 2300//2300 2274//2274
f 2274//2274 2300//2300 2267//2267
f 2267//2267 2300//2300 2210//2210
f 2267//2267 2210//2210 2206//2206
f 2269//2269 2266//2266 2296//2296
f 2296//2296 2266//2266 2218//2218
f 2296//2296 2218//2218 2297//2297
f 2297//2297 2218//2218 2215//2215
f 2297//2297 2215//2215 2298//2298
f 2298//2298 2215//2215 2214//2214
f 2298//2298 2214//2214 2299//2299
f 2299//2299 2214//2214 2212//2212
f 2299//2299 2212//2212 2300//2300
f 2300//2300 2212//2212 2210//2210
f 2266//2266 2227//2227 2218//2218
f 2274//2274 2282//2282 2283//2283
f 2237//2237 2241//2241 2254//2254
f 2254//2254 2241//2241 2250//2250
f 2250//2250 2241//2241 2246//2246
f 2246//2246 2241//2241 2243//2243
f 2271//2271 2278//2278 2285//2285
f 2285//2285 2278//2278 2293//2293
f 2285//2285 2293//2293 2290//2290
f 2290//2290 2287//2287 2285//2285
f 2301//2301 2304//2304 2308//2308
f 2308//2308 2304//2304 2309//2309
f 2309//2309 2304//2304 2311//2311
f 2309//2309 2311//2311 2314//2314
f 2314//2314 2311//2311 2317//2317
f 2317//2317 2311//2311 2320//2320
f 2321//2321 2325//2325 2327//2327
f 2327//2327 2325//2325 2330//2330
f 2327//2327 2330//2330 2332//2332
f 2332//2332 2334//2334 2327//2327
f 2335//2335 2324//2324 2337//2337
f 2337//2337 2324//2324 2323//2323
f 2337//2337 2323//2323 2339//2339
f 2339//2339 2323//2323 2341//2341
f 2339//2339 2341//2341 2343//2343
f 2323//2323 2346//2346 2341//2341
f 2339//2339 2343//2343 2347//2347
f 2347//2347 2343//2343 2350//2350
f 2347//2347 2350//2350 2307//2307
f 2307//2307 2350//2350 2302//2302
f 2349//2349 2354//2354 2340//2340
f 2340//2340 2354//2354 2355//2355
f 2340//2340 2355//2355 2338//2338
f 2338//2338 2355//2355 2356//2356
f 2338//2338 2356//2356 2336//2336
f 2336//2336 2356//2356 2326//2326
f 2326//2326 2356//2356 2329//2329
f 2329//2329 2356//2356 2357//2357
f 2329//2329 2357//2357 2331//2331
f 2331//2331 2357//2357 2358//2358
f 2331//2331 2358//2358 2333//2333
f 2333//2333 2358//2358 2359//2359
f 2333//2333 2359//2359 2328//2328
f 2328//2328 2359//2359 2360//2360
f 2328//2328 2360//2360 2322//2322
f 2322//2322 2360//2360 2345//2345
f 2345//2345 2360//2360 2342//2342
f 2342//2342 2360//2360 2361//2361
f 2342//2342 2361//2361 2352//2352
f 2352//2352 2361//2361 2363//2363
f 2363//2363 2361//2361 2364//2364
f 2364//2364 2361//2361 2366//2366
f 2364//2364 2366//2366 2369//2369
f 2369//2369 2366//2366 2370//2370
f 2369//2369 2370//2370 2372//2372
f 2372//2372 2370//2370 2373//2373
f 2372//2372 2373//2373 2354//2354
f 2354//2354 2373//2373 2355//2355
f 2352//2352 2344//2344 2342//2342
f 2357//2357 2356//2356 2355//2355
f 2357//2357 2355//2355 2373//2373
f 2358//2358 2357//2357 2373//2373
f 2358//2358 2373//2373 2370//2370
f 2359//2359 2358//2358 2370//2370
f 2359//2359 2370//2370 2366//2366
f 2360//2360 2359//2359 2366//2366
f 2360//2360 2366//2366 2361//2361
f 2376//2376 2378//2378 2379//2379
f 2379//2379 2378//2378 2382//2382
f 2382//2382 2378//2378 2384//2384
f 2384//2384 2378//2378 2387//2387
f 2389//2389 2375//2375 2390//2390
f 2390//2390 2375//2375 2380//2380
f 2390//2390 2380//2380 2393//2393
f 2393//2393 2380//2380 2394//2394
f 2393//2393 2394//2394 2396//2396
f 2380//2380 2398//2398 2394//2394
f 2393//2393 2396//2396 2400//2400
f 2400//2400 2396//2396 2403//2403
f 2400//2400 2403//2403 2318//2318
f 2318//2318 2403//2403 2316//2316
f 2315//2315 2405//2405 2124//2124
f 2124//2124 2405//2405 2407//2407
f 2124//2124 2407//2407 2085//2085
f 2085//2085 2407//2407 2409//2409
f 2085//2085 2409//2409 2081//2081
f 2081//2081 2409//2409 2411//2411
f 2081//2081 2411//2411 2412//2412
f 2081//2081 2412//2412 2076//2076
f 2076//2076 2412//2412 2415//2415
f 2076//2076 2415//2415 2093//2093
f 2093//2093 2415//2415 2402//2402
f 2093//2093 2402//2402 2319//2319
f 2093//2093 2319//2319 2097//2097
f 2097//2097 2319//2319 2312//2312
f 2097//2097 2312//2312 2305//2305
f 2305//2305 2303//2303 2097//2097
f 2097//2097 2303//2303 2099//2099
f 2099//2099 2303//2303 2351//2351
f 2099//2099 2351//2351 2362//2362
f 2099//2099 2362//2362 2103//2103
f 2103//2103 2362//2362 2365//2365
f 2103//2103 2365//2365 2106//2106
f 2106//2106 2365//2365 2368//2368
f 2107//2107 2367//2367 2371//2371
f 2107//2107 2371//2371 2114//2114
f 2114//2114 2371//2371 2353//2353
f 2114//2114 2353//2353 2118//2118
f 2118//2118 2353//2353 2348//2348
f 2118//2118 2348//2348 2306//2306
f 2118//2118 2306//2306 2122//2122
f 2122//2122 2306//2306 2310//2310
f 2122//2122 2310//2310 2313//2313
f 2313//2313 2315//2315 2122//2122
f 2122//2122 2315//2315 2124//2124
f 2401//2401 2414//2414 2392//2392
f 2392//2392 2414//2414 2416//2416
f 2392//2392 2416//2416 2391//2391
f 2391//2391 2416//2416 2417//2417
f 2391//2391 2417//2417 2388//2388
f 2388//2388 2417//2417 2374//2374
f 2374//2374 2417//2417 2377//2377
f 2377//2377 2417//2417 2418//2418
f 2377//2377 2418//2418 2386//2386
f 2386//2386 2418//2418 2419//2419
f 2386//2386 2419//2419 2385//2385
f 2385//2385 2419//2419 2420//2420
f 2385//2385 2420//2420 2383//2383
f 2383//2383 2420//2420 2421//2421
f 2383//2383 2421//2421 2381//2381
f 2381//2381 2421//2421 2399//2399
f 2399//2399 2421//2421 2395//2395
f 2395//2395 2421//2421 2422//2422
f 2395//2395 2422//2422 2404//2404
f 2404//2404 2422//2422 2406//2406
f 2406//2406 2422//2422 2408//2408
f 2408//2408 2422//2422 2423//2423
f 2408//2408 2423//2423 2410//2410
f 2410//2410 2423//2423 2424//2424
f 2410//2410 2424//2424 2413//2413
f 2413//2413 2424//2424 2425//2425
f 2413//2413 2425//2425 2414//2414
f 2414//2414 2425//2425 2416//2416
f 2404//2404 2397//2397 2395//2395
f 2418//2418 2417//2417 2416//2416
f 2418//2418 2416//2416 2425//2425
f 2419//2419 2418//2418 2425//2425
f 2419//2419 2425//2425 2424//2424
f 2420//2420 2419//2419 2424//2424
f 2420//2420 2424//2424 2423//2423
f 2421//2421 2420//2420 2423//2423
f 2421//2421 2423//2423 2422//2422
f 2426//2426 2428//2428 2433//2433
f 2431//2431 2429//2429 2434//2434
f 2431//2431 2434//2434 2437//2437
f 2437//2437 2438//2438 2431//2431
f 2431//2431 2438//2438 2440//2440
f 2440//2440 2438//2438 2442//2442
f 2440//2440 2442//2442 2445//2445
f 2445//2445 2442//2442 2447//2447
f 2445//2445 2447//2447 2448//2448
f 2448//2448 2447//2447 2452//2452
f 2448//2448 2452//2452 2454//2454
f 2454//2454 2457//2457 2448//2448
f 2449//2449 2456//2456 2459//2459
f 2449//2449 2459//2459 2462//2462
f 2462//2462 2464//2464 2449//2449
f 2449//2449 2464//2464 2465//2465
f 2449//2449 2465//2465 2468//2468
f 2468//2468 2465//2465 2469//2469
f 2468//2468 2469//2469 2471//2471
f 2471//2471 2469//2469 2473//2473
f 2471//2471 2473//2473 2475//2475
f 2475//2475 2473//2473 2477//2477
f 2475//2475 2477//2477 2480//2480
f 2480//2480 2477//2477 2481//2481
f 2480//2480 2481//2481 2484//2484
f 2484//2484 2481//2481 2486//2486
f 2484//2484 2486//2486 2488//2488
f 2488//2488 2486//2486 2490//2490
f 2490//2490 2486//2486 2492//2492
f 2490//2490 2492//2492 2494//2494
f 2494//2494 2492//2492 2496//2496
f 2496//2496 2492//2492 2497//2497
f 2497//2497 2492//2492 2500//2500
f 2500//2500 2492//2492 2501//2501
f 2501//2501 2492//2492 2504//2504
f 2504//2504 2492//2492 2506//2506
f 2506//2506 2492//2492 2508//2508
f 2506//2506 2508//2508 2509//2509
f 2509//2509 2508//2508 2512//2512
f 2512//2512 2508//2508 2513//2513
f 2512//2512 2513//2513 2516//2516
f 2516//2516 2513//2513 2517//2517
f 2516//2516 2517//2517 2519//2519
f 2519//2519 2517//2517 2522//2522
f 2519//2519 2522//2522 2445//2445
f 2445//2445 2522//2522 2440//2440
f 2469//2469 2465//2465 2433//2433
f 2433//2433 2465//2465 2524//2524
f 2433//2433 2524//2524 2525//2525
f 2525//2525 2426//2426 2433//2433
f 2509//2509 2528//2528 2506//2506
f 2506//2506 2528//2528 2529//2529
f 2529//2529 2528//2528 2532//2532
f 2532//2532 2528//2528 2533//2533
f 2533//2533 2528//2528 2535//2535
f 2535//2535 2528//2528 2538//2538
f 2538//2538 2528//2528 2540//2540
f 2540//2540 2528//2528 2543//2543
f 2543//2543 2528//2528 2484//2484
f 2543//2543 2484//2484 2488//2488
f 2544//2544 2547//2547 2550//2550
f 2550//2550 2547//2547 2483//2483
f 2550//2550 2483//2483 2527//2527
f 2544//2544 2553//2553 2547//2547
f 2554//2554 2476//2476 2547//2547
f 2547//2547 2476//2476 2479//2479
f 2547//2547 2479//2479 2483//2483
f 2558//2558 2559//2559 2554//2554
f 2554//2554 2559//2559 2562//2562
f 2554//2554 2562//2562 2467//2467
f 2467//2467 2562//2562 2450//2450
f 2450//2450 2562//2562 2565//2565
f 2450//2450 2565//2565 2444//2444
f 2444//2444 2565//2565 2568//2568
f 2444//2444 2568//2568 2520//2520
f 2520//2520 2568//2568 2515//2515
f 2515//2515 2568//2568 2572//2572
f 2515//2515 2572//2572 2511//2511
f 2511//2511 2572//2572 2510//2510
f 2510//2510 2572//2572 2575//2575
f 2510//2510 2575//2575 2527//2527
f 2527//2527 2575//2575 2550//2550
f 2565//2565 2576//2576 2568//2568
f 2568//2568 2576//2576 2579//2579
f 2581//2581 2582//2582 2572//2572
f 2572//2572 2582//2582 2575//2575
f 2467//2467 2472//2472 2554//2554
f 2554//2554 2472//2472 2476//2476
f 2556//2556 2585//2585 2587//2587
f 2587//2587 2585//2585 2589//2589
f 2587//2587 2589//2589 2590//2590
f 2590//2590 2589//2589 2592//2592
f 2590//2590 2592//2592 2594//2594
f 2594//2594 2561//2561 2590//2590
f 2590//2590 2561//2561 2560//2560
f 2590//2590 2560//2560 2587//2587
f 2587//2587 2560//2560 2557//2557
f 2587//2587 2557//2557 2556//2556
f 2597//2597 2598//2598 2602//2602
f 2602//2602 2598//2598 2604//2604
f 2601//2601 2605//2605 2608//2608
f 2608//2608 2605//2605 2610//2610
f 2608//2608 2610//2610 2612//2612
f 2612//2612 2610//2610 2613//2613
f 2612//2612 2613//2613 2615//2615
f 2615//2615 2613//2613 2618//2618
f 2615//2615 2618//2618 2620//2620
f 2620//2620 2618//2618 2622//2622
f 2620//2620 2622//2622 2623//2623
f 2623//2623 2622//2622 2626//2626
f 2623//2623 2626//2626 2628//2628
f 2628//2628 2626//2626 2630//2630
f 2628//2628 2630//2630 2632//2632
f 2632//2632 2630//2630 2634//2634
f 2632//2632 2634//2634 2635//2635
f 2635//2635 2634//2634 2638//2638
f 2635//2635 2638//2638 2639//2639
f 2639//2639 2638//2638 2642//2642
f 2639//2639 2642//2642 2644//2644
f 2644//2644 2642//2642 2646//2646
f 2644//2644 2646//2646 2597//2597
f 2597//2597 2646//2646 2598//2598
f 2607//2607 2647//2647 2603//2603
f 2603//2603 2647//2647 2649//2649
f 2600//2600 2648//2648 2650//2650
f 2650//2650 2648//2648 2651//2651
f 2650//2650 2651//2651 2653//2653
f 2653//2653 2651//2651 2654//2654
f 2653//2653 2654//2654 2656//2656
f 2656//2656 2654//2654 2657//2657
f 2656//2656 2657//2657 2659//2659
f 2659//2659 2657//2657 2661//2661
f 2659//2659 2661//2661 2662//2662
f 2662//2662 2661//2661 2663//2663
f 2647//2647 2607//2607 2677//2677
f 2677//2677 2607//2607 2611//2611
f 2677//2677 2611//2611 2678//2678
f 2678//2678 2611//2611 2616//2616
f 2678//2678 2616//2616 2679//2679
f 2679//2679 2616//2616 2619//2619
f 2679//2679 2619//2619 2680//2680
f 2680//2680 2619//2619 2624//2624
f 2680//2680 2624//2624 2681//2681
f 2681//2681 2624//2624 2627//2627
f 2681//2681 2627//2627 2682//2682
f 2682//2682 2627//2627 2683//2683
f 2682//2682 2683//2683 2684//2684
f 2684//2684 2683//2683 2685//2685
f 2684//2684 2685//2685 2686//2686
f 2686//2686 2685//2685 2687//2687
f 2686//2686 2687//2687 2688//2688
f 2688//2688 2687//2687 2689//2689
f 2688//2688 2689//2689 2690//2690
f 2690//2690 2689//2689 2691//2691
f 2690//2690 2691//2691 2667//2667
f 2627//2627 2631//2631 2683//2683
f 2683//2683 2631//2631 2692//2692
f 2683//2683 2692//2692 2685//2685
f 2685//2685 2692//2692 2693//2693
f 2685//2685 2693//2693 2687//2687
f 2687//2687 2693//2693 2694//2694
f 2687//2687 2694//2694 2689//2689
f 2689//2689 2694//2694 2695//2695
f 2689//2689 2695//2695 2691//2691
f 2691//2691 2695//2695 2662//2662
f 2691//2691 2662//2662 2670//2670
f 2631//2631 2636//2636 2692//2692
f 2692//2692 2636//2636 2696//2696
f 2692//2692 2696//2696 2693//2693
f 2693//2693 2696//2696 2697//2697
f 2693//2693 2697//2697 2694//2694
f 2694//2694 2697//2697 2698//2698
f 2694//2694 2698//2698 2695//2695
f 2695//2695 2698//2698 2659//2659
f 2695//2695 2659//2659 2662//2662
f 2636//2636 2640//2640 2696//2696
f 2696//2696 2640//2640 2699//2699
f 2696//2696 2699//2699 2697//2697
f 2697//2697 2699//2699 2700//2700
f 2697//2697 2700//2700 2698//2698
f 2698//2698 2700//2700 2656//2656
f 2698//2698 2656//2656 2659//2659
f 2640//2640 2643//2643 2699//2699
f 2699//2699 2643//2643 2701//2701
f 2699//2699 2701//2701 2700//2700
f 2700//2700 2701//2701 2653//2653
f 2700//2700 2653//2653 2656//2656
f 2643//2643 2596//2596 2701//2701
f 2701//2701 2596//2596 2650//2650
f 2701//2701 2650//2650 2653//2653
f 2596//2596 2600//2600 2650//2650
f 2690//2690 2669//2669 2702//2702
f 2703//2703 2668//2668 2704//2704
f 2704//2704 2671//2671 2705//2705
f 2705//2705 2676//2676 2706//2706
f 2706//2706 2675//2675 2707//2707
f 2708//2708 2672//2672 2709//2709
f 2709//2709 2674//2674 2710//2710
f 2710//2710 2665//2665 2711//2711
f 2711//2711 2664//2664 2660//2660
f 2652//2652 2649//2649 2712//2712
f 2712//2712 2649//2649 2647//2647
f 2712//2712 2647//2647 2713//2713
f 2713//2713 2647//2647 2677//2677
f 2713//2713 2677//2677 2714//2714
f 2714//2714 2677//2677 2678//2678
f 2714//2714 2678//2678 2715//2715
f 2715//2715 2678//2678 2679//2679
f 2715//2715 2679//2679 2716//2716
f 2716//2716 2679//2679 2680//2680
f 2716//2716 2680//2680 2717//2717
f 2717//2717 2680//2680 2681//2681
f 2717//2717 2681//2681 2718//2718
f 2718//2718 2681//2681 2682//2682
f 2718//2718 2682//2682 2684//2684
f 2655//2655 2652//2652 2719//2719
f 2719//2719 2652//2652 2712//2712
f 2719//2719 2712//2712 2720//2720
f 2720//2720 2712//2712 2713//2713
f 2720//2720 2713//2713 2721//2721
f 2721//2721 2713//2713 2714//2714
f 2721//2721 2714//2714 2722//2722
f 2722//2722 2714//2714 2715//2715
f 2722//2722 2715//2715 2723//2723
f 2723//2723 2715//2715 2716//2716
f 2723//2723 2716//2716 2724//2724
f 2724//2724 2716//2716 2717//2717
f 2724//2724 2717//2717 2725//2725
f 2725//2725 2717//2717 2718//2718
f 2725//2725 2718//2718 2726//2726
f 2726//2726 2718//2718 2684//2684
f 2726//2726 2684//2684 2686//2686
f 2711//2711 2660//2660 2658//2658
f 2658//2658 2655//2655 2727//2727
f 2727//2727 2655//2655 2719//2719
f 2727//2727 2719//2719 2728//2728
f 2728//2728 2719//2719 2720//2720
f 2728//2728 2720//2720 2729//2729
f 2729//2729 2720//2720 2721//2721
f 2729//2729 2721//2721 2730//2730
f 2730//2730 2721//2721 2722//2722
f 2730//2730 2722//2722 2731//2731
f 2731//2731 2722//2722 2723//2723
f 2731//2731 2723//2723 2732//2732
f 2732//2732 2723//2723 2724//2724
f 2732//2732 2724//2724 2733//2733
f 2733//2733 2724//2724 2725//2725
f 2733//2733 2725//2725 2734//2734
f 2734//2734 2725//2725 2726//2726
f 2734//2734 2726//2726 2735//2735
f 2735//2735 2726//2726 2686//2686
f 2735//2735 2686//2686 2688//2688
f 2702//2702 2666//2666 2703//2703
f 2707//2707 2673//2673 2708//2708
f 2710//2710 2711//2711 2727//2727
f 2727//2727 2711//2711 2658//2658
f 2710//2710 2727//2727 2728//2728
f 2709//2709 2710//2710 2728//2728
f 2709//2709 2728//2728 2729//2729
f 2708//2708 2709//2709 2729//2729
f 2708//2708 2729//2729 2730//2730
f 2707//2707 2708//2708 2730//2730
f 2707//2707 2730//2730 2731//2731
f 2706//2706 2707//2707 2731//2731
f 2706//2706 2731//2731 2732//2732
f 2705//2705 2706//2706 2732//2732
f 2705//2705 2732//2732 2733//2733
f 2705//2705 2733//2733 2704//2704
f 2704//2704 2733//2733 2734//2734
f 2704//2704 2734//2734 2703//2703
f 2703//2703 2734//2734 2735//2735
f 2703//2703 2735//2735 2702//2702
f 2702//2702 2735//2735 2688//2688
f 2702//2702 2688//2688 2690//2690
f 2738//2738 2741//2741 2742//2742
f 2742//2742 2741//2741 2744//2744
f 2742//2742 2744//2744 2747//2747
f 2752//2752 2753//2753 2739//2739
f 2739//2739 2753//2753 2746//2746
f 2756//2756 2759//2759 2750//2750
f 2750//2750 2759//2759 2755//2755
f 2763//2763 2765//2765 2758//2758
f 2758//2758 2765//2765 2768//2768
f 2758//2758 2768//2768 2761//2761
f 2761//2761 2768//2768 2770//2770
f 2764//2764 2737//2737 2772//2772
f 2772//2772 2737//2737 2743//2743
f 2772//2772 2743//2743 2773//2773
f 2773//2773 2743//2743 2774//2774
f 2773//2773 2774//2774 2766//2766
f 2766//2766 2774//2774 2767//2767
f 2767//2767 2774//2774 2769//2769
f 2769//2769 2774//2774 2748//2748
f 2748//2748 2774//2774 2743//2743
f 2773//2773 2766//2766 2772//2772
f 2772//2772 2766//2766 2764//2764
f 2775//2775 2754//2754 2778//2778
f 2778//2778 2754//2754 2760//2760
f 2778//2778 2760//2760 2771//2771
f 2775//2775 2782//2782 2754//2754
f 2754//2754 2782//2782 2745//2745
f 2745//2745 2782//2782 2786//2786
f 2745//2745 2786//2786 2749//2749
f 2749//2749 2786//2786 2787//2787
f 2749//2749 2787//2787 2771//2771
f 2771//2771 2787//2787 2778//2778
f 2792//2792 2793//2793 2797//2797
f 2797//2797 2793//2793 2800//2800
f 2803//2803 2806//2806 2807//2807
f 2807//2807 2806//2806 2811//2811
f 2807//2807 2811//2811 2814//2814
f 2814//2814 2811//2811 2816//2816
f 2814//2814 2816//2816 2819//2819
f 2814//2814 2819//2819 2821//2821
f 2821//2821 2819//2819 2823//2823
f 2821//2821 2823//2823 2825//2825
f 2825//2825 2823//2823 2794//2794
f 2825//2825 2794//2794 2791//2791
f 2828//2828 2832//2832 2817//2817
f 2817//2817 2832//2832 2834//2834
f 2817//2817 2834//2834 2818//2818
f 2818//2818 2834//2834 2835//2835
f 2818//2818 2835//2835 2822//2822
f 2822//2822 2835//2835 2838//2838
f 2822//2822 2838//2838 2795//2795
f 2795//2795 2838//2838 2799//2799
f 2829//2829 2840//2840 2833//2833
f 2833//2833 2840//2840 2844//2844
f 2833//2833 2844//2844 2846//2846
f 2833//2833 2846//2846 2836//2836
f 2836//2836 2846//2846 2848//2848
f 2836//2836 2848//2848 2837//2837
f 2837//2837 2848//2848 2801//2801
f 2801//2801 2848//2848 2798//2798
f 2842//2842 2808//2808 2843//2843
f 2843//2843 2808//2808 2813//2813
f 2843//2843 2813//2813 2820//2820
f 2843//2843 2820//2820 2845//2845
f 2845//2845 2820//2820 2824//2824
f 2845//2845 2824//2824 2847//2847
f 2847//2847 2824//2824 2796//2796
f 2796//2796 2824//2824 2790//2790
f 2802//2802 2810//2810 2850//2850
f 2850//2850 2810//2810 2779//2779
f 2850//2850 2779//2779 2789//2789
f 2852//2852 2826//2826 2853//2853
f 2853//2853 2826//2826 2815//2815
f 2853//2853 2815//2815 2812//2812
f 2812//2812 2805//2805 2853//2853
f 2853//2853 2805//2805 2849//2849
f 2853//2853 2849//2849 2854//2854
f 2854//2854 2849//2849 2855//2855
f 2854//2854 2855//2855 2852//2852
f 2852//2852 2855//2855 2785//2785
f 2785//2785 2855//2855 2788//2788
f 2788//2788 2855//2855 2849//2849
f 2805//2805 2804//2804 2849//2849
f 2854//2854 2852//2852 2853//2853
f 2827//2827 2851//2851 2830//2830
f 2830//2830 2851//2851 2783//2783
f 2783//2783 2851//2851 2784//2784
f 2841//2841 2831//2831 2776//2776
f 2776//2776 2831//2831 2781//2781
f 2839//2839 2777//2777 2809//2809
f 2809//2809 2777//2777 2780//2780
f 2549//2549 2857//2857 2859//2859
f 2859//2859 2857//2857 2860//2860
f 2859//2859 2860//2860 2862//2862
f 2862//2862 2860//2860 2863//2863
f 2862//2862 2863//2863 2866//2866
f 2866//2866 2548//2548 2862//2862
f 2862//2862 2548//2548 2552//2552
f 2862//2862 2552//2552 2859//2859
f 2859//2859 2552//2552 2545//2545
f 2859//2859 2545//2545 2549//2549
f 2867//2867 2762//2762 2546//2546
f 2546//2546 2762//2762 2757//2757
f 2546//2546 2757//2757 2751//2751
f 2762//2762 2867//2867 2736//2736
f 2736//2736 2867//2867 2586//2586
f 2736//2736 2586//2586 2740//2740
f 2740//2740 2586//2586 2555//2555
f 2740//2740 2555//2555 2751//2751
f 2751//2751 2555//2555 2546//2546
f 2571//2571 2609//2609 2870//2870
f 2870//2870 2609//2609 2606//2606
f 2870//2870 2606//2606 2599//2599
f 2567//2567 2621//2621 2571//2571
f 2571//2571 2621//2621 2617//2617
f 2571//2571 2617//2617 2614//2614
f 2871//2871 2633//2633 2567//2567
f 2567//2567 2633//2633 2629//2629
f 2567//2567 2629//2629 2625//2625
f 2870//2870 2645//2645 2871//2871
f 2871//2871 2645//2645 2641//2641
f 2871//2871 2641//2641 2637//2637
f 2599//2599 2645//2645 2870//2870
f 2637//2637 2633//2633 2871//2871
f 2625//2625 2621//2621 2567//2567
f 2614//2614 2609//2609 2571//2571
f 2570//2570 2869//2869 2874//2874
f 2874//2874 2869//2869 2876//2876
f 2874//2874 2876//2876 2877//2877
f 2877//2877 2876//2876 2878//2878
f 2877//2877 2878//2878 2881//2881
f 2881//2881 2573//2573 2877//2877
f 2877//2877 2573//2573 2583//2583
f 2877//2877 2583//2583 2874//2874
f 2874//2874 2583//2583 2580//2580
f 2874//2874 2580//2580 2570//2570
f 2564//2564 2883//2883 2886//2886
f 2886//2886 2883//2883 2888//2888
f 2886//2886 2888//2888 2889//2889
f 2889//2889 2888//2888 2890//2890
f 2889//2889 2890//2890 2873//2873
f 2873//2873 2569//2569 2889//2889
f 2889//2889 2569//2569 2578//2578
f 2889//2889 2578//2578 2886//2886
f 2886//2886 2578//2578 2577//2577
f 2886//2886 2577//2577 2564//2564
f 2882//2882 2491//2491 2856//2856
f 2856//2856 2491//2491 2485//2485
f 2856//2856 2485//2485 2865//2865
f 2865//2865 2485//2485 2482//2482
f 2865//2865 2482//2482 2478//2478
f 2879//2879 2868//2868 2882//2882
f 2882//2882 2868//2868 2507//2507
f 2882//2882 2507//2507 2491//2491
f 2879//2879 2875//2875 2868//2868
f 2872//2872 2518//2518 2868//2868
f 2868//2868 2518//2518 2514//2514
f 2868//2868 2514//2514 2507//2507
f 2891//2891 2887//2887 2872//2872
f 2872//2872 2887//2887 2884//2884
f 2872//2872 2884//2884 2441//2441
f 2441//2441 2884//2884 2432//2432
f 2432//2432 2884//2884 2595//2595
f 2432//2432 2595//2595 2470//2470
f 2470//2470 2595//2595 2584//2584
f 2470//2470 2584//2584 2474//2474
f 2474//2474 2584//2584 2478//2478
f 2478//2478 2584//2584 2865//2865
f 2595//2595 2591//2591 2584//2584
f 2584//2584 2591//2591 2588//2588
f 2864//2864 2861//2861 2865//2865
f 2865//2865 2861//2861 2856//2856
f 2441//2441 2521//2521 2872//2872
f 2872//2872 2521//2521 2518//2518
f 2885//2885 2893//2893 2593//2593
f 2593//2593 2893//2893 2894//2894
f 2593//2593 2894//2894 2896//2896
f 2566//2566 2899//2899 2885//2885
f 2885//2885 2899//2899 2900//2900
f 2885//2885 2900//2900 2903//2903
f 2563//2563 2906//2906 2566//2566
f 2566//2566 2906//2906 2907//2907
f 2566//2566 2907//2907 2909//2909
f 2593//2593 2911//2911 2563//2563
f 2563//2563 2911//2911 2913//2913
f 2563//2563 2913//2913 2915//2915
f 2909//2909 2899//2899 2566//2566
f 2903//2903 2893//2893 2885//2885
f 2896//2896 2911//2911 2593//2593
f 2915//2915 2906//2906 2563//2563
f 2917//2917 2435//2435 2920//2920
f 2920//2920 2435//2435 2430//2430
f 2920//2920 2430//2430 2427//2427
f 2435//2435 2917//2917 2436//2436
f 2436//2436 2917//2917 2922//2922
f 2436//2436 2922//2922 2439//2439
f 2439//2439 2922//2922 2924//2924
f 2439//2439 2924//2924 2443//2443
f 2443//2443 2924//2924 2446//2446
f 2446//2446 2924//2924 2926//2926
f 2446//2446 2926//2926 2451//2451
f 2451//2451 2926//2926 2927//2927
f 2451//2451 2927//2927 2453//2453
f 2453//2453 2927//2927 2930//2930
f 2453//2453 2930//2930 2458//2458
f 2455//2455 2931//2931 2460//2460
f 2460//2460 2931//2931 2933//2933
f 2460//2460 2933//2933 2461//2461
f 2461//2461 2933//2933 2935//2935
f 2461//2461 2935//2935 2463//2463
f 2463//2463 2935//2935 2937//2937
f 2463//2463 2937//2937 2466//2466
f 2466//2466 2937//2937 2523//2523
f 2523//2523 2937//2937 2939//2939
f 2523//2523 2939//2939 2526//2526
f 2526//2526 2939//2939 2940//2940
f 2526//2526 2940//2940 2427//2427
f 2427//2427 2940//2940 2920//2920
f 2943//2943 2908//2908 2945//2945
f 2945//2945 2908//2908 2905//2905
f 2946//2946 2904//2904 2948//2948
f 2948//2948 2904//2904 2916//2916
f 2948//2948 2916//2916 2950//2950
f 2950//2950 2916//2916 2914//2914
f 2950//2950 2914//2914 2951//2951
f 2951//2951 2914//2914 2912//2912
f 2951//2951 2912//2912 2954//2954
f 2954//2954 2912//2912 2897//2897
f 2954//2954 2897//2897 2955//2955
f 2955//2955 2897//2897 2895//2895
f 2955//2955 2895//2895 2957//2957
f 2957//2957 2895//2895 2892//2892
f 2957//2957 2892//2892 2960//2960
f 2960//2960 2892//2892 2902//2902
f 2960//2960 2902//2902 2961//2961
f 2961//2961 2902//2902 2901//2901
f 2961//2961 2901//2901 2963//2963
f 2963//2963 2901//2901 2898//2898
f 2963//2963 2898//2898 2966//2966
f 2966//2966 2898//2898 2910//2910
f 2966//2966 2910//2910 2943//2943
f 2943//2943 2910//2910 2908//2908
f 2947//2947 2932//2932 2944//2944
f 2944//2944 2932//2932 2929//2929
f 2944//2944 2929//2929 2928//2928
f 2932//2932 2947//2947 2934//2934
f 2934//2934 2947//2947 2949//2949
f 2934//2934 2949//2949 2936//2936
f 2936//2936 2949//2949 2952//2952
f 2936//2936 2952//2952 2953//2953
f 2936//2936 2953//2953 2938//2938
f 2938//2938 2953//2953 2956//2956
f 2938//2938 2956//2956 2941//2941
f 2941//2941 2956//2956 2919//2919
f 2919//2919 2956//2956 2958//2958
f 2919//2919 2958//2958 2918//2918
f 2918//2918 2958//2958 2959//2959
f 2918//2918 2959//2959 2921//2921
f 2921//2921 2959//2959 2962//2962
f 2921//2921 2962//2962 2923//2923
f 2923//2923 2962//2962 2964//2964
f 2923//2923 2964//2964 2965//2965
f 2923//2923 2965//2965 2925//2925
f 2925//2925 2965//2965 2942//2942
f 2925//2925 2942//2942 2928//2928
f 2928//2928 2942//2942 2944//2944
f 2967//2967 2495//2495 2970//2970
f 2970//2970 2495//2495 2498//2498
f 2970//2970 2498//2498 2499//2499
f 2495//2495 2967//2967 2493//2493
f 2493//2493 2967//2967 2971//2971
f 2493//2493 2971//2971 2489//2489
f 2489//2489 2971//2971 2973//2973
f 2489//2489 2973//2973 2487//2487
f 2487//2487 2973//2973 2542//2542
f 2542//2542 2973//2973 2975//2975
f 2542//2542 2975//2975 2541//2541
f 2541//2541 2975//2975 2978//2978
f 2541//2541 2978//2978 2539//2539
f 2539//2539 2978//2978 2979//2979
f 2539//2539 2979//2979 2537//2537
f 2536//2536 2981//2981 2534//2534
f 2534//2534 2981//2981 2982//2982
f 2534//2534 2982//2982 2531//2531
f 2531//2531 2982//2982 2984//2984
f 2531//2531 2984//2984 2530//2530
f 2530//2530 2984//2984 2987//2987
f 2530//2530 2987//2987 2505//2505
f 2505//2505 2987//2987 2503//2503
f 2503//2503 2987//2987 2989//2989
f 2503//2503 2989//2989 2502//2502
f 2502//2502 2989//2989 2991//2991
f 2502//2502 2991//2991 2499//2499
f 2499//2499 2991//2991 2970//2970
f 2574//2574 2992//2992 2551//2551
f 2551//2551 2992//2992 2996//2996
f 2551//2551 2996//2996 2997//2997
f 2880//2880 3000//3000 2574//2574
f 2574//2574 3000//3000 3001//3001
f 2574//2574 3001//3001 3004//3004
f 2858//2858 3005//3005 2880//2880
f 2880//2880 3005//3005 3008//3008
f 2880//2880 3008//3008 3009//3009
f 2551//2551 3011//3011 2858//2858
f 2858//2858 3011//3011 3013//3013
f 2858//2858 3013//3013 3015//3015
f 3009//3009 3000//3000 2880//2880
f 3004//3004 2992//2992 2574//2574
f 2997//2997 3011//3011 2551//2551
f 3015//3015 3005//3005 2858//2858
f 3017//3017 3007//3007 3020//3020
f 3020//3020 3007//3007 3006//3006
f 3020//3020 3006//3006 3022//3022
f 3022//3022 3006//3006 3016//3016
f 3022//3022 3016//3016 3023//3023
f 3023//3023 3016//3016 3014//3014
f 3023//3023 3014//3014 3026//3026
f 3026//3026 3014//3014 3012//3012
f 3026//3026 3012//3012 3027//3027
f 3027//3027 3012//3012 2998//2998
f 3027//3027 2998//2998 3029//3029
f 3029//3029 2998//2998 2995//2995
f 3029//3029 2995//2995 3033//3033
f 3033//3033 2995//2995 2994//2994
f 3032//3032 2993//2993 3035//3035
f 3035//3035 2993//2993 3003//3003
f 3035//3035 3003//3003 3036//3036
f 3036//3036 3003//3003 3002//3002
f 3036//3036 3002//3002 3038//3038
f 3038//3038 3002//3002 2999//2999
f 3038//3038 2999//2999 3040//3040
f 3040//3040 2999//2999 3010//3010
f 3040//3040 3010//3010 3017//3017
f 3017//3017 3010//3010 3007//3007
f 3021//3021 2968//2968 3019//3019
f 3019//3019 2968//2968 2969//2969
f 3019//3019 2969//2969 2990//2990
f 2968//2968 3021//3021 2972//2972
f 2972//2972 3021//3021 3024//3024
f 2972//2972 3024//3024 2974//2974
f 2974//2974 3024//3024 3025//3025
f 2974//2974 3025//3025 3028//3028
f 2974//2974 3028//3028 2976//2976
f 2976//2976 3028//3028 3030//3030
f 2976//2976 3030//3030 2977//2977
f 2977//2977 3030//3030 2980//2980
f 2980//2980 3030//3030 3031//3031
f 2980//2980 3031//3031 2983//2983
f 2983//2983 3031//3031 3034//3034
f 2983//2983 3034//3034 2985//2985
f 2985//2985 3034//3034 3037//3037
f 2985//2985 3037//3037 2986//2986
f 2986//2986 3037//3037 3039//3039
f 2986//2986 3039//3039 3041//3041
f 2986//2986 3041//3041 2988//2988
f 2988//2988 3041//3041 3018//3018
f 2988//2988 3018//3018 2990//2990
f 2990//2990 3018//3018 3019//3019
f 3042//3042 3045//3045 3046//3046
f 3046//3046 3045//3045 3048//3048
f 3046//3046 3048//3048 3050//3050
f 3050//3050 3048//3048 3053//3053
f 3050//3050 3053//3053 3055//3055
f 3045//3045 3042//3042 3056//3056
f 3056//3056 3042//3042 3059//3059
f 3056//3056 3059//3059 3061//3061
f 3061//3061 3059//3059 3062//3062
f 3061//3061 3062//3062 3065//3065
f 3061//3061 3065//3065 3066//3066
f 3066//3066 3065//3065 3068//3068
f 3066//3066 3068//3068 3071//3071
f 3071//3071 3068//3068 3072//3072
f 3071//3071 3072//3072 3075//3075
f 3075//3075 3072//3072 3079//3079
f 3079//3079 3072//3072 3080//3080
f 3079//3079 3080//3080 3083//3083
f 3083//3083 3080//3080 3084//3084
f 3083//3083 3084//3084 3087//3087
f 3087//3087 3084//3084 3088//3088
f 3087//3087 3088//3088 3091//3091
f 3087//3087 3091//3091 3055//3055
f 3055//3055 3091//3091 3050//3050
f 3093//3093 3094//3094 3097//3097
f 3097//3097 3094//3094 3099//3099
f 3097//3097 3099//3099 3103//3103
f 3103//3103 3099//3099 3104//3104
f 3103//3103 3104//3104 3106//3106
f 3094//3094 3093//3093 3108//3108
f 3108//3108 3093//3093 3111//3111
f 3108//3108 3111//3111 3113//3113
f 3113//3113 3111//3111 3114//3114
f 3113//3113 3114//3114 3116//3116
f 3113//3113 3116//3116 3119//3119
f 3119//3119 3116//3116 3121//3121
f 3119//3119 3121//3121 3122//3122
f 3122//3122 3121//3121 3125//3125
f 3122//3122 3125//3125 3126//3126
f 3126//3126 3125//3125 3129//3129
f 3129//3129 3125//3125 3131//3131
f 3129//3129 3131//3131 3132//3132
f 3132//3132 3131//3131 3135//3135
f 3132//3132 3135//3135 3136//3136
f 3136//3136 3135//3135 3138//3138
f 3136//3136 3138//3138 3141//3141
f 3136//3136 3141//3141 3106//3106
f 3106//3106 3141//3141 3103//3103
f 3144//3144 3147//3147 3140//3140
f 3140//3140 3147//3147 3148//3148
f 3140//3140 3148//3148 3102//3102
f 3102//3102 3148//3148 3151//3151
f 3102//3102 3151//3151 3096//3096
f 3096//3096 3151//3151 3154//3154
f 3098//3098 3152//3152 3155//3155
f 3098//3098 3155//3155 3092//3092
f 3092//3092 3155//3155 3157//3157
f 3092//3092 3157//3157 3110//3110
f 3110//3110 3157//3157 3160//3160
f 3110//3110 3160//3160 3115//3115
f 3115//3115 3160//3160 3163//3163
f 3115//3115 3163//3163 3165//3165
f 3157//3157 3167//3167 3160//3160
f 3165//3165 3171//3171 3115//3115
f 3115//3115 3171//3171 3117//3117
f 3117//3117 3171//3171 3173//3173
f 3117//3117 3173//3173 3176//3176
f 3117//3117 3176//3176 3120//3120
f 3120//3120 3176//3176 3178//3178
f 3120//3120 3178//3178 3124//3124
f 3124//3124 3178//3178 3179//3179
f 3124//3124 3179//3179 3181//3181
f 3124//3124 3181//3181 3130//3130
f 3130//3130 3181//3181 3184//3184
f 3130//3130 3184//3184 3134//3134
f 3134//3134 3184//3184 3186//3186
f 3134//3134 3186//3186 3139//3139
f 3139//3139 3186//3186 3188//3188
f 3139//3139 3188//3188 3191//3191
f 3184//3184 3193//3193 3186//3186
f 3191//3191 3144//3144 3139//3139
f 3139//3139 3144//3144 3140//3140
f 3095//3095 3070//3070 3100//3100
f 3100//3100 3070//3070 3076//3076
f 3101//3101 3077//3077 3105//3105
f 3105//3105 3077//3077 3078//3078
f 3105//3105 3078//3078 3107//3107
f 3107//3107 3078//3078 3082//3082
f 3107//3107 3082//3082 3137//3137
f 3137//3137 3082//3082 3086//3086
f 3137//3137 3086//3086 3133//3133
f 3133//3133 3086//3086 3054//3054
f 3133//3133 3054//3054 3128//3128
f 3128//3128 3054//3054 3052//3052
f 3128//3128 3052//3052 3127//3127
f 3127//3127 3052//3052 3049//3049
f 3127//3127 3049//3049 3123//3123
f 3123//3123 3049//3049 3044//3044
f 3123//3123 3044//3044 3118//3118
f 3118//3118 3044//3044 3057//3057
f 3118//3118 3057//3057 3112//3112
f 3112//3112 3057//3057 3060//3060
f 3112//3112 3060//3060 3109//3109
f 3109//3109 3060//3060 3067//3067
f 3109//3109 3067//3067 3095//3095
f 3095//3095 3067//3067 3070//3070
f 3166//3166 3158//3158 3196//3196
f 3196//3196 3158//3158 3197//3197
f 3196//3196 3197//3197 3198//3198
f 3198//3198 3197//3197 3200//3200
f 3198//3198 3200//3200 3202//3202
f 3202//3202 3200//3200 3204//3204
f 3204//3204 3200//3200 3206//3206
f 3206//3206 3200//3200 3208//3208
f 3206//3206 3208//3208 3209//3209
f 3209//3209 3208//3208 3211//3211
f 3209//3209 3211//3211 3213//3213
f 3213//3213 3211//3211 3214//3214
f 3213//3213 3214//3214 3216//3216
f 3216//3216 3214//3214 3217//3217
f 3216//3216 3217//3217 3218//3218
f 3218//3218 3217//3217 3221//3221
f 3221//3221 3217//3217 3223//3223
f 3223//3223 3217//3217 3225//3225
f 3223//3223 3225//3225 3227//3227
f 3227//3227 3225//3225 3149//3149
f 3227//3227 3149//3149 3145//3145
f 3197//3197 3158//3158 3228//3228
f 3228//3228 3158//3158 3156//3156
f 3228//3228 3156//3156 3229//3229
f 3229//3229 3156//3156 3153//3153
f 3229//3229 3153//3153 3230//3230
f 3230//3230 3153//3153 3150//3150
f 3230//3230 3150//3150 3225//3225
f 3225//3225 3150//3150 3149//3149
f 3208//3208 3200//3200 3197//3197
f 3208//3208 3197//3197 3228//3228
f 3211//3211 3208//3208 3228//3228
f 3211//3211 3228//3228 3229//3229
f 3214//3214 3211//3211 3229//3229
f 3214//3214 3229//3229 3230//3230
f 3217//3217 3214//3214 3230//3230
f 3217//3217 3230//3230 3225//3225
f 3195//3195 3226//3226 3168//3168
f 3168//3168 3226//3226 3146//3146
f 3168//3168 3146//3146 3161//3161
f 3161//3161 3146//3146 3142//3142
f 3195//3195 3199//3199 3226//3226
f 3226//3226 3199//3199 3205//3205
f 3226//3226 3205//3205 3224//3224
f 3224//3224 3205//3205 3220//3220
f 3224//3224 3220//3220 3222//3222
f 3199//3199 3201//3201 3205//3205
f 3159//3159 3143//3143 3162//3162
f 3162//3162 3143//3143 3190//3190
f 3162//3162 3190//3190 3189//3189
f 3162//3162 3189//3189 3164//3164
f 3164//3164 3189//3189 3187//3187
f 3164//3164 3187//3187 3170//3170
f 3231//3231 3233//3233 3194//3194
f 3194//3194 3233//3233 3174//3174
f 3194//3194 3174//3174 3185//3185
f 3185//3185 3174//3174 3169//3169
f 3235//3235 3238//3238 3231//3231
f 3231//3231 3238//3238 3240//3240
f 3231//3231 3240//3240 3233//3233
f 3243//3243 3246//3246 3235//3235
f 3235//3235 3246//3246 3238//3238
f 3238//3238 3248//3248 3240//3240
f 3247//3247 3237//3237 3249//3249
f 3249//3249 3237//3237 3251//3251
f 3249//3249 3251//3251 3252//3252
f 3252//3252 3251//3251 3254//3254
f 3252//3252 3254//3254 3255//3255
f 3255//3255 3254//3254 3256//3256
f 3255//3255 3256//3256 3258//3258
f 3258//3258 3256//3256 3260//3260
f 3258//3258 3260//3260 3261//3261
f 3261//3261 3260//3260 3244//3244
f 3261//3261 3244//3244 3242//3242
f 3242//3242 3236//3236 3261//3261
f 3261//3261 3236//3236 3262//3262
f 3261//3261 3262//3262 3258//3258
f 3258//3258 3262//3262 3263//3263
f 3258//3258 3263//3263 3255//3255
f 3255//3255 3263//3263 3264//3264
f 3255//3255 3264//3264 3252//3252
f 3252//3252 3264//3264 3265//3265
f 3252//3252 3265//3265 3249//3249
f 3249//3249 3265//3265 3266//3266
f 3249//3249 3266//3266 3241//3241
f 3241//3241 3266//3266 3234//3234
f 3234//3234 3266//3266 3175//3175
f 3234//3234 3175//3175 3172//3172
f 3236//3236 3232//3232 3262//3262
f 3262//3262 3232//3232 3183//3183
f 3262//3262 3183//3183 3263//3263
f 3263//3263 3183//3183 3182//3182
f 3263//3263 3182//3182 3264//3264
f 3264//3264 3182//3182 3180//3180
f 3264//3264 3180//3180 3265//3265
f 3265//3265 3180//3180 3177//3177
f 3265//3265 3177//3177 3266//3266
f 3266//3266 3177//3177 3175//3175
f 3232//3232 3192//3192 3183//3183
f 3241//3241 3247//3247 3249//3249
f 3203//3203 3207//3207 3219//3219
f 3219//3219 3207//3207 3215//3215
f 3215//3215 3207//3207 3212//3212
f 3212//3212 3207//3207 3210//3210
f 3239//3239 3245//3245 3250//3250
f 3250//3250 3245//3245 3259//3259
f 3250//3250 3259//3259 3257//3257
f 3257//3257 3253//3253 3250//3250
f 3269//3269 3271//3271 3273//3273
f 3273//3273 3271//3271 3275//3275
f 3275//3275 3271//3271 3277//3277
f 3275//3275 3277//3277 3280//3280
f 3280//3280 3277//3277 3281//3281
f 3281//3281 3277//3277 3285//3285
f 3288//3288 3290//3290 3294//3294
f 3294//3294 3290//3290 3295//3295
f 3294//3294 3295//3295 3297//3297
f 3297//3297 3300//3300 3294//3294
f 3301//3301 3292//3292 3304//3304
f 3304//3304 3292//3292 3287//3287
f 3304//3304 3287//3287 3305//3305
f 3305//3305 3287//3287 3307//3307
f 3305//3305 3307//3307 3310//3310
f 3287//3287 3312//3312 3307//3307
f 3305//3305 3310//3310 3314//3314
f 3314//3314 3310//3310 3316//3316
f 3314//3314 3316//3316 3272//3272
f 3272//3272 3316//3316 3268//3268
f 3315//3315 3319//3319 3306//3306
f 3306//3306 3319//3319 3321//3321
f 3306//3306 3321//3321 3303//3303
f 3303//3303 3321//3321 3322//3322
f 3303//3303 3322//3322 3302//3302
f 3302//3302 3322//3322 3291//3291
f 3291//3291 3322//3322 3296//3296
f 3296//3296 3322//3322 3323//3323
f 3296//3296 3323//3323 3298//3298
f 3298//3298 3323//3323 3324//3324
f 3298//3298 3324//3324 3299//3299
f 3299//3299 3324//3324 3325//3325
f 3299//3299 3325//3325 3293//3293
f 3293//3293 3325//3325 3326//3326
f 3293//3293 3326//3326 3289//3289
f 3289//3289 3326//3326 3311//3311
f 3311//3311 3326//3326 3308//3308
f 3308//3308 3326//3326 3327//3327
f 3308//3308 3327//3327 3318//3318
f 3318//3318 3327//3327 3329//3329
f 3329//3329 3327//3327 3330//3330
f 3330//3330 3327//3327 3332//3332
f 3330//3330 3332//3332 3334//3334
f 3334//3334 3332//3332 3336//3336
f 3334//3334 3336//3336 3337//3337
f 3337//3337 3336//3336 3339//3339
f 3337//3337 3339//3339 3319//3319
f 3319//3319 3339//3339 3321//3321
f 3318//3318 3309//3309 3308//3308
f 3323//3323 3322//3322 3321//3321
f 3323//3323 3321//3321 3339//3339
f 3324//3324 3323//3323 3339//3339
f 3324//3324 3339//3339 3336//3336
f 3325//3325 3324//3324 3336//3336
f 3325//3325 3336//3336 3332//3332
f 3326//3326 3325//3325 3332//3332
f 3326//3326 3332//3332 3327//3327
f 3340//3340 3343//3343 3346//3346
f 3346//3346 3343//3343 3348//3348
f 3348//3348 3343//3343 3350//3350
f 3350//3350 3343//3343 3353//3353
f 3354//3354 3342//3342 3356//3356
f 3356//3356 3342//3342 3345//3345
f 3356//3356 3345//3345 3359//3359
f 3359//3359 3345//3345 3360//3360
f 3359//3359 3360//3360 3362//3362
f 3345//3345 3365//3365 3360//3360
f 3359//3359 3362//3362 3368//3368
f 3368//3368 3362//3362 3369//3369
f 3368//3368 3369//3369 3286//3286
f 3286//3286 3369//3369 3283//3283
f 3282//3282 3371//3371 3090//3090
f 3090//3090 3371//3371 3373//3373
f 3090//3090 3373//3373 3051//3051
f 3051//3051 3373//3373 3375//3375
f 3051//3051 3375//3375 3047//3047
f 3047//3047 3375//3375 3376//3376
f 3047//3047 3376//3376 3379//3379
f 3047//3047 3379//3379 3043//3043
f 3043//3043 3379//3379 3380//3380
f 3043//3043 3380//3380 3058//3058
f 3058//3058 3380//3380 3366//3366
f 3058//3058 3366//3366 3284//3284
f 3058//3058 3284//3284 3063//3063
f 3063//3063 3284//3284 3278//3278
f 3063//3063 3278//3278 3270//3270
f 3270//3270 3267//3267 3063//3063
f 3063//3063 3267//3267 3064//3064
f 3064//3064 3267//3267 3317//3317
f 3064//3064 3317//3317 3328//3328
f 3064//3064 3328//3328 3069//3069
f 3069//3069 3328//3328 3331//3331
f 3069//3069 3331//3331 3073//3073
f 3073//3073 3331//3331 3335//3335
f 3074//3074 3333//3333 3338//3338
f 3074//3074 3338//3338 3081//3081
f 3081//3081 3338//3338 3320//3320
f 3081//3081 3320//3320 3085//3085
f 3085//3085 3320//3320 3313//3313
f 3085//3085 3313//3313 3274//3274
f 3085//3085 3274//3274 3089//3089
f 3089//3089 3274//3274 3276//3276
f 3089//3089 3276//3276 3279//3279
f 3279//3279 3282//3282 3089//3089
f 3089//3089 3282//3282 3090//3090
f 3367//3367 3381//3381 3358//3358
f 3358//3358 3381//3381 3382//3382
f 3358//3358 3382//3382 3357//3357
f 3357//3357 3382//3382 3383//3383
f 3357//3357 3383//3383 3355//3355
f 3355//3355 3383//3383 3341//3341
f 3341//3341 3383//3383 3344//3344
f 3344//3344 3383//3383 3384//3384
f 3344//3344 3384//3384 3352//3352
f 3352//3352 3384//3384 3385//3385
f 3352//3352 3385//3385 3351//3351
f 3351//3351 3385//3385 3386//3386
f 3351//3351 3386//3386 3349//3349
f 3349//3349 3386//3386 3387//3387
f 3349//3349 3387//3387 3347//3347
f 3347//3347 3387//3387 3364//3364
f 3364//3364 3387//3387 3361//3361
f 3361//3361 3387//3387 3388//3388
f 3361//3361 3388//3388 3370//3370
f 3370//3370 3388//3388 3372//3372
f 3372//3372 3388//3388 3374//3374
f 3374//3374 3388//3388 3389//3389
f 3374//3374 3389//3389 3377//3377
f 3377//3377 3389//3389 3390//3390
f 3377//3377 3390//3390 3378//3378
f 3378//3378 3390//3390 3391//3391
f 3378//3378 3391//3391 3381//3381
f 3381//3381 3391//3391 3382//3382
f 3370//3370 3363//3363 3361//3361
f 3384//3384 3383//3383 3382//3382
f 3384//3384 3382//3382 3391//3391
f 3385//3385 3384//3384 3391//3391
f 3385//3385 3391//3391 3390//3390
f 3386//3386 3385//3385 3390//3390
f 3386//3386 3390//3390 3389//3389
f 3387//3387 3386//3386 3389//3389
f 3387//3387 3389//3389 3388//3388
f 3393//3393 3397//3397 3398//3398
f 3398//3398 3397//3397 3400//3400
f 3398//3398 3400//3400 3401//3401
f 3398//3398 3401//3401 3403//3403
f 3403//3403 3401//3401 3404//3404
f 3403//3403 3404//3404 3407//3407
f 3407//3407 3404//3404 3409//3409
f 3403//3403 3407//3407 3412//3412
f 3412//3412 3407//3407 3414//3414
f 3412//3412 3414//3414 3415//3415
f 3415//3415 3414//3414 3416//3416
f 3415//3415 3416//3416 3417//3417
f 3417//3417 3416//3416 3418//3418
f 3417//3417 3418//3418 3419//3419
f 3419//3419 3418//3418 3421//3421
f 3419//3419 3421//3421 3423//3423
f 3423//3423 3421//3421 3425//3425
f 3423//3423 3425//3425 3428//3428
f 3414//3414 3430//3430 3416//3416
f 3416//3416 3430//3430 3432//3432
f 3416//3416 3432//3432 3418//3418
f 3418//3418 3432//3432 3421//3421
f 3435//3435 3438//3438 3430//3430
f 3430//3430 3438//3438 3432//3432
f 3438//3438 3425//3425 3432//3432
f 3432//3432 3425//3425 3421//3421
f 3417//3417 3419//3419 3439//3439
f 3439//3439 3419//3419 3393//3393
f 3439//3439 3393//3393 3398//3398
f 3415//3415 3417//3417 3439//3439
f 3403//3403 3412//3412 3398//3398
f 3398//3398 3412//3412 3439//3439
f 3412//3412 3415//3415 3439//3439
f 3429//3429 3424//3424 3441//3441
f 3441//3441 3424//3424 3442//3442
f 3441//3441 3442//3442 3443//3443
f 3443//3443 3442//3442 3445//3445
f 3445//3445 3442//3442 3448//3448
f 3445//3445 3448//3448 3449//3449
f 3442//3442 3424//3424 3453//3453
f 3453//3453 3424//3424 3437//3437
f 3453//3453 3437//3437 3454//3454
f 3454//3454 3437//3437 3436//3436
f 3454//3454 3457//3457 3453//3453
f 3453//3453 3457//3457 3458//3458
f 3453//3453 3458//3458 3460//3460
f 3460//3460 3458//3458 3463//3463
f 3460//3460 3448//3448 3453//3453
f 3453//3453 3448//3448 3442//3442
f 3450//3450 3447//3447 3466//3466
f 3466//3466 3447//3447 3468//3468
f 3466//3466 3468//3468 3469//3469
f 3469//3469 3468//3468 3472//3472
f 3469//3469 3472//3472 3474//3474
f 3468//3468 3447//3447 3477//3477
f 3477//3477 3447//3447 3461//3461
f 3477//3477 3461//3461 3478//3478
f 3478//3478 3461//3461 3465//3465
f 3478//3478 3481//3481 3477//3477
f 3477//3477 3481//3481 3483//3483
f 3477//3477 3483//3483 3472//3472
f 3481//3481 3486//3486 3483//3483
f 3468//3468 3477//3477 3472//3472
f 3475//3475 3471//3471 3488//3488
f 3488//3488 3471//3471 3490//3490
f 3488//3488 3490//3490 3493//3493
f 3493//3493 3490//3490 3496//3496
f 3496//3496 3490//3490 3498//3498
f 3498//3498 3490//3490 3499//3499
f 3498//3498 3499//3499 3501//3501
f 3501//3501 3499//3499 3502//3502
f 3502//3502 3499//3499 3507//3507
f 3507//3507 3499//3499 3482//3482
f 3507//3507 3482//3482 3487//3487
f 3490//3490 3471//3471 3499//3499
f 3499//3499 3471//3471 3482//3482
f 3508//3508 3411//3411 3512//3512
f 3512//3512 3411//3411 3513//3513
f 3512//3512 3513//3513 3514//3514
f 3514//3514 3513//3513 3517//3517
f 3517//3517 3513//3513 3518//3518
f 3517//3517 3518//3518 3399//3399
f 3399//3399 3518//3518 3402//3402
f 3402//3402 3518//3518 3405//3405
f 3405//3405 3518//3518 3411//3411
f 3411//3411 3518//3518 3513//3513
f 3399//3399 3396//3396 3517//3517
f 3517//3517 3396//3396 3521//3521
f 3522//3522 3526//3526 3528//3528
f 3528//3528 3526//3526 3505//3505
f 3528//3528 3505//3505 3506//3506
f 3506//3506 3485//3485 3528//3528
f 3528//3528 3485//3485 3530//3530
f 3528//3528 3530//3530 3522//3522
f 3484//3484 3480//3480 3529//3529
f 3529//3529 3480//3480 3534//3534
f 3534//3534 3480//3480 3535//3535
f 3534//3534 3535//3535 3539//3539
f 3539//3539 3535//3535 3479//3479
f 3539//3539 3479//3479 3464//3464
f 3480//3480 3479//3479 3535//3535
f 3433//3433 3543//3543 3544//3544
f 3544//3544 3543//3543 3536//3536
f 3544//3544 3536//3536 3462//3462
f 3462//3462 3459//3459 3544//3544
f 3544//3544 3459//3459 3456//3456
f 3544//3544 3456//3456 3455//3455
f 3455//3455 3433//3433 3544//3544
f 3542//3542 3434//3434 3545//3545
f 3545//3545 3434//3434 3431//3431
f 3545//3545 3431//3431 3547//3547
f 3547//3547 3431//3431 3548//3548
f 3547//3547 3548//3548 3549//3549
f 3549//3549 3548//3548 3413//3413
f 3549//3549 3413//3413 3406//3406
f 3431//3431 3413//3413 3548//3548
f 3549//3549 3406//3406 3550//3550
f 3550//3550 3406//3406 3408//3408
f 3550//3550 3408//3408 3553//3553
f 3550//3550 3553//3553 3555//3555
f 3555//3555 3553//3553 3557//3557
f 3555//3555 3557//3557 3558//3558
f 3558//3558 3557//3557 3559//3559
f 3558//3558 3559//3559 3547//3547
f 3547//3547 3559//3559 3561//3561
f 3547//3547 3561//3561 3545//3545
f 3550//3550 3555//3555 3558//3558
f 3550//3550 3558//3558 3549//3549
f 3549//3549 3558//3558 3547//3547
f 3564//3564 3552//3552 3567//3567
f 3567//3567 3552//3552 3410//3410
f 3567//3567 3410//3410 3509//3509
f 3556//3556 3551//3551 3569//3569
f 3569//3569 3551//3551 3571//3571
f 3569//3569 3571//3571 3573//3573
f 3569//3569 3573//3573 3574//3574
f 3574//3574 3573//3573 3576//3576
f 3574//3574 3576//3576 3579//3579
f 3574//3574 3579//3579 3581//3581
f 3581//3581 3579//3579 3582//3582
f 3581//3581 3582//3582 3584//3584
f 3584//3584 3582//3582 3585//3585
f 3584//3584 3585//3585 3586//3586
f 3586//3586 3585//3585 3587//3587
f 3586//3586 3587//3587 3560//3560
f 3560//3560 3587//3587 3562//3562
f 3562//3562 3587//3587 3588//3588
f 3562//3562 3588//3588 3546//3546
f 3546//3546 3588//3588 3590//3590
f 3546//3546 3590//3590 3540//3540
f 3582//3582 3592//3592 3585//3585
f 3585//3585 3592//3592 3593//3593
f 3585//3585 3593//3593 3587//3587
f 3587//3587 3593//3593 3588//3588
f 3595//3595 3599//3599 3592//3592
f 3592//3592 3599//3599 3593//3593
f 3599//3599 3590//3590 3593//3593
f 3593//3593 3590//3590 3588//3588
f 3586//3586 3560//3560 3600//3600
f 3600//3600 3560//3560 3556//3556
f 3600//3600 3556//3556 3569//3569
f 3584//3584 3586//3586 3600//3600
f 3574//3574 3581//3581 3569//3569
f 3569//3569 3581//3581 3600//3600
f 3581//3581 3584//3584 3600//3600
f 3537//3537 3541//3541 3601//3601
f 3601//3601 3541//3541 3589//3589
f 3601//3601 3589//3589 3602//3602
f 3602//3602 3589//3589 3598//3598
f 3602//3602 3598//3598 3604//3604
f 3604//3604 3598//3598 3596//3596
f 3604//3604 3605//3605 3602//3602
f 3602//3602 3605//3605 3607//3607
f 3602//3602 3607//3607 3609//3609
f 3609//3609 3607//3607 3612//3612
f 3609//3609 3616//3616 3602//3602
f 3602//3602 3616//3616 3601//3601
f 3616//3616 3537//3537 3601//3601
f 3538//3538 3615//3615 3533//3533
f 3533//3533 3615//3615 3617//3617
f 3533//3533 3617//3617 3531//3531
f 3531//3531 3617//3617 3618//3618
f 3618//3618 3617//3617 3620//3620
f 3618//3618 3620//3620 3621//3621
f 3621//3621 3620//3620 3623//3623
f 3621//3621 3623//3623 3625//3625
f 3617//3617 3615//3615 3620//3620
f 3620//3620 3615//3615 3610//3610
f 3620//3620 3610//3610 3627//3627
f 3627//3627 3610//3610 3613//3613
f 3627//3627 3623//3623 3620//3620
f 3625//3625 3631//3631 3621//3621
f 3523//3523 3532//3532 3633//3633
f 3633//3633 3532//3532 3619//3619
f 3633//3633 3619//3619 3634//3634
f 3634//3634 3619//3619 3622//3622
f 3634//3634 3622//3622 3635//3635
f 3635//3635 3622//3622 3630//3630
f 3635//3635 3640//3640 3634//3634
f 3634//3634 3640//3640 3641//3641
f 3634//3634 3641//3641 3643//3643
f 3634//3634 3643//3643 3633//3633
f 3633//3633 3643//3643 3646//3646
f 3633//3633 3646//3646 3523//3523
f 3523//3523 3646//3646 3524//3524
f 3648//3648 3578//3578 3650//3650
f 3650//3650 3578//3578 3652//3652
f 3650//3650 3652//3652 3654//3654
f 3654//3654 3652//3652 3655//3655
f 3655//3655 3652//3652 3563//3563
f 3563//3563 3652//3652 3657//3657
f 3563//3563 3657//3657 3570//3570
f 3570//3570 3657//3657 3572//3572
f 3572//3572 3657//3657 3578//3578
f 3578//3578 3657//3657 3652//3652
f 3570//3570 3554//3554 3563//3563
f 3658//3658 3660//3660 3664//3664
f 3664//3664 3660//3660 3637//3637
f 3664//3664 3637//3637 3636//3636
f 3636//3636 3629//3629 3664//3664
f 3664//3664 3629//3629 3667//3667
f 3664//3664 3667//3667 3658//3658
f 3632//3632 3626//3626 3668//3668
f 3668//3668 3626//3626 3624//3624
f 3668//3668 3624//3624 3669//3669
f 3669//3669 3624//3624 3671//3671
f 3669//3669 3671//3671 3673//3673
f 3673//3673 3671//3671 3628//3628
f 3673//3673 3628//3628 3614//3614
f 3624//3624 3628//3628 3671//3671
f 3597//3597 3676//3676 3680//3680
f 3680//3680 3676//3676 3674//3674
f 3680//3680 3674//3674 3611//3611
f 3611//3611 3608//3608 3680//3680
f 3680//3680 3608//3608 3606//3606
f 3680//3680 3606//3606 3603//3603
f 3603//3603 3597//3597 3680//3680
f 3677//3677 3594//3594 3682//3682
f 3682//3682 3594//3594 3591//3591
f 3682//3682 3591//3591 3683//3683
f 3683//3683 3591//3591 3684//3684
f 3683//3683 3684//3684 3685//3685
f 3685//3685 3684//3684 3583//3583
f 3685//3685 3583//3583 3580//3580
f 3591//3591 3583//3583 3684//3684
f 3685//3685 3580//3580 3686//3686
f 3686//3686 3580//3580 3577//3577
f 3686//3686 3577//3577 3690//3690
f 3686//3686 3690//3690 3691//3691
f 3691//3691 3690//3690 3692//3692
f 3691//3691 3692//3692 3694//3694
f 3694//3694 3692//3692 3695//3695
f 3694//3694 3695//3695 3683//3683
f 3683//3683 3695//3695 3697//3697
f 3683//3683 3697//3697 3682//3682
f 3686//3686 3691//3691 3694//3694
f 3686//3686 3694//3694 3685//3685
f 3685//3685 3694//3694 3683//3683
f 3575//3575 3700//3700 3689//3689
f 3689//3689 3700//3700 3702//3702
f 3689//3689 3702//3702 3703//3703
f 3647//3647 3707//3707 3575//3575
f 3575//3575 3707//3707 3700//3700
f 3693//3693 3688//3688 3708//3708
f 3708//3708 3688//3688 3710//3710
f 3708//3708 3710//3710 3711//3711
f 3711//3711 3710//3710 3712//3712
f 3711//3711 3712//3712 3714//3714
f 3714//3714 3712//3712 3719//3719
f 3711//3711 3714//3714 3720//3720
f 3720//3720 3714//3714 3721//3721
f 3720//3720 3721//3721 3723//3723
f 3723//3723 3721//3721 3724//3724
f 3723//3723 3724//3724 3725//3725
f 3725//3725 3724//3724 3726//3726
f 3725//3725 3726//3726 3696//3696
f 3696//3696 3726//3726 3698//3698
f 3698//3698 3726//3726 3727//3727
f 3698//3698 3727//3727 3681//3681
f 3681//3681 3727//3727 3728//3728
f 3681//3681 3728//3728 3679//3679
f 3721//3721 3730//3730 3724//3724
f 3724//3724 3730//3730 3732//3732
f 3724//3724 3732//3732 3726//3726
f 3726//3726 3732//3732 3727//3727
f 3733//3733 3737//3737 3730//3730
f 3730//3730 3737//3737 3732//3732
f 3737//3737 3728//3728 3732//3732
f 3732//3732 3728//3728 3727//3727
f 3725//3725 3696//3696 3739//3739
f 3739//3739 3696//3696 3693//3693
f 3739//3739 3693//3693 3708//3708
f 3723//3723 3725//3725 3739//3739
f 3711//3711 3720//3720 3708//3708
f 3708//3708 3720//3720 3739//3739
f 3720//3720 3723//3723 3739//3739
f 3672//3672 3678//3678 3740//3740
f 3740//3740 3678//3678 3729//3729
f 3740//3740 3729//3729 3741//3741
f 3741//3741 3729//3729 3738//3738
f 3741//3741 3738//3738 3743//3743
f 3743//3743 3738//3738 3734//3734
f 3743//3743 3744//3744 3741//3741
f 3741//3741 3744//3744 3747//3747
f 3741//3741 3747//3747 3748//3748
f 3748//3748 3747//3747 3752//3752
f 3748//3748 3754//3754 3741//3741
f 3741//3741 3754//3754 3740//3740
f 3754//3754 3672//3672 3740//3740
f 3675//3675 3755//3755 3670//3670
f 3670//3670 3755//3755 3756//3756
f 3670//3670 3756//3756 3666//3666
f 3666//3666 3756//3756 3757//3757
f 3757//3757 3756//3756 3759//3759
f 3757//3757 3759//3759 3760//3760
f 3760//3760 3759//3759 3762//3762
f 3760//3760 3762//3762 3765//3765
f 3756//3756 3755//3755 3759//3759
f 3759//3759 3755//3755 3749//3749
f 3759//3759 3749//3749 3767//3767
f 3767//3767 3749//3749 3753//3753
f 3767//3767 3762//3762 3759//3759
f 3765//3765 3769//3769 3760//3760
f 3659//3659 3665//3665 3772//3772
f 3772//3772 3665//3665 3758//3758
f 3772//3772 3758//3758 3773//3773
f 3773//3773 3758//3758 3761//3761
f 3773//3773 3761//3761 3775//3775
f 3775//3775 3761//3761 3770//3770
f 3775//3775 3779//3779 3773//3773
f 3773//3773 3779//3779 3781//3781
f 3773//3773 3781//3781 3782//3782
f 3773//3773 3782//3782 3772//3772
f 3772//3772 3782//3782 3785//3785
f 3772//3772 3785//3785 3659//3659
f 3659//3659 3785//3785 3661//3661
f 3787//3787 3716//3716 3789//3789
f 3789//3789 3716//3716 3791//3791
f 3789//3789 3791//3791 3793//3793
f 3793//3793 3791//3791 3794//3794
f 3794//3794 3791//3791 3796//3796
f 3794//3794 3796//3796 3687//3687
f 3687//3687 3796//3796 3709//3709
f 3709//3709 3796//3796 3713//3713
f 3713//3713 3796//3796 3716//3716
f 3716//3716 3796//3796 3791//3791
f 3687//3687 3705//3705 3794//3794
f 3797//3797 3800//3800 3803//3803
f 3803//3803 3800//3800 3777//3777
f 3803//3803 3777//3777 3774//3774
f 3774//3774 3771//3771 3803//3803
f 3803//3803 3771//3771 3806//3806
f 3803//3803 3806//3806 3797//3797
f 3768//3768 3764//3764 3805//3805
f 3805//3805 3764//3764 3763//3763
f 3805//3805 3763//3763 3808//3808
f 3808//3808 3763//3763 3810//3810
f 3808//3808 3810//3810 3813//3813
f 3813//3813 3810//3810 3766//3766
f 3813//3813 3766//3766 3751//3751
f 3763//3763 3766//3766 3810//3810
f 3735//3735 3816//3816 3819//3819
f 3819//3819 3816//3816 3814//3814
f 3819//3819 3814//3814 3750//3750
f 3750//3750 3746//3746 3819//3819
f 3819//3819 3746//3746 3745//3745
f 3819//3819 3745//3745 3742//3742
f 3742//3742 3735//3735 3819//3819
f 3815//3815 3736//3736 3820//3820
f 3820//3820 3736//3736 3731//3731
f 3820//3820 3731//3731 3822//3822
f 3822//3822 3731//3731 3823//3823
f 3822//3822 3823//3823 3824//3824
f 3824//3824 3823//3823 3722//3722
f 3824//3824 3722//3722 3715//3715
f 3731//3731 3722//3722 3823//3823
f 3824//3824 3715//3715 3825//3825
f 3825//3825 3715//3715 3718//3718
f 3825//3825 3718//3718 3829//3829
f 3825//3825 3829//3829 3830//3830
f 3830//3830 3829//3829 3831//3831
f 3830//3830 3831//3831 3833//3833
f 3833//3833 3831//3831 3835//3835
f 3833//3833 3835//3835 3822//3822
f 3822//3822 3835//3835 3836//3836
f 3822//3822 3836//3836 3820//3820
f 3825//3825 3830//3830 3833//3833
f 3825//3825 3833//3833 3824//3824
f 3824//3824 3833//3833 3822//3822
f 3717//3717 3839//3839 3828//3828
f 3828//3828 3839//3839 3840//3840
f 3828//3828 3840//3840 3842//3842
f 3786//3786 3845//3845 3717//3717
f 3717//3717 3845//3845 3839//3839
f 3847//3847 3849//3849 3852//3852
f 3852//3852 3849//3849 3855//3855
f 3852//3852 3855//3855 3857//3857
f 3857//3857 3855//3855 3858//3858
f 3857//3857 3858//3858 3861//3861
f 3861//3861 3858//3858 3864//3864
f 3861//3861 3864//3864 3866//3866
f 3866//3866 3868//3868 3861//3861
f 3861//3861 3868//3868 3843//3843
f 3861//3861 3843//3843 3841//3841
f 3861//3861 3841//3841 3869//3869
f 3869//3869 3841//3841 3838//3838
f 3869//3869 3838//3838 3846//3846
f 3869//3869 3846//3846 3872//3872
f 3872//3872 3846//3846 3788//3788
f 3872//3872 3788//3788 3790//3790
f 3790//3790 3792//3792 3872//3872
f 3872//3872 3792//3792 3795//3795
f 3872//3872 3795//3795 3704//3704
f 3704//3704 3701//3701 3872//3872
f 3872//3872 3701//3701 3874//3874
f 3874//3874 3701//3701 3699//3699
f 3874//3874 3699//3699 3706//3706
f 3874//3874 3706//3706 3876//3876
f 3876//3876 3706//3706 3649//3649
f 3876//3876 3649//3649 3651//3651
f 3651//3651 3653//3653 3876//3876
f 3876//3876 3653//3653 3656//3656
f 3876//3876 3656//3656 3565//3565
f 3565//3565 3566//3566 3876//3876
f 3876//3876 3566//3566 3877//3877
f 3879//3879 3568//3568 3510//3510
f 3879//3879 3510//3510 3881//3881
f 3881//3881 3510//3510 3511//3511
f 3881//3881 3511//3511 3515//3515
f 3515//3515 3516//3516 3881//3881
f 3881//3881 3516//3516 3519//3519
f 3881//3881 3519//3519 3883//3883
f 3881//3881 3883//3883 3885//3885
f 3885//3885 3883//3883 3887//3887
f 3885//3885 3887//3887 3888//3888
f 3885//3885 3888//3888 3891//3891
f 3891//3891 3888//3888 3893//3893
f 3891//3891 3893//3893 3895//3895
f 3895//3895 3897//3897 3891//3891
f 3891//3891 3897//3897 3899//3899
f 3891//3891 3899//3899 3902//3902
f 3902//3902 3905//3905 3891//3891
f 3891//3891 3905//3905 3907//3907
f 3907//3907 3905//3905 3908//3908
f 3907//3907 3908//3908 3910//3910
f 3907//3907 3910//3910 3852//3852
f 3852//3852 3910//3910 3914//3914
f 3852//3852 3914//3914 3916//3916
f 3916//3916 3917//3917 3852//3852
f 3852//3852 3917//3917 3847//3847
f 3832//3832 3827//3827 3919//3919
f 3919//3919 3827//3827 3921//3921
f 3919//3919 3921//3921 3923//3923
f 3919//3919 3923//3923 3924//3924
f 3924//3924 3923//3923 3926//3926
f 3924//3924 3926//3926 3927//3927
f 3927//3927 3926//3926 3930//3930
f 3924//3924 3927//3927 3933//3933
f 3933//3933 3927//3927 3934//3934
f 3933//3933 3934//3934 3936//3936
f 3936//3936 3934//3934 3937//3937
f 3936//3936 3937//3937 3938//3938
f 3938//3938 3937//3937 3939//3939
f 3938//3938 3939//3939 3834//3834
f 3834//3834 3939//3939 3837//3837
f 3837//3837 3939//3939 3940//3940
f 3837//3837 3940//3940 3821//3821
f 3821//3821 3940//3940 3941//3941
f 3821//3821 3941//3941 3818//3818
f 3934//3934 3943//3943 3937//3937
f 3937//3937 3943//3943 3945//3945
f 3937//3937 3945//3945 3939//3939
f 3939//3939 3945//3945 3940//3940
f 3946//3946 3950//3950 3943//3943
f 3943//3943 3950//3950 3945//3945
f 3950//3950 3941//3941 3945//3945
f 3945//3945 3941//3941 3940//3940
f 3938//3938 3834//3834 3952//3952
f 3952//3952 3834//3834 3832//3832
f 3952//3952 3832//3832 3919//3919
f 3936//3936 3938//3938 3952//3952
f 3924//3924 3933//3933 3919//3919
f 3919//3919 3933//3933 3952//3952
f 3933//3933 3936//3936 3952//3952
f 3811//3811 3817//3817 3953//3953
f 3953//3953 3817//3817 3942//3942
f 3953//3953 3942//3942 3954//3954
f 3954//3954 3942//3942 3951//3951
f 3954//3954 3951//3951 3956//3956
f 3956//3956 3951//3951 3947//3947
f 3956//3956 3958//3958 3954//3954
f 3954//3954 3958//3958 3959//3959
f 3954//3954 3959//3959 3962//3962
f 3962//3962 3959//3959 3964//3964
f 3962//3962 3968//3968 3954//3954
f 3954//3954 3968//3968 3953//3953
f 3968//3968 3811//3811 3953//3953
f 3812//3812 3967//3967 3809//3809
f 3809//3809 3967//3967 3969//3969
f 3809//3809 3969//3969 3804//3804
f 3804//3804 3969//3969 3970//3970
f 3970//3970 3969//3969 3972//3972
f 3970//3970 3972//3972 3974//3974
f 3974//3974 3972//3972 3975//3975
f 3974//3974 3975//3975 3977//3977
f 3969//3969 3967//3967 3972//3972
f 3972//3972 3967//3967 3961//3961
f 3972//3972 3961//3961 3979//3979
f 3979//3979 3961//3961 3963//3963
f 3979//3979 3975//3975 3972//3972
f 3977//3977 3981//3981 3974//3974
f 3798//3798 3807//3807 3985//3985
f 3985//3985 3807//3807 3971//3971
f 3985//3985 3971//3971 3986//3986
f 3986//3986 3971//3971 3973//3973
f 3986//3986 3973//3973 3987//3987
f 3987//3987 3973//3973 3982//3982
f 3987//3987 3989//3989 3986//3986
f 3986//3986 3989//3989 3994//3994
f 3986//3986 3994//3994 3996//3996
f 3986//3986 3996//3996 3985//3985
f 3985//3985 3996//3996 3998//3998
f 3985//3985 3998//3998 3798//3798
f 3798//3798 3998//3998 3799//3799
f 3859//3859 3931//3931 3863//3863
f 3863//3863 3931//3931 3999//3999
f 3863//3863 3999//3999 3865//3865
f 3865//3865 3999//3999 3867//3867
f 3867//3867 3999//3999 4000//4000
f 3867//3867 4000//4000 3920//3920
f 3920//3920 4000//4000 3922//3922
f 3922//3922 4000//4000 3925//3925
f 3925//3925 4000//4000 3931//3931
f 3931//3931 4000//4000 3999//3999
f 3920//3920 3826//3826 3867//3867
f 3867//3867 3826//3826 3844//3844
f 4001//4001 4003//4003 4007//4007
f 4007//4007 4003//4003 3992//3992
f 4007//4007 3992//3992 3988//3988
f 3988//3988 3983//3983 4007//4007
f 4007//4007 3983//3983 4009//4009
f 4007//4007 4009//4009 4001//4001
f 3984//3984 3978//3978 4011//4011
f 4011//4011 3978//3978 3976//3976
f 4011//4011 3976//3976 4012//4012
f 4012//4012 3976//3976 4014//4014
f 4012//4012 4014//4014 4015//4015
f 4015//4015 4014//4014 3980//3980
f 4015//4015 3980//3980 3966//3966
f 3976//3976 3980//3980 4014//4014
f 3948//3948 4022//4022 4023//4023
f 4023//4023 4022//4022 4016//4016
f 4023//4023 4016//4016 3965//3965
f 3965//3965 3960//3960 4023//4023
f 4023//4023 3960//3960 3957//3957
f 4023//4023 3957//3957 3955//3955
f 3955//3955 3948//3948 4023//4023
f 4021//4021 3949//3949 4025//4025
f 4025//4025 3949//3949 3944//3944
f 4025//4025 3944//3944 4026//4026
f 4026//4026 3944//3944 4027//4027
f 4026//4026 4027//4027 4028//4028
f 4028//4028 4027//4027 3935//3935
f 4028//4028 3935//3935 3928//3928
f 3944//3944 3935//3935 4027//4027
f 4028//4028 3928//3928 4029//4029
f 4029//4029 3928//3928 3932//3932
f 4029//4029 3932//3932 4032//4032
f 4029//4029 4032//4032 4034//4034
f 4034//4034 4032//4032 4035//4035
f 4034//4034 4035//4035 4037//4037
f 4037//4037 4035//4035 4038//4038
f 4037//4037 4038//4038 4026//4026
f 4026//4026 4038//4038 4041//4041
f 4026//4026 4041//4041 4025//4025
f 4029//4029 4034//4034 4037//4037
f 4029//4029 4037//4037 4028//4028
f 4028//4028 4037//4037 4026//4026
f 3851//3851 4031//4031 3854//3854
f 3854//3854 4031//4031 3929//3929
f 3854//3854 3929//3929 3860//3860
f 4036//4036 4030//4030 4042//4042
f 4042//4042 4030//4030 4044//4044
f 4042//4042 4044//4044 4045//4045
f 4042//4042 4045//4045 4047//4047
f 4047//4047 4045//4045 4051//4051
f 4047//4047 4051//4051 4052//4052
f 4047//4047 4052//4052 4054//4054
f 4054//4054 4052//4052 4055//4055
f 4054//4054 4055//4055 4057//4057
f 4057//4057 4055//4055 4058//4058
f 4057//4057 4058//4058 4059//4059
f 4059//4059 4058//4058 4060//4060
f 4059//4059 4060//4060 4039//4039
f 4039//4039 4060//4060 4040//4040
f 4040//4040 4060//4060 4061//4061
f 4040//4040 4061//4061 4024//4024
f 4024//4024 4061//4061 4063//4063
f 4024//4024 4063//4063 4019//4019
f 4055//4055 4064//4064 4058//4058
f 4058//4058 4064//4064 4066//4066
f 4058//4058 4066//4066 4060//4060
f 4060//4060 4066//4066 4061//4061
f 4067//4067 4072//4072 4064//4064
f 4064//4064 4072//4072 4066//4066
f 4072//4072 4063//4063 4066//4066
f 4066//4066 4063//4063 4061//4061
f 4059//4059 4039//4039 4073//4073
f 4073//4073 4039//4039 4036//4036
f 4073//4073 4036//4036 4042//4042
f 4057//4057 4059//4059 4073//4073
f 4047//4047 4054//4054 4042//4042
f 4042//4042 4054//4054 4073//4073
f 4054//4054 4057//4057 4073//4073
f 4018//4018 4020//4020 4074//4074
f 4074//4074 4020//4020 4062//4062
f 4074//4074 4062//4062 4075//4075
f 4075//4075 4062//4062 4071//4071
f 4075//4075 4071//4071 4077//4077
f 4077//4077 4071//4071 4070//4070
f 4077//4077 4079//4079 4075//4075
f 4075//4075 4079//4079 4080//4080
f 4075//4075 4080//4080 4082//4082
f 4082//4082 4080//4080 4084//4084
f 4082//4082 4089//4089 4075//4075
f 4075//4075 4089//4089 4074//4074
f 4089//4089 4018//4018 4074//4074
f 4017//4017 4088//4088 4013//4013
f 4013//4013 4088//4088 4090//4090
f 4013//4013 4090//4090 4010//4010
f 4010//4010 4090//4090 4092//4092
f 4092//4092 4090//4090 4093//4093
f 4092//4092 4093//4093 4094//4094
f 4094//4094 4093//4093 4097//4097
f 4094//4094 4097//4097 4099//4099
f 4090//4090 4088//4088 4093//4093
f 4093//4093 4088//4088 4083//4083
f 4093//4093 4083//4083 4102//4102
f 4102//4102 4083//4083 4087//4087
f 4102//4102 4097//4097 4093//4093
f 4002//4002 4008//4008 4104//4104
f 4104//4104 4008//4008 4091//4091
f 4104//4104 4091//4091 4105//4105
f 4105//4105 4091//4091 4095//4095
f 4105//4105 4095//4095 4106//4106
f 4106//4106 4095//4095 4100//4100
f 4106//4106 4110//4110 4105//4105
f 4105//4105 4110//4110 4113//4113
f 4105//4105 4113//4113 4115//4115
f 4105//4105 4115//4115 4104//4104
f 4104//4104 4115//4115 4116//4116
f 4104//4104 4116//4116 4002//4002
f 4002//4002 4116//4116 4004//4004
f 3912//3912 4048//4048 3915//3915
f 3915//3915 4048//4048 4118//4118
f 3915//3915 4118//4118 3918//3918
f 3918//3918 4118//4118 3848//3848
f 3848//3848 4118//4118 3850//3850
f 3850//3850 4118//4118 4119//4119
f 3850//3850 4119//4119 4043//4043
f 4043//4043 4119//4119 4046//4046
f 4046//4046 4119//4119 4048//4048
f 4048//4048 4119//4119 4118//4118
f 4043//4043 4033//4033 3850//3850
f 4120//4120 4123//4123 4126//4126
f 4126//4126 4123//4123 3476//3476
f 4126//4126 3476//3476 3489//3489
f 3489//3489 3492//3492 4126//4126
f 4126//4126 3492//3492 4130//4130
f 4126//4126 4130//4130 4120//4120
f 4131//4131 4133//4133 4137//4137
f 4137//4137 4133//4133 3452//3452
f 4137//4137 3452//3452 3467//3467
f 3467//3467 3470//3470 4137//4137
f 4137//4137 3470//3470 4125//4125
f 4137//4137 4125//4125 4131//4131
f 3470//3470 3473//3473 4125//4125
f 3451//3451 4134//4134 4138//4138
f 4138//4138 4134//4134 4141//4141
f 4138//4138 4141//4141 3426//3426
f 3426//3426 3440//3440 4138//4138
f 4138//4138 3440//3440 3444//3444
f 4138//4138 3444//3444 3446//3446
f 3446//3446 3451//3451 4138//4138
f 4143//4143 4146//4146 4149//4149
f 4149//4149 4146//4146 3394//3394
f 4149//4149 3394//3394 4150//4150
f 4150//4150 3394//3394 3392//3392
f 4150//4150 3392//3392 4151//4151
f 4151//4151 3392//3392 3420//3420
f 4151//4151 3420//3420 4152//4152
f 4152//4152 3420//3420 3422//3422
f 4152//4152 3422//3422 3427//3427
f 4140//4140 4154//4154 3427//3427
f 3427//3427 4154//4154 4156//4156
f 3427//3427 4156//4156 4152//4152
f 4152//4152 4156//4156 4157//4157
f 4152//4152 4157//4157 4158//4158
f 4158//4158 4157//4157 4159//4159
f 4158//4158 4159//4159 4143//4143
f 4156//4156 4159//4159 4157//4157
f 4158//4158 4143//4143 4149//4149
f 4150//4150 4151//4151 4149//4149
f 4149//4149 4151//4151 4158//4158
f 4151//4151 4152//4152 4158//4158
f 3892//3892 3889//3889 4148//4148
f 4148//4148 3889//3889 3886//3886
f 4148//4148 3886//3886 3395//3395
f 3395//3395 3886//3886 3882//3882
f 3395//3395 3882//3882 3520//3520
f 4161//4161 4164//4164 4167//4167
f 4167//4167 4164//4164 4111//4111
f 4167//4167 4111//4111 4107//4107
f 4107//4107 4101//4101 4167//4167
f 4167//4167 4101//4101 4168//4168
f 4167//4167 4168//4168 4161//4161
f 4098//4098 4096//4096 4169//4169
f 4169//4169 4096//4096 4173//4173
f 4173//4173 4096//4096 4174//4174
f 4173//4173 4174//4174 4177//4177
f 4177//4177 4174//4174 4103//4103
f 4177//4177 4103//4103 4086//4086
f 4096//4096 4103//4103 4174//4174
f 4069//4069 4181//4181 4183//4183
f 4183//4183 4181//4181 4178//4178
f 4183//4183 4178//4178 4085//4085
f 4085//4085 4081//4081 4183//4183
f 4183//4183 4081//4081 4078//4078
f 4183//4183 4078//4078 4076//4076
f 4076//4076 4069//4069 4183//4183
f 4182//4182 4068//4068 4184//4184
f 4184//4184 4068//4068 4065//4065
f 4184//4184 4065//4065 4186//4186
f 4186//4186 4065//4065 4187//4187
f 4186//4186 4187//4187 4188//4188
f 4188//4188 4187//4187 4056//4056
f 4188//4188 4056//4056 4053//4053
f 4065//4065 4056//4056 4187//4187
f 4188//4188 4053//4053 4189//4189
f 4189//4189 4053//4053 4050//4050
f 4189//4189 4050//4050 4191//4191
f 4189//4189 4191//4191 4194//4194
f 4194//4194 4191//4191 4195//4195
f 4194//4194 4195//4195 4197//4197
f 4197//4197 4195//4195 4198//4198
f 4197//4197 4198//4198 4186//4186
f 4186//4186 4198//4198 4200//4200
f 4186//4186 4200//4200 4184//4184
f 4189//4189 4194//4194 4197//4197
f 4189//4189 4197//4197 4188//4188
f 4188//4188 4197//4197 4186//4186
f 4049//4049 3909//3909 4193//4193
f 4193//4193 3909//3909 3904//3904
f 4193//4193 3904//3904 3901//3901
f 3913//3913 3911//3911 4049//4049
f 4049//4049 3911//3911 3909//3909
f 4196//4196 4190//4190 4202//4202
f 4202//4202 4190//4190 4203//4203
f 4202//4202 4203//4203 4205//4205
f 4205//4205 4203//4203 4206//4206
f 4205//4205 4206//4206 4144//4144
f 4144//4144 4206//4206 4145//4145
f 4205//4205 4144//4144 4208//4208
f 4208//4208 4144//4144 4160//4160
f 4208//4208 4160//4160 4209//4209
f 4209//4209 4160//4160 4155//4155
f 4209//4209 4155//4155 4210//4210
f 4210//4210 4155//4155 4211//4211
f 4210//4210 4211//4211 4212//4212
f 4212//4212 4211//4211 4213//4213
f 4212//4212 4213//4213 4201//4201
f 4201//4201 4213//4213 4185//4185
f 4185//4185 4213//4213 4214//4214
f 4185//4185 4214//4214 4180//4180
f 4211//4211 4155//4155 4216//4216
f 4216//4216 4155//4155 4153//4153
f 4216//4216 4153//4153 4139//4139
f 4216//4216 4214//4214 4211//4211
f 4211//4211 4214//4214 4213//4213
f 4201//4201 4199//4199 4212//4212
f 4212//4212 4199//4199 4218//4218
f 4212//4212 4218//4218 4210//4210
f 4210//4210 4218//4218 4209//4209
f 4218//4218 4199//4199 4219//4219
f 4219//4219 4199//4199 4196//4196
f 4219//4219 4196//4196 4202//4202
f 4209//4209 4218//4218 4219//4219
f 4205//4205 4208//4208 4202//4202
f 4202//4202 4208//4208 4219//4219
f 4208//4208 4209//4209 4219//4219
f 4175//4175 4179//4179 4220//4220
f 4220//4220 4179//4179 4215//4215
f 4220//4220 4215//4215 4221//4221
f 4221//4221 4215//4215 4217//4217
f 4221//4221 4217//4217 4135//4135
f 4135//4135 4217//4217 4142//4142
f 4135//4135 4222//4222 4221//4221
f 4221//4221 4222//4222 4225//4225
f 4221//4221 4225//4225 4220//4220
f 4220//4220 4225//4225 4175//4175
f 4176//4176 4224//4224 4172//4172
f 4172//4172 4224//4224 4226//4226
f 4172//4172 4226//4226 4171//4171
f 4171//4171 4226//4226 4227//4227
f 4227//4227 4226//4226 4229//4229
f 4227//4227 4229//4229 4231//4231
f 4231//4231 4229//4229 4132//4132
f 4231//4231 4132//4132 4124//4124
f 4226//4226 4224//4224 4229//4229
f 4229//4229 4224//4224 4223//4223
f 4229//4229 4223//4223 4132//4132
f 4132//4132 4223//4223 4136//4136
f 4162//4162 4170//4170 4232//4232
f 4232//4232 4170//4170 4228//4228
f 4232//4232 4228//4228 4233//4233
f 4233//4233 4228//4228 4230//4230
f 4233//4233 4230//4230 4121//4121
f 4121//4121 4230//4230 4122//4122
f 4128//4128 4235//4235 4121//4121
f 4121//4121 4235//4235 4233//4233
f 4235//4235 4236//4236 4233//4233
f 4233//4233 4236//4236 4232//4232
f 4236//4236 4239//4239 4232//4232
f 4232//4232 4239//4239 4162//4162
f 4239//4239 4163//4163 4162//4162
f 3894//3894 4147//4147 3896//3896
f 3896//3896 4147//4147 4240//4240
f 3896//3896 4240//4240 3898//3898
f 3898//3898 4240//4240 3900//3900
f 3900//3900 4240//4240 4241//4241
f 3900//3900 4241//4241 4192//4192
f 4192//4192 4241//4241 4204//4204
f 4204//4204 4241//4241 4207//4207
f 4207//4207 4241//4241 4147//4147
f 4147//4147 4241//4241 4240//4240
f 4192//4192 3903//3903 3900//3900
f 3491//3491 3495//3495 4243//4243
f 4243//4243 3495//3495 4246//4246
f 4246//4246 3495//3495 3497//3497
f 4246//4246 3497//3497 4249//4249
f 4249//4249 3497//3497 3500//3500
f 4249//4249 3500//3500 4252//4252
f 4252//4252 3500//3500 3504//3504
f 3503//3503 3527//3527 4253//4253
f 4253//4253 3527//3527 4255//4255
f 3525//3525 3645//3645 4257//4257
f 4257//4257 3645//3645 4259//4259
f 4259//4259 3645//3645 3644//3644
f 4259//4259 3644//3644 4260//4260
f 4260//4260 3644//3644 3642//3642
f 4260//4260 3642//3642 4265//4265
f 4265//4265 3642//3642 3638//3638
f 3639//3639 3663//3663 4263//4263
f 4263//4263 3663//3663 4266//4266
f 3662//3662 3784//3784 4269//4269
f 4269//4269 3784//3784 4271//4271
f 4271//4271 3784//3784 3783//3783
f 4271//4271 3783//3783 4273//4273
f 4273//4273 3783//3783 3780//3780
f 4273//4273 3780//3780 4274//4274
f 4274//4274 3780//3780 3778//3778
f 3776//3776 3801//3801 4275//4275
f 4275//4275 3801//3801 4279//4279
f 3802//3802 3997//3997 4280//4280
f 4280//4280 3997//3997 4282//4282
f 4282//4282 3997//3997 3995//3995
f 4282//4282 3995//3995 4285//4285
f 4285//4285 3995//3995 3993//3993
f 4285//4285 3993//3993 4286//4286
f 4286//4286 3993//3993 3990//3990
f 3991//3991 4005//4005 4288//4288
f 4288//4288 4005//4005 4291//4291
f 4006//4006 4117//4117 4290//4290
f 4290//4290 4117//4117 4295//4295
f 4295//4295 4117//4117 4114//4114
f 4295//4295 4114//4114 4296//4296
f 4296//4296 4114//4114 4112//4112
f 4296//4296 4112//4112 4299//4299
f 4299//4299 4112//4112 4109//4109
f 4129//4129 3494//3494 4305//4305
f 4305//4305 3494//3494 4244//4244
f 4108//4108 4166//4166 4300//4300
f 4300//4300 4166//4166 4307//4307
f 4165//4165 4238//4238 4309//4309
f 4309//4309 4238//4238 4310//4310
f 4310//4310 4238//4238 4237//4237
f 4310//4310 4237//4237 4313//4313
f 4313//4313 4237//4237 4234//4234
f 4313//4313 4234//4234 4304//4304
f 4304//4304 4234//4234 4127//4127
f 4262//4262 4267//4267 4314//4314
f 4314//4314 4267//4267 4316//4316
f 4314//4314 4316//4316 4318//4318
f 4318//4318 4316//4316 4321//4321
f 4318//4318 4321//4321 4323//4323
f 4323//4323 4321//4321 4325//4325
f 4261//4261 4264//4264 4328//4328
f 4328//4328 4264//4264 4315//4315
f 4328//4328 4315//4315 4329//4329
f 4329//4329 4315//4315 4319//4319
f 4329//4329 4319//4319 4330//4330
f 4330//4330 4319//4319 4322//4322
f 4330//4330 4322//4322 4332//4332
f 4330//4330 4332//4332 4333//4333
f 4333//4333 4332//4332 4334//4334
f 4333//4333 4334//4334 4336//4336
f 4336//4336 4334//4334 4338//4338
f 4333//4333 4336//4336 4341//4341
f 4341//4341 4336//4336 4343//4343
f 4341//4341 4343//4343 4344//4344
f 4344//4344 4343//4343 4254//4254
f 4344//4344 4254//4254 4258//4258
f 4258//4258 4261//4261 4344//4344
f 4344//4344 4261//4261 4328//4328
f 4344//4344 4328//4328 4329//4329
f 4333//4333 4341//4341 4330//4330
f 4330//4330 4341//4341 4329//4329
f 4341//4341 4344//4344 4329//4329
f 4251//4251 4256//4256 4346//4346
f 4346//4346 4256//4256 4342//4342
f 4346//4346 4342//4342 4337//4337
f 4346//4346 4337//4337 4348//4348
f 4348//4348 4337//4337 4339//4339
f 4348//4348 4339//4339 4349//4349
f 4248//4248 4250//4250 4352//4352
f 4352//4352 4250//4250 4345//4345
f 4352//4352 4345//4345 4353//4353
f 4353//4353 4345//4345 4347//4347
f 4353//4353 4347//4347 4354//4354
f 4354//4354 4347//4347 4350//4350
f 4354//4354 4350//4350 4355//4355
f 4354//4354 4355//4355 4357//4357
f 4357//4357 4355//4355 4359//4359
f 4357//4357 4359//4359 4361//4361
f 4361//4361 4359//4359 4362//4362
f 4357//4357 4361//4361 4365//4365
f 4365//4365 4361//4361 4366//4366
f 4365//4365 4366//4366 4368//4368
f 4368//4368 4366//4366 4242//4242
f 4368//4368 4242//4242 4247//4247
f 4247//4247 4248//4248 4368//4368
f 4368//4368 4248//4248 4352//4352
f 4368//4368 4352//4352 4353//4353
f 4357//4357 4365//4365 4354//4354
f 4354//4354 4365//4365 4353//4353
f 4365//4365 4368//4368 4353//4353
f 4302//4302 4245//4245 4370//4370
f 4370//4370 4245//4245 4367//4367
f 4370//4370 4367//4367 4360//4360
f 4370//4370 4360//4360 4372//4372
f 4372//4372 4360//4360 4363//4363
f 4372//4372 4363//4363 4373//4373
f 4312//4312 4303//4303 4376//4376
f 4376//4376 4303//4303 4369//4369
f 4376//4376 4369//4369 4377//4377
f 4377//4377 4369//4369 4371//4371
f 4377//4377 4371//4371 4378//4378
f 4378//4378 4371//4371 4375//4375
f 4378//4378 4375//4375 4379//4379
f 4378//4378 4379//4379 4381//4381
f 4381//4381 4379//4379 4383//4383
f 4381//4381 4383//4383 4384//4384
f 4384//4384 4383//4383 4388//4388
f 4381//4381 4384//4384 4389//4389
f 4389//4389 4384//4384 4390//4390
f 4389//4389 4390//4390 4392//4392
f 4392//4392 4390//4390 4308//4308
f 4392//4392 4308//4308 4311//4311
f 4311//4311 4312//4312 4392//4392
f 4392//4392 4312//4312 4376//4376
f 4392//4392 4376//4376 4377//4377
f 4381//4381 4389//4389 4378//4378
f 4378//4378 4389//4389 4377//4377
f 4389//4389 4392//4392 4377//4377
f 4301//4301 4306//4306 4394//4394
f 4394//4394 4306//4306 4391//4391
f 4394//4394 4391//4391 4385//4385
f 4394//4394 4385//4385 4395//4395
f 4395//4395 4385//4385 4386//4386
f 4395//4395 4386//4386 4398//4398
f 4297//4297 4298//4298 4400//4400
f 4400//4400 4298//4298 4393//4393
f 4400//4400 4393//4393 4401//4401
f 4401//4401 4393//4393 4396//4396
f 4401//4401 4396//4396 4402//4402
f 4402//4402 4396//4396 4399//4399
f 4402//4402 4399//4399 4404//4404
f 4402//4402 4404//4404 4405//4405
f 4405//4405 4404//4404 4407//4407
f 4405//4405 4407//4407 4408//4408
f 4408//4408 4407//4407 4412//4412
f 4405//4405 4408//4408 4413//4413
f 4413//4413 4408//4408 4414//4414
f 4413//4413 4414//4414 4416//4416
f 4416//4416 4414//4414 4293//4293
f 4416//4416 4293//4293 4294//4294
f 4294//4294 4297//4297 4416//4416
f 4416//4416 4297//4297 4400//4400
f 4416//4416 4400//4400 4401//4401
f 4405//4405 4413//4413 4402//4402
f 4402//4402 4413//4413 4401//4401
f 4413//4413 4416//4416 4401//4401
f 4289//4289 4292//4292 4418//4418
f 4418//4418 4292//4292 4415//4415
f 4418//4418 4415//4415 4409//4409
f 4418//4418 4409//4409 4419//4419
f 4419//4419 4409//4409 4410//4410
f 4419//4419 4410//4410 4422//4422
f 4284//4284 4287//4287 4424//4424
f 4424//4424 4287//4287 4417//4417
f 4424//4424 4417//4417 4425//4425
f 4425//4425 4417//4417 4420//4420
f 4425//4425 4420//4420 4426//4426
f 4426//4426 4420//4420 4421//4421
f 4426//4426 4421//4421 4427//4427
f 4426//4426 4427//4427 4429//4429
f 4429//4429 4427//4427 4431//4431
f 4429//4429 4431//4431 4432//4432
f 4432//4432 4431//4431 4434//4434
f 4429//4429 4432//4432 4437//4437
f 4437//4437 4432//4432 4439//4439
f 4437//4437 4439//4439 4440//4440
f 4440//4440 4439//4439 4281//4281
f 4440//4440 4281//4281 4283//4283
f 4283//4283 4284//4284 4440//4440
f 4440//4440 4284//4284 4424//4424
f 4440//4440 4424//4424 4425//4425
f 4429//4429 4437//4437 4426//4426
f 4426//4426 4437//4437 4425//4425
f 4437//4437 4440//4440 4425//4425
f 4277//4277 4278//4278 4441//4441
f 4441//4441 4278//4278 4438//4438
f 4441//4441 4438//4438 4433//4433
f 4441//4441 4433//4433 4444//4444
f 4444//4444 4433//4433 4436//4436
f 4444//4444 4436//4436 4446//4446
f 4272//4272 4276//4276 4448//4448
f 4448//4448 4276//4276 4442//4442
f 4448//4448 4442//4442 4449//4449
f 4449//4449 4442//4442 4443//4443
f 4449//4449 4443//4443 4450//4450
f 4450//4450 4443//4443 4447//4447
f 4450//4450 4447//4447 4452//4452
f 4450//4450 4452//4452 4453//4453
f 4453//4453 4452//4452 4455//4455
f 4453//4453 4455//4455 4320//4320
f 4320//4320 4455//4455 4327//4327
f 4453//4453 4320//4320 4456//4456
f 4456//4456 4320//4320 4317//4317
f 4456//4456 4317//4317 4457//4457
f 4457//4457 4317//4317 4268//4268
f 4457//4457 4268//4268 4270//4270
f 4270//4270 4272//4272 4457//4457
f 4457//4457 4272//4272 4448//4448
f 4457//4457 4448//4448 4449//4449
f 4453//4453 4456//4456 4450//4450
f 4450//4450 4456//4456 4449//4449
f 4456//4456 4457//4457 4449//4449
f 4454//4454 4451//4451 4326//4326
f 4326//4326 4451//4451 4445//4445
f 4326//4326 4445//4445 4458//4458
f 4458//4458 4445//4445 4460//4460
f 4460//4460 4445//4445 4435//4435
f 4460//4460 4435//4435 4463//4463
f 4463//4463 4435//4435 4423//4423
f 4463//4463 4423//4423 4465//4465
f 4465//4465 4423//4423 4411//4411
f 4465//4465 4411//4411 4467//4467
f 4467//4467 4411//4411 4397//4397
f 4467//4467 4397//4397 4469//4469
f 4469//4469 4397//4397 4387//4387
f 4469//4469 4387//4387 4471//4471
f 4471//4471 4387//4387 4374//4374
f 4471//4471 4374//4374 4473//4473
f 4473//4473 4374//4374 4364//4364
f 4473//4473 4364//4364 4474//4474
f 4474//4474 4364//4364 4351//4351
f 4474//4474 4351//4351 4476//4476
f 4476//4476 4351//4351 4340//4340
f 4476//4476 4340//4340 4478//4478
f 4478//4478 4340//4340 4324//4324
f 4478//4478 4324//4324 4482//4482
f 4482//4482 4324//4324 4326//4326
f 4482//4482 4326//4326 4458//4458
f 4435//4435 4430//4430 4423//4423
f 4423//4423 4430//4430 4428//4428
f 4411//4411 4406//4406 4397//4397
f 4397//4397 4406//4406 4403//4403
f 4382//4382 4380//4380 4387//4387
f 4387//4387 4380//4380 4374//4374
f 4364//4364 4358//4358 4351//4351
f 4351//4351 4358//4358 4356//4356
f 4340//4340 4335//4335 4324//4324
f 4324//4324 4335//4335 4331//4331
f 4484//4484 4485//4485 4488//4488
f 4488//4488 4485//4485 4489//4489
f 4487//4487 4490//4490 4491//4491
f 4491//4491 4490//4490 4493//4493
f 4491//4491 4493//4493 4494//4494
f 4494//4494 4493//4493 4496//4496
f 4494//4494 4496//4496 4498//4498
f 4498//4498 4496//4496 4499//4499
f 4498//4498 4499//4499 4500//4500
f 4500//4500 4499//4499 4502//4502
f 4500//4500 4502//4502 4503//4503
f 4503//4503 4502//4502 4505//4505
f 4503//4503 4505//4505 4507//4507
f 4507//4507 4505//4505 4508//4508
f 4507//4507 4508//4508 4509//4509
f 4509//4509 4508//4508 4511//4511
f 4509//4509 4511//4511 4512//4512
f 4512//4512 4511//4511 4514//4514
f 4512//4512 4514//4514 4516//4516
f 4516//4516 4514//4514 4517//4517
f 4516//4516 4517//4517 4519//4519
f 4519//4519 4517//4517 4520//4520
f 4519//4519 4520//4520 4484//4484
f 4484//4484 4520//4520 4485//4485
f 4459//4459 4493//4493 4481//4481
f 4481//4481 4493//4493 4490//4490
f 4480//4480 4489//4489 4479//4479
f 4479//4479 4489//4489 4485//4485
f 4479//4479 4485//4485 4477//4477
f 4477//4477 4485//4485 4520//4520
f 4477//4477 4520//4520 4475//4475
f 4475//4475 4520//4520 4517//4517
f 4475//4475 4517//4517 4472//4472
f 4472//4472 4517//4517 4514//4514
f 4472//4472 4514//4514 4470//4470
f 4470//4470 4514//4514 4511//4511
f 4470//4470 4511//4511 4468//4468
f 4468//4468 4511//4511 4508//4508
f 4468//4468 4508//4508 4466//4466
f 4466//4466 4508//4508 4505//4505
f 4466//4466 4505//4505 4464//4464
f 4464//4464 4505//4505 4502//4502
f 4464//4464 4502//4502 4462//4462
f 4462//4462 4502//4502 4499//4499
f 4462//4462 4499//4499 4461//4461
f 4461//4461 4499//4499 4496//4496
f 4461//4461 4496//4496 4459//4459
f 4459//4459 4496//4496 4493//4493
f 3862//3862 4522//4522 3856//3856
f 3856//3856 4522//4522 4524//4524
f 3856//3856 4524//4524 3853//3853
f 3853//3853 4524//4524 4525//4525
f 3853//3853 4525//4525 3906//3906
f 3906//3906 4525//4525 4528//4528
f 3906//3906 4528//4528 3890//3890
f 3890//3890 4528//4528 4531//4531
f 3890//3890 4531//4531 3884//3884
f 3884//3884 4531//4531 4532//4532
f 3884//3884 4532//4532 3880//3880
f 3880//3880 4532//4532 4535//4535
f 3880//3880 4535//4535 3878//3878
f 3878//3878 4535//4535 4537//4537
f 3878//3878 4537//4537 3875//3875
f 3875//3875 4537//4537 4538//4538
f 3875//3875 4538//4538 3873//3873
f 3873//3873 4538//4538 4541//4541
f 3873//3873 4541//4541 3871//3871
f 3871//3871 4541//4541 4543//4543
f 3871//3871 4543//4543 3870//3870
f 3870//3870 4543//4543 4545//4545
f 3870//3870 4545//4545 3862//3862
f 3862//3862 4545//4545 4522//4522
f 4547//4547 4530//4530 4549//4549
f 4549//4549 4530//4530 4529//4529
f 4548//4548 4527//4527 4551//4551
f 4551//4551 4527//4527 4526//4526
f 4551//4551 4526//4526 4553//4553
f 4553//4553 4526//4526 4523//4523
f 4553//4553 4523//4523 4556//4556
f 4556//4556 4523//4523 4521//4521
f 4556//4556 4521//4521 4557//4557
f 4557//4557 4521//4521 4544//4544
f 4557//4557 4544//4544 4560//4560
f 4560//4560 4544//4544 4542//4542
f 4560//4560 4542//4542 4561//4561
f 4561//4561 4542//4542 4540//4540
f 4561//4561 4540//4540 4564//4564
f 4564//4564 4540//4540 4539//4539
f 4564//4564 4539//4539 4566//4566
f 4566//4566 4539//4539 4536//4536
f 4566//4566 4536//4536 4568//4568
f 4568//4568 4536//4536 4534//4534
f 4568//4568 4534//4534 4569//4569
f 4569//4569 4534//4534 4533//4533
f 4569//4569 4533//4533 4547//4547
f 4547//4547 4533//4533 4530//4530
f 4552//4552 4571//4571 4550//4550
f 4550//4550 4571//4571 4573//4573
f 4550//4550 4573//4573 4577//4577
f 4571//4571 4552//4552 4579//4579
f 4579//4579 4552//4552 4554//4554
f 4579//4579 4554//4554 4581//4581
f 4581//4581 4554//4554 4555//4555
f 4581//4581 4555//4555 4558//4558
f 4581//4581 4558//4558 4582//4582
f 4582//4582 4558//4558 4559//4559
f 4582//4582 4559//4559 4584//4584
f 4584//4584 4559//4559 4587//4587
f 4587//4587 4559//4559 4562//4562
f 4587//4587 4562//4562 4588//4588
f 4588//4588 4562//4562 4563//4563
f 4588//4588 4563//4563 4590//4590
f 4590//4590 4563//4563 4565//4565
f 4590//4590 4565//4565 4592//4592
f 4592//4592 4565//4565 4567//4567
f 4592//4592 4567//4567 4570//4570
f 4592//4592 4570//4570 4595//4595
f 4595//4595 4570//4570 4546//4546
f 4595//4595 4546//4546 4577//4577
f 4577//4577 4546//4546 4550//4550
f 4492//4492 4597//4597 4486//4486
f 4486//4486 4597//4597 4599//4599
f 4486//4486 4599//4599 4600//4600
f 4597//4597 4492//4492 4602//4602
f 4602//4602 4492//4492 4495//4495
f 4602//4602 4495//4495 4605//4605
f 4605//4605 4495//4495 4497//4497
f 4605//4605 4497//4497 4501//4501
f 4605//4605 4501//4501 4607//4607
f 4607//4607 4501//4501 4504//4504
f 4607//4607 4504//4504 4608//4608
f 4608//4608 4504//4504 4610//4610
f 4610//4610 4504//4504 4506//4506
f 4610//4610 4506//4506 4614//4614
f 4614//4614 4506//4506 4510//4510
f 4614//4614 4510//4510 4615//4615
f 4615//4615 4510//4510 4513//4513
f 4615//4615 4513//4513 4618//4618
f 4618//4618 4513//4513 4515//4515
f 4618//4618 4515//4515 4518//4518
f 4618//4618 4518//4518 4620//4620
f 4620//4620 4518//4518 4483//4483
f 4620//4620 4483//4483 4600//4600
f 4600//4600 4483//4483 4486//4486
f 4596//4596 4585//4585 4598//4598
f 4598//4598 4585//4585 4586//4586
f 4598//4598 4586//4586 4601//4601
f 4601//4601 4586//4586 4589//4589
f 4601//4601 4589//4589 4619//4619
f 4619//4619 4589//4589 4591//4591
f 4619//4619 4591//4591 4617//4617
f 4617//4617 4591//4591 4593//4593
f 4617//4617 4593//4593 4616//4616
f 4616//4616 4593//4593 4594//4594
f 4616//4616 4594//4594 4613//4613
f 4613//4613 4594//4594 4576//4576
f 4613//4613 4576//4576 4612//4612
f 4612//4612 4576//4576 4574//4574
f 4611//4611 4575//4575 4609//4609
f 4609//4609 4575//4575 4572//4572
f 4609//4609 4572//4572 4606//4606
f 4606//4606 4572//4572 4578//4578
f 4606//4606 4578//4578 4604//4604
f 4604//4604 4578//4578 4580//4580
f 4604//4604 4580//4580 4603//4603
f 4603//4603 4580//4580 4583//4583
f 4603//4603 4583//4583 4596//4596
f 4596//4596 4583//4583 4585//4585
f 4621//4621 4622//4622 4623//4623
f 4623//4623 4622//4622 4624//4624
f 4624//4624 4622//4622 4625//4625
f 4624//4624 4625//4625 4626//4626
f 4627//4627 4628//4628 4629//4629
f 4629//4629 4628//4628 4630//4630
f 4629//4629 4630//4630 4631//4631
f 4627//4627 4632//4632 4628//4628
f 4633//4633 4634//4634 4635//4635
f 4635//4635 4634//4634 4636//4636
f 4636//4636 4634//4634 4637//4637
f 4636//4636 4637//4637 4638//4638
f 4639//4639 4640//4640 4641//4641
f 4641//4641 4640//4640 4642//4642
f 4641//4641 4642//4642 4643//4643
f 4639//4639 4644//4644 4640//4640
f 4645//4645 4646//4646 4647//4647
f 4647//4647 4646//4646 4648//4648
f 4648//4648 4646//4646 4649//4649
f 4648//4648 4649//4649 4650//4650
f 4651//4651 4654//4654 4656//4656
f 4656//4656 4654//4654 4658//4658
f 4656//4656 4658//4658 4660//4660
f 4660//4660 4658//4658 4663//4663
f 4660//4660 4663//4663 4665//4665
f 4654//4654 4651//4651 4666//4666
f 4666//4666 4651//4651 4668//4668
f 4666//4666 4668//4668 4670//4670
f 4670//4670 4668//4668 4672//4672
f 4670//4670 4672//4672 4675//4675
f 4670//4670 4675//4675 4677//4677
f 4677//4677 4675//4675 4679//4679
f 4677//4677 4679//4679 4681//4681
f 4681//4681 4679//4679 4683//4683
f 4681//4681 4683//4683 4685//4685
f 4685//4685 4683//4683 4688//4688
f 4688//4688 4683//4683 4690//4690
f 4688//4688 4690//4690 4692//4692
f 4692//4692 4690//4690 4693//4693
f 4692//4692 4693//4693 4696//4696
f 4696//4696 4693//4693 4698//4698
f 4696//4696 4698//4698 4699//4699
f 4696//4696 4699//4699 4665//4665
f 4665//4665 4699//4699 4660//4660
f 4701//4701 4680//4680 4704//4704
f 4704//4704 4680//4680 4686//4686
f 4703//4703 4684//4684 4706//4706
f 4706//4706 4684//4684 4687//4687
f 4706//4706 4687//4687 4708//4708
f 4708//4708 4687//4687 4691//4691
f 4708//4708 4691//4691 4711//4711
f 4711//4711 4691//4691 4695//4695
f 4711//4711 4695//4695 4712//4712
f 4712//4712 4695//4695 4664//4664
f 4712//4712 4664//4664 4715//4715
f 4715//4715 4664//4664 4662//4662
f 4715//4715 4662//4662 4716//4716
f 4716//4716 4662//4662 4659//4659
f 4716//4716 4659//4659 4718//4718
f 4718//4718 4659//4659 4653//4653
f 4718//4718 4653//4653 4721//4721
f 4721//4721 4653//4653 4667//4667
f 4721//4721 4667//4667 4722//4722
f 4722//4722 4667//4667 4671//4671
f 4722//4722 4671//4671 4724//4724
f 4724//4724 4671//4671 4676//4676
f 4724//4724 4676//4676 4701//4701
f 4701//4701 4676//4676 4680//4680
f 4707//4707 4714//4714 4705//4705
f 4705//4705 4714//4714 4717//4717
f 4705//4705 4717//4717 4702//4702
f 4702//4702 4717//4717 4719//4719
f 4702//4702 4719//4719 4725//4725
f 4725//4725 4719//4719 4720//4720
f 4725//4725 4720//4720 4723//4723
f 4714//4714 4707//4707 4713//4713
f 4713//4713 4707//4707 4709//4709
f 4713//4713 4709//4709 4710//4710
f 4727//4727 4652//4652 4729//4729
f 4729//4729 4652//4652 4657//4657
f 4730//4730 4655//4655 4733//4733
f 4733//4733 4655//4655 4661//4661
f 4733//4733 4661//4661 4734//4734
f 4734//4734 4661//4661 4700//4700
f 4734//4734 4700//4700 4736//4736
f 4736//4736 4700//4700 4697//4697
f 4736//4736 4697//4697 4739//4739
f 4739//4739 4697//4697 4694//4694
f 4739//4739 4694//4694 4741//4741
f 4741//4741 4694//4694 4689//4689
f 4741//4741 4689//4689 4742//4742
f 4742//4742 4689//4689 4682//4682
f 4742//4742 4682//4682 4744//4744
f 4744//4744 4682//4682 4678//4678
f 4744//4744 4678//4678 4746//4746
f 4746//4746 4678//4678 4674//4674
f 4746//4746 4674//4674 4749//4749
f 4749//4749 4674//4674 4673//4673
f 4749//4749 4673//4673 4750//4750
f 4750//4750 4673//4673 4669//4669
f 4750//4750 4669//4669 4727//4727
f 4727//4727 4669//4669 4652//4652
f 4753//4753 4755//4755 4757//4757
f 4757//4757 4755//4755 4759//4759
f 4757//4757 4759//4759 4761//4761
f 4761//4761 4759//4759 4763//4763
f 4761//4761 4763//4763 4765//4765
f 4765//4765 4763//4763 4767//4767
f 4765//4765 4767//4767 4769//4769
f 4755//4755 4753//4753 4772//4772
f 4772//4772 4753//4753 4774//4774
f 4772//4772 4774//4774 4775//4775
f 4762//4762 4777//4777 4758//4758
f 4756//4756 4778//4778 4779//4779
f 4756//4756 4779//4779 4752//4752
f 4752//4752 4779//4779 4780//4780
f 4752//4752 4780//4780 4773//4773
f 4773//4773 4780//4780 4781//4781
f 4773//4773 4781//4781 4776//4776
f 4776//4776 4781//4781 4782//4782
f 4776//4776 4782//4782 4771//4771
f 4771//4771 4782//4782 4783//4783
f 4771//4771 4783//4783 4754//4754
f 4754//4754 4783//4783 4784//4784
f 4754//4754 4784//4784 4760//4760
f 4760//4760 4784//4784 4785//4785
f 4760//4760 4785//4785 4764//4764
f 4764//4764 4785//4785 4786//4786
f 4764//4764 4786//4786 4768//4768
f 4768//4768 4786//4786 4787//4787
f 4768//4768 4787//4787 4770//4770
f 4770//4770 4787//4787 4788//4788
f 4770//4770 4788//4788 4766//4766
f 4766//4766 4788//4788 4789//4789
f 4766//4766 4789//4789 4762//4762
f 4762//4762 4789//4789 4777//4777
f 4732//4732 4791//4791 4731//4731
f 4728//4728 4790//4790 4792//4792
f 4728//4728 4792//4792 4726//4726
f 4726//4726 4792//4792 4793//4793
f 4726//4726 4793//4793 4751//4751
f 4751//4751 4793//4793 4794//4794
f 4751//4751 4794//4794 4748//4748
f 4748//4748 4794//4794 4795//4795
f 4748//4748 4795//4795 4747//4747
f 4747//4747 4795//4795 4796//4796
f 4747//4747 4796//4796 4745//4745
f 4745//4745 4796//4796 4797//4797
f 4745//4745 4797//4797 4743//4743
f 4743//4743 4797//4797 4798//4798
f 4743//4743 4798//4798 4740//4740
f 4740//4740 4798//4798 4799//4799
f 4740//4740 4799//4799 4738//4738
f 4738//4738 4799//4799 4800//4800
f 4738//4738 4800//4800 4737//4737
f 4737//4737 4800//4800 4801//4801
f 4737//4737 4801//4801 4735//4735
f 4735//4735 4801//4801 4802//4802
f 4735//4735 4802//4802 4732//4732
f 4732//4732 4802//4802 4791//4791
f 4779//4779 4778//4778 4802//4802
f 4802//4802 4778//4778 4791//4791
f 4792//4792 4790//4790 4789//4789
f 4789//4789 4790//4790 4777//4777
f 4779//4779 4802//4802 4801//4801
f 4792//4792 4789//4789 4788//4788
f 4793//4793 4792//4792 4788//4788
f 4794//4794 4793//4793 4787//4787
f 4787//4787 4793//4793 4788//4788
f 4795//4795 4794//4794 4786//4786
f 4786//4786 4794//4794 4787//4787
f 4796//4796 4795//4795 4785//4785
f 4785//4785 4795//4795 4786//4786
f 4797//4797 4796//4796 4784//4784
f 4784//4784 4796//4796 4785//4785
f 4798//4798 4797//4797 4783//4783
f 4783//4783 4797//4797 4784//4784
f 4799//4799 4798//4798 4782//4782
f 4782//4782 4798//4798 4783//4783
f 4800//4800 4799//4799 4781//4781
f 4781//4781 4799//4799 4782//4782
f 4801//4801 4800//4800 4780//4780
f 4780//4780 4800//4800 4781//4781
f 4779//4779 4801//4801 4780//4780
f 4805//4805 4806//4806 4809//4809
f 4809//4809 4806//4806 4811//4811
f 4809//4809 4811//4811 4813//4813
f 4809//4809 4813//4813 4816//4816
f 4816//4816 4813//4813 4818//4818
f 4816//4816 4818//4818 4821//4821
f 4820//4820 4825//4825 4826//4826
f 4826//4826 4825//4825 4828//4828
f 4826//4826 4828//4828 4831//4831
f 4831//4831 4828//4828 4832//4832
f 4831//4831 4832//4832 4835//4835
f 4835//4835 4832//4832 4837//4837
f 4835//4835 4837//4837 4838//4838
f 4835//4835 4838//4838 4841//4841
f 4841//4841 4838//4838 4843//4843
f 4841//4841 4843//4843 4846//4846
f 4847//4847 4844//4844 4819//4819
f 4847//4847 4819//4819 4849//4849
f 4849//4849 4819//4819 4814//4814
f 4849//4849 4814//4814 4812//4812
f 4844//4844 4852//4852 4819//4819
f 4812//4812 4807//4807 4849//4849
f 4849//4849 4807//4807 4854//4854
f 4854//4854 4807//4807 4857//4857
f 4854//4854 4857//4857 4858//4858
f 4854//4854 4858//4858 4860//4860
f 4860//4860 4858//4858 4863//4863
f 4860//4860 4863//4863 4864//4864
f 4864//4864 4863//4863 4867//4867
f 4864//4864 4867//4867 4869//4869
f 4864//4864 4869//4869 4870//4870
f 4870//4870 4869//4869 4873//4873
f 4870//4870 4873//4873 4874//4874
f 4874//4874 4873//4873 4803//4803
f 4874//4874 4803//4803 4876//4876
f 4876//4876 4803//4803 4810//4810
f 4876//4876 4810//4810 4815//4815
f 4873//4873 4878//4878 4803//4803
f 4815//4815 4820//4820 4876//4876
f 4876//4876 4820//4820 4826//4826
f 4822//4822 4817//4817 4824//4824
f 4824//4824 4817//4817 4851//4851
f 4824//4824 4851//4851 4882//4882
f 4882//4882 4851//4851 4884//4884
f 4808//4808 4804//4804 4855//4855
f 4855//4855 4804//4804 4880//4880
f 4855//4855 4880//4880 4885//4885
f 4885//4885 4880//4880 4887//4887
f 4848//4848 4890//4890 4845//4845
f 4845//4845 4890//4890 4892//4892
f 4845//4845 4892//4892 4840//4840
f 4840//4840 4892//4892 4893//4893
f 4840//4840 4893//4893 4834//4834
f 4834//4834 4893//4893 4896//4896
f 4834//4834 4896//4896 4830//4830
f 4830//4830 4896//4896 4897//4897
f 4830//4830 4897//4897 4827//4827
f 4827//4827 4897//4897 4899//4899
f 4827//4827 4899//4899 4877//4877
f 4877//4877 4899//4899 4902//4902
f 4877//4877 4902//4902 4875//4875
f 4875//4875 4902//4902 4903//4903
f 4875//4875 4903//4903 4871//4871
f 4871//4871 4903//4903 4906//4906
f 4871//4871 4906//4906 4865//4865
f 4865//4865 4906//4906 4909//4909
f 4865//4865 4909//4909 4861//4861
f 4861//4861 4909//4909 4911//4911
f 4861//4861 4911//4911 4853//4853
f 4853//4853 4911//4911 4912//4912
f 4853//4853 4912//4912 4848//4848
f 4848//4848 4912//4912 4890//4890
f 4850//4850 4842//4842 4883//4883
f 4883//4883 4842//4842 4839//4839
f 4883//4883 4839//4839 4836//4836
f 4883//4883 4836//4836 4881//4881
f 4881//4881 4836//4836 4833//4833
f 4881//4881 4833//4833 4829//4829
f 4829//4829 4823//4823 4881//4881
f 4879//4879 4872//4872 4888//4888
f 4888//4888 4872//4872 4868//4868
f 4888//4888 4868//4868 4866//4866
f 4888//4888 4866//4866 4886//4886
f 4886//4886 4866//4866 4862//4862
f 4886//4886 4862//4862 4859//4859
f 4859//4859 4856//4856 4886//4886
f 4915//4915 4898//4898 4917//4917
f 4917//4917 4898//4898 4895//4895
f 4917//4917 4895//4895 4919//4919
f 4919//4919 4895//4895 4894//4894
f 4919//4919 4894//4894 4921//4921
f 4921//4921 4894//4894 4891//4891
f 4921//4921 4891//4891 4923//4923
f 4923//4923 4891//4891 4889//4889
f 4923//4923 4889//4889 4926//4926
f 4926//4926 4889//4889 4913//4913
f 4926//4926 4913//4913 4928//4928
f 4928//4928 4913//4913 4910//4910
f 4928//4928 4910//4910 4929//4929
f 4929//4929 4910//4910 4907//4907
f 4930//4930 4908//4908 4932//4932
f 4932//4932 4908//4908 4905//4905
f 4932//4932 4905//4905 4935//4935
f 4935//4935 4905//4905 4904//4904
f 4935//4935 4904//4904 4936//4936
f 4936//4936 4904//4904 4901//4901
f 4936//4936 4901//4901 4938//4938
f 4938//4938 4901//4901 4900//4900
f 4938//4938 4900//4900 4915//4915
f 4915//4915 4900//4900 4898//4898
f 4940//4940 4942//4942 4944//4944
f 4944//4944 4942//4942 4947//4947
f 4944//4944 4947//4947 4949//4949
f 4949//4949 4947//4947 4951//4951
f 4949//4949 4951//4951 4953//4953
f 4953//4953 4951//4951 4955//4955
f 4953//4953 4955//4955 4957//4957
f 4942//4942 4940//4940 4959//4959
f 4959//4959 4940//4940 4962//4962
f 4959//4959 4962//4962 4963//4963
f 4918//4918 4945//4945 4916//4916
f 4916//4916 4945//4945 4948//4948
f 4916//4916 4948//4948 4914//4914
f 4914//4914 4948//4948 4952//4952
f 4914//4914 4952//4952 4939//4939
f 4939//4939 4952//4952 4956//4956
f 4939//4939 4956//4956 4937//4937
f 4937//4937 4956//4956 4954//4954
f 4937//4937 4954//4954 4934//4934
f 4934//4934 4954//4954 4950//4950
f 4934//4934 4950//4950 4933//4933
f 4933//4933 4950//4950 4946//4946
f 4933//4933 4946//4946 4931//4931
f 4931//4931 4946//4946 4943//4943
f 4931//4931 4943//4943 4927//4927
f 4927//4927 4943//4943 4958//4958
f 4927//4927 4958//4958 4925//4925
f 4925//4925 4958//4958 4964//4964
f 4925//4925 4964//4964 4924//4924
f 4924//4924 4964//4964 4961//4961
f 4924//4924 4961//4961 4922//4922
f 4920//4920 4960//4960 4941//4941
f 4920//4920 4941//4941 4918//4918
f 4918//4918 4941//4941 4945//4945

