# WaveFront *.obj file (generated by Autodesk ATF)

mtllib ball.mtl

g Body1

v 0.000000 -0.000000 30.000000
v 0.000000 -0.000000 0.000000
v -1.375985 0.751704 29.917828
v -2.736895 1.495173 29.672214
v -4.067819 2.222260 29.265848
v -5.354175 2.924999 28.703182
v -6.581869 3.595692 27.990381
v -7.737451 4.226989 27.135255
v -8.808260 4.811975 26.147172
v -9.782564 5.344239 25.036959
v -10.649688 5.817951 23.816779
v -11.400132 6.227920 22.500000
v -12.025673 6.569655 21.101050
v -12.519459 6.839412 19.635255
v -12.876079 7.034234 18.118675
v -13.091626 7.151988 16.567927
v -13.163738 7.191383 15.000000
v -13.091626 7.151988 13.432073
v -12.876079 7.034234 11.881325
v -12.519459 6.839412 10.364745
v -12.025673 6.569655 8.898950
v -11.400132 6.227920 7.500000
v -10.649688 5.817951 6.183221
v -9.782564 5.344239 4.963041
v -8.808260 4.811975 3.852828
v -7.737451 4.226989 2.864745
v -6.581869 3.595692 2.009619
v -5.354175 2.924999 1.296818
v -4.067819 2.222260 0.734152
v -2.736895 1.495173 0.327786
v -1.375985 0.751704 0.082172
v 1.375985 -0.751704 0.082172
v 2.736895 -1.495173 0.327786
v 4.067819 -2.222260 0.734152
v 5.354175 -2.924999 1.296818
v 6.581869 -3.595692 2.009619
v 7.737451 -4.226989 2.864745
v 8.808260 -4.811975 3.852828
v 9.782564 -5.344239 4.963041
v 10.649688 -5.817951 6.183221
v 11.400132 -6.227920 7.500000
v 12.025673 -6.569655 8.898950
v 12.519459 -6.839412 10.364745
v 12.876079 -7.034234 11.881325
v 13.091626 -7.151988 13.432073
v 13.163738 -7.191383 15.000000
v 13.091626 -7.151988 16.567927
v 12.876079 -7.034234 18.118675
v 12.519459 -6.839412 19.635255
v 12.025673 -6.569655 21.101050
v 11.400132 -6.227920 22.500000
v 10.649688 -5.817951 23.816779
v 9.782564 -5.344239 25.036959
v 8.808260 -4.811975 26.147172
v 7.737451 -4.226989 27.135255
v 6.581869 -3.595692 27.990381
v 5.354175 -2.924999 28.703182
v 4.067819 -2.222260 29.265848
v 2.736895 -1.495173 29.672214
v 1.375985 -0.751704 29.917828
v 1.289873 -0.891416 29.917828
v 2.565614 -1.773065 29.672214
v 3.813246 -2.635289 29.265848
v 5.019098 -3.468639 28.703182
v 6.169961 -4.263987 27.990381
v 7.253224 -5.012617 27.135255
v 8.257019 -5.706328 26.147172
v 9.170349 -6.337519 25.036959
v 9.983207 -6.899275 23.816779
v 10.686686 -7.385442 22.500000
v 11.273080 -7.790691 21.101050
v 11.735963 -8.110585 19.635255
v 12.070265 -8.341617 18.118675
v 12.272322 -8.481256 16.567927
v 12.339922 -8.527973 15.000000
v 12.272322 -8.481256 13.432073
v 12.070265 -8.341617 11.881325
v 11.735963 -8.110585 10.364745
v 11.273080 -7.790691 8.898950
v 10.686686 -7.385442 7.500000
v 9.983207 -6.899275 6.183221
v 9.170349 -6.337519 4.963041
v 8.257019 -5.706328 3.852828
v 7.253224 -5.012617 2.864745
v 6.169961 -4.263987 2.009619
v 5.019098 -3.468639 1.296818
v 3.813246 -2.635289 0.734152
v 2.565614 -1.773065 0.327786
v 1.289873 -0.891416 0.082172
v 1.447022 -0.603757 0.082172
v 2.878190 -1.200898 0.327786
v 4.277824 -1.784883 0.734152
v 5.630590 -2.349312 1.296818
v 6.921665 -2.888001 2.009619
v 8.136905 -3.395049 2.864745
v 9.262996 -3.864900 3.852828
v 10.287599 -4.292406 4.963041
v 11.199489 -4.672884 6.183221
v 11.988676 -5.002165 7.500000
v 12.646512 -5.276641 8.898950
v 13.165790 -5.493305 10.364745
v 13.540820 -5.649783 11.881325
v 13.767495 -5.744361 13.432073
v 13.843330 -5.776003 15.000000
v 13.767495 -5.744361 16.567927
v 13.540820 -5.649783 18.118675
v 13.165790 -5.493305 19.635255
v 12.646512 -5.276641 21.101050
v 11.988676 -5.002165 22.500000
v 11.199489 -4.672884 23.816779
v 10.287599 -4.292406 25.036959
v 9.262996 -3.864900 26.147172
v 8.136905 -3.395049 27.135255
v 6.921665 -2.888001 27.990381
v 5.630590 -2.349312 28.703182
v 4.277824 -1.784883 29.265848
v 2.878190 -1.200898 29.672214
v 1.447022 -0.603757 29.917828
v -1.289873 0.891416 29.917828
v -2.565614 1.773065 29.672214
v -3.813246 2.635289 29.265848
v -5.019098 3.468639 28.703182
v -6.169961 4.263987 27.990381
v -7.253224 5.012617 27.135255
v -8.257019 5.706328 26.147172
v -9.170349 6.337519 25.036959
v -9.983207 6.899275 23.816779
v -10.686686 7.385442 22.500000
v -11.273080 7.790691 21.101050
v -11.735963 8.110585 19.635255
v -12.070265 8.341617 18.118675
v -12.272322 8.481256 16.567927
v -12.339922 8.527973 15.000000
v -12.272322 8.481256 13.432073
v -12.070265 8.341617 11.881325
v -11.735963 8.110585 10.364745
v -11.273080 7.790691 8.898950
v -10.686686 7.385442 7.500000
v -9.983207 6.899275 6.183221
v -9.170349 6.337519 4.963041
v -8.257019 5.706328 3.852828
v -7.253224 5.012617 2.864745
v -6.169961 4.263987 2.009619
v -5.019098 3.468639 1.296818
v -3.813246 2.635289 0.734152
v -2.565614 1.773065 0.327786
v -1.289873 0.891416 0.082172
v -1.447022 0.603757 0.082172
v -2.878190 1.200898 0.327786
v -4.277824 1.784883 0.734152
v -5.630590 2.349312 1.296818
v -6.921665 2.888001 2.009619
v -8.136905 3.395049 2.864745
v -9.262996 3.864900 3.852828
v -10.287599 4.292406 4.963041
v -11.199489 4.672884 6.183221
v -11.988676 5.002165 7.500000
v -12.646512 5.276641 8.898950
v -13.165790 5.493305 10.364745
v -13.540820 5.649783 11.881325
v -13.767495 5.744361 13.432073
v -13.843330 5.776003 15.000000
v -13.767495 5.744361 16.567927
v -13.540820 5.649783 18.118675
v -13.165790 5.493305 19.635255
v -12.646512 5.276641 21.101050
v -11.988676 5.002165 22.500000
v -11.199489 4.672884 23.816779
v -10.287599 4.292406 25.036959
v -9.262996 3.864900 26.147172
v -8.136905 3.395049 27.135255
v -6.921665 2.888001 27.990381
v -5.630590 2.349312 28.703182
v -4.277824 1.784883 29.265848
v -2.878190 1.200898 29.672214
v -1.447022 0.603757 29.917828
v -1.502205 0.449194 0.082172
v -2.987951 0.893467 0.327786
v -4.440961 1.327951 0.734152
v -5.845315 1.747885 1.296818
v -7.185626 2.148669 2.009619
v -8.447210 2.525912 2.864745
v -9.616244 2.875481 3.852828
v -10.679921 3.193545 4.963041
v -11.626587 3.476620 6.183221
v -12.445869 3.721605 7.500000
v -13.128792 3.925815 8.898950
v -13.667873 4.087012 10.364745
v -14.057205 4.203432 11.881325
v -14.292525 4.273798 13.432073
v -14.371252 4.297339 15.000000
v -14.292525 4.273798 16.567927
v -14.057205 4.203432 18.118675
v -13.667873 4.087012 19.635255
v -13.128792 3.925815 21.101050
v -12.445869 3.721605 22.500000
v -11.626587 3.476620 23.816779
v -10.679921 3.193545 25.036959
v -9.616244 2.875481 26.147172
v -8.447210 2.525912 27.135255
v -7.185626 2.148669 27.990381
v -5.845315 1.747885 28.703182
v -4.440961 1.327951 29.265848
v -2.987951 0.893467 29.672214
v -1.502205 0.449194 29.917828
v -1.540929 0.289710 0.082172
v -3.064976 0.576247 0.327786
v -4.555442 0.856469 0.734152
v -5.995997 1.127308 1.296818
v -7.370859 1.385796 2.009619
v -8.664965 1.629101 2.864745
v -9.864135 1.854558 3.852828
v -10.955232 2.059695 4.963041
v -11.926301 2.242266 6.183221
v -12.766703 2.400270 7.500000
v -13.467230 2.531976 8.898950
v -14.020208 2.635941 10.364745
v -14.419577 2.711027 11.881325
v -14.660962 2.756410 13.432073
v -14.741719 2.771593 15.000000
v -14.660962 2.756410 16.567927
v -14.419577 2.711027 18.118675
v -14.020208 2.635941 19.635255
v -13.467230 2.531976 21.101050
v -12.766703 2.400270 22.500000
v -11.926301 2.242266 23.816779
v -10.955232 2.059695 25.036959
v -9.864135 1.854558 26.147172
v -8.664965 1.629101 27.135255
v -7.370859 1.385796 27.990381
v -5.995997 1.127308 28.703182
v -4.555442 0.856469 29.265848
v -3.064976 0.576247 29.672214
v -1.540929 0.289710 29.917828
v -1.562771 0.127052 0.082172
v -3.108420 0.252713 0.327786
v -4.620012 0.375604 0.734152
v -6.080986 0.494380 1.296818
v -7.475336 0.607740 2.009619
v -8.787785 0.714442 2.864745
v -10.003953 0.813315 3.852828
v -11.110515 0.903278 4.963041
v -12.095348 0.983344 6.183221
v -12.947662 1.052637 7.500000
v -13.658119 1.110397 8.898950
v -14.218934 1.155991 10.364745
v -14.623964 1.188919 11.881325
v -14.868771 1.208822 13.432073
v -14.950672 1.215481 15.000000
v -14.868771 1.208822 16.567927
v -14.623964 1.188919 18.118675
v -14.218934 1.155991 19.635255
v -13.658119 1.110397 21.101050
v -12.947662 1.052637 22.500000
v -12.095348 0.983344 23.816779
v -11.110515 0.903278 25.036959
v -10.003953 0.813315 26.147172
v -8.787785 0.714442 27.135255
v -7.475336 0.607740 27.990381
v -6.080986 0.494380 28.703182
v -4.620012 0.375604 29.265848
v -3.108420 0.252713 29.672214
v -1.562771 0.127052 29.917828
v -1.567490 -0.036998 0.082172
v -3.117807 -0.073590 0.327786
v -4.633964 -0.109376 0.734152
v -6.099351 -0.143964 1.296818
v -7.497912 -0.176974 2.009619
v -8.814324 -0.208046 2.864745
v -10.034164 -0.236838 3.852828
v -11.144069 -0.263035 4.963041
v -12.131876 -0.286351 6.183221
v -12.986764 -0.306529 7.500000
v -13.699366 -0.323348 8.898950
v -14.261876 -0.336625 10.364745
v -14.668129 -0.346214 11.881325
v -14.913675 -0.352010 13.432073
v -14.995823 -0.353949 15.000000
v -14.913675 -0.352010 16.567927
v -14.668129 -0.346214 18.118675
v -14.261876 -0.336625 19.635255
v -13.699366 -0.323348 21.101050
v -12.986764 -0.306529 22.500000
v -12.131876 -0.286351 23.816779
v -11.144069 -0.263035 25.036959
v -10.034164 -0.236838 26.147172
v -8.814324 -0.208046 27.135255
v -7.497912 -0.176974 27.990381
v -6.099351 -0.143964 28.703182
v -4.633964 -0.109376 29.265848
v -3.117807 -0.073590 29.672214
v -1.567490 -0.036998 29.917828
v -1.555036 -0.200642 0.082172
v -3.093035 -0.399087 0.327786
v -4.597146 -0.593158 0.734152
v -6.050890 -0.780731 1.296818
v -7.438339 -0.959750 2.009619
v -8.744291 -1.128254 2.864745
v -9.954440 -1.284396 3.852828
v -11.055526 -1.426467 4.963041
v -12.035485 -1.552908 6.183221
v -12.883580 -1.662336 7.500000
v -13.590521 -1.753551 8.898950
v -14.148561 -1.825553 10.364745
v -14.551586 -1.877555 11.881325
v -14.795181 -1.908985 13.432073
v -14.876677 -1.919500 15.000000
v -14.795181 -1.908985 16.567927
v -14.551586 -1.877555 18.118675
v -14.148561 -1.825553 19.635255
v -13.590521 -1.753551 21.101050
v -12.883580 -1.662336 22.500000
v -12.035485 -1.552908 23.816779
v -11.055526 -1.426467 25.036959
v -9.954440 -1.284396 26.147172
v -8.744291 -1.128254 27.135255
v -7.438339 -0.959750 27.990381
v -6.050890 -0.780731 28.703182
v -4.597146 -0.593158 29.265848
v -3.093035 -0.399087 29.672214
v -1.555036 -0.200642 29.917828
v -1.525545 -0.362089 0.082172
v -3.034375 -0.720210 0.327786
v -4.509960 -1.070441 0.734152
v -5.936134 -1.408944 1.296818
v -7.297269 -1.732011 2.009619
v -8.578455 -2.036101 2.864745
v -9.765652 -2.317883 3.852828
v -10.845856 -2.574269 4.963041
v -11.807230 -2.802452 6.183221
v -12.639241 -2.999930 7.500000
v -13.332774 -3.164541 8.898950
v -13.880231 -3.294480 10.364745
v -14.275613 -3.388324 11.881325
v -14.514588 -3.445045 13.432073
v -14.594539 -3.464021 15.000000
v -14.514588 -3.445045 16.567927
v -14.275613 -3.388324 18.118675
v -13.880231 -3.294480 19.635255
v -13.332774 -3.164541 21.101050
v -12.639241 -2.999930 22.500000
v -11.807230 -2.802452 23.816779
v -10.845856 -2.574269 25.036959
v -9.765652 -2.317883 26.147172
v -8.578455 -2.036101 27.135255
v -7.297269 -1.732011 27.990381
v -5.936134 -1.408944 28.703182
v -4.509960 -1.070441 29.265848
v -3.034375 -0.720210 29.672214
v -1.525545 -0.362089 29.917828
v -1.479339 -0.519568 0.082172
v -2.942470 -1.033444 0.327786
v -4.373363 -1.535997 0.734152
v -5.756340 -2.021721 1.296818
v -7.076250 -2.485295 2.009619
v -8.318630 -2.921639 2.864745
v -9.469871 -3.325974 3.852828
v -10.517357 -3.693868 4.963041
v -11.449613 -4.021291 6.183221
v -12.256424 -4.304657 7.500000
v -12.928952 -4.540860 8.898950
v -13.459827 -4.727312 10.364745
v -13.843233 -4.861970 11.881325
v -14.074971 -4.943360 13.432073
v -14.152499 -4.970590 15.000000
v -14.074971 -4.943360 16.567927
v -13.843233 -4.861970 18.118675
v -13.459827 -4.727312 19.635255
v -12.928952 -4.540860 21.101050
v -12.256424 -4.304657 22.500000
v -11.449613 -4.021291 23.816779
v -10.517357 -3.693868 25.036959
v -9.469871 -3.325974 26.147172
v -8.318630 -2.921639 27.135255
v -7.076250 -2.485295 27.990381
v -5.756340 -2.021721 28.703182
v -4.373363 -1.535997 29.265848
v -2.942470 -1.033444 29.672214
v -1.479339 -0.519568 29.917828
v -1.416925 -0.671355 0.082172
v -2.818327 -1.335354 0.327786
v -4.188850 -1.984723 0.734152
v -5.513479 -2.612347 1.296818
v -6.777701 -3.211350 2.009619
v -7.967666 -3.775168 2.864745
v -9.070335 -4.297625 3.852828
v -10.073627 -4.772996 4.963041
v -10.966551 -5.196073 6.183221
v -11.739323 -5.562221 7.500000
v -12.383476 -5.867428 8.898950
v -12.891954 -6.108350 10.364745
v -13.259184 -6.282348 11.881325
v -13.481145 -6.387515 13.432073
v -13.555402 -6.422699 15.000000
v -13.481145 -6.387515 16.567927
v -13.259184 -6.282348 18.118675
v -12.891954 -6.108350 19.635255
v -12.383476 -5.867428 21.101050
v -11.739323 -5.562221 22.500000
v -10.966551 -5.196073 23.816779
v -10.073627 -4.772996 25.036959
v -9.070335 -4.297625 26.147172
v -7.967666 -3.775168 27.135255
v -6.777701 -3.211350 27.990381
v -5.513479 -2.612347 28.703182
v -4.188850 -1.984723 29.265848
v -2.818327 -1.335354 29.672214
v -1.416925 -0.671355 29.917828
v -1.338988 -0.815786 0.082172
v -2.663305 -1.622634 0.327786
v -3.958443 -2.411705 0.734152
v -5.210211 -3.174352 1.296818
v -6.404895 -3.902220 2.009619
v -7.529405 -4.587335 2.864745
v -8.571422 -5.222190 3.852828
v -9.519529 -5.799829 4.963041
v -10.363338 -6.313925 6.183221
v -11.093603 -6.758844 7.500000
v -11.702325 -7.129711 8.898950
v -12.182834 -7.422464 10.364745
v -12.529865 -7.633895 11.881325
v -12.739616 -7.761687 13.432073
v -12.809790 -7.804440 15.000000
v -12.739616 -7.761687 16.567927
v -12.529865 -7.633895 18.118675
v -12.182834 -7.422464 19.635255
v -11.702325 -7.129711 21.101050
v -11.093603 -6.758844 22.500000
v -10.363338 -6.313925 23.816779
v -9.519529 -5.799829 25.036959
v -8.571422 -5.222190 26.147172
v -7.529405 -4.587335 27.135255
v -6.404895 -3.902220 27.990381
v -5.210211 -3.174352 28.703182
v -3.958443 -2.411705 29.265848
v -2.663305 -1.622634 29.672214
v -1.338988 -0.815786 29.917828
v -1.246380 -0.951280 0.082172
v -2.479104 -1.892137 0.327786
v -3.684666 -2.812263 0.734152
v -4.849859 -3.701578 1.296818
v -5.961915 -4.550337 2.009619
v -7.008651 -5.349242 2.864745
v -7.978600 -6.089540 3.852828
v -8.861133 -6.763119 4.963041
v -9.646581 -7.362600 6.183221
v -10.326340 -7.881415 7.500000
v -10.892961 -8.313880 8.898950
v -11.340236 -8.655256 10.364745
v -11.663266 -8.901803 11.881325
v -11.858510 -9.050820 13.432073
v -11.923830 -9.100674 15.000000
v -11.858510 -9.050820 16.567927
v -11.663266 -8.901803 18.118675
v -11.340236 -8.655256 19.635255
v -10.892961 -8.313880 21.101050
v -10.326340 -7.881415 22.500000
v -9.646581 -7.362600 23.816779
v -8.861133 -6.763119 25.036959
v -7.978600 -6.089540 26.147172
v -7.008651 -5.349242 27.135255
v -5.961915 -4.550337 27.990381
v -4.849859 -3.701578 28.703182
v -3.684666 -2.812263 29.265848
v -2.479104 -1.892137 29.672214
v -1.246380 -0.951280 29.917828
v -1.140116 -1.076350 0.082172
v -2.267741 -2.140908 0.327786
v -3.370520 -3.182010 0.734152
v -4.436370 -4.188248 1.296818
v -5.453615 -5.148600 2.009619
v -6.411109 -6.052542 2.864745
v -7.298362 -6.890171 3.852828
v -8.105652 -7.652311 4.963041
v -8.824135 -8.330609 6.183221
v -9.445939 -8.917636 7.500000
v -9.964251 -9.406960 8.898950
v -10.373393 -9.793219 10.364745
v -10.668881 -10.072181 11.881325
v -10.847480 -10.240790 13.432073
v -10.907231 -10.297200 15.000000
v -10.847480 -10.240790 16.567927
v -10.668881 -10.072181 18.118675
v -10.373393 -9.793219 19.635255
v -9.964251 -9.406960 21.101050
v -9.445939 -8.917636 22.500000
v -8.824135 -8.330609 23.816779
v -8.105652 -7.652311 25.036959
v -7.298362 -6.890171 26.147172
v -6.411109 -6.052542 27.135255
v -5.453615 -5.148600 27.990381
v -4.436370 -4.188248 28.703182
v -3.370520 -3.182010 29.265848
v -2.267741 -2.140908 29.672214
v -1.140116 -1.076350 29.917828
v -1.021361 -1.189629 0.082172
v -2.031532 -2.366224 0.327786
v -3.019445 -3.516894 0.734152
v -3.974276 -4.629032 1.296818
v -4.885565 -5.690453 2.009619
v -5.743326 -6.689529 2.864745
v -6.538162 -7.615313 3.852828
v -7.261364 -8.457662 4.963041
v -7.905010 -9.207347 6.183221
v -8.462046 -9.856154 7.500000
v -8.926371 -10.396975 8.898950
v -9.292896 -10.823885 10.364745
v -9.557607 -11.132206 11.881325
v -9.717602 -11.318561 13.432073
v -9.771129 -11.380907 15.000000
v -9.717602 -11.318561 16.567927
v -9.557607 -11.132206 18.118675
v -9.292896 -10.823885 19.635255
v -8.926371 -10.396975 21.101050
v -8.462046 -9.856154 22.500000
v -7.905010 -9.207347 23.816779
v -7.261364 -8.457662 25.036959
v -6.538162 -7.615313 26.147172
v -5.743326 -6.689529 27.135255
v -4.885565 -5.690453 27.990381
v -3.974276 -4.629032 28.703182
v -3.019445 -3.516894 29.265848
v -2.031532 -2.366224 29.672214
v -1.021361 -1.189629 29.917828
v -0.891416 -1.289873 0.082172
v -1.773065 -2.565614 0.327786
v -2.635289 -3.813246 0.734152
v -3.468639 -5.019098 1.296818
v -4.263987 -6.169961 2.009619
v -5.012617 -7.253224 2.864745
v -5.706328 -8.257019 3.852828
v -6.337519 -9.170349 4.963041
v -6.899275 -9.983207 6.183221
v -7.385442 -10.686686 7.500000
v -7.790691 -11.273080 8.898950
v -8.110585 -11.735963 10.364745
v -8.341617 -12.070265 11.881325
v -8.481256 -12.272322 13.432073
v -8.527973 -12.339922 15.000000
v -8.481256 -12.272322 16.567927
v -8.341617 -12.070265 18.118675
v -8.110585 -11.735963 19.635255
v -7.790691 -11.273080 21.101050
v -7.385442 -10.686686 22.500000
v -6.899275 -9.983207 23.816779
v -6.337519 -9.170349 25.036959
v -5.706328 -8.257019 26.147172
v -5.012617 -7.253224 27.135255
v -4.263987 -6.169961 27.990381
v -3.468639 -5.019098 28.703182
v -2.635289 -3.813246 29.265848
v -1.773065 -2.565614 29.672214
v -0.891416 -1.289873 29.917828
v -0.751704 -1.375985 0.082172
v -1.495173 -2.736895 0.327786
v -2.222260 -4.067819 0.734152
v -2.924999 -5.354175 1.296818
v -3.595692 -6.581869 2.009619
v -4.226989 -7.737451 2.864745
v -4.811975 -8.808260 3.852828
v -5.344239 -9.782564 4.963041
v -5.817951 -10.649688 6.183221
v -6.227920 -11.400132 7.500000
v -6.569655 -12.025673 8.898950
v -6.839412 -12.519459 10.364745
v -7.034234 -12.876079 11.881325
v -7.151988 -13.091626 13.432073
v -7.191383 -13.163738 15.000000
v -7.151988 -13.091626 16.567927
v -7.034234 -12.876079 18.118675
v -6.839412 -12.519459 19.635255
v -6.569655 -12.025673 21.101050
v -6.227920 -11.400132 22.500000
v -5.817951 -10.649688 23.816779
v -5.344239 -9.782564 25.036959
v -4.811975 -8.808260 26.147172
v -4.226989 -7.737451 27.135255
v -3.595692 -6.581869 27.990381
v -2.924999 -5.354175 28.703182
v -2.222260 -4.067819 29.265848
v -1.495173 -2.736895 29.672214
v -0.751704 -1.375985 29.917828
v -0.603757 -1.447022 0.082172
v -1.200898 -2.878190 0.327786
v -1.784883 -4.277824 0.734152
v -2.349312 -5.630590 1.296818
v -2.888001 -6.921665 2.009619
v -3.395049 -8.136905 2.864745
v -3.864900 -9.262996 3.852828
v -4.292406 -10.287599 4.963041
v -4.672884 -11.199489 6.183221
v -5.002165 -11.988676 7.500000
v -5.276641 -12.646512 8.898950
v -5.493305 -13.165790 10.364745
v -5.649783 -13.540820 11.881325
v -5.744361 -13.767495 13.432073
v -5.776003 -13.843330 15.000000
v -5.744361 -13.767495 16.567927
v -5.649783 -13.540820 18.118675
v -5.493305 -13.165790 19.635255
v -5.276641 -12.646512 21.101050
v -5.002165 -11.988676 22.500000
v -4.672884 -11.199489 23.816779
v -4.292406 -10.287599 25.036959
v -3.864900 -9.262996 26.147172
v -3.395049 -8.136905 27.135255
v -2.888001 -6.921665 27.990381
v -2.349312 -5.630590 28.703182
v -1.784883 -4.277824 29.265848
v -1.200898 -2.878190 29.672214
v -0.603757 -1.447022 29.917828
v -0.449194 -1.502205 0.082172
v -0.893467 -2.987951 0.327786
v -1.327951 -4.440961 0.734152
v -1.747885 -5.845315 1.296818
v -2.148669 -7.185626 2.009619
v -2.525912 -8.447210 2.864745
v -2.875481 -9.616244 3.852828
v -3.193545 -10.679921 4.963041
v -3.476620 -11.626587 6.183221
v -3.721605 -12.445869 7.500000
v -3.925815 -13.128792 8.898950
v -4.087012 -13.667873 10.364745
v -4.203432 -14.057205 11.881325
v -4.273798 -14.292525 13.432073
v -4.297339 -14.371252 15.000000
v -4.273798 -14.292525 16.567927
v -4.203432 -14.057205 18.118675
v -4.087012 -13.667873 19.635255
v -3.925815 -13.128792 21.101050
v -3.721605 -12.445869 22.500000
v -3.476620 -11.626587 23.816779
v -3.193545 -10.679921 25.036959
v -2.875481 -9.616244 26.147172
v -2.525912 -8.447210 27.135255
v -2.148669 -7.185626 27.990381
v -1.747885 -5.845315 28.703182
v -1.327951 -4.440961 29.265848
v -0.893467 -2.987951 29.672214
v -0.449194 -1.502205 29.917828
v -0.289710 -1.540929 0.082172
v -0.576247 -3.064976 0.327786
v -0.856469 -4.555442 0.734152
v -1.127308 -5.995997 1.296818
v -1.385796 -7.370859 2.009619
v -1.629101 -8.664965 2.864745
v -1.854558 -9.864135 3.852828
v -2.059695 -10.955232 4.963041
v -2.242266 -11.926301 6.183221
v -2.400270 -12.766703 7.500000
v -2.531976 -13.467230 8.898950
v -2.635941 -14.020208 10.364745
v -2.711027 -14.419577 11.881325
v -2.756410 -14.660962 13.432073
v -2.771593 -14.741719 15.000000
v -2.756410 -14.660962 16.567927
v -2.711027 -14.419577 18.118675
v -2.635941 -14.020208 19.635255
v -2.531976 -13.467230 21.101050
v -2.400270 -12.766703 22.500000
v -2.242266 -11.926301 23.816779
v -2.059695 -10.955232 25.036959
v -1.854558 -9.864135 26.147172
v -1.629101 -8.664965 27.135255
v -1.385796 -7.370859 27.990381
v -1.127308 -5.995997 28.703182
v -0.856469 -4.555442 29.265848
v -0.576247 -3.064976 29.672214
v -0.289710 -1.540929 29.917828
v -0.127052 -1.562771 0.082172
v -0.252713 -3.108420 0.327786
v -0.375604 -4.620012 0.734152
v -0.494380 -6.080986 1.296818
v -0.607740 -7.475336 2.009619
v -0.714442 -8.787785 2.864745
v -0.813315 -10.003953 3.852828
v -0.903278 -11.110515 4.963041
v -0.983344 -12.095348 6.183221
v -1.052637 -12.947662 7.500000
v -1.110397 -13.658119 8.898950
v -1.155991 -14.218934 10.364745
v -1.188919 -14.623964 11.881325
v -1.208822 -14.868771 13.432073
v -1.215481 -14.950672 15.000000
v -1.208822 -14.868771 16.567927
v -1.188919 -14.623964 18.118675
v -1.155991 -14.218934 19.635255
v -1.110397 -13.658119 21.101050
v -1.052637 -12.947662 22.500000
v -0.983344 -12.095348 23.816779
v -0.903278 -11.110515 25.036959
v -0.813315 -10.003953 26.147172
v -0.714442 -8.787785 27.135255
v -0.607740 -7.475336 27.990381
v -0.494380 -6.080986 28.703182
v -0.375604 -4.620012 29.265848
v -0.252713 -3.108420 29.672214
v -0.127052 -1.562771 29.917828
v 0.036998 -1.567490 0.082172
v 0.073590 -3.117807 0.327786
v 0.109376 -4.633964 0.734152
v 0.143964 -6.099351 1.296818
v 0.176974 -7.497912 2.009619
v 0.208046 -8.814324 2.864745
v 0.236838 -10.034164 3.852828
v 0.263035 -11.144069 4.963041
v 0.286351 -12.131876 6.183221
v 0.306529 -12.986764 7.500000
v 0.323348 -13.699366 8.898950
v 0.336625 -14.261876 10.364745
v 0.346214 -14.668129 11.881325
v 0.352010 -14.913675 13.432073
v 0.353949 -14.995823 15.000000
v 0.352010 -14.913675 16.567927
v 0.346214 -14.668129 18.118675
v 0.336625 -14.261876 19.635255
v 0.323348 -13.699366 21.101050
v 0.306529 -12.986764 22.500000
v 0.286351 -12.131876 23.816779
v 0.263035 -11.144069 25.036959
v 0.236838 -10.034164 26.147172
v 0.208046 -8.814324 27.135255
v 0.176974 -7.497912 27.990381
v 0.143964 -6.099351 28.703182
v 0.109376 -4.633964 29.265848
v 0.073590 -3.117807 29.672214
v 0.036998 -1.567490 29.917828
v 0.200642 -1.555036 0.082172
v 0.399087 -3.093035 0.327786
v 0.593158 -4.597146 0.734152
v 0.780731 -6.050890 1.296818
v 0.959750 -7.438339 2.009619
v 1.128254 -8.744291 2.864745
v 1.284396 -9.954440 3.852828
v 1.426467 -11.055526 4.963041
v 1.552908 -12.035485 6.183221
v 1.662336 -12.883580 7.500000
v 1.753551 -13.590521 8.898950
v 1.825553 -14.148561 10.364745
v 1.877555 -14.551586 11.881325
v 1.908985 -14.795181 13.432073
v 1.919500 -14.876677 15.000000
v 1.908985 -14.795181 16.567927
v 1.877555 -14.551586 18.118675
v 1.825553 -14.148561 19.635255
v 1.753551 -13.590521 21.101050
v 1.662336 -12.883580 22.500000
v 1.552908 -12.035485 23.816779
v 1.426467 -11.055526 25.036959
v 1.284396 -9.954440 26.147172
v 1.128254 -8.744291 27.135255
v 0.959750 -7.438339 27.990381
v 0.780731 -6.050890 28.703182
v 0.593158 -4.597146 29.265848
v 0.399087 -3.093035 29.672214
v 0.200642 -1.555036 29.917828
v 0.362089 -1.525545 0.082172
v 0.720210 -3.034375 0.327786
v 1.070441 -4.509960 0.734152
v 1.408944 -5.936134 1.296818
v 1.732011 -7.297269 2.009619
v 2.036101 -8.578455 2.864745
v 2.317883 -9.765652 3.852828
v 2.574269 -10.845856 4.963041
v 2.802452 -11.807230 6.183221
v 2.999930 -12.639241 7.500000
v 3.164541 -13.332774 8.898950
v 3.294480 -13.880231 10.364745
v 3.388324 -14.275613 11.881325
v 3.445045 -14.514588 13.432073
v 3.464021 -14.594539 15.000000
v 3.445045 -14.514588 16.567927
v 3.388324 -14.275613 18.118675
v 3.294480 -13.880231 19.635255
v 3.164541 -13.332774 21.101050
v 2.999930 -12.639241 22.500000
v 2.802452 -11.807230 23.816779
v 2.574269 -10.845856 25.036959
v 2.317883 -9.765652 26.147172
v 2.036101 -8.578455 27.135255
v 1.732011 -7.297269 27.990381
v 1.408944 -5.936134 28.703182
v 1.070441 -4.509960 29.265848
v 0.720210 -3.034375 29.672214
v 0.362089 -1.525545 29.917828
v 0.519568 -1.479339 0.082172
v 1.033444 -2.942470 0.327786
v 1.535997 -4.373363 0.734152
v 2.021721 -5.756340 1.296818
v 2.485295 -7.076250 2.009619
v 2.921639 -8.318630 2.864745
v 3.325974 -9.469871 3.852828
v 3.693868 -10.517357 4.963041
v 4.021291 -11.449613 6.183221
v 4.304657 -12.256424 7.500000
v 4.540860 -12.928952 8.898950
v 4.727312 -13.459827 10.364745
v 4.861970 -13.843233 11.881325
v 4.943360 -14.074971 13.432073
v 4.970590 -14.152499 15.000000
v 4.943360 -14.074971 16.567927
v 4.861970 -13.843233 18.118675
v 4.727312 -13.459827 19.635255
v 4.540860 -12.928952 21.101050
v 4.304657 -12.256424 22.500000
v 4.021291 -11.449613 23.816779
v 3.693868 -10.517357 25.036959
v 3.325974 -9.469871 26.147172
v 2.921639 -8.318630 27.135255
v 2.485295 -7.076250 27.990381
v 2.021721 -5.756340 28.703182
v 1.535997 -4.373363 29.265848
v 1.033444 -2.942470 29.672214
v 0.519568 -1.479339 29.917828
v 0.671355 -1.416925 0.082172
v 1.335354 -2.818327 0.327786
v 1.984723 -4.188850 0.734152
v 2.612347 -5.513479 1.296818
v 3.211350 -6.777701 2.009619
v 3.775168 -7.967666 2.864745
v 4.297625 -9.070335 3.852828
v 4.772996 -10.073627 4.963041
v 5.196073 -10.966551 6.183221
v 5.562221 -11.739323 7.500000
v 5.867428 -12.383476 8.898950
v 6.108350 -12.891954 10.364745
v 6.282348 -13.259184 11.881325
v 6.387515 -13.481145 13.432073
v 6.422699 -13.555402 15.000000
v 6.387515 -13.481145 16.567927
v 6.282348 -13.259184 18.118675
v 6.108350 -12.891954 19.635255
v 5.867428 -12.383476 21.101050
v 5.562221 -11.739323 22.500000
v 5.196073 -10.966551 23.816779
v 4.772996 -10.073627 25.036959
v 4.297625 -9.070335 26.147172
v 3.775168 -7.967666 27.135255
v 3.211350 -6.777701 27.990381
v 2.612347 -5.513479 28.703182
v 1.984723 -4.188850 29.265848
v 1.335354 -2.818327 29.672214
v 0.671355 -1.416925 29.917828
v 0.815786 -1.338988 0.082172
v 1.622634 -2.663305 0.327786
v 2.411705 -3.958443 0.734152
v 3.174352 -5.210211 1.296818
v 3.902220 -6.404895 2.009619
v 4.587335 -7.529405 2.864745
v 5.222190 -8.571422 3.852828
v 5.799829 -9.519529 4.963041
v 6.313925 -10.363338 6.183221
v 6.758844 -11.093603 7.500000
v 7.129711 -11.702325 8.898950
v 7.422464 -12.182834 10.364745
v 7.633895 -12.529865 11.881325
v 7.761687 -12.739616 13.432073
v 7.804440 -12.809790 15.000000
v 7.761687 -12.739616 16.567927
v 7.633895 -12.529865 18.118675
v 7.422464 -12.182834 19.635255
v 7.129711 -11.702325 21.101050
v 6.758844 -11.093603 22.500000
v 6.313925 -10.363338 23.816779
v 5.799829 -9.519529 25.036959
v 5.222190 -8.571422 26.147172
v 4.587335 -7.529405 27.135255
v 3.902220 -6.404895 27.990381
v 3.174352 -5.210211 28.703182
v 2.411705 -3.958443 29.265848
v 1.622634 -2.663305 29.672214
v 0.815786 -1.338988 29.917828
v 0.951280 -1.246380 0.082172
v 1.892137 -2.479104 0.327786
v 2.812263 -3.684666 0.734152
v 3.701578 -4.849859 1.296818
v 4.550337 -5.961915 2.009619
v 5.349242 -7.008651 2.864745
v 6.089540 -7.978600 3.852828
v 6.763119 -8.861133 4.963041
v 7.362600 -9.646581 6.183221
v 7.881415 -10.326340 7.500000
v 8.313880 -10.892961 8.898950
v 8.655256 -11.340236 10.364745
v 8.901803 -11.663266 11.881325
v 9.050820 -11.858510 13.432073
v 9.100674 -11.923830 15.000000
v 9.050820 -11.858510 16.567927
v 8.901803 -11.663266 18.118675
v 8.655256 -11.340236 19.635255
v 8.313880 -10.892961 21.101050
v 7.881415 -10.326340 22.500000
v 7.362600 -9.646581 23.816779
v 6.763119 -8.861133 25.036959
v 6.089540 -7.978600 26.147172
v 5.349242 -7.008651 27.135255
v 4.550337 -5.961915 27.990381
v 3.701578 -4.849859 28.703182
v 2.812263 -3.684666 29.265848
v 1.892137 -2.479104 29.672214
v 0.951280 -1.246380 29.917828
v 1.076350 -1.140116 0.082172
v 2.140908 -2.267741 0.327786
v 3.182010 -3.370520 0.734152
v 4.188248 -4.436370 1.296818
v 5.148600 -5.453615 2.009619
v 6.052542 -6.411109 2.864745
v 6.890171 -7.298362 3.852828
v 7.652311 -8.105652 4.963041
v 8.330609 -8.824135 6.183221
v 8.917636 -9.445939 7.500000
v 9.406960 -9.964251 8.898950
v 9.793219 -10.373393 10.364745
v 10.072181 -10.668881 11.881325
v 10.240790 -10.847480 13.432073
v 10.297200 -10.907231 15.000000
v 10.240790 -10.847480 16.567927
v 10.072181 -10.668881 18.118675
v 9.793219 -10.373393 19.635255
v 9.406960 -9.964251 21.101050
v 8.917636 -9.445939 22.500000
v 8.330609 -8.824135 23.816779
v 7.652311 -8.105652 25.036959
v 6.890171 -7.298362 26.147172
v 6.052542 -6.411109 27.135255
v 5.148600 -5.453615 27.990381
v 4.188248 -4.436370 28.703182
v 3.182010 -3.370520 29.265848
v 2.140908 -2.267741 29.672214
v 1.076350 -1.140116 29.917828
v 1.189629 -1.021361 0.082172
v 2.366224 -2.031532 0.327786
v 3.516894 -3.019445 0.734152
v 4.629032 -3.974276 1.296818
v 5.690453 -4.885565 2.009619
v 6.689529 -5.743326 2.864745
v 7.615313 -6.538162 3.852828
v 8.457662 -7.261364 4.963041
v 9.207347 -7.905010 6.183221
v 9.856154 -8.462046 7.500000
v 10.396975 -8.926371 8.898950
v 10.823885 -9.292896 10.364745
v 11.132206 -9.557607 11.881325
v 11.318561 -9.717602 13.432073
v 11.380907 -9.771129 15.000000
v 11.318561 -9.717602 16.567927
v 11.132206 -9.557607 18.118675
v 10.823885 -9.292896 19.635255
v 10.396975 -8.926371 21.101050
v 9.856154 -8.462046 22.500000
v 9.207347 -7.905010 23.816779
v 8.457662 -7.261364 25.036959
v 7.615313 -6.538162 26.147172
v 6.689529 -5.743326 27.135255
v 5.690453 -4.885565 27.990381
v 4.629032 -3.974276 28.703182
v 3.516894 -3.019445 29.265848
v 2.366224 -2.031532 29.672214
v 1.189629 -1.021361 29.917828
v -1.189629 1.021361 29.917828
v -2.366224 2.031532 29.672214
v -3.516894 3.019445 29.265848
v -4.629032 3.974276 28.703182
v -5.690453 4.885565 27.990381
v -6.689529 5.743326 27.135255
v -7.615313 6.538162 26.147172
v -8.457662 7.261364 25.036959
v -9.207347 7.905010 23.816779
v -9.856154 8.462046 22.500000
v -10.396975 8.926371 21.101050
v -10.823885 9.292896 19.635255
v -11.132206 9.557607 18.118675
v -11.318561 9.717602 16.567927
v -11.380907 9.771129 15.000000
v -11.318561 9.717602 13.432073
v -11.132206 9.557607 11.881325
v -10.823885 9.292896 10.364745
v -10.396975 8.926371 8.898950
v -9.856154 8.462046 7.500000
v -9.207347 7.905010 6.183221
v -8.457662 7.261364 4.963041
v -7.615313 6.538162 3.852828
v -6.689529 5.743326 2.864745
v -5.690453 4.885565 2.009619
v -4.629032 3.974276 1.296818
v -3.516894 3.019445 0.734152
v -2.366224 2.031532 0.327786
v -1.189629 1.021361 0.082172
v -1.076350 1.140116 29.917828
v -2.140908 2.267741 29.672214
v -3.182010 3.370520 29.265848
v -4.188248 4.436370 28.703182
v -5.148600 5.453615 27.990381
v -6.052542 6.411109 27.135255
v -6.890171 7.298362 26.147172
v -7.652311 8.105652 25.036959
v -8.330609 8.824135 23.816779
v -8.917636 9.445939 22.500000
v -9.406960 9.964251 21.101050
v -9.793219 10.373393 19.635255
v -10.072181 10.668881 18.118675
v -10.240790 10.847480 16.567927
v -10.297200 10.907231 15.000000
v -10.240790 10.847480 13.432073
v -10.072181 10.668881 11.881325
v -9.793219 10.373393 10.364745
v -9.406960 9.964251 8.898950
v -8.917636 9.445939 7.500000
v -8.330609 8.824135 6.183221
v -7.652311 8.105652 4.963041
v -6.890171 7.298362 3.852828
v -6.052542 6.411109 2.864745
v -5.148600 5.453615 2.009619
v -4.188248 4.436370 1.296818
v -3.182010 3.370520 0.734152
v -2.140908 2.267741 0.327786
v -1.076350 1.140116 0.082172
v -0.951280 1.246380 29.917828
v -1.892137 2.479104 29.672214
v -2.812263 3.684666 29.265848
v -3.701578 4.849859 28.703182
v -4.550337 5.961915 27.990381
v -5.349242 7.008651 27.135255
v -6.089540 7.978600 26.147172
v -6.763119 8.861133 25.036959
v -7.362600 9.646581 23.816779
v -7.881415 10.326340 22.500000
v -8.313880 10.892961 21.101050
v -8.655256 11.340236 19.635255
v -8.901803 11.663266 18.118675
v -9.050820 11.858510 16.567927
v -9.100674 11.923830 15.000000
v -9.050820 11.858510 13.432073
v -8.901803 11.663266 11.881325
v -8.655256 11.340236 10.364745
v -8.313880 10.892961 8.898950
v -7.881415 10.326340 7.500000
v -7.362600 9.646581 6.183221
v -6.763119 8.861133 4.963041
v -6.089540 7.978600 3.852828
v -5.349242 7.008651 2.864745
v -4.550337 5.961915 2.009619
v -3.701578 4.849859 1.296818
v -2.812263 3.684666 0.734152
v -1.892137 2.479104 0.327786
v -0.951280 1.246380 0.082172
v -0.815786 1.338988 29.917828
v -1.622634 2.663305 29.672214
v -2.411705 3.958443 29.265848
v -3.174352 5.210211 28.703182
v -3.902220 6.404895 27.990381
v -4.587335 7.529405 27.135255
v -5.222190 8.571422 26.147172
v -5.799829 9.519529 25.036959
v -6.313925 10.363338 23.816779
v -6.758844 11.093603 22.500000
v -7.129711 11.702325 21.101050
v -7.422464 12.182834 19.635255
v -7.633895 12.529865 18.118675
v -7.761687 12.739616 16.567927
v -7.804440 12.809790 15.000000
v -7.761687 12.739616 13.432073
v -7.633895 12.529865 11.881325
v -7.422464 12.182834 10.364745
v -7.129711 11.702325 8.898950
v -6.758844 11.093603 7.500000
v -6.313925 10.363338 6.183221
v -5.799829 9.519529 4.963041
v -5.222190 8.571422 3.852828
v -4.587335 7.529405 2.864745
v -3.902220 6.404895 2.009619
v -3.174352 5.210211 1.296818
v -2.411705 3.958443 0.734152
v -1.622634 2.663305 0.327786
v -0.815786 1.338988 0.082172
v -0.671355 1.416925 29.917828
v -1.335354 2.818327 29.672214
v -1.984723 4.188850 29.265848
v -2.612347 5.513479 28.703182
v -3.211350 6.777701 27.990381
v -3.775168 7.967666 27.135255
v -4.297625 9.070335 26.147172
v -4.772996 10.073627 25.036959
v -5.196073 10.966551 23.816779
v -5.562221 11.739323 22.500000
v -5.867428 12.383476 21.101050
v -6.108350 12.891954 19.635255
v -6.282348 13.259184 18.118675
v -6.387515 13.481145 16.567927
v -6.422699 13.555402 15.000000
v -6.387515 13.481145 13.432073
v -6.282348 13.259184 11.881325
v -6.108350 12.891954 10.364745
v -5.867428 12.383476 8.898950
v -5.562221 11.739323 7.500000
v -5.196073 10.966551 6.183221
v -4.772996 10.073627 4.963041
v -4.297625 9.070335 3.852828
v -3.775168 7.967666 2.864745
v -3.211350 6.777701 2.009619
v -2.612347 5.513479 1.296818
v -1.984723 4.188850 0.734152
v -1.335354 2.818327 0.327786
v -0.671355 1.416925 0.082172
v -0.519568 1.479339 29.917828
v -1.033444 2.942470 29.672214
v -1.535997 4.373363 29.265848
v -2.021721 5.756340 28.703182
v -2.485295 7.076250 27.990381
v -2.921639 8.318630 27.135255
v -3.325974 9.469871 26.147172
v -3.693868 10.517357 25.036959
v -4.021291 11.449613 23.816779
v -4.304657 12.256424 22.500000
v -4.540860 12.928952 21.101050
v -4.727312 13.459827 19.635255
v -4.861970 13.843233 18.118675
v -4.943360 14.074971 16.567927
v -4.970590 14.152499 15.000000
v -4.943360 14.074971 13.432073
v -4.861970 13.843233 11.881325
v -4.727312 13.459827 10.364745
v -4.540860 12.928952 8.898950
v -4.304657 12.256424 7.500000
v -4.021291 11.449613 6.183221
v -3.693868 10.517357 4.963041
v -3.325974 9.469871 3.852828
v -2.921639 8.318630 2.864745
v -2.485295 7.076250 2.009619
v -2.021721 5.756340 1.296818
v -1.535997 4.373363 0.734152
v -1.033444 2.942470 0.327786
v -0.519568 1.479339 0.082172
v -0.362089 1.525545 29.917828
v -0.720210 3.034375 29.672214
v -1.070441 4.509960 29.265848
v -1.408944 5.936134 28.703182
v -1.732011 7.297269 27.990381
v -2.036101 8.578455 27.135255
v -2.317883 9.765652 26.147172
v -2.574269 10.845856 25.036959
v -2.802452 11.807230 23.816779
v -2.999930 12.639241 22.500000
v -3.164541 13.332774 21.101050
v -3.294480 13.880231 19.635255
v -3.388324 14.275613 18.118675
v -3.445045 14.514588 16.567927
v -3.464021 14.594539 15.000000
v -3.445045 14.514588 13.432073
v -3.388324 14.275613 11.881325
v -3.294480 13.880231 10.364745
v -3.164541 13.332774 8.898950
v -2.999930 12.639241 7.500000
v -2.802452 11.807230 6.183221
v -2.574269 10.845856 4.963041
v -2.317883 9.765652 3.852828
v -2.036101 8.578455 2.864745
v -1.732011 7.297269 2.009619
v -1.408944 5.936134 1.296818
v -1.070441 4.509960 0.734152
v -0.720210 3.034375 0.327786
v -0.362089 1.525545 0.082172
v -0.200642 1.555036 29.917828
v -0.399087 3.093035 29.672214
v -0.593158 4.597146 29.265848
v -0.780731 6.050890 28.703182
v -0.959750 7.438339 27.990381
v -1.128254 8.744291 27.135255
v -1.284396 9.954440 26.147172
v -1.426467 11.055526 25.036959
v -1.552908 12.035485 23.816779
v -1.662336 12.883580 22.500000
v -1.753551 13.590521 21.101050
v -1.825553 14.148561 19.635255
v -1.877555 14.551586 18.118675
v -1.908985 14.795181 16.567927
v -1.919500 14.876677 15.000000
v -1.908985 14.795181 13.432073
v -1.877555 14.551586 11.881325
v -1.825553 14.148561 10.364745
v -1.753551 13.590521 8.898950
v -1.662336 12.883580 7.500000
v -1.552908 12.035485 6.183221
v -1.426467 11.055526 4.963041
v -1.284396 9.954440 3.852828
v -1.128254 8.744291 2.864745
v -0.959750 7.438339 2.009619
v -0.780731 6.050890 1.296818
v -0.593158 4.597146 0.734152
v -0.399087 3.093035 0.327786
v -0.200642 1.555036 0.082172
v -0.036998 1.567490 29.917828
v -0.073590 3.117807 29.672214
v -0.109376 4.633964 29.265848
v -0.143964 6.099351 28.703182
v -0.176974 7.497912 27.990381
v -0.208046 8.814324 27.135255
v -0.236838 10.034164 26.147172
v -0.263035 11.144069 25.036959
v -0.286351 12.131876 23.816779
v -0.306529 12.986764 22.500000
v -0.323348 13.699366 21.101050
v -0.336625 14.261876 19.635255
v -0.346214 14.668129 18.118675
v -0.352010 14.913675 16.567927
v -0.353949 14.995823 15.000000
v -0.352010 14.913675 13.432073
v -0.346214 14.668129 11.881325
v -0.336625 14.261876 10.364745
v -0.323348 13.699366 8.898950
v -0.306529 12.986764 7.500000
v -0.286351 12.131876 6.183221
v -0.263035 11.144069 4.963041
v -0.236838 10.034164 3.852828
v -0.208046 8.814324 2.864745
v -0.176974 7.497912 2.009619
v -0.143964 6.099351 1.296818
v -0.109376 4.633964 0.734152
v -0.073590 3.117807 0.327786
v -0.036998 1.567490 0.082172
v 0.127052 1.562771 29.917828
v 0.252713 3.108420 29.672214
v 0.375604 4.620012 29.265848
v 0.494380 6.080986 28.703182
v 0.607740 7.475336 27.990381
v 0.714442 8.787785 27.135255
v 0.813315 10.003953 26.147172
v 0.903278 11.110515 25.036959
v 0.983344 12.095348 23.816779
v 1.052637 12.947662 22.500000
v 1.110397 13.658119 21.101050
v 1.155991 14.218934 19.635255
v 1.188919 14.623964 18.118675
v 1.208822 14.868771 16.567927
v 1.215481 14.950672 15.000000
v 1.208822 14.868771 13.432073
v 1.188919 14.623964 11.881325
v 1.155991 14.218934 10.364745
v 1.110397 13.658119 8.898950
v 1.052637 12.947662 7.500000
v 0.983344 12.095348 6.183221
v 0.903278 11.110515 4.963041
v 0.813315 10.003953 3.852828
v 0.714442 8.787785 2.864745
v 0.607740 7.475336 2.009619
v 0.494380 6.080986 1.296818
v 0.375604 4.620012 0.734152
v 0.252713 3.108420 0.327786
v 0.127052 1.562771 0.082172
v 0.289710 1.540929 29.917828
v 0.576247 3.064976 29.672214
v 0.856469 4.555442 29.265848
v 1.127308 5.995997 28.703182
v 1.385796 7.370859 27.990381
v 1.629101 8.664965 27.135255
v 1.854558 9.864135 26.147172
v 2.059695 10.955232 25.036959
v 2.242266 11.926301 23.816779
v 2.400270 12.766703 22.500000
v 2.531976 13.467230 21.101050
v 2.635941 14.020208 19.635255
v 2.711027 14.419577 18.118675
v 2.756410 14.660962 16.567927
v 2.771593 14.741719 15.000000
v 2.756410 14.660962 13.432073
v 2.711027 14.419577 11.881325
v 2.635941 14.020208 10.364745
v 2.531976 13.467230 8.898950
v 2.400270 12.766703 7.500000
v 2.242266 11.926301 6.183221
v 2.059695 10.955232 4.963041
v 1.854558 9.864135 3.852828
v 1.629101 8.664965 2.864745
v 1.385796 7.370859 2.009619
v 1.127308 5.995997 1.296818
v 0.856469 4.555442 0.734152
v 0.576247 3.064976 0.327786
v 0.289710 1.540929 0.082172
v 0.449194 1.502205 29.917828
v 0.893467 2.987951 29.672214
v 1.327951 4.440961 29.265848
v 1.747885 5.845315 28.703182
v 2.148669 7.185626 27.990381
v 2.525912 8.447210 27.135255
v 2.875481 9.616244 26.147172
v 3.193545 10.679921 25.036959
v 3.476620 11.626587 23.816779
v 3.721605 12.445869 22.500000
v 3.925815 13.128792 21.101050
v 4.087012 13.667873 19.635255
v 4.203432 14.057205 18.118675
v 4.273798 14.292525 16.567927
v 4.297339 14.371252 15.000000
v 4.273798 14.292525 13.432073
v 4.203432 14.057205 11.881325
v 4.087012 13.667873 10.364745
v 3.925815 13.128792 8.898950
v 3.721605 12.445869 7.500000
v 3.476620 11.626587 6.183221
v 3.193545 10.679921 4.963041
v 2.875481 9.616244 3.852828
v 2.525912 8.447210 2.864745
v 2.148669 7.185626 2.009619
v 1.747885 5.845315 1.296818
v 1.327951 4.440961 0.734152
v 0.893467 2.987951 0.327786
v 0.449194 1.502205 0.082172
v 0.603757 1.447022 29.917828
v 1.200898 2.878190 29.672214
v 1.784883 4.277824 29.265848
v 2.349312 5.630590 28.703182
v 2.888001 6.921665 27.990381
v 3.395049 8.136905 27.135255
v 3.864900 9.262996 26.147172
v 4.292406 10.287599 25.036959
v 4.672884 11.199489 23.816779
v 5.002165 11.988676 22.500000
v 5.276641 12.646512 21.101050
v 5.493305 13.165790 19.635255
v 5.649783 13.540820 18.118675
v 5.744361 13.767495 16.567927
v 5.776003 13.843330 15.000000
v 5.744361 13.767495 13.432073
v 5.649783 13.540820 11.881325
v 5.493305 13.165790 10.364745
v 5.276641 12.646512 8.898950
v 5.002165 11.988676 7.500000
v 4.672884 11.199489 6.183221
v 4.292406 10.287599 4.963041
v 3.864900 9.262996 3.852828
v 3.395049 8.136905 2.864745
v 2.888001 6.921665 2.009619
v 2.349312 5.630590 1.296818
v 1.784883 4.277824 0.734152
v 1.200898 2.878190 0.327786
v 0.603757 1.447022 0.082172
v 0.751704 1.375985 29.917828
v 1.495173 2.736895 29.672214
v 2.222260 4.067819 29.265848
v 2.924999 5.354175 28.703182
v 3.595692 6.581869 27.990381
v 4.226989 7.737451 27.135255
v 4.811975 8.808260 26.147172
v 5.344239 9.782564 25.036959
v 5.817951 10.649688 23.816779
v 6.227920 11.400132 22.500000
v 6.569655 12.025673 21.101050
v 6.839412 12.519459 19.635255
v 7.034234 12.876079 18.118675
v 7.151988 13.091626 16.567927
v 7.191383 13.163738 15.000000
v 7.151988 13.091626 13.432073
v 7.034234 12.876079 11.881325
v 6.839412 12.519459 10.364745
v 6.569655 12.025673 8.898950
v 6.227920 11.400132 7.500000
v 5.817951 10.649688 6.183221
v 5.344239 9.782564 4.963041
v 4.811975 8.808260 3.852828
v 4.226989 7.737451 2.864745
v 3.595692 6.581869 2.009619
v 2.924999 5.354175 1.296818
v 2.222260 4.067819 0.734152
v 1.495173 2.736895 0.327786
v 0.751704 1.375985 0.082172
v 0.891416 1.289873 29.917828
v 1.773065 2.565614 29.672214
v 2.635289 3.813246 29.265848
v 3.468639 5.019098 28.703182
v 4.263987 6.169961 27.990381
v 5.012617 7.253224 27.135255
v 5.706328 8.257019 26.147172
v 6.337519 9.170349 25.036959
v 6.899275 9.983207 23.816779
v 7.385442 10.686686 22.500000
v 7.790691 11.273080 21.101050
v 8.110585 11.735963 19.635255
v 8.341617 12.070265 18.118675
v 8.481256 12.272322 16.567927
v 8.527973 12.339922 15.000000
v 8.481256 12.272322 13.432073
v 8.341617 12.070265 11.881325
v 8.110585 11.735963 10.364745
v 7.790691 11.273080 8.898950
v 7.385442 10.686686 7.500000
v 6.899275 9.983207 6.183221
v 6.337519 9.170349 4.963041
v 5.706328 8.257019 3.852828
v 5.012617 7.253224 2.864745
v 4.263987 6.169961 2.009619
v 3.468639 5.019098 1.296818
v 2.635289 3.813246 0.734152
v 1.773065 2.565614 0.327786
v 0.891416 1.289873 0.082172
v 1.021361 1.189629 29.917828
v 2.031532 2.366224 29.672214
v 3.019445 3.516894 29.265848
v 3.974276 4.629032 28.703182
v 4.885565 5.690453 27.990381
v 5.743326 6.689529 27.135255
v 6.538162 7.615313 26.147172
v 7.261364 8.457662 25.036959
v 7.905010 9.207347 23.816779
v 8.462046 9.856154 22.500000
v 8.926371 10.396975 21.101050
v 9.292896 10.823885 19.635255
v 9.557607 11.132206 18.118675
v 9.717602 11.318561 16.567927
v 9.771129 11.380907 15.000000
v 9.717602 11.318561 13.432073
v 9.557607 11.132206 11.881325
v 9.292896 10.823885 10.364745
v 8.926371 10.396975 8.898950
v 8.462046 9.856154 7.500000
v 7.905010 9.207347 6.183221
v 7.261364 8.457662 4.963041
v 6.538162 7.615313 3.852828
v 5.743326 6.689529 2.864745
v 4.885565 5.690453 2.009619
v 3.974276 4.629032 1.296818
v 3.019445 3.516894 0.734152
v 2.031532 2.366224 0.327786
v 1.021361 1.189629 0.082172
v 1.140116 1.076350 29.917828
v 2.267741 2.140908 29.672214
v 3.370520 3.182010 29.265848
v 4.436370 4.188248 28.703182
v 5.453615 5.148600 27.990381
v 6.411109 6.052542 27.135255
v 7.298362 6.890171 26.147172
v 8.105652 7.652311 25.036959
v 8.824135 8.330609 23.816779
v 9.445939 8.917636 22.500000
v 9.964251 9.406960 21.101050
v 10.373393 9.793219 19.635255
v 10.668881 10.072181 18.118675
v 10.847480 10.240790 16.567927
v 10.907231 10.297200 15.000000
v 10.847480 10.240790 13.432073
v 10.668881 10.072181 11.881325
v 10.373393 9.793219 10.364745
v 9.964251 9.406960 8.898950
v 9.445939 8.917636 7.500000
v 8.824135 8.330609 6.183221
v 8.105652 7.652311 4.963041
v 7.298362 6.890171 3.852828
v 6.411109 6.052542 2.864745
v 5.453615 5.148600 2.009619
v 4.436370 4.188248 1.296818
v 3.370520 3.182010 0.734152
v 2.267741 2.140908 0.327786
v 1.140116 1.076350 0.082172
v 1.246380 0.951280 29.917828
v 2.479104 1.892137 29.672214
v 3.684666 2.812263 29.265848
v 4.849859 3.701578 28.703182
v 5.961915 4.550337 27.990381
v 7.008651 5.349242 27.135255
v 7.978600 6.089540 26.147172
v 8.861133 6.763119 25.036959
v 9.646581 7.362600 23.816779
v 10.326340 7.881415 22.500000
v 10.892961 8.313880 21.101050
v 11.340236 8.655256 19.635255
v 11.663266 8.901803 18.118675
v 11.858510 9.050820 16.567927
v 11.923830 9.100674 15.000000
v 11.858510 9.050820 13.432073
v 11.663266 8.901803 11.881325
v 11.340236 8.655256 10.364745
v 10.892961 8.313880 8.898950
v 10.326340 7.881415 7.500000
v 9.646581 7.362600 6.183221
v 8.861133 6.763119 4.963041
v 7.978600 6.089540 3.852828
v 7.008651 5.349242 2.864745
v 5.961915 4.550337 2.009619
v 4.849859 3.701578 1.296818
v 3.684666 2.812263 0.734152
v 2.479104 1.892137 0.327786
v 1.246380 0.951280 0.082172
v 1.338988 0.815786 29.917828
v 2.663305 1.622634 29.672214
v 3.958443 2.411705 29.265848
v 5.210211 3.174352 28.703182
v 6.404895 3.902220 27.990381
v 7.529405 4.587335 27.135255
v 8.571422 5.222190 26.147172
v 9.519529 5.799829 25.036959
v 10.363338 6.313925 23.816779
v 11.093603 6.758844 22.500000
v 11.702325 7.129711 21.101050
v 12.182834 7.422464 19.635255
v 12.529865 7.633895 18.118675
v 12.739616 7.761687 16.567927
v 12.809790 7.804440 15.000000
v 12.739616 7.761687 13.432073
v 12.529865 7.633895 11.881325
v 12.182834 7.422464 10.364745
v 11.702325 7.129711 8.898950
v 11.093603 6.758844 7.500000
v 10.363338 6.313925 6.183221
v 9.519529 5.799829 4.963041
v 8.571422 5.222190 3.852828
v 7.529405 4.587335 2.864745
v 6.404895 3.902220 2.009619
v 5.210211 3.174352 1.296818
v 3.958443 2.411705 0.734152
v 2.663305 1.622634 0.327786
v 1.338988 0.815786 0.082172
v 1.416925 0.671355 29.917828
v 2.818327 1.335354 29.672214
v 4.188850 1.984723 29.265848
v 5.513479 2.612347 28.703182
v 6.777701 3.211350 27.990381
v 7.967666 3.775168 27.135255
v 9.070335 4.297625 26.147172
v 10.073627 4.772996 25.036959
v 10.966551 5.196073 23.816779
v 11.739323 5.562221 22.500000
v 12.383476 5.867428 21.101050
v 12.891954 6.108350 19.635255
v 13.259184 6.282348 18.118675
v 13.481145 6.387515 16.567927
v 13.555402 6.422699 15.000000
v 13.481145 6.387515 13.432073
v 13.259184 6.282348 11.881325
v 12.891954 6.108350 10.364745
v 12.383476 5.867428 8.898950
v 11.739323 5.562221 7.500000
v 10.966551 5.196073 6.183221
v 10.073627 4.772996 4.963041
v 9.070335 4.297625 3.852828
v 7.967666 3.775168 2.864745
v 6.777701 3.211350 2.009619
v 5.513479 2.612347 1.296818
v 4.188850 1.984723 0.734152
v 2.818327 1.335354 0.327786
v 1.416925 0.671355 0.082172
v 1.479339 0.519568 29.917828
v 2.942470 1.033444 29.672214
v 4.373363 1.535997 29.265848
v 5.756340 2.021721 28.703182
v 7.076250 2.485295 27.990381
v 8.318630 2.921639 27.135255
v 9.469871 3.325974 26.147172
v 10.517357 3.693868 25.036959
v 11.449613 4.021291 23.816779
v 12.256424 4.304657 22.500000
v 12.928952 4.540860 21.101050
v 13.459827 4.727312 19.635255
v 13.843233 4.861970 18.118675
v 14.074971 4.943360 16.567927
v 14.152499 4.970590 15.000000
v 14.074971 4.943360 13.432073
v 13.843233 4.861970 11.881325
v 13.459827 4.727312 10.364745
v 12.928952 4.540860 8.898950
v 12.256424 4.304657 7.500000
v 11.449613 4.021291 6.183221
v 10.517357 3.693868 4.963041
v 9.469871 3.325974 3.852828
v 8.318630 2.921639 2.864745
v 7.076250 2.485295 2.009619
v 5.756340 2.021721 1.296818
v 4.373363 1.535997 0.734152
v 2.942470 1.033444 0.327786
v 1.479339 0.519568 0.082172
v 1.525545 0.362089 29.917828
v 3.034375 0.720210 29.672214
v 4.509960 1.070441 29.265848
v 5.936134 1.408944 28.703182
v 7.297269 1.732011 27.990381
v 8.578455 2.036101 27.135255
v 9.765652 2.317883 26.147172
v 10.845856 2.574269 25.036959
v 11.807230 2.802452 23.816779
v 12.639241 2.999930 22.500000
v 13.332774 3.164541 21.101050
v 13.880231 3.294480 19.635255
v 14.275613 3.388324 18.118675
v 14.514588 3.445045 16.567927
v 14.594539 3.464021 15.000000
v 14.514588 3.445045 13.432073
v 14.275613 3.388324 11.881325
v 13.880231 3.294480 10.364745
v 13.332774 3.164541 8.898950
v 12.639241 2.999930 7.500000
v 11.807230 2.802452 6.183221
v 10.845856 2.574269 4.963041
v 9.765652 2.317883 3.852828
v 8.578455 2.036101 2.864745
v 7.297269 1.732011 2.009619
v 5.936134 1.408944 1.296818
v 4.509960 1.070441 0.734152
v 3.034375 0.720210 0.327786
v 1.525545 0.362089 0.082172
v 1.555036 0.200642 29.917828
v 3.093035 0.399087 29.672214
v 4.597146 0.593158 29.265848
v 6.050890 0.780731 28.703182
v 7.438339 0.959750 27.990381
v 8.744291 1.128254 27.135255
v 9.954440 1.284396 26.147172
v 11.055526 1.426467 25.036959
v 12.035485 1.552908 23.816779
v 12.883580 1.662336 22.500000
v 13.590521 1.753551 21.101050
v 14.148561 1.825553 19.635255
v 14.551586 1.877555 18.118675
v 14.795181 1.908985 16.567927
v 14.876677 1.919500 15.000000
v 14.795181 1.908985 13.432073
v 14.551586 1.877555 11.881325
v 14.148561 1.825553 10.364745
v 13.590521 1.753551 8.898950
v 12.883580 1.662336 7.500000
v 12.035485 1.552908 6.183221
v 11.055526 1.426467 4.963041
v 9.954440 1.284396 3.852828
v 8.744291 1.128254 2.864745
v 7.438339 0.959750 2.009619
v 6.050890 0.780731 1.296818
v 4.597146 0.593158 0.734152
v 3.093035 0.399087 0.327786
v 1.555036 0.200642 0.082172
v 1.567490 0.036998 29.917828
v 3.117807 0.073590 29.672214
v 4.633964 0.109376 29.265848
v 6.099351 0.143964 28.703182
v 7.497912 0.176974 27.990381
v 8.814324 0.208046 27.135255
v 10.034164 0.236838 26.147172
v 11.144069 0.263035 25.036959
v 12.131876 0.286351 23.816779
v 12.986764 0.306529 22.500000
v 13.699366 0.323348 21.101050
v 14.261876 0.336625 19.635255
v 14.668129 0.346214 18.118675
v 14.913675 0.352010 16.567927
v 14.995823 0.353949 15.000000
v 14.913675 0.352010 13.432073
v 14.668129 0.346214 11.881325
v 14.261876 0.336625 10.364745
v 13.699366 0.323348 8.898950
v 12.986764 0.306529 7.500000
v 12.131876 0.286351 6.183221
v 11.144069 0.263035 4.963041
v 10.034164 0.236838 3.852828
v 8.814324 0.208046 2.864745
v 7.497912 0.176974 2.009619
v 6.099351 0.143964 1.296818
v 4.633964 0.109376 0.734152
v 3.117807 0.073590 0.327786
v 1.567490 0.036998 0.082172
v 1.562771 -0.127052 29.917828
v 3.108420 -0.252713 29.672214
v 4.620012 -0.375604 29.265848
v 6.080986 -0.494380 28.703182
v 7.475336 -0.607740 27.990381
v 8.787785 -0.714442 27.135255
v 10.003953 -0.813315 26.147172
v 11.110515 -0.903278 25.036959
v 12.095348 -0.983344 23.816779
v 12.947662 -1.052637 22.500000
v 13.658119 -1.110397 21.101050
v 14.218934 -1.155991 19.635255
v 14.623964 -1.188919 18.118675
v 14.868771 -1.208822 16.567927
v 14.950672 -1.215481 15.000000
v 14.868771 -1.208822 13.432073
v 14.623964 -1.188919 11.881325
v 14.218934 -1.155991 10.364745
v 13.658119 -1.110397 8.898950
v 12.947662 -1.052637 7.500000
v 12.095348 -0.983344 6.183221
v 11.110515 -0.903278 4.963041
v 10.003953 -0.813315 3.852828
v 8.787785 -0.714442 2.864745
v 7.475336 -0.607740 2.009619
v 6.080986 -0.494380 1.296818
v 4.620012 -0.375604 0.734152
v 3.108420 -0.252713 0.327786
v 1.562771 -0.127052 0.082172
v 1.540929 -0.289710 29.917828
v 3.064976 -0.576247 29.672214
v 4.555442 -0.856469 29.265848
v 5.995997 -1.127308 28.703182
v 7.370859 -1.385796 27.990381
v 8.664965 -1.629101 27.135255
v 9.864135 -1.854558 26.147172
v 10.955232 -2.059695 25.036959
v 11.926301 -2.242266 23.816779
v 12.766703 -2.400270 22.500000
v 13.467230 -2.531976 21.101050
v 14.020208 -2.635941 19.635255
v 14.419577 -2.711027 18.118675
v 14.660962 -2.756410 16.567927
v 14.741719 -2.771593 15.000000
v 14.660962 -2.756410 13.432073
v 14.419577 -2.711027 11.881325
v 14.020208 -2.635941 10.364745
v 13.467230 -2.531976 8.898950
v 12.766703 -2.400270 7.500000
v 11.926301 -2.242266 6.183221
v 10.955232 -2.059695 4.963041
v 9.864135 -1.854558 3.852828
v 8.664965 -1.629101 2.864745
v 7.370859 -1.385796 2.009619
v 5.995997 -1.127308 1.296818
v 4.555442 -0.856469 0.734152
v 3.064976 -0.576247 0.327786
v 1.540929 -0.289710 0.082172
v 1.502205 -0.449194 29.917828
v 2.987951 -0.893467 29.672214
v 4.440961 -1.327951 29.265848
v 5.845315 -1.747885 28.703182
v 7.185626 -2.148669 27.990381
v 8.447210 -2.525912 27.135255
v 9.616244 -2.875481 26.147172
v 10.679921 -3.193545 25.036959
v 11.626587 -3.476620 23.816779
v 12.445869 -3.721605 22.500000
v 13.128792 -3.925815 21.101050
v 13.667873 -4.087012 19.635255
v 14.057205 -4.203432 18.118675
v 14.292525 -4.273798 16.567927
v 14.371252 -4.297339 15.000000
v 14.292525 -4.273798 13.432073
v 14.057205 -4.203432 11.881325
v 13.667873 -4.087012 10.364745
v 13.128792 -3.925815 8.898950
v 12.445869 -3.721605 7.500000
v 11.626587 -3.476620 6.183221
v 10.679921 -3.193545 4.963041
v 9.616244 -2.875481 3.852828
v 8.447210 -2.525912 2.864745
v 7.185626 -2.148669 2.009619
v 5.845315 -1.747885 1.296818
v 4.440961 -1.327951 0.734152
v 2.987951 -0.893467 0.327786
v 1.502205 -0.449194 0.082172
vt -2.199115 -0.157080 0.000000
vt -2.356194 -0.157080 0.000000
vt -2.199115 -0.314159 0.000000
vt -2.356194 -0.314159 0.000000
vt -2.199115 -0.471239 0.000000
vt -2.356194 -0.471239 0.000000
vt -2.199115 -0.628319 0.000000
vt -2.356194 -0.628319 0.000000
vt -2.199115 -0.785398 0.000000
vt -2.356194 -0.785398 0.000000
vt -2.199115 -0.942478 0.000000
vt -2.356194 -0.942478 0.000000
vt -2.199115 -1.099557 0.000000
vt -2.356194 -1.099557 0.000000
vt -2.199115 -1.256637 0.000000
vt -2.356194 -1.256637 0.000000
vt -2.199115 -1.413717 0.000000
vt -2.356194 -1.413717 0.000000
vt -2.199115 -1.570796 0.000000
vt -2.356194 -1.570796 0.000000
vt -2.199115 -1.727876 0.000000
vt -2.356194 -1.727876 0.000000
vt -2.199115 -1.884956 0.000000
vt -2.356194 -1.884956 0.000000
vt -2.199115 -2.042035 0.000000
vt -2.356194 -2.042035 0.000000
vt -2.199115 -2.199115 0.000000
vt -2.356194 -2.199115 0.000000
vt -2.199115 -2.356194 0.000000
vt -2.356194 -2.356194 0.000000
vt -2.199115 -2.513274 0.000000
vt -2.356194 -2.513274 0.000000
vt -2.199115 -2.670354 0.000000
vt -2.356194 -2.670354 0.000000
vt -2.199115 -2.827433 0.000000
vt -2.356194 -2.827433 0.000000
vt -2.199115 -2.984513 0.000000
vt -2.356194 -2.984513 0.000000
vt -2.199115 -3.141593 0.000000
vt -2.356194 -3.141593 0.000000
vt -2.199115 -3.298672 0.000000
vt -2.356194 -3.298672 0.000000
vt -2.199115 -3.455752 0.000000
vt -2.356194 -3.455752 0.000000
vt -2.199115 -3.612832 0.000000
vt -2.356194 -3.612832 0.000000
vt -2.199115 -3.769911 0.000000
vt -2.356194 -3.769911 0.000000
vt -2.199115 -3.926991 0.000000
vt -2.356194 -3.926991 0.000000
vt -2.199115 -4.084070 0.000000
vt -2.356194 -4.084070 0.000000
vt -2.199115 -4.241150 0.000000
vt -2.356194 -4.241150 0.000000
vt -2.199115 -4.398230 0.000000
vt -2.356194 -4.398230 0.000000
vt -2.199115 -4.555309 0.000000
vt -2.356194 -4.555309 0.000000
vt -2.199115 -4.712389 0.000000
vt 2.199115 -4.555309 0.000000
vt 2.356194 -4.555309 0.000000
vt 2.199115 -4.398230 0.000000
vt 2.356194 -4.398230 0.000000
vt 2.199115 -4.241150 0.000000
vt 2.356194 -4.241150 0.000000
vt 2.199115 -4.084070 0.000000
vt 2.356194 -4.084070 0.000000
vt 2.199115 -3.926991 0.000000
vt 2.356194 -3.926991 0.000000
vt 2.199115 -3.769911 0.000000
vt 2.356194 -3.769911 0.000000
vt 2.199115 -3.612832 0.000000
vt 2.356194 -3.612832 0.000000
vt 2.199115 -3.455752 0.000000
vt 2.356194 -3.455752 0.000000
vt 2.199115 -3.298672 0.000000
vt 2.356194 -3.298672 0.000000
vt 2.199115 -3.141593 0.000000
vt 2.356194 -3.141593 0.000000
vt 2.199115 -2.984513 0.000000
vt 2.356194 -2.984513 0.000000
vt 2.199115 -2.827433 0.000000
vt 2.356194 -2.827433 0.000000
vt 2.199115 -2.670354 0.000000
vt 2.356194 -2.670354 0.000000
vt 2.199115 -2.513274 0.000000
vt 2.356194 -2.513274 0.000000
vt 2.199115 -2.356194 0.000000
vt 2.356194 -2.356194 0.000000
vt 2.199115 -2.199115 0.000000
vt 2.356194 -2.199115 0.000000
vt 2.199115 -2.042035 0.000000
vt 2.356194 -2.042035 0.000000
vt 2.199115 -1.884956 0.000000
vt 2.356194 -1.884956 0.000000
vt 2.199115 -1.727876 0.000000
vt 2.356194 -1.727876 0.000000
vt 2.199115 -1.570796 0.000000
vt 2.356194 -1.570796 0.000000
vt 2.199115 -1.413717 0.000000
vt 2.356194 -1.413717 0.000000
vt 2.199115 -1.256637 0.000000
vt 2.356194 -1.256637 0.000000
vt 2.199115 -1.099557 0.000000
vt 2.356194 -1.099557 0.000000
vt 2.199115 -0.942478 0.000000
vt 2.356194 -0.942478 0.000000
vt 2.199115 -0.785398 0.000000
vt 2.356194 -0.785398 0.000000
vt 2.199115 -0.628319 0.000000
vt 2.356194 -0.628319 0.000000
vt 2.199115 -0.471239 0.000000
vt 2.356194 -0.471239 0.000000
vt 2.199115 -0.314159 0.000000
vt 2.356194 -0.314159 0.000000
vt 2.199115 -0.157080 0.000000
vt 2.356194 -0.157080 0.000000
vt 2.199115 0.000000 0.000000
vt 2.199115 0.157080 0.000000
vt 2.356194 0.157080 0.000000
vt 2.199115 0.314159 0.000000
vt 2.356194 0.314159 0.000000
vt 2.199115 0.471239 0.000000
vt 2.356194 0.471239 0.000000
vt 2.199115 0.628319 0.000000
vt 2.356194 0.628319 0.000000
vt 2.199115 0.785398 0.000000
vt 2.356194 0.785398 0.000000
vt 2.199115 0.942478 0.000000
vt 2.356194 0.942478 0.000000
vt 2.199115 1.099557 0.000000
vt 2.356194 1.099557 0.000000
vt 2.199115 1.256637 0.000000
vt 2.356194 1.256637 0.000000
vt 2.199115 1.413717 0.000000
vt 2.356194 1.413717 0.000000
vt 2.199115 1.570796 0.000000
vt 2.356194 1.570796 0.000000
vt 2.199115 1.727876 0.000000
vt 2.356194 1.727876 0.000000
vt 2.199115 1.884956 0.000000
vt 2.356194 1.884956 0.000000
vt 2.199115 2.042035 0.000000
vt 2.356194 2.042035 0.000000
vt 2.199115 2.199115 0.000000
vt 2.356194 2.199115 0.000000
vt 2.199115 2.356194 0.000000
vt 2.356194 2.356194 0.000000
vt 2.199115 2.513274 0.000000
vt 2.356194 2.513274 0.000000
vt 2.199115 2.670354 0.000000
vt 2.356194 2.670354 0.000000
vt 2.199115 2.827433 0.000000
vt 2.356194 2.827433 0.000000
vt 2.199115 2.984513 0.000000
vt 2.356194 2.984513 0.000000
vt 2.199115 3.141593 0.000000
vt 2.356194 3.141593 0.000000
vt 2.199115 3.298672 0.000000
vt 2.356194 3.298672 0.000000
vt 2.199115 3.455752 0.000000
vt 2.356194 3.455752 0.000000
vt 2.199115 3.612832 0.000000
vt 2.356194 3.612832 0.000000
vt 2.199115 3.769911 0.000000
vt 2.356194 3.769911 0.000000
vt 2.199115 3.926991 0.000000
vt 2.356194 3.926991 0.000000
vt 2.199115 4.084070 0.000000
vt 2.356194 4.084070 0.000000
vt 2.199115 4.241150 0.000000
vt 2.356194 4.241150 0.000000
vt 2.199115 4.398230 0.000000
vt 2.356194 4.398230 0.000000
vt 2.199115 4.555309 0.000000
vt 2.356194 4.555309 0.000000
vt 2.199115 4.712389 0.000000
vt -2.199115 4.555309 0.000000
vt -2.356194 4.555309 0.000000
vt -2.199115 4.398230 0.000000
vt -2.356194 4.398230 0.000000
vt -2.199115 4.241150 0.000000
vt -2.356194 4.241150 0.000000
vt -2.199115 4.084070 0.000000
vt -2.356194 4.084070 0.000000
vt -2.199115 3.926991 0.000000
vt -2.356194 3.926991 0.000000
vt -2.199115 3.769911 0.000000
vt -2.356194 3.769911 0.000000
vt -2.199115 3.612832 0.000000
vt -2.356194 3.612832 0.000000
vt -2.199115 3.455752 0.000000
vt -2.356194 3.455752 0.000000
vt -2.199115 3.298672 0.000000
vt -2.356194 3.298672 0.000000
vt -2.199115 3.141593 0.000000
vt -2.356194 3.141593 0.000000
vt -2.199115 2.984513 0.000000
vt -2.356194 2.984513 0.000000
vt -2.199115 2.827433 0.000000
vt -2.356194 2.827433 0.000000
vt -2.199115 2.670354 0.000000
vt -2.356194 2.670354 0.000000
vt -2.199115 2.513274 0.000000
vt -2.356194 2.513274 0.000000
vt -2.199115 2.356194 0.000000
vt -2.356194 2.356194 0.000000
vt -2.199115 2.199115 0.000000
vt -2.356194 2.199115 0.000000
vt -2.199115 2.042035 0.000000
vt -2.356194 2.042035 0.000000
vt -2.199115 1.884956 0.000000
vt -2.356194 1.884956 0.000000
vt -2.199115 1.727876 0.000000
vt -2.356194 1.727876 0.000000
vt -2.199115 1.570796 0.000000
vt -2.356194 1.570796 0.000000
vt -2.199115 1.413717 0.000000
vt -2.356194 1.413717 0.000000
vt -2.199115 1.256637 0.000000
vt -2.356194 1.256637 0.000000
vt -2.199115 1.099557 0.000000
vt -2.356194 1.099557 0.000000
vt -2.199115 0.942478 0.000000
vt -2.356194 0.942478 0.000000
vt -2.199115 0.785398 0.000000
vt -2.356194 0.785398 0.000000
vt -2.199115 0.628319 0.000000
vt -2.356194 0.628319 0.000000
vt -2.199115 0.471239 0.000000
vt -2.356194 0.471239 0.000000
vt -2.199115 0.314159 0.000000
vt -2.356194 0.314159 0.000000
vt -2.199115 0.157080 0.000000
vt -2.356194 0.157080 0.000000
vt -2.199115 0.000000 0.000000
vt 2.042035 0.000000 0.000000
vt 2.042035 -0.157080 0.000000
vt 2.042035 -0.314159 0.000000
vt 2.042035 -0.471239 0.000000
vt 2.042035 -0.628319 0.000000
vt 2.042035 -0.785398 0.000000
vt 2.042035 -0.942478 0.000000
vt 2.042035 -1.099557 0.000000
vt 2.042035 -1.256637 0.000000
vt 2.042035 -1.413717 0.000000
vt 2.042035 -1.570796 0.000000
vt 2.042035 -1.727876 0.000000
vt 2.042035 -1.884956 0.000000
vt 2.042035 -2.042035 0.000000
vt 2.042035 -2.199115 0.000000
vt 2.042035 -2.356194 0.000000
vt 2.042035 -2.513274 0.000000
vt 2.042035 -2.670354 0.000000
vt 2.042035 -2.827433 0.000000
vt 2.042035 -2.984513 0.000000
vt 2.042035 -3.141593 0.000000
vt 2.042035 -3.298672 0.000000
vt 2.042035 -3.455752 0.000000
vt 2.042035 -3.612832 0.000000
vt 2.042035 -3.769911 0.000000
vt 2.042035 -3.926991 0.000000
vt 2.042035 -4.084070 0.000000
vt 2.042035 -4.241150 0.000000
vt 2.042035 -4.398230 0.000000
vt 2.042035 -4.555309 0.000000
vt 2.199115 -4.712389 0.000000
vt 2.042035 -4.712389 0.000000
vt 2.042035 4.712389 0.000000
vt 2.042035 4.555309 0.000000
vt 2.042035 4.398230 0.000000
vt 2.042035 4.241150 0.000000
vt 2.042035 4.084070 0.000000
vt 2.042035 3.926991 0.000000
vt 2.042035 3.769911 0.000000
vt 2.042035 3.612832 0.000000
vt 2.042035 3.455752 0.000000
vt 2.042035 3.298672 0.000000
vt 2.042035 3.141593 0.000000
vt 2.042035 2.984513 0.000000
vt 2.042035 2.827433 0.000000
vt 2.042035 2.670354 0.000000
vt 2.042035 2.513274 0.000000
vt 2.042035 2.356194 0.000000
vt 2.042035 2.199115 0.000000
vt 2.042035 2.042035 0.000000
vt 2.042035 1.884956 0.000000
vt 2.042035 1.727876 0.000000
vt 2.042035 1.570796 0.000000
vt 2.042035 1.413717 0.000000
vt 2.042035 1.256637 0.000000
vt 2.042035 1.099557 0.000000
vt 2.042035 0.942478 0.000000
vt 2.042035 0.785398 0.000000
vt 2.042035 0.628319 0.000000
vt 2.042035 0.471239 0.000000
vt 2.042035 0.314159 0.000000
vt 2.042035 0.157080 0.000000
vt 2.356194 0.000000 0.000000
vt 1.884956 0.000000 0.000000
vt 1.884956 -0.157080 0.000000
vt 1.884956 -0.314159 0.000000
vt 1.884956 -0.471239 0.000000
vt 1.884956 -0.628319 0.000000
vt 1.884956 -0.785398 0.000000
vt 1.884956 -0.942478 0.000000
vt 1.884956 -1.099557 0.000000
vt 1.884956 -1.256637 0.000000
vt 1.884956 -1.413717 0.000000
vt 1.884956 -1.570796 0.000000
vt 1.884956 -1.727876 0.000000
vt 1.884956 -1.884956 0.000000
vt 1.884956 -2.042035 0.000000
vt 1.884956 -2.199115 0.000000
vt 1.884956 -2.356194 0.000000
vt 1.884956 -2.513274 0.000000
vt 1.884956 -2.670354 0.000000
vt 1.884956 -2.827433 0.000000
vt 1.884956 -2.984513 0.000000
vt 1.884956 -3.141593 0.000000
vt 1.884956 -3.298672 0.000000
vt 1.884956 -3.455752 0.000000
vt 1.884956 -3.612832 0.000000
vt 1.884956 -3.769911 0.000000
vt 1.884956 -3.926991 0.000000
vt 1.884956 -4.084070 0.000000
vt 1.884956 -4.241150 0.000000
vt 1.884956 -4.398230 0.000000
vt 1.884956 -4.555309 0.000000
vt 1.884956 -4.712389 0.000000
vt 1.884956 4.712389 0.000000
vt 1.884956 4.555309 0.000000
vt 1.884956 4.398230 0.000000
vt 1.884956 4.241150 0.000000
vt 1.884956 4.084070 0.000000
vt 1.884956 3.926991 0.000000
vt 1.884956 3.769911 0.000000
vt 1.884956 3.612832 0.000000
vt 1.884956 3.455752 0.000000
vt 1.884956 3.298672 0.000000
vt 1.884956 3.141593 0.000000
vt 1.884956 2.984513 0.000000
vt 1.884956 2.827433 0.000000
vt 1.884956 2.670354 0.000000
vt 1.884956 2.513274 0.000000
vt 1.884956 2.356194 0.000000
vt 1.884956 2.199115 0.000000
vt 1.884956 2.042035 0.000000
vt 1.884956 1.884956 0.000000
vt 1.884956 1.727876 0.000000
vt 1.884956 1.570796 0.000000
vt 1.884956 1.413717 0.000000
vt 1.884956 1.256637 0.000000
vt 1.884956 1.099557 0.000000
vt 1.884956 0.942478 0.000000
vt 1.884956 0.785398 0.000000
vt 1.884956 0.628319 0.000000
vt 1.884956 0.471239 0.000000
vt 1.884956 0.314159 0.000000
vt 1.884956 0.157080 0.000000
vt 1.727876 0.000000 0.000000
vt 1.727876 -0.157080 0.000000
vt 1.727876 -0.314159 0.000000
vt 1.727876 -0.471239 0.000000
vt 1.727876 -0.628319 0.000000
vt 1.727876 -0.785398 0.000000
vt 1.727876 -0.942478 0.000000
vt 1.727876 -1.099557 0.000000
vt 1.727876 -1.256637 0.000000
vt 1.727876 -1.413717 0.000000
vt 1.727876 -1.570796 0.000000
vt 1.727876 -1.727876 0.000000
vt 1.727876 -1.884956 0.000000
vt 1.727876 -2.042035 0.000000
vt 1.727876 -2.199115 0.000000
vt 1.727876 -2.356194 0.000000
vt 1.727876 -2.513274 0.000000
vt 1.727876 -2.670354 0.000000
vt 1.727876 -2.827433 0.000000
vt 1.727876 -2.984513 0.000000
vt 1.727876 -3.141593 0.000000
vt 1.727876 -3.298672 0.000000
vt 1.727876 -3.455752 0.000000
vt 1.727876 -3.612832 0.000000
vt 1.727876 -3.769911 0.000000
vt 1.727876 -3.926991 0.000000
vt 1.727876 -4.084070 0.000000
vt 1.727876 -4.241150 0.000000
vt 1.727876 -4.398230 0.000000
vt 1.727876 -4.555309 0.000000
vt 1.727876 -4.712389 0.000000
vt 1.727876 4.712389 0.000000
vt 1.727876 4.555309 0.000000
vt 1.727876 4.398230 0.000000
vt 1.727876 4.241150 0.000000
vt 1.727876 4.084070 0.000000
vt 1.727876 3.926991 0.000000
vt 1.727876 3.769911 0.000000
vt 1.727876 3.612832 0.000000
vt 1.727876 3.455752 0.000000
vt 1.727876 3.298672 0.000000
vt 1.727876 3.141593 0.000000
vt 1.727876 2.984513 0.000000
vt 1.727876 2.827433 0.000000
vt 1.727876 2.670354 0.000000
vt 1.727876 2.513274 0.000000
vt 1.727876 2.356194 0.000000
vt 1.727876 2.199115 0.000000
vt 1.727876 2.042035 0.000000
vt 1.727876 1.884956 0.000000
vt 1.727876 1.727876 0.000000
vt 1.727876 1.570796 0.000000
vt 1.727876 1.413717 0.000000
vt 1.727876 1.256637 0.000000
vt 1.727876 1.099557 0.000000
vt 1.727876 0.942478 0.000000
vt 1.727876 0.785398 0.000000
vt 1.727876 0.628319 0.000000
vt 1.727876 0.471239 0.000000
vt 1.727876 0.314159 0.000000
vt 1.727876 0.157080 0.000000
vt 1.570796 0.000000 0.000000
vt 1.570796 -0.157080 0.000000
vt 1.570796 -0.314159 0.000000
vt 1.570796 -0.471239 0.000000
vt 1.570796 -0.628319 0.000000
vt 1.570796 -0.785398 0.000000
vt 1.570796 -0.942478 0.000000
vt 1.570796 -1.099557 0.000000
vt 1.570796 -1.256637 0.000000
vt 1.570796 -1.413717 0.000000
vt 1.570796 -1.570796 0.000000
vt 1.570796 -1.727876 0.000000
vt 1.570796 -1.884956 0.000000
vt 1.570796 -2.042035 0.000000
vt 1.570796 -2.199115 0.000000
vt 1.570796 -2.356194 0.000000
vt 1.570796 -2.513274 0.000000
vt 1.570796 -2.670354 0.000000
vt 1.570796 -2.827433 0.000000
vt 1.570796 -2.984513 0.000000
vt 1.570796 -3.141593 0.000000
vt 1.570796 -3.298672 0.000000
vt 1.570796 -3.455752 0.000000
vt 1.570796 -3.612832 0.000000
vt 1.570796 -3.769911 0.000000
vt 1.570796 -3.926991 0.000000
vt 1.570796 -4.084070 0.000000
vt 1.570796 -4.241150 0.000000
vt 1.570796 -4.398230 0.000000
vt 1.570796 -4.555309 0.000000
vt 1.570796 -4.712389 0.000000
vt 1.570796 4.712389 0.000000
vt 1.570796 4.555309 0.000000
vt 1.570796 4.398230 0.000000
vt 1.570796 4.241150 0.000000
vt 1.570796 4.084070 0.000000
vt 1.570796 3.926991 0.000000
vt 1.570796 3.769911 0.000000
vt 1.570796 3.612832 0.000000
vt 1.570796 3.455752 0.000000
vt 1.570796 3.298672 0.000000
vt 1.570796 3.141593 0.000000
vt 1.570796 2.984513 0.000000
vt 1.570796 2.827433 0.000000
vt 1.570796 2.670354 0.000000
vt 1.570796 2.513274 0.000000
vt 1.570796 2.356194 0.000000
vt 1.570796 2.199115 0.000000
vt 1.570796 2.042035 0.000000
vt 1.570796 1.884956 0.000000
vt 1.570796 1.727876 0.000000
vt 1.570796 1.570796 0.000000
vt 1.570796 1.413717 0.000000
vt 1.570796 1.256637 0.000000
vt 1.570796 1.099557 0.000000
vt 1.570796 0.942478 0.000000
vt 1.570796 0.785398 0.000000
vt 1.570796 0.628319 0.000000
vt 1.570796 0.471239 0.000000
vt 1.570796 0.314159 0.000000
vt 1.570796 0.157080 0.000000
vt 1.413717 0.000000 0.000000
vt 1.413717 -0.157080 0.000000
vt 1.413717 -0.314159 0.000000
vt 1.413717 -0.471239 0.000000
vt 1.413717 -0.628319 0.000000
vt 1.413717 -0.785398 0.000000
vt 1.413717 -0.942478 0.000000
vt 1.413717 -1.099557 0.000000
vt 1.413717 -1.256637 0.000000
vt 1.413717 -1.413717 0.000000
vt 1.413717 -1.570796 0.000000
vt 1.413717 -1.727876 0.000000
vt 1.413717 -1.884956 0.000000
vt 1.413717 -2.042035 0.000000
vt 1.413717 -2.199115 0.000000
vt 1.413717 -2.356194 0.000000
vt 1.413717 -2.513274 0.000000
vt 1.413717 -2.670354 0.000000
vt 1.413717 -2.827433 0.000000
vt 1.413717 -2.984513 0.000000
vt 1.413717 -3.141593 0.000000
vt 1.413717 -3.298672 0.000000
vt 1.413717 -3.455752 0.000000
vt 1.413717 -3.612832 0.000000
vt 1.413717 -3.769911 0.000000
vt 1.413717 -3.926991 0.000000
vt 1.413717 -4.084070 0.000000
vt 1.413717 -4.241150 0.000000
vt 1.413717 -4.398230 0.000000
vt 1.413717 -4.555309 0.000000
vt 1.413717 -4.712389 0.000000
vt 1.413717 4.712389 0.000000
vt 1.413717 4.555309 0.000000
vt 1.413717 4.398230 0.000000
vt 1.413717 4.241150 0.000000
vt 1.413717 4.084070 0.000000
vt 1.413717 3.926991 0.000000
vt 1.413717 3.769911 0.000000
vt 1.413717 3.612832 0.000000
vt 1.413717 3.455752 0.000000
vt 1.413717 3.298672 0.000000
vt 1.413717 3.141593 0.000000
vt 1.413717 2.984513 0.000000
vt 1.413717 2.827433 0.000000
vt 1.413717 2.670354 0.000000
vt 1.413717 2.513274 0.000000
vt 1.413717 2.356194 0.000000
vt 1.413717 2.199115 0.000000
vt 1.413717 2.042035 0.000000
vt 1.413717 1.884956 0.000000
vt 1.413717 1.727876 0.000000
vt 1.413717 1.570796 0.000000
vt 1.413717 1.413717 0.000000
vt 1.413717 1.256637 0.000000
vt 1.413717 1.099557 0.000000
vt 1.413717 0.942478 0.000000
vt 1.413717 0.785398 0.000000
vt 1.413717 0.628319 0.000000
vt 1.413717 0.471239 0.000000
vt 1.413717 0.314159 0.000000
vt 1.413717 0.157080 0.000000
vt 1.256637 0.000000 0.000000
vt 1.256637 -0.157080 0.000000
vt 1.256637 -0.314159 0.000000
vt 1.256637 -0.471239 0.000000
vt 1.256637 -0.628319 0.000000
vt 1.256637 -0.785398 0.000000
vt 1.256637 -0.942478 0.000000
vt 1.256637 -1.099557 0.000000
vt 1.256637 -1.256637 0.000000
vt 1.256637 -1.413717 0.000000
vt 1.256637 -1.570796 0.000000
vt 1.256637 -1.727876 0.000000
vt 1.256637 -1.884956 0.000000
vt 1.256637 -2.042035 0.000000
vt 1.256637 -2.199115 0.000000
vt 1.256637 -2.356194 0.000000
vt 1.256637 -2.513274 0.000000
vt 1.256637 -2.670354 0.000000
vt 1.256637 -2.827433 0.000000
vt 1.256637 -2.984513 0.000000
vt 1.256637 -3.141593 0.000000
vt 1.256637 -3.298672 0.000000
vt 1.256637 -3.455752 0.000000
vt 1.256637 -3.612832 0.000000
vt 1.256637 -3.769911 0.000000
vt 1.256637 -3.926991 0.000000
vt 1.256637 -4.084070 0.000000
vt 1.256637 -4.241150 0.000000
vt 1.256637 -4.398230 0.000000
vt 1.256637 -4.555309 0.000000
vt 1.256637 -4.712389 0.000000
vt 1.256637 4.712389 0.000000
vt 1.256637 4.555309 0.000000
vt 1.256637 4.398230 0.000000
vt 1.256637 4.241150 0.000000
vt 1.256637 4.084070 0.000000
vt 1.256637 3.926991 0.000000
vt 1.256637 3.769911 0.000000
vt 1.256637 3.612832 0.000000
vt 1.256637 3.455752 0.000000
vt 1.256637 3.298672 0.000000
vt 1.256637 3.141593 0.000000
vt 1.256637 2.984513 0.000000
vt 1.256637 2.827433 0.000000
vt 1.256637 2.670354 0.000000
vt 1.256637 2.513274 0.000000
vt 1.256637 2.356194 0.000000
vt 1.256637 2.199115 0.000000
vt 1.256637 2.042035 0.000000
vt 1.256637 1.884956 0.000000
vt 1.256637 1.727876 0.000000
vt 1.256637 1.570796 0.000000
vt 1.256637 1.413717 0.000000
vt 1.256637 1.256637 0.000000
vt 1.256637 1.099557 0.000000
vt 1.256637 0.942478 0.000000
vt 1.256637 0.785398 0.000000
vt 1.256637 0.628319 0.000000
vt 1.256637 0.471239 0.000000
vt 1.256637 0.314159 0.000000
vt 1.256637 0.157080 0.000000
vt 1.099557 0.000000 0.000000
vt 1.099557 -0.157080 0.000000
vt 1.099557 -0.314159 0.000000
vt 1.099557 -0.471239 0.000000
vt 1.099557 -0.628319 0.000000
vt 1.099557 -0.785398 0.000000
vt 1.099557 -0.942478 0.000000
vt 1.099557 -1.099557 0.000000
vt 1.099557 -1.256637 0.000000
vt 1.099557 -1.413717 0.000000
vt 1.099557 -1.570796 0.000000
vt 1.099557 -1.727876 0.000000
vt 1.099557 -1.884956 0.000000
vt 1.099557 -2.042035 0.000000
vt 1.099557 -2.199115 0.000000
vt 1.099557 -2.356194 0.000000
vt 1.099557 -2.513274 0.000000
vt 1.099557 -2.670354 0.000000
vt 1.099557 -2.827433 0.000000
vt 1.099557 -2.984513 0.000000
vt 1.099557 -3.141593 0.000000
vt 1.099557 -3.298672 0.000000
vt 1.099557 -3.455752 0.000000
vt 1.099557 -3.612832 0.000000
vt 1.099557 -3.769911 0.000000
vt 1.099557 -3.926991 0.000000
vt 1.099557 -4.084070 0.000000
vt 1.099557 -4.241150 0.000000
vt 1.099557 -4.398230 0.000000
vt 1.099557 -4.555309 0.000000
vt 1.099557 -4.712389 0.000000
vt 1.099557 4.712389 0.000000
vt 1.099557 4.555309 0.000000
vt 1.099557 4.398230 0.000000
vt 1.099557 4.241150 0.000000
vt 1.099557 4.084070 0.000000
vt 1.099557 3.926991 0.000000
vt 1.099557 3.769911 0.000000
vt 1.099557 3.612832 0.000000
vt 1.099557 3.455752 0.000000
vt 1.099557 3.298672 0.000000
vt 1.099557 3.141593 0.000000
vt 1.099557 2.984513 0.000000
vt 1.099557 2.827433 0.000000
vt 1.099557 2.670354 0.000000
vt 1.099557 2.513274 0.000000
vt 1.099557 2.356194 0.000000
vt 1.099557 2.199115 0.000000
vt 1.099557 2.042035 0.000000
vt 1.099557 1.884956 0.000000
vt 1.099557 1.727876 0.000000
vt 1.099557 1.570796 0.000000
vt 1.099557 1.413717 0.000000
vt 1.099557 1.256637 0.000000
vt 1.099557 1.099557 0.000000
vt 1.099557 0.942478 0.000000
vt 1.099557 0.785398 0.000000
vt 1.099557 0.628319 0.000000
vt 1.099557 0.471239 0.000000
vt 1.099557 0.314159 0.000000
vt 1.099557 0.157080 0.000000
vt 0.942478 0.000000 0.000000
vt 0.942478 -0.157080 0.000000
vt 0.942478 -0.314159 0.000000
vt 0.942478 -0.471239 0.000000
vt 0.942478 -0.628319 0.000000
vt 0.942478 -0.785398 0.000000
vt 0.942478 -0.942478 0.000000
vt 0.942478 -1.099557 0.000000
vt 0.942478 -1.256637 0.000000
vt 0.942478 -1.413717 0.000000
vt 0.942478 -1.570796 0.000000
vt 0.942478 -1.727876 0.000000
vt 0.942478 -1.884956 0.000000
vt 0.942478 -2.042035 0.000000
vt 0.942478 -2.199115 0.000000
vt 0.942478 -2.356194 0.000000
vt 0.942478 -2.513274 0.000000
vt 0.942478 -2.670354 0.000000
vt 0.942478 -2.827433 0.000000
vt 0.942478 -2.984513 0.000000
vt 0.942478 -3.141593 0.000000
vt 0.942478 -3.298672 0.000000
vt 0.942478 -3.455752 0.000000
vt 0.942478 -3.612832 0.000000
vt 0.942478 -3.769911 0.000000
vt 0.942478 -3.926991 0.000000
vt 0.942478 -4.084070 0.000000
vt 0.942478 -4.241150 0.000000
vt 0.942478 -4.398230 0.000000
vt 0.942478 -4.555309 0.000000
vt 0.942478 -4.712389 0.000000
vt 0.942478 4.712389 0.000000
vt 0.942478 4.555309 0.000000
vt 0.942478 4.398230 0.000000
vt 0.942478 4.241150 0.000000
vt 0.942478 4.084070 0.000000
vt 0.942478 3.926991 0.000000
vt 0.942478 3.769911 0.000000
vt 0.942478 3.612832 0.000000
vt 0.942478 3.455752 0.000000
vt 0.942478 3.298672 0.000000
vt 0.942478 3.141593 0.000000
vt 0.942478 2.984513 0.000000
vt 0.942478 2.827433 0.000000
vt 0.942478 2.670354 0.000000
vt 0.942478 2.513274 0.000000
vt 0.942478 2.356194 0.000000
vt 0.942478 2.199115 0.000000
vt 0.942478 2.042035 0.000000
vt 0.942478 1.884956 0.000000
vt 0.942478 1.727876 0.000000
vt 0.942478 1.570796 0.000000
vt 0.942478 1.413717 0.000000
vt 0.942478 1.256637 0.000000
vt 0.942478 1.099557 0.000000
vt 0.942478 0.942478 0.000000
vt 0.942478 0.785398 0.000000
vt 0.942478 0.628319 0.000000
vt 0.942478 0.471239 0.000000
vt 0.942478 0.314159 0.000000
vt 0.942478 0.157080 0.000000
vt 0.785398 0.000000 0.000000
vt 0.785398 -0.157080 0.000000
vt 0.785398 -0.314159 0.000000
vt 0.785398 -0.471239 0.000000
vt 0.785398 -0.628319 0.000000
vt 0.785398 -0.785398 0.000000
vt 0.785398 -0.942478 0.000000
vt 0.785398 -1.099557 0.000000
vt 0.785398 -1.256637 0.000000
vt 0.785398 -1.413717 0.000000
vt 0.785398 -1.570796 0.000000
vt 0.785398 -1.727876 0.000000
vt 0.785398 -1.884956 0.000000
vt 0.785398 -2.042035 0.000000
vt 0.785398 -2.199115 0.000000
vt 0.785398 -2.356194 0.000000
vt 0.785398 -2.513274 0.000000
vt 0.785398 -2.670354 0.000000
vt 0.785398 -2.827433 0.000000
vt 0.785398 -2.984513 0.000000
vt 0.785398 -3.141593 0.000000
vt 0.785398 -3.298672 0.000000
vt 0.785398 -3.455752 0.000000
vt 0.785398 -3.612832 0.000000
vt 0.785398 -3.769911 0.000000
vt 0.785398 -3.926991 0.000000
vt 0.785398 -4.084070 0.000000
vt 0.785398 -4.241150 0.000000
vt 0.785398 -4.398230 0.000000
vt 0.785398 -4.555309 0.000000
vt 0.785398 -4.712389 0.000000
vt 0.785398 4.712389 0.000000
vt 0.785398 4.555309 0.000000
vt 0.785398 4.398230 0.000000
vt 0.785398 4.241150 0.000000
vt 0.785398 4.084070 0.000000
vt 0.785398 3.926991 0.000000
vt 0.785398 3.769911 0.000000
vt 0.785398 3.612832 0.000000
vt 0.785398 3.455752 0.000000
vt 0.785398 3.298672 0.000000
vt 0.785398 3.141593 0.000000
vt 0.785398 2.984513 0.000000
vt 0.785398 2.827433 0.000000
vt 0.785398 2.670354 0.000000
vt 0.785398 2.513274 0.000000
vt 0.785398 2.356194 0.000000
vt 0.785398 2.199115 0.000000
vt 0.785398 2.042035 0.000000
vt 0.785398 1.884956 0.000000
vt 0.785398 1.727876 0.000000
vt 0.785398 1.570796 0.000000
vt 0.785398 1.413717 0.000000
vt 0.785398 1.256637 0.000000
vt 0.785398 1.099557 0.000000
vt 0.785398 0.942478 0.000000
vt 0.785398 0.785398 0.000000
vt 0.785398 0.628319 0.000000
vt 0.785398 0.471239 0.000000
vt 0.785398 0.314159 0.000000
vt 0.785398 0.157080 0.000000
vt 0.628319 0.000000 0.000000
vt 0.628319 -0.157080 0.000000
vt 0.628319 -0.314159 0.000000
vt 0.628319 -0.471239 0.000000
vt 0.628319 -0.628319 0.000000
vt 0.628319 -0.785398 0.000000
vt 0.628319 -0.942478 0.000000
vt 0.628319 -1.099557 0.000000
vt 0.628319 -1.256637 0.000000
vt 0.628319 -1.413717 0.000000
vt 0.628319 -1.570796 0.000000
vt 0.628319 -1.727876 0.000000
vt 0.628319 -1.884956 0.000000
vt 0.628319 -2.042035 0.000000
vt 0.628319 -2.199115 0.000000
vt 0.628319 -2.356194 0.000000
vt 0.628319 -2.513274 0.000000
vt 0.628319 -2.670354 0.000000
vt 0.628319 -2.827433 0.000000
vt 0.628319 -2.984513 0.000000
vt 0.628319 -3.141593 0.000000
vt 0.628319 -3.298672 0.000000
vt 0.628319 -3.455752 0.000000
vt 0.628319 -3.612832 0.000000
vt 0.628319 -3.769911 0.000000
vt 0.628319 -3.926991 0.000000
vt 0.628319 -4.084070 0.000000
vt 0.628319 -4.241150 0.000000
vt 0.628319 -4.398230 0.000000
vt 0.628319 -4.555309 0.000000
vt 0.628319 -4.712389 0.000000
vt 0.628319 4.712389 0.000000
vt 0.628319 4.555309 0.000000
vt 0.628319 4.398230 0.000000
vt 0.628319 4.241150 0.000000
vt 0.628319 4.084070 0.000000
vt 0.628319 3.926991 0.000000
vt 0.628319 3.769911 0.000000
vt 0.628319 3.612832 0.000000
vt 0.628319 3.455752 0.000000
vt 0.628319 3.298672 0.000000
vt 0.628319 3.141593 0.000000
vt 0.628319 2.984513 0.000000
vt 0.628319 2.827433 0.000000
vt 0.628319 2.670354 0.000000
vt 0.628319 2.513274 0.000000
vt 0.628319 2.356194 0.000000
vt 0.628319 2.199115 0.000000
vt 0.628319 2.042035 0.000000
vt 0.628319 1.884956 0.000000
vt 0.628319 1.727876 0.000000
vt 0.628319 1.570796 0.000000
vt 0.628319 1.413717 0.000000
vt 0.628319 1.256637 0.000000
vt 0.628319 1.099557 0.000000
vt 0.628319 0.942478 0.000000
vt 0.628319 0.785398 0.000000
vt 0.628319 0.628319 0.000000
vt 0.628319 0.471239 0.000000
vt 0.628319 0.314159 0.000000
vt 0.628319 0.157080 0.000000
vt 0.471239 0.000000 0.000000
vt 0.471239 -0.157080 0.000000
vt 0.471239 -0.314159 0.000000
vt 0.471239 -0.471239 0.000000
vt 0.471239 -0.628319 0.000000
vt 0.471239 -0.785398 0.000000
vt 0.471239 -0.942478 0.000000
vt 0.471239 -1.099557 0.000000
vt 0.471239 -1.256637 0.000000
vt 0.471239 -1.413717 0.000000
vt 0.471239 -1.570796 0.000000
vt 0.471239 -1.727876 0.000000
vt 0.471239 -1.884956 0.000000
vt 0.471239 -2.042035 0.000000
vt 0.471239 -2.199115 0.000000
vt 0.471239 -2.356194 0.000000
vt 0.471239 -2.513274 0.000000
vt 0.471239 -2.670354 0.000000
vt 0.471239 -2.827433 0.000000
vt 0.471239 -2.984513 0.000000
vt 0.471239 -3.141593 0.000000
vt 0.471239 -3.298672 0.000000
vt 0.471239 -3.455752 0.000000
vt 0.471239 -3.612832 0.000000
vt 0.471239 -3.769911 0.000000
vt 0.471239 -3.926991 0.000000
vt 0.471239 -4.084070 0.000000
vt 0.471239 -4.241150 0.000000
vt 0.471239 -4.398230 0.000000
vt 0.471239 -4.555309 0.000000
vt 0.471239 -4.712389 0.000000
vt 0.471239 4.712389 0.000000
vt 0.471239 4.555309 0.000000
vt 0.471239 4.398230 0.000000
vt 0.471239 4.241150 0.000000
vt 0.471239 4.084070 0.000000
vt 0.471239 3.926991 0.000000
vt 0.471239 3.769911 0.000000
vt 0.471239 3.612832 0.000000
vt 0.471239 3.455752 0.000000
vt 0.471239 3.298672 0.000000
vt 0.471239 3.141593 0.000000
vt 0.471239 2.984513 0.000000
vt 0.471239 2.827433 0.000000
vt 0.471239 2.670354 0.000000
vt 0.471239 2.513274 0.000000
vt 0.471239 2.356194 0.000000
vt 0.471239 2.199115 0.000000
vt 0.471239 2.042035 0.000000
vt 0.471239 1.884956 0.000000
vt 0.471239 1.727876 0.000000
vt 0.471239 1.570796 0.000000
vt 0.471239 1.413717 0.000000
vt 0.471239 1.256637 0.000000
vt 0.471239 1.099557 0.000000
vt 0.471239 0.942478 0.000000
vt 0.471239 0.785398 0.000000
vt 0.471239 0.628319 0.000000
vt 0.471239 0.471239 0.000000
vt 0.471239 0.314159 0.000000
vt 0.471239 0.157080 0.000000
vt 0.314159 0.000000 0.000000
vt 0.314159 -0.157080 0.000000
vt 0.314159 -0.314159 0.000000
vt 0.314159 -0.471239 0.000000
vt 0.314159 -0.628319 0.000000
vt 0.314159 -0.785398 0.000000
vt 0.314159 -0.942478 0.000000
vt 0.314159 -1.099557 0.000000
vt 0.314159 -1.256637 0.000000
vt 0.314159 -1.413717 0.000000
vt 0.314159 -1.570796 0.000000
vt 0.314159 -1.727876 0.000000
vt 0.314159 -1.884956 0.000000
vt 0.314159 -2.042035 0.000000
vt 0.314159 -2.199115 0.000000
vt 0.314159 -2.356194 0.000000
vt 0.314159 -2.513274 0.000000
vt 0.314159 -2.670354 0.000000
vt 0.314159 -2.827433 0.000000
vt 0.314159 -2.984513 0.000000
vt 0.314159 -3.141593 0.000000
vt 0.314159 -3.298672 0.000000
vt 0.314159 -3.455752 0.000000
vt 0.314159 -3.612832 0.000000
vt 0.314159 -3.769911 0.000000
vt 0.314159 -3.926991 0.000000
vt 0.314159 -4.084070 0.000000
vt 0.314159 -4.241150 0.000000
vt 0.314159 -4.398230 0.000000
vt 0.314159 -4.555309 0.000000
vt 0.314159 -4.712389 0.000000
vt 0.314159 4.712389 0.000000
vt 0.314159 4.555309 0.000000
vt 0.314159 4.398230 0.000000
vt 0.314159 4.241150 0.000000
vt 0.314159 4.084070 0.000000
vt 0.314159 3.926991 0.000000
vt 0.314159 3.769911 0.000000
vt 0.314159 3.612832 0.000000
vt 0.314159 3.455752 0.000000
vt 0.314159 3.298672 0.000000
vt 0.314159 3.141593 0.000000
vt 0.314159 2.984513 0.000000
vt 0.314159 2.827433 0.000000
vt 0.314159 2.670354 0.000000
vt 0.314159 2.513274 0.000000
vt 0.314159 2.356194 0.000000
vt 0.314159 2.199115 0.000000
vt 0.314159 2.042035 0.000000
vt 0.314159 1.884956 0.000000
vt 0.314159 1.727876 0.000000
vt 0.314159 1.570796 0.000000
vt 0.314159 1.413717 0.000000
vt 0.314159 1.256637 0.000000
vt 0.314159 1.099557 0.000000
vt 0.314159 0.942478 0.000000
vt 0.314159 0.785398 0.000000
vt 0.314159 0.628319 0.000000
vt 0.314159 0.471239 0.000000
vt 0.314159 0.314159 0.000000
vt 0.314159 0.157080 0.000000
vt 0.157080 0.000000 0.000000
vt 0.157080 -0.157080 0.000000
vt 0.157080 -0.314159 0.000000
vt 0.157080 -0.471239 0.000000
vt 0.157080 -0.628319 0.000000
vt 0.157080 -0.785398 0.000000
vt 0.157080 -0.942478 0.000000
vt 0.157080 -1.099557 0.000000
vt 0.157080 -1.256637 0.000000
vt 0.157080 -1.413717 0.000000
vt 0.157080 -1.570796 0.000000
vt 0.157080 -1.727876 0.000000
vt 0.157080 -1.884956 0.000000
vt 0.157080 -2.042035 0.000000
vt 0.157080 -2.199115 0.000000
vt 0.157080 -2.356194 0.000000
vt 0.157080 -2.513274 0.000000
vt 0.157080 -2.670354 0.000000
vt 0.157080 -2.827433 0.000000
vt 0.157080 -2.984513 0.000000
vt 0.157080 -3.141593 0.000000
vt 0.157080 -3.298672 0.000000
vt 0.157080 -3.455752 0.000000
vt 0.157080 -3.612832 0.000000
vt 0.157080 -3.769911 0.000000
vt 0.157080 -3.926991 0.000000
vt 0.157080 -4.084070 0.000000
vt 0.157080 -4.241150 0.000000
vt 0.157080 -4.398230 0.000000
vt 0.157080 -4.555309 0.000000
vt 0.157080 -4.712389 0.000000
vt 0.157080 4.712389 0.000000
vt 0.157080 4.555309 0.000000
vt 0.157080 4.398230 0.000000
vt 0.157080 4.241150 0.000000
vt 0.157080 4.084070 0.000000
vt 0.157080 3.926991 0.000000
vt 0.157080 3.769911 0.000000
vt 0.157080 3.612832 0.000000
vt 0.157080 3.455752 0.000000
vt 0.157080 3.298672 0.000000
vt 0.157080 3.141593 0.000000
vt 0.157080 2.984513 0.000000
vt 0.157080 2.827433 0.000000
vt 0.157080 2.670354 0.000000
vt 0.157080 2.513274 0.000000
vt 0.157080 2.356194 0.000000
vt 0.157080 2.199115 0.000000
vt 0.157080 2.042035 0.000000
vt 0.157080 1.884956 0.000000
vt 0.157080 1.727876 0.000000
vt 0.157080 1.570796 0.000000
vt 0.157080 1.413717 0.000000
vt 0.157080 1.256637 0.000000
vt 0.157080 1.099557 0.000000
vt 0.157080 0.942478 0.000000
vt 0.157080 0.785398 0.000000
vt 0.157080 0.628319 0.000000
vt 0.157080 0.471239 0.000000
vt 0.157080 0.314159 0.000000
vt 0.157080 0.157080 0.000000
vt 0.000000 0.000000 0.000000
vt 0.000000 -0.157080 0.000000
vt 0.000000 -0.314159 0.000000
vt 0.000000 -0.471239 0.000000
vt 0.000000 -0.628319 0.000000
vt 0.000000 -0.785398 0.000000
vt 0.000000 -0.942478 0.000000
vt 0.000000 -1.099557 0.000000
vt 0.000000 -1.256637 0.000000
vt 0.000000 -1.413717 0.000000
vt 0.000000 -1.570796 0.000000
vt 0.000000 -1.727876 0.000000
vt 0.000000 -1.884956 0.000000
vt 0.000000 -2.042035 0.000000
vt 0.000000 -2.199115 0.000000
vt 0.000000 -2.356194 0.000000
vt 0.000000 -2.513274 0.000000
vt 0.000000 -2.670354 0.000000
vt 0.000000 -2.827433 0.000000
vt 0.000000 -2.984513 0.000000
vt 0.000000 -3.141593 0.000000
vt 0.000000 -3.298672 0.000000
vt 0.000000 -3.455752 0.000000
vt 0.000000 -3.612832 0.000000
vt 0.000000 -3.769911 0.000000
vt 0.000000 -3.926991 0.000000
vt 0.000000 -4.084070 0.000000
vt 0.000000 -4.241150 0.000000
vt 0.000000 -4.398230 0.000000
vt 0.000000 -4.555309 0.000000
vt 0.000000 -4.712389 0.000000
vt 0.000000 4.712389 0.000000
vt 0.000000 4.555309 0.000000
vt 0.000000 4.398230 0.000000
vt 0.000000 4.241150 0.000000
vt 0.000000 4.084070 0.000000
vt 0.000000 3.926991 0.000000
vt 0.000000 3.769911 0.000000
vt 0.000000 3.612832 0.000000
vt 0.000000 3.455752 0.000000
vt 0.000000 3.298672 0.000000
vt 0.000000 3.141593 0.000000
vt 0.000000 2.984513 0.000000
vt 0.000000 2.827433 0.000000
vt 0.000000 2.670354 0.000000
vt 0.000000 2.513274 0.000000
vt 0.000000 2.356194 0.000000
vt 0.000000 2.199115 0.000000
vt 0.000000 2.042035 0.000000
vt 0.000000 1.884956 0.000000
vt 0.000000 1.727876 0.000000
vt 0.000000 1.570796 0.000000
vt 0.000000 1.413717 0.000000
vt 0.000000 1.256637 0.000000
vt 0.000000 1.099557 0.000000
vt 0.000000 0.942478 0.000000
vt 0.000000 0.785398 0.000000
vt 0.000000 0.628319 0.000000
vt 0.000000 0.471239 0.000000
vt 0.000000 0.314159 0.000000
vt 0.000000 0.157080 0.000000
vt -0.157080 0.000000 0.000000
vt -0.157080 -0.157080 0.000000
vt -0.157080 -0.314159 0.000000
vt -0.157080 -0.471239 0.000000
vt -0.157080 -0.628319 0.000000
vt -0.157080 -0.785398 0.000000
vt -0.157080 -0.942478 0.000000
vt -0.157080 -1.099557 0.000000
vt -0.157080 -1.256637 0.000000
vt -0.157080 -1.413717 0.000000
vt -0.157080 -1.570796 0.000000
vt -0.157080 -1.727876 0.000000
vt -0.157080 -1.884956 0.000000
vt -0.157080 -2.042035 0.000000
vt -0.157080 -2.199115 0.000000
vt -0.157080 -2.356194 0.000000
vt -0.157080 -2.513274 0.000000
vt -0.157080 -2.670354 0.000000
vt -0.157080 -2.827433 0.000000
vt -0.157080 -2.984513 0.000000
vt -0.157080 -3.141593 0.000000
vt -0.157080 -3.298672 0.000000
vt -0.157080 -3.455752 0.000000
vt -0.157080 -3.612832 0.000000
vt -0.157080 -3.769911 0.000000
vt -0.157080 -3.926991 0.000000
vt -0.157080 -4.084070 0.000000
vt -0.157080 -4.241150 0.000000
vt -0.157080 -4.398230 0.000000
vt -0.157080 -4.555309 0.000000
vt -0.157080 -4.712389 0.000000
vt -0.157080 4.712389 0.000000
vt -0.157080 4.555309 0.000000
vt -0.157080 4.398230 0.000000
vt -0.157080 4.241150 0.000000
vt -0.157080 4.084070 0.000000
vt -0.157080 3.926991 0.000000
vt -0.157080 3.769911 0.000000
vt -0.157080 3.612832 0.000000
vt -0.157080 3.455752 0.000000
vt -0.157080 3.298672 0.000000
vt -0.157080 3.141593 0.000000
vt -0.157080 2.984513 0.000000
vt -0.157080 2.827433 0.000000
vt -0.157080 2.670354 0.000000
vt -0.157080 2.513274 0.000000
vt -0.157080 2.356194 0.000000
vt -0.157080 2.199115 0.000000
vt -0.157080 2.042035 0.000000
vt -0.157080 1.884956 0.000000
vt -0.157080 1.727876 0.000000
vt -0.157080 1.570796 0.000000
vt -0.157080 1.413717 0.000000
vt -0.157080 1.256637 0.000000
vt -0.157080 1.099557 0.000000
vt -0.157080 0.942478 0.000000
vt -0.157080 0.785398 0.000000
vt -0.157080 0.628319 0.000000
vt -0.157080 0.471239 0.000000
vt -0.157080 0.314159 0.000000
vt -0.157080 0.157080 0.000000
vt -0.314159 0.000000 0.000000
vt -0.314159 -0.157080 0.000000
vt -0.314159 -0.314159 0.000000
vt -0.314159 -0.471239 0.000000
vt -0.314159 -0.628319 0.000000
vt -0.314159 -0.785398 0.000000
vt -0.314159 -0.942478 0.000000
vt -0.314159 -1.099557 0.000000
vt -0.314159 -1.256637 0.000000
vt -0.314159 -1.413717 0.000000
vt -0.314159 -1.570796 0.000000
vt -0.314159 -1.727876 0.000000
vt -0.314159 -1.884956 0.000000
vt -0.314159 -2.042035 0.000000
vt -0.314159 -2.199115 0.000000
vt -0.314159 -2.356194 0.000000
vt -0.314159 -2.513274 0.000000
vt -0.314159 -2.670354 0.000000
vt -0.314159 -2.827433 0.000000
vt -0.314159 -2.984513 0.000000
vt -0.314159 -3.141593 0.000000
vt -0.314159 -3.298672 0.000000
vt -0.314159 -3.455752 0.000000
vt -0.314159 -3.612832 0.000000
vt -0.314159 -3.769911 0.000000
vt -0.314159 -3.926991 0.000000
vt -0.314159 -4.084070 0.000000
vt -0.314159 -4.241150 0.000000
vt -0.314159 -4.398230 0.000000
vt -0.314159 -4.555309 0.000000
vt -0.314159 -4.712389 0.000000
vt -0.314159 4.712389 0.000000
vt -0.314159 4.555309 0.000000
vt -0.314159 4.398230 0.000000
vt -0.314159 4.241150 0.000000
vt -0.314159 4.084070 0.000000
vt -0.314159 3.926991 0.000000
vt -0.314159 3.769911 0.000000
vt -0.314159 3.612832 0.000000
vt -0.314159 3.455752 0.000000
vt -0.314159 3.298672 0.000000
vt -0.314159 3.141593 0.000000
vt -0.314159 2.984513 0.000000
vt -0.314159 2.827433 0.000000
vt -0.314159 2.670354 0.000000
vt -0.314159 2.513274 0.000000
vt -0.314159 2.356194 0.000000
vt -0.314159 2.199115 0.000000
vt -0.314159 2.042035 0.000000
vt -0.314159 1.884956 0.000000
vt -0.314159 1.727876 0.000000
vt -0.314159 1.570796 0.000000
vt -0.314159 1.413717 0.000000
vt -0.314159 1.256637 0.000000
vt -0.314159 1.099557 0.000000
vt -0.314159 0.942478 0.000000
vt -0.314159 0.785398 0.000000
vt -0.314159 0.628319 0.000000
vt -0.314159 0.471239 0.000000
vt -0.314159 0.314159 0.000000
vt -0.314159 0.157080 0.000000
vt -0.471239 0.000000 0.000000
vt -0.471239 -0.157080 0.000000
vt -0.471239 -0.314159 0.000000
vt -0.471239 -0.471239 0.000000
vt -0.471239 -0.628319 0.000000
vt -0.471239 -0.785398 0.000000
vt -0.471239 -0.942478 0.000000
vt -0.471239 -1.099557 0.000000
vt -0.471239 -1.256637 0.000000
vt -0.471239 -1.413717 0.000000
vt -0.471239 -1.570796 0.000000
vt -0.471239 -1.727876 0.000000
vt -0.471239 -1.884956 0.000000
vt -0.471239 -2.042035 0.000000
vt -0.471239 -2.199115 0.000000
vt -0.471239 -2.356194 0.000000
vt -0.471239 -2.513274 0.000000
vt -0.471239 -2.670354 0.000000
vt -0.471239 -2.827433 0.000000
vt -0.471239 -2.984513 0.000000
vt -0.471239 -3.141593 0.000000
vt -0.471239 -3.298672 0.000000
vt -0.471239 -3.455752 0.000000
vt -0.471239 -3.612832 0.000000
vt -0.471239 -3.769911 0.000000
vt -0.471239 -3.926991 0.000000
vt -0.471239 -4.084070 0.000000
vt -0.471239 -4.241150 0.000000
vt -0.471239 -4.398230 0.000000
vt -0.471239 -4.555309 0.000000
vt -0.471239 -4.712389 0.000000
vt -0.471239 4.712389 0.000000
vt -0.471239 4.555309 0.000000
vt -0.471239 4.398230 0.000000
vt -0.471239 4.241150 0.000000
vt -0.471239 4.084070 0.000000
vt -0.471239 3.926991 0.000000
vt -0.471239 3.769911 0.000000
vt -0.471239 3.612832 0.000000
vt -0.471239 3.455752 0.000000
vt -0.471239 3.298672 0.000000
vt -0.471239 3.141593 0.000000
vt -0.471239 2.984513 0.000000
vt -0.471239 2.827433 0.000000
vt -0.471239 2.670354 0.000000
vt -0.471239 2.513274 0.000000
vt -0.471239 2.356194 0.000000
vt -0.471239 2.199115 0.000000
vt -0.471239 2.042035 0.000000
vt -0.471239 1.884956 0.000000
vt -0.471239 1.727876 0.000000
vt -0.471239 1.570796 0.000000
vt -0.471239 1.413717 0.000000
vt -0.471239 1.256637 0.000000
vt -0.471239 1.099557 0.000000
vt -0.471239 0.942478 0.000000
vt -0.471239 0.785398 0.000000
vt -0.471239 0.628319 0.000000
vt -0.471239 0.471239 0.000000
vt -0.471239 0.314159 0.000000
vt -0.471239 0.157080 0.000000
vt -0.628319 0.000000 0.000000
vt -0.628319 -0.157080 0.000000
vt -0.628319 -0.314159 0.000000
vt -0.628319 -0.471239 0.000000
vt -0.628319 -0.628319 0.000000
vt -0.628319 -0.785398 0.000000
vt -0.628319 -0.942478 0.000000
vt -0.628319 -1.099557 0.000000
vt -0.628319 -1.256637 0.000000
vt -0.628319 -1.413717 0.000000
vt -0.628319 -1.570796 0.000000
vt -0.628319 -1.727876 0.000000
vt -0.628319 -1.884956 0.000000
vt -0.628319 -2.042035 0.000000
vt -0.628319 -2.199115 0.000000
vt -0.628319 -2.356194 0.000000
vt -0.628319 -2.513274 0.000000
vt -0.628319 -2.670354 0.000000
vt -0.628319 -2.827433 0.000000
vt -0.628319 -2.984513 0.000000
vt -0.628319 -3.141593 0.000000
vt -0.628319 -3.298672 0.000000
vt -0.628319 -3.455752 0.000000
vt -0.628319 -3.612832 0.000000
vt -0.628319 -3.769911 0.000000
vt -0.628319 -3.926991 0.000000
vt -0.628319 -4.084070 0.000000
vt -0.628319 -4.241150 0.000000
vt -0.628319 -4.398230 0.000000
vt -0.628319 -4.555309 0.000000
vt -0.628319 -4.712389 0.000000
vt -0.628319 4.712389 0.000000
vt -0.628319 4.555309 0.000000
vt -0.628319 4.398230 0.000000
vt -0.628319 4.241150 0.000000
vt -0.628319 4.084070 0.000000
vt -0.628319 3.926991 0.000000
vt -0.628319 3.769911 0.000000
vt -0.628319 3.612832 0.000000
vt -0.628319 3.455752 0.000000
vt -0.628319 3.298672 0.000000
vt -0.628319 3.141593 0.000000
vt -0.628319 2.984513 0.000000
vt -0.628319 2.827433 0.000000
vt -0.628319 2.670354 0.000000
vt -0.628319 2.513274 0.000000
vt -0.628319 2.356194 0.000000
vt -0.628319 2.199115 0.000000
vt -0.628319 2.042035 0.000000
vt -0.628319 1.884956 0.000000
vt -0.628319 1.727876 0.000000
vt -0.628319 1.570796 0.000000
vt -0.628319 1.413717 0.000000
vt -0.628319 1.256637 0.000000
vt -0.628319 1.099557 0.000000
vt -0.628319 0.942478 0.000000
vt -0.628319 0.785398 0.000000
vt -0.628319 0.628319 0.000000
vt -0.628319 0.471239 0.000000
vt -0.628319 0.314159 0.000000
vt -0.628319 0.157080 0.000000
vt -0.785398 0.000000 0.000000
vt -0.785398 -0.157080 0.000000
vt -0.785398 -0.314159 0.000000
vt -0.785398 -0.471239 0.000000
vt -0.785398 -0.628319 0.000000
vt -0.785398 -0.785398 0.000000
vt -0.785398 -0.942478 0.000000
vt -0.785398 -1.099557 0.000000
vt -0.785398 -1.256637 0.000000
vt -0.785398 -1.413717 0.000000
vt -0.785398 -1.570796 0.000000
vt -0.785398 -1.727876 0.000000
vt -0.785398 -1.884956 0.000000
vt -0.785398 -2.042035 0.000000
vt -0.785398 -2.199115 0.000000
vt -0.785398 -2.356194 0.000000
vt -0.785398 -2.513274 0.000000
vt -0.785398 -2.670354 0.000000
vt -0.785398 -2.827433 0.000000
vt -0.785398 -2.984513 0.000000
vt -0.785398 -3.141593 0.000000
vt -0.785398 -3.298672 0.000000
vt -0.785398 -3.455752 0.000000
vt -0.785398 -3.612832 0.000000
vt -0.785398 -3.769911 0.000000
vt -0.785398 -3.926991 0.000000
vt -0.785398 -4.084070 0.000000
vt -0.785398 -4.241150 0.000000
vt -0.785398 -4.398230 0.000000
vt -0.785398 -4.555309 0.000000
vt -0.785398 -4.712389 0.000000
vt -0.785398 4.712389 0.000000
vt -0.785398 4.555309 0.000000
vt -0.785398 4.398230 0.000000
vt -0.785398 4.241150 0.000000
vt -0.785398 4.084070 0.000000
vt -0.785398 3.926991 0.000000
vt -0.785398 3.769911 0.000000
vt -0.785398 3.612832 0.000000
vt -0.785398 3.455752 0.000000
vt -0.785398 3.298672 0.000000
vt -0.785398 3.141593 0.000000
vt -0.785398 2.984513 0.000000
vt -0.785398 2.827433 0.000000
vt -0.785398 2.670354 0.000000
vt -0.785398 2.513274 0.000000
vt -0.785398 2.356194 0.000000
vt -0.785398 2.199115 0.000000
vt -0.785398 2.042035 0.000000
vt -0.785398 1.884956 0.000000
vt -0.785398 1.727876 0.000000
vt -0.785398 1.570796 0.000000
vt -0.785398 1.413717 0.000000
vt -0.785398 1.256637 0.000000
vt -0.785398 1.099557 0.000000
vt -0.785398 0.942478 0.000000
vt -0.785398 0.785398 0.000000
vt -0.785398 0.628319 0.000000
vt -0.785398 0.471239 0.000000
vt -0.785398 0.314159 0.000000
vt -0.785398 0.157080 0.000000
vt -0.942478 0.000000 0.000000
vt -0.942478 -0.157080 0.000000
vt -0.942478 -0.314159 0.000000
vt -0.942478 -0.471239 0.000000
vt -0.942478 -0.628319 0.000000
vt -0.942478 -0.785398 0.000000
vt -0.942478 -0.942478 0.000000
vt -0.942478 -1.099557 0.000000
vt -0.942478 -1.256637 0.000000
vt -0.942478 -1.413717 0.000000
vt -0.942478 -1.570796 0.000000
vt -0.942478 -1.727876 0.000000
vt -0.942478 -1.884956 0.000000
vt -0.942478 -2.042035 0.000000
vt -0.942478 -2.199115 0.000000
vt -0.942478 -2.356194 0.000000
vt -0.942478 -2.513274 0.000000
vt -0.942478 -2.670354 0.000000
vt -0.942478 -2.827433 0.000000
vt -0.942478 -2.984513 0.000000
vt -0.942478 -3.141593 0.000000
vt -0.942478 -3.298672 0.000000
vt -0.942478 -3.455752 0.000000
vt -0.942478 -3.612832 0.000000
vt -0.942478 -3.769911 0.000000
vt -0.942478 -3.926991 0.000000
vt -0.942478 -4.084070 0.000000
vt -0.942478 -4.241150 0.000000
vt -0.942478 -4.398230 0.000000
vt -0.942478 -4.555309 0.000000
vt -0.942478 -4.712389 0.000000
vt -0.942478 4.712389 0.000000
vt -0.942478 4.555309 0.000000
vt -0.942478 4.398230 0.000000
vt -0.942478 4.241150 0.000000
vt -0.942478 4.084070 0.000000
vt -0.942478 3.926991 0.000000
vt -0.942478 3.769911 0.000000
vt -0.942478 3.612832 0.000000
vt -0.942478 3.455752 0.000000
vt -0.942478 3.298672 0.000000
vt -0.942478 3.141593 0.000000
vt -0.942478 2.984513 0.000000
vt -0.942478 2.827433 0.000000
vt -0.942478 2.670354 0.000000
vt -0.942478 2.513274 0.000000
vt -0.942478 2.356194 0.000000
vt -0.942478 2.199115 0.000000
vt -0.942478 2.042035 0.000000
vt -0.942478 1.884956 0.000000
vt -0.942478 1.727876 0.000000
vt -0.942478 1.570796 0.000000
vt -0.942478 1.413717 0.000000
vt -0.942478 1.256637 0.000000
vt -0.942478 1.099557 0.000000
vt -0.942478 0.942478 0.000000
vt -0.942478 0.785398 0.000000
vt -0.942478 0.628319 0.000000
vt -0.942478 0.471239 0.000000
vt -0.942478 0.314159 0.000000
vt -0.942478 0.157080 0.000000
vt -1.099557 0.000000 0.000000
vt -1.099557 -0.157080 0.000000
vt -1.099557 -0.314159 0.000000
vt -1.099557 -0.471239 0.000000
vt -1.099557 -0.628319 0.000000
vt -1.099557 -0.785398 0.000000
vt -1.099557 -0.942478 0.000000
vt -1.099557 -1.099557 0.000000
vt -1.099557 -1.256637 0.000000
vt -1.099557 -1.413717 0.000000
vt -1.099557 -1.570796 0.000000
vt -1.099557 -1.727876 0.000000
vt -1.099557 -1.884956 0.000000
vt -1.099557 -2.042035 0.000000
vt -1.099557 -2.199115 0.000000
vt -1.099557 -2.356194 0.000000
vt -1.099557 -2.513274 0.000000
vt -1.099557 -2.670354 0.000000
vt -1.099557 -2.827433 0.000000
vt -1.099557 -2.984513 0.000000
vt -1.099557 -3.141593 0.000000
vt -1.099557 -3.298672 0.000000
vt -1.099557 -3.455752 0.000000
vt -1.099557 -3.612832 0.000000
vt -1.099557 -3.769911 0.000000
vt -1.099557 -3.926991 0.000000
vt -1.099557 -4.084070 0.000000
vt -1.099557 -4.241150 0.000000
vt -1.099557 -4.398230 0.000000
vt -1.099557 -4.555309 0.000000
vt -1.099557 -4.712389 0.000000
vt -1.099557 4.712389 0.000000
vt -1.099557 4.555309 0.000000
vt -1.099557 4.398230 0.000000
vt -1.099557 4.241150 0.000000
vt -1.099557 4.084070 0.000000
vt -1.099557 3.926991 0.000000
vt -1.099557 3.769911 0.000000
vt -1.099557 3.612832 0.000000
vt -1.099557 3.455752 0.000000
vt -1.099557 3.298672 0.000000
vt -1.099557 3.141593 0.000000
vt -1.099557 2.984513 0.000000
vt -1.099557 2.827433 0.000000
vt -1.099557 2.670354 0.000000
vt -1.099557 2.513274 0.000000
vt -1.099557 2.356194 0.000000
vt -1.099557 2.199115 0.000000
vt -1.099557 2.042035 0.000000
vt -1.099557 1.884956 0.000000
vt -1.099557 1.727876 0.000000
vt -1.099557 1.570796 0.000000
vt -1.099557 1.413717 0.000000
vt -1.099557 1.256637 0.000000
vt -1.099557 1.099557 0.000000
vt -1.099557 0.942478 0.000000
vt -1.099557 0.785398 0.000000
vt -1.099557 0.628319 0.000000
vt -1.099557 0.471239 0.000000
vt -1.099557 0.314159 0.000000
vt -1.099557 0.157080 0.000000
vt -1.256637 0.000000 0.000000
vt -1.256637 -0.157080 0.000000
vt -1.256637 -0.314159 0.000000
vt -1.256637 -0.471239 0.000000
vt -1.256637 -0.628319 0.000000
vt -1.256637 -0.785398 0.000000
vt -1.256637 -0.942478 0.000000
vt -1.256637 -1.099557 0.000000
vt -1.256637 -1.256637 0.000000
vt -1.256637 -1.413717 0.000000
vt -1.256637 -1.570796 0.000000
vt -1.256637 -1.727876 0.000000
vt -1.256637 -1.884956 0.000000
vt -1.256637 -2.042035 0.000000
vt -1.256637 -2.199115 0.000000
vt -1.256637 -2.356194 0.000000
vt -1.256637 -2.513274 0.000000
vt -1.256637 -2.670354 0.000000
vt -1.256637 -2.827433 0.000000
vt -1.256637 -2.984513 0.000000
vt -1.256637 -3.141593 0.000000
vt -1.256637 -3.298672 0.000000
vt -1.256637 -3.455752 0.000000
vt -1.256637 -3.612832 0.000000
vt -1.256637 -3.769911 0.000000
vt -1.256637 -3.926991 0.000000
vt -1.256637 -4.084070 0.000000
vt -1.256637 -4.241150 0.000000
vt -1.256637 -4.398230 0.000000
vt -1.256637 -4.555309 0.000000
vt -1.256637 -4.712389 0.000000
vt -1.256637 4.712389 0.000000
vt -1.256637 4.555309 0.000000
vt -1.256637 4.398230 0.000000
vt -1.256637 4.241150 0.000000
vt -1.256637 4.084070 0.000000
vt -1.256637 3.926991 0.000000
vt -1.256637 3.769911 0.000000
vt -1.256637 3.612832 0.000000
vt -1.256637 3.455752 0.000000
vt -1.256637 3.298672 0.000000
vt -1.256637 3.141593 0.000000
vt -1.256637 2.984513 0.000000
vt -1.256637 2.827433 0.000000
vt -1.256637 2.670354 0.000000
vt -1.256637 2.513274 0.000000
vt -1.256637 2.356194 0.000000
vt -1.256637 2.199115 0.000000
vt -1.256637 2.042035 0.000000
vt -1.256637 1.884956 0.000000
vt -1.256637 1.727876 0.000000
vt -1.256637 1.570796 0.000000
vt -1.256637 1.413717 0.000000
vt -1.256637 1.256637 0.000000
vt -1.256637 1.099557 0.000000
vt -1.256637 0.942478 0.000000
vt -1.256637 0.785398 0.000000
vt -1.256637 0.628319 0.000000
vt -1.256637 0.471239 0.000000
vt -1.256637 0.314159 0.000000
vt -1.256637 0.157080 0.000000
vt -1.413717 0.000000 0.000000
vt -1.413717 -0.157080 0.000000
vt -1.413717 -0.314159 0.000000
vt -1.413717 -0.471239 0.000000
vt -1.413717 -0.628319 0.000000
vt -1.413717 -0.785398 0.000000
vt -1.413717 -0.942478 0.000000
vt -1.413717 -1.099557 0.000000
vt -1.413717 -1.256637 0.000000
vt -1.413717 -1.413717 0.000000
vt -1.413717 -1.570796 0.000000
vt -1.413717 -1.727876 0.000000
vt -1.413717 -1.884956 0.000000
vt -1.413717 -2.042035 0.000000
vt -1.413717 -2.199115 0.000000
vt -1.413717 -2.356194 0.000000
vt -1.413717 -2.513274 0.000000
vt -1.413717 -2.670354 0.000000
vt -1.413717 -2.827433 0.000000
vt -1.413717 -2.984513 0.000000
vt -1.413717 -3.141593 0.000000
vt -1.413717 -3.298672 0.000000
vt -1.413717 -3.455752 0.000000
vt -1.413717 -3.612832 0.000000
vt -1.413717 -3.769911 0.000000
vt -1.413717 -3.926991 0.000000
vt -1.413717 -4.084070 0.000000
vt -1.413717 -4.241150 0.000000
vt -1.413717 -4.398230 0.000000
vt -1.413717 -4.555309 0.000000
vt -1.413717 -4.712389 0.000000
vt -1.413717 4.712389 0.000000
vt -1.413717 4.555309 0.000000
vt -1.413717 4.398230 0.000000
vt -1.413717 4.241150 0.000000
vt -1.413717 4.084070 0.000000
vt -1.413717 3.926991 0.000000
vt -1.413717 3.769911 0.000000
vt -1.413717 3.612832 0.000000
vt -1.413717 3.455752 0.000000
vt -1.413717 3.298672 0.000000
vt -1.413717 3.141593 0.000000
vt -1.413717 2.984513 0.000000
vt -1.413717 2.827433 0.000000
vt -1.413717 2.670354 0.000000
vt -1.413717 2.513274 0.000000
vt -1.413717 2.356194 0.000000
vt -1.413717 2.199115 0.000000
vt -1.413717 2.042035 0.000000
vt -1.413717 1.884956 0.000000
vt -1.413717 1.727876 0.000000
vt -1.413717 1.570796 0.000000
vt -1.413717 1.413717 0.000000
vt -1.413717 1.256637 0.000000
vt -1.413717 1.099557 0.000000
vt -1.413717 0.942478 0.000000
vt -1.413717 0.785398 0.000000
vt -1.413717 0.628319 0.000000
vt -1.413717 0.471239 0.000000
vt -1.413717 0.314159 0.000000
vt -1.413717 0.157080 0.000000
vt -1.570796 0.000000 0.000000
vt -1.570796 -0.157080 0.000000
vt -1.570796 -0.314159 0.000000
vt -1.570796 -0.471239 0.000000
vt -1.570796 -0.628319 0.000000
vt -1.570796 -0.785398 0.000000
vt -1.570796 -0.942478 0.000000
vt -1.570796 -1.099557 0.000000
vt -1.570796 -1.256637 0.000000
vt -1.570796 -1.413717 0.000000
vt -1.570796 -1.570796 0.000000
vt -1.570796 -1.727876 0.000000
vt -1.570796 -1.884956 0.000000
vt -1.570796 -2.042035 0.000000
vt -1.570796 -2.199115 0.000000
vt -1.570796 -2.356194 0.000000
vt -1.570796 -2.513274 0.000000
vt -1.570796 -2.670354 0.000000
vt -1.570796 -2.827433 0.000000
vt -1.570796 -2.984513 0.000000
vt -1.570796 -3.141593 0.000000
vt -1.570796 -3.298672 0.000000
vt -1.570796 -3.455752 0.000000
vt -1.570796 -3.612832 0.000000
vt -1.570796 -3.769911 0.000000
vt -1.570796 -3.926991 0.000000
vt -1.570796 -4.084070 0.000000
vt -1.570796 -4.241150 0.000000
vt -1.570796 -4.398230 0.000000
vt -1.570796 -4.555309 0.000000
vt -1.570796 -4.712389 0.000000
vt -1.570796 4.712389 0.000000
vt -1.570796 4.555309 0.000000
vt -1.570796 4.398230 0.000000
vt -1.570796 4.241150 0.000000
vt -1.570796 4.084070 0.000000
vt -1.570796 3.926991 0.000000
vt -1.570796 3.769911 0.000000
vt -1.570796 3.612832 0.000000
vt -1.570796 3.455752 0.000000
vt -1.570796 3.298672 0.000000
vt -1.570796 3.141593 0.000000
vt -1.570796 2.984513 0.000000
vt -1.570796 2.827433 0.000000
vt -1.570796 2.670354 0.000000
vt -1.570796 2.513274 0.000000
vt -1.570796 2.356194 0.000000
vt -1.570796 2.199115 0.000000
vt -1.570796 2.042035 0.000000
vt -1.570796 1.884956 0.000000
vt -1.570796 1.727876 0.000000
vt -1.570796 1.570796 0.000000
vt -1.570796 1.413717 0.000000
vt -1.570796 1.256637 0.000000
vt -1.570796 1.099557 0.000000
vt -1.570796 0.942478 0.000000
vt -1.570796 0.785398 0.000000
vt -1.570796 0.628319 0.000000
vt -1.570796 0.471239 0.000000
vt -1.570796 0.314159 0.000000
vt -1.570796 0.157080 0.000000
vt -1.727876 0.000000 0.000000
vt -1.727876 -0.157080 0.000000
vt -1.727876 -0.314159 0.000000
vt -1.727876 -0.471239 0.000000
vt -1.727876 -0.628319 0.000000
vt -1.727876 -0.785398 0.000000
vt -1.727876 -0.942478 0.000000
vt -1.727876 -1.099557 0.000000
vt -1.727876 -1.256637 0.000000
vt -1.727876 -1.413717 0.000000
vt -1.727876 -1.570796 0.000000
vt -1.727876 -1.727876 0.000000
vt -1.727876 -1.884956 0.000000
vt -1.727876 -2.042035 0.000000
vt -1.727876 -2.199115 0.000000
vt -1.727876 -2.356194 0.000000
vt -1.727876 -2.513274 0.000000
vt -1.727876 -2.670354 0.000000
vt -1.727876 -2.827433 0.000000
vt -1.727876 -2.984513 0.000000
vt -1.727876 -3.141593 0.000000
vt -1.727876 -3.298672 0.000000
vt -1.727876 -3.455752 0.000000
vt -1.727876 -3.612832 0.000000
vt -1.727876 -3.769911 0.000000
vt -1.727876 -3.926991 0.000000
vt -1.727876 -4.084070 0.000000
vt -1.727876 -4.241150 0.000000
vt -1.727876 -4.398230 0.000000
vt -1.727876 -4.555309 0.000000
vt -1.727876 -4.712389 0.000000
vt -1.727876 4.712389 0.000000
vt -1.727876 4.555309 0.000000
vt -1.727876 4.398230 0.000000
vt -1.727876 4.241150 0.000000
vt -1.727876 4.084070 0.000000
vt -1.727876 3.926991 0.000000
vt -1.727876 3.769911 0.000000
vt -1.727876 3.612832 0.000000
vt -1.727876 3.455752 0.000000
vt -1.727876 3.298672 0.000000
vt -1.727876 3.141593 0.000000
vt -1.727876 2.984513 0.000000
vt -1.727876 2.827433 0.000000
vt -1.727876 2.670354 0.000000
vt -1.727876 2.513274 0.000000
vt -1.727876 2.356194 0.000000
vt -1.727876 2.199115 0.000000
vt -1.727876 2.042035 0.000000
vt -1.727876 1.884956 0.000000
vt -1.727876 1.727876 0.000000
vt -1.727876 1.570796 0.000000
vt -1.727876 1.413717 0.000000
vt -1.727876 1.256637 0.000000
vt -1.727876 1.099557 0.000000
vt -1.727876 0.942478 0.000000
vt -1.727876 0.785398 0.000000
vt -1.727876 0.628319 0.000000
vt -1.727876 0.471239 0.000000
vt -1.727876 0.314159 0.000000
vt -1.727876 0.157080 0.000000
vt -1.884956 0.000000 0.000000
vt -1.884956 -0.157080 0.000000
vt -1.884956 -0.314159 0.000000
vt -1.884956 -0.471239 0.000000
vt -1.884956 -0.628319 0.000000
vt -1.884956 -0.785398 0.000000
vt -1.884956 -0.942478 0.000000
vt -1.884956 -1.099557 0.000000
vt -1.884956 -1.256637 0.000000
vt -1.884956 -1.413717 0.000000
vt -1.884956 -1.570796 0.000000
vt -1.884956 -1.727876 0.000000
vt -1.884956 -1.884956 0.000000
vt -1.884956 -2.042035 0.000000
vt -1.884956 -2.199115 0.000000
vt -1.884956 -2.356194 0.000000
vt -1.884956 -2.513274 0.000000
vt -1.884956 -2.670354 0.000000
vt -1.884956 -2.827433 0.000000
vt -1.884956 -2.984513 0.000000
vt -1.884956 -3.141593 0.000000
vt -1.884956 -3.298672 0.000000
vt -1.884956 -3.455752 0.000000
vt -1.884956 -3.612832 0.000000
vt -1.884956 -3.769911 0.000000
vt -1.884956 -3.926991 0.000000
vt -1.884956 -4.084070 0.000000
vt -1.884956 -4.241150 0.000000
vt -1.884956 -4.398230 0.000000
vt -1.884956 -4.555309 0.000000
vt -1.884956 -4.712389 0.000000
vt -1.884956 4.712389 0.000000
vt -1.884956 4.555309 0.000000
vt -1.884956 4.398230 0.000000
vt -1.884956 4.241150 0.000000
vt -1.884956 4.084070 0.000000
vt -1.884956 3.926991 0.000000
vt -1.884956 3.769911 0.000000
vt -1.884956 3.612832 0.000000
vt -1.884956 3.455752 0.000000
vt -1.884956 3.298672 0.000000
vt -1.884956 3.141593 0.000000
vt -1.884956 2.984513 0.000000
vt -1.884956 2.827433 0.000000
vt -1.884956 2.670354 0.000000
vt -1.884956 2.513274 0.000000
vt -1.884956 2.356194 0.000000
vt -1.884956 2.199115 0.000000
vt -1.884956 2.042035 0.000000
vt -1.884956 1.884956 0.000000
vt -1.884956 1.727876 0.000000
vt -1.884956 1.570796 0.000000
vt -1.884956 1.413717 0.000000
vt -1.884956 1.256637 0.000000
vt -1.884956 1.099557 0.000000
vt -1.884956 0.942478 0.000000
vt -1.884956 0.785398 0.000000
vt -1.884956 0.628319 0.000000
vt -1.884956 0.471239 0.000000
vt -1.884956 0.314159 0.000000
vt -1.884956 0.157080 0.000000
vt -2.042035 0.000000 0.000000
vt -2.042035 -0.157080 0.000000
vt -2.042035 -0.314159 0.000000
vt -2.042035 -0.471239 0.000000
vt -2.042035 -0.628319 0.000000
vt -2.042035 -0.785398 0.000000
vt -2.042035 -0.942478 0.000000
vt -2.042035 -1.099557 0.000000
vt -2.042035 -1.256637 0.000000
vt -2.042035 -1.413717 0.000000
vt -2.042035 -1.570796 0.000000
vt -2.042035 -1.727876 0.000000
vt -2.042035 -1.884956 0.000000
vt -2.042035 -2.042035 0.000000
vt -2.042035 -2.199115 0.000000
vt -2.042035 -2.356194 0.000000
vt -2.042035 -2.513274 0.000000
vt -2.042035 -2.670354 0.000000
vt -2.042035 -2.827433 0.000000
vt -2.042035 -2.984513 0.000000
vt -2.042035 -3.141593 0.000000
vt -2.042035 -3.298672 0.000000
vt -2.042035 -3.455752 0.000000
vt -2.042035 -3.612832 0.000000
vt -2.042035 -3.769911 0.000000
vt -2.042035 -3.926991 0.000000
vt -2.042035 -4.084070 0.000000
vt -2.042035 -4.241150 0.000000
vt -2.042035 -4.398230 0.000000
vt -2.042035 -4.555309 0.000000
vt -2.042035 -4.712389 0.000000
vt -2.042035 4.712389 0.000000
vt -2.042035 4.555309 0.000000
vt -2.042035 4.398230 0.000000
vt -2.042035 4.241150 0.000000
vt -2.042035 4.084070 0.000000
vt -2.042035 3.926991 0.000000
vt -2.042035 3.769911 0.000000
vt -2.042035 3.612832 0.000000
vt -2.042035 3.455752 0.000000
vt -2.042035 3.298672 0.000000
vt -2.042035 3.141593 0.000000
vt -2.042035 2.984513 0.000000
vt -2.042035 2.827433 0.000000
vt -2.042035 2.670354 0.000000
vt -2.042035 2.513274 0.000000
vt -2.042035 2.356194 0.000000
vt -2.042035 2.199115 0.000000
vt -2.042035 2.042035 0.000000
vt -2.042035 1.884956 0.000000
vt -2.042035 1.727876 0.000000
vt -2.042035 1.570796 0.000000
vt -2.042035 1.413717 0.000000
vt -2.042035 1.256637 0.000000
vt -2.042035 1.099557 0.000000
vt -2.042035 0.942478 0.000000
vt -2.042035 0.785398 0.000000
vt -2.042035 0.628319 0.000000
vt -2.042035 0.471239 0.000000
vt -2.042035 0.314159 0.000000
vt -2.042035 0.157080 0.000000
vt -2.199115 4.712389 0.000000
vt -2.356194 0.000000 0.000000
vt -2.356194 4.712389 0.000000
vt 2.356194 -4.712389 0.000000
vn -0.009647 0.004025 -0.099452
vn -0.000000 0.000000 -0.100000
vn -0.010015 0.002995 -0.099452
vn -0.010273 0.001931 -0.099452
vn -0.010418 0.000847 -0.099452
vn -0.010450 -0.000247 -0.099452
vn -0.010367 -0.001338 -0.099452
vn -0.010170 -0.002414 -0.099452
vn -0.009862 -0.003464 -0.099452
vn -0.009446 -0.004476 -0.099452
vn -0.008927 -0.005439 -0.099452
vn -0.008309 -0.006342 -0.099452
vn -0.007601 -0.007176 -0.099452
vn -0.006809 -0.007931 -0.099452
vn -0.005943 -0.008599 -0.099452
vn -0.005011 -0.009173 -0.099452
vn -0.004025 -0.009647 -0.099452
vn -0.002995 -0.010015 -0.099452
vn -0.001931 -0.010273 -0.099452
vn -0.000847 -0.010418 -0.099452
vn 0.000247 -0.010450 -0.099452
vn 0.001338 -0.010367 -0.099452
vn 0.002414 -0.010170 -0.099452
vn 0.003464 -0.009862 -0.099452
vn 0.004476 -0.009446 -0.099452
vn 0.005439 -0.008927 -0.099452
vn 0.006342 -0.008309 -0.099452
vn 0.007176 -0.007601 -0.099452
vn 0.007931 -0.006809 -0.099452
vn 0.008599 -0.005943 -0.099452
vn 0.009173 -0.005011 -0.099452
vn 0.008599 -0.005943 0.099452
vn 0.000000 -0.000000 0.100000
vn 0.007931 -0.006809 0.099452
vn 0.007176 -0.007601 0.099452
vn 0.006342 -0.008309 0.099452
vn 0.005439 -0.008927 0.099452
vn 0.004476 -0.009446 0.099452
vn 0.003464 -0.009862 0.099452
vn 0.002414 -0.010170 0.099452
vn 0.001338 -0.010367 0.099452
vn 0.000247 -0.010450 0.099452
vn -0.000847 -0.010418 0.099452
vn -0.001931 -0.010273 0.099452
vn -0.002995 -0.010015 0.099452
vn -0.004025 -0.009647 0.099452
vn -0.005011 -0.009173 0.099452
vn -0.005943 -0.008599 0.099452
vn -0.006809 -0.007931 0.099452
vn -0.007601 -0.007176 0.099452
vn -0.008309 -0.006342 0.099452
vn -0.008927 -0.005439 0.099452
vn -0.009446 -0.004476 0.099452
vn -0.009862 -0.003464 0.099452
vn -0.010170 -0.002414 0.099452
vn -0.010367 -0.001338 0.099452
vn -0.010450 -0.000247 0.099452
vn -0.010418 0.000847 0.099452
vn -0.010273 0.001931 0.099452
vn -0.010015 0.002995 0.099452
vn -0.009647 0.004025 0.099452
vn -0.009173 0.005011 0.099452
vn -0.008599 0.005943 0.099452
vn -0.007931 0.006809 0.099452
vn -0.007176 0.007601 0.099452
vn -0.006342 0.008309 0.099452
vn -0.005439 0.008927 0.099452
vn -0.004476 0.009446 0.099452
vn -0.003464 0.009862 0.099452
vn -0.002414 0.010170 0.099452
vn -0.001338 0.010367 0.099452
vn -0.000247 0.010450 0.099452
vn 0.000847 0.010418 0.099452
vn 0.001931 0.010273 0.099452
vn 0.002995 0.010015 0.099452
vn 0.004025 0.009647 0.099452
vn 0.005011 0.009173 0.099452
vn 0.005943 0.008599 0.099452
vn 0.006809 0.007931 0.099452
vn 0.007601 0.007176 0.099452
vn 0.008309 0.006342 0.099452
vn 0.008927 0.005439 0.099452
vn 0.009446 0.004476 0.099452
vn 0.009862 0.003464 0.099452
vn 0.010170 0.002414 0.099452
vn 0.010367 0.001338 0.099452
vn 0.010450 0.000247 0.099452
vn 0.010418 -0.000847 0.099452
vn 0.010273 -0.001931 0.099452
vn 0.010015 -0.002995 0.099452
vn 0.009647 -0.004025 0.099452
vn 0.009173 -0.005011 0.099452
vn 0.009647 -0.004025 -0.099452
vn 0.010015 -0.002995 -0.099452
vn 0.010273 -0.001931 -0.099452
vn 0.010418 -0.000847 -0.099452
vn 0.010450 0.000247 -0.099452
vn 0.010367 0.001338 -0.099452
vn 0.010170 0.002414 -0.099452
vn 0.009862 0.003464 -0.099452
vn 0.009446 0.004476 -0.099452
vn 0.008927 0.005439 -0.099452
vn 0.008309 0.006342 -0.099452
vn 0.007601 0.007176 -0.099452
vn 0.006809 0.007931 -0.099452
vn 0.005943 0.008599 -0.099452
vn 0.005011 0.009173 -0.099452
vn 0.004025 0.009647 -0.099452
vn 0.002995 0.010015 -0.099452
vn 0.001931 0.010273 -0.099452
vn 0.000847 0.010418 -0.099452
vn -0.000247 0.010450 -0.099452
vn -0.001338 0.010367 -0.099452
vn -0.002414 0.010170 -0.099452
vn -0.003464 0.009862 -0.099452
vn -0.004476 0.009446 -0.099452
vn -0.005439 0.008927 -0.099452
vn -0.006342 0.008309 -0.099452
vn -0.007176 0.007601 -0.099452
vn -0.007931 0.006809 -0.099452
vn -0.008599 0.005943 -0.099452
vn -0.009173 0.005011 -0.099452
vn -0.018246 0.009968 0.097815
vn -0.019188 0.008006 0.097815
vn -0.019920 0.005956 0.097815
vn -0.020433 0.003842 0.097815
vn -0.020723 0.001685 0.097815
vn -0.020785 -0.000491 0.097815
vn -0.020620 -0.002661 0.097815
vn -0.020229 -0.004801 0.097815
vn -0.019616 -0.006890 0.097815
vn -0.018789 -0.008902 0.097815
vn -0.017755 -0.010818 0.097815
vn -0.016527 -0.012614 0.097815
vn -0.015118 -0.014273 0.097815
vn -0.013544 -0.015775 0.097815
vn -0.011820 -0.017104 0.097815
vn -0.009968 -0.018246 0.097815
vn -0.008006 -0.019188 0.097815
vn -0.005956 -0.019920 0.097815
vn -0.003842 -0.020433 0.097815
vn -0.001685 -0.020723 0.097815
vn 0.000491 -0.020785 0.097815
vn 0.002661 -0.020620 0.097815
vn 0.004801 -0.020229 0.097815
vn 0.006890 -0.019616 0.097815
vn 0.008902 -0.018789 0.097815
vn 0.010818 -0.017755 0.097815
vn 0.012614 -0.016527 0.097815
vn 0.014273 -0.015118 0.097815
vn 0.015775 -0.013544 0.097815
vn 0.017104 -0.011820 0.097815
vn 0.018246 -0.009968 0.097815
vn 0.019188 -0.008006 0.097815
vn 0.019920 -0.005956 0.097815
vn 0.020433 -0.003842 0.097815
vn 0.020723 -0.001685 0.097815
vn 0.020785 0.000491 0.097815
vn 0.020620 0.002661 0.097815
vn 0.020229 0.004801 0.097815
vn 0.019616 0.006890 0.097815
vn 0.018789 0.008902 0.097815
vn 0.017755 0.010818 0.097815
vn 0.016527 0.012614 0.097815
vn 0.015118 0.014273 0.097815
vn 0.013544 0.015775 0.097815
vn 0.011820 0.017104 0.097815
vn 0.009968 0.018246 0.097815
vn 0.008006 0.019188 0.097815
vn 0.005956 0.019920 0.097815
vn 0.003842 0.020433 0.097815
vn 0.001685 0.020723 0.097815
vn -0.000491 0.020785 0.097815
vn -0.002661 0.020620 0.097815
vn -0.004801 0.020229 0.097815
vn -0.006890 0.019616 0.097815
vn -0.008902 0.018789 0.097815
vn -0.010818 0.017755 0.097815
vn -0.012614 0.016527 0.097815
vn -0.014273 0.015118 0.097815
vn -0.015775 0.013544 0.097815
vn -0.017104 0.011820 0.097815
vn -0.027119 0.014815 0.095106
vn -0.028519 0.011899 0.095106
vn -0.029606 0.008853 0.095106
vn -0.030370 0.005710 0.095106
vn -0.030800 0.002504 0.095106
vn -0.030893 -0.000729 0.095106
vn -0.030648 -0.003954 0.095106
vn -0.030066 -0.007136 0.095106
vn -0.029156 -0.010240 0.095106
vn -0.027926 -0.013231 0.095106
vn -0.026390 -0.016078 0.095106
vn -0.024564 -0.018748 0.095106
vn -0.022470 -0.021213 0.095106
vn -0.020130 -0.023446 0.095106
vn -0.017569 -0.025422 0.095106
vn -0.014815 -0.027119 0.095106
vn -0.011899 -0.028519 0.095106
vn -0.008853 -0.029606 0.095106
vn -0.005710 -0.030370 0.095106
vn -0.002504 -0.030800 0.095106
vn 0.000729 -0.030893 0.095106
vn 0.003954 -0.030648 0.095106
vn 0.007136 -0.030066 0.095106
vn 0.010240 -0.029156 0.095106
vn 0.013231 -0.027926 0.095106
vn 0.016078 -0.026390 0.095106
vn 0.018748 -0.024564 0.095106
vn 0.021213 -0.022470 0.095106
vn 0.023446 -0.020130 0.095106
vn 0.025422 -0.017569 0.095106
vn 0.027119 -0.014815 0.095106
vn 0.028519 -0.011899 0.095106
vn 0.029606 -0.008853 0.095106
vn 0.030370 -0.005710 0.095106
vn 0.030800 -0.002504 0.095106
vn 0.030893 0.000729 0.095106
vn 0.030648 0.003954 0.095106
vn 0.030066 0.007136 0.095106
vn 0.029156 0.010240 0.095106
vn 0.027926 0.013231 0.095106
vn 0.026390 0.016078 0.095106
vn 0.024564 0.018748 0.095106
vn 0.022470 0.021213 0.095106
vn 0.020130 0.023446 0.095106
vn 0.017569 0.025422 0.095106
vn 0.014815 0.027119 0.095106
vn 0.011899 0.028519 0.095106
vn 0.008853 0.029606 0.095106
vn 0.005710 0.030370 0.095106
vn 0.002504 0.030800 0.095106
vn -0.000729 0.030893 0.095106
vn -0.003954 0.030648 0.095106
vn -0.007136 0.030066 0.095106
vn -0.010240 0.029156 0.095106
vn -0.013231 0.027926 0.095106
vn -0.016078 0.026390 0.095106
vn -0.018748 0.024564 0.095106
vn -0.021213 0.022470 0.095106
vn -0.023446 0.020130 0.095106
vn -0.025422 0.017569 0.095106
vn -0.035694 0.019500 0.091355
vn -0.037537 0.015662 0.091355
vn -0.038969 0.011653 0.091355
vn -0.039973 0.007515 0.091355
vn -0.040540 0.003296 0.091355
vn -0.040662 -0.000960 0.091355
vn -0.040339 -0.005205 0.091355
vn -0.039574 -0.009393 0.091355
vn -0.038376 -0.013478 0.091355
vn -0.036757 -0.017416 0.091355
vn -0.034735 -0.021162 0.091355
vn -0.032332 -0.024677 0.091355
vn -0.029576 -0.027922 0.091355
vn -0.026495 -0.030860 0.091355
vn -0.023124 -0.033461 0.091355
vn -0.019500 -0.035694 0.091355
vn -0.015662 -0.037537 0.091355
vn -0.011653 -0.038969 0.091355
vn -0.007515 -0.039973 0.091355
vn -0.003296 -0.040540 0.091355
vn 0.000960 -0.040662 0.091355
vn 0.005205 -0.040339 0.091355
vn 0.009393 -0.039574 0.091355
vn 0.013478 -0.038376 0.091355
vn 0.017416 -0.036757 0.091355
vn 0.021162 -0.034735 0.091355
vn 0.024677 -0.032332 0.091355
vn 0.027922 -0.029576 0.091355
vn 0.030860 -0.026495 0.091355
vn 0.033461 -0.023124 0.091355
vn 0.035694 -0.019500 0.091355
vn 0.037537 -0.015662 0.091355
vn 0.038969 -0.011653 0.091355
vn 0.039973 -0.007515 0.091355
vn 0.040540 -0.003296 0.091355
vn 0.040662 0.000960 0.091355
vn 0.040339 0.005205 0.091355
vn 0.039574 0.009393 0.091355
vn 0.038376 0.013478 0.091355
vn 0.036757 0.017416 0.091355
vn 0.034735 0.021162 0.091355
vn 0.032332 0.024677 0.091355
vn 0.029576 0.027922 0.091355
vn 0.026495 0.030860 0.091355
vn 0.023124 0.033461 0.091355
vn 0.019500 0.035694 0.091355
vn 0.015662 0.037537 0.091355
vn 0.011653 0.038969 0.091355
vn 0.007515 0.039973 0.091355
vn 0.003296 0.040540 0.091355
vn -0.000960 0.040662 0.091355
vn -0.005205 0.040339 0.091355
vn -0.009393 0.039574 0.091355
vn -0.013478 0.038376 0.091355
vn -0.017416 0.036757 0.091355
vn -0.021162 0.034735 0.091355
vn -0.024677 0.032332 0.091355
vn -0.027922 0.029576 0.091355
vn -0.030860 0.026495 0.091355
vn -0.033461 0.023124 0.091355
vn -0.043879 0.023971 0.086603
vn -0.046144 0.019253 0.086603
vn -0.047904 0.014324 0.086603
vn -0.049139 0.009239 0.086603
vn -0.049836 0.004052 0.086603
vn -0.049986 -0.001180 0.086603
vn -0.049589 -0.006398 0.086603
vn -0.048648 -0.011547 0.086603
vn -0.047175 -0.016569 0.086603
vn -0.045185 -0.021409 0.086603
vn -0.042699 -0.026015 0.086603
vn -0.039746 -0.030336 0.086603
vn -0.036357 -0.034324 0.086603
vn -0.032570 -0.037936 0.086603
vn -0.028427 -0.041133 0.086603
vn -0.023971 -0.043879 0.086603
vn -0.019253 -0.046144 0.086603
vn -0.014324 -0.047904 0.086603
vn -0.009239 -0.049139 0.086603
vn -0.004052 -0.049836 0.086603
vn 0.001180 -0.049986 0.086603
vn 0.006398 -0.049589 0.086603
vn 0.011547 -0.048648 0.086603
vn 0.016569 -0.047175 0.086603
vn 0.021409 -0.045185 0.086603
vn 0.026015 -0.042699 0.086603
vn 0.030336 -0.039746 0.086603
vn 0.034324 -0.036357 0.086603
vn 0.037936 -0.032570 0.086603
vn 0.041133 -0.028427 0.086603
vn 0.043879 -0.023971 0.086603
vn 0.046144 -0.019253 0.086603
vn 0.047904 -0.014324 0.086603
vn 0.049139 -0.009239 0.086603
vn 0.049836 -0.004052 0.086603
vn 0.049986 0.001180 0.086603
vn 0.049589 0.006398 0.086603
vn 0.048648 0.011547 0.086603
vn 0.047175 0.016569 0.086603
vn 0.045185 0.021409 0.086603
vn 0.042699 0.026015 0.086603
vn 0.039746 0.030336 0.086603
vn 0.036357 0.034324 0.086603
vn 0.032570 0.037936 0.086603
vn 0.028427 0.041133 0.086603
vn 0.023971 0.043879 0.086603
vn 0.019253 0.046144 0.086603
vn 0.014324 0.047904 0.086603
vn 0.009239 0.049139 0.086603
vn 0.004052 0.049836 0.086603
vn -0.001180 0.049986 0.086603
vn -0.006398 0.049589 0.086603
vn -0.011547 0.048648 0.086603
vn -0.016569 0.047175 0.086603
vn -0.021409 0.045185 0.086603
vn -0.026015 0.042699 0.086603
vn -0.030336 0.039746 0.086603
vn -0.034324 0.036357 0.086603
vn -0.037936 0.032570 0.086603
vn -0.041133 0.028427 0.086603
vn -0.051583 0.028180 0.080902
vn -0.054246 0.022634 0.080902
vn -0.056315 0.016839 0.080902
vn -0.057766 0.010861 0.080902
vn -0.058585 0.004763 0.080902
vn -0.058762 -0.001387 0.080902
vn -0.058295 -0.007522 0.080902
vn -0.057190 -0.013574 0.080902
vn -0.055458 -0.019478 0.080902
vn -0.053118 -0.025168 0.080902
vn -0.050196 -0.030582 0.080902
vn -0.046724 -0.035662 0.080902
vn -0.042741 -0.040350 0.080902
vn -0.038289 -0.044597 0.080902
vn -0.033417 -0.048355 0.080902
vn -0.028180 -0.051583 0.080902
vn -0.022634 -0.054246 0.080902
vn -0.016839 -0.056315 0.080902
vn -0.010861 -0.057766 0.080902
vn -0.004763 -0.058585 0.080902
vn 0.001387 -0.058762 0.080902
vn 0.007522 -0.058295 0.080902
vn 0.013574 -0.057190 0.080902
vn 0.019478 -0.055458 0.080902
vn 0.025168 -0.053118 0.080902
vn 0.030582 -0.050196 0.080902
vn 0.035662 -0.046724 0.080902
vn 0.040350 -0.042741 0.080902
vn 0.044597 -0.038289 0.080902
vn 0.048355 -0.033417 0.080902
vn 0.051583 -0.028180 0.080902
vn 0.054246 -0.022634 0.080902
vn 0.056315 -0.016839 0.080902
vn 0.057766 -0.010861 0.080902
vn 0.058585 -0.004763 0.080902
vn 0.058762 0.001387 0.080902
vn 0.058295 0.007522 0.080902
vn 0.057190 0.013574 0.080902
vn 0.055458 0.019478 0.080902
vn 0.053118 0.025168 0.080902
vn 0.050196 0.030582 0.080902
vn 0.046724 0.035662 0.080902
vn 0.042741 0.040350 0.080902
vn 0.038289 0.044597 0.080902
vn 0.033417 0.048355 0.080902
vn 0.028180 0.051583 0.080902
vn 0.022634 0.054246 0.080902
vn 0.016839 0.056315 0.080902
vn 0.010861 0.057766 0.080902
vn 0.004763 0.058585 0.080902
vn -0.001387 0.058762 0.080902
vn -0.007522 0.058295 0.080902
vn -0.013574 0.057190 0.080902
vn -0.019478 0.055458 0.080902
vn -0.025168 0.053118 0.080902
vn -0.030582 0.050196 0.080902
vn -0.035662 0.046724 0.080902
vn -0.040350 0.042741 0.080902
vn -0.044597 0.038289 0.080902
vn -0.048355 0.033417 0.080902
vn -0.058722 0.032080 0.074314
vn -0.061753 0.025766 0.074314
vn -0.064108 0.019170 0.074314
vn -0.065761 0.012364 0.074314
vn -0.066693 0.005422 0.074314
vn -0.066894 -0.001579 0.074314
vn -0.066363 -0.008563 0.074314
vn -0.065104 -0.015453 0.074314
vn -0.063132 -0.022173 0.074314
vn -0.060469 -0.028651 0.074314
vn -0.057143 -0.034815 0.074314
vn -0.053191 -0.040597 0.074314
vn -0.048656 -0.045934 0.074314
vn -0.043588 -0.050769 0.074314
vn -0.038042 -0.055047 0.074314
vn -0.032080 -0.058722 0.074314
vn -0.025766 -0.061753 0.074314
vn -0.019170 -0.064108 0.074314
vn -0.012364 -0.065761 0.074314
vn -0.005422 -0.066693 0.074314
vn 0.001579 -0.066894 0.074314
vn 0.008563 -0.066363 0.074314
vn 0.015453 -0.065104 0.074314
vn 0.022173 -0.063132 0.074314
vn 0.028651 -0.060469 0.074314
vn 0.034815 -0.057143 0.074314
vn 0.040597 -0.053191 0.074314
vn 0.045934 -0.048656 0.074314
vn 0.050769 -0.043588 0.074314
vn 0.055047 -0.038042 0.074314
vn 0.058722 -0.032080 0.074314
vn 0.061753 -0.025766 0.074314
vn 0.064108 -0.019170 0.074314
vn 0.065761 -0.012364 0.074314
vn 0.066693 -0.005422 0.074314
vn 0.066894 0.001579 0.074314
vn 0.066363 0.008563 0.074314
vn 0.065104 0.015453 0.074314
vn 0.063132 0.022173 0.074314
vn 0.060469 0.028651 0.074314
vn 0.057143 0.034815 0.074314
vn 0.053191 0.040597 0.074314
vn 0.048656 0.045934 0.074314
vn 0.043588 0.050769 0.074314
vn 0.038042 0.055047 0.074314
vn 0.032080 0.058722 0.074314
vn 0.025766 0.061753 0.074314
vn 0.019170 0.064108 0.074314
vn 0.012364 0.065761 0.074314
vn 0.005422 0.066693 0.074314
vn -0.001579 0.066894 0.074314
vn -0.008563 0.066363 0.074314
vn -0.015453 0.065104 0.074314
vn -0.022173 0.063132 0.074314
vn -0.028651 0.060469 0.074314
vn -0.034815 0.057143 0.074314
vn -0.040597 0.053191 0.074314
vn -0.045934 0.048656 0.074314
vn -0.050769 0.043588 0.074314
vn -0.055047 0.038042 0.074314
vn -0.065217 0.035628 0.066913
vn -0.068584 0.028616 0.066913
vn -0.071199 0.021290 0.066913
vn -0.073035 0.013731 0.066913
vn -0.074070 0.006022 0.066913
vn -0.074294 -0.001754 0.066913
vn -0.073704 -0.009510 0.066913
vn -0.072306 -0.017162 0.066913
vn -0.070116 -0.024626 0.066913
vn -0.067158 -0.031820 0.066913
vn -0.063464 -0.038666 0.066913
vn -0.059074 -0.045087 0.066913
vn -0.054038 -0.051015 0.066913
vn -0.048409 -0.056384 0.066913
vn -0.042250 -0.061136 0.066913
vn -0.035628 -0.065217 0.066913
vn -0.028616 -0.068584 0.066913
vn -0.021290 -0.071199 0.066913
vn -0.013731 -0.073035 0.066913
vn -0.006022 -0.074070 0.066913
vn 0.001754 -0.074294 0.066913
vn 0.009510 -0.073704 0.066913
vn 0.017162 -0.072306 0.066913
vn 0.024626 -0.070116 0.066913
vn 0.031820 -0.067158 0.066913
vn 0.038666 -0.063464 0.066913
vn 0.045087 -0.059074 0.066913
vn 0.051015 -0.054038 0.066913
vn 0.056384 -0.048409 0.066913
vn 0.061136 -0.042250 0.066913
vn 0.065217 -0.035628 0.066913
vn 0.068584 -0.028616 0.066913
vn 0.071199 -0.021290 0.066913
vn 0.073035 -0.013731 0.066913
vn 0.074070 -0.006022 0.066913
vn 0.074294 0.001754 0.066913
vn 0.073704 0.009510 0.066913
vn 0.072306 0.017162 0.066913
vn 0.070116 0.024626 0.066913
vn 0.067158 0.031820 0.066913
vn 0.063464 0.038666 0.066913
vn 0.059074 0.045087 0.066913
vn 0.054038 0.051015 0.066913
vn 0.048409 0.056384 0.066913
vn 0.042250 0.061136 0.066913
vn 0.035628 0.065217 0.066913
vn 0.028616 0.068584 0.066913
vn 0.021290 0.071199 0.066913
vn 0.013731 0.073035 0.066913
vn 0.006022 0.074070 0.066913
vn -0.001754 0.074294 0.066913
vn -0.009510 0.073704 0.066913
vn -0.017162 0.072306 0.066913
vn -0.024626 0.070116 0.066913
vn -0.031820 0.067158 0.066913
vn -0.038666 0.063464 0.066913
vn -0.045087 0.059074 0.066913
vn -0.051015 0.054038 0.066913
vn -0.056384 0.048409 0.066913
vn -0.061136 0.042250 0.066913
vn -0.070998 0.038786 0.058779
vn -0.074663 0.031153 0.058779
vn -0.077511 0.023177 0.058779
vn -0.079509 0.014948 0.058779
vn -0.080636 0.006556 0.058779
vn -0.080879 -0.001909 0.058779
vn -0.080237 -0.010353 0.058779
vn -0.078715 -0.018683 0.058779
vn -0.076331 -0.026809 0.058779
vn -0.073110 -0.034640 0.058779
vn -0.069089 -0.042093 0.058779
vn -0.064311 -0.049084 0.058779
vn -0.058828 -0.055537 0.058779
vn -0.052700 -0.061382 0.058779
vn -0.045995 -0.066555 0.058779
vn -0.038786 -0.070998 0.058779
vn -0.031153 -0.074663 0.058779
vn -0.023177 -0.077511 0.058779
vn -0.014948 -0.079509 0.058779
vn -0.006556 -0.080636 0.058779
vn 0.001909 -0.080879 0.058779
vn 0.010353 -0.080237 0.058779
vn 0.018683 -0.078715 0.058779
vn 0.026809 -0.076331 0.058779
vn 0.034640 -0.073110 0.058779
vn 0.042093 -0.069089 0.058779
vn 0.049084 -0.064311 0.058779
vn 0.055537 -0.058828 0.058779
vn 0.061382 -0.052700 0.058779
vn 0.066555 -0.045995 0.058779
vn 0.070998 -0.038786 0.058779
vn 0.074663 -0.031153 0.058779
vn 0.077511 -0.023177 0.058779
vn 0.079509 -0.014948 0.058779
vn 0.080636 -0.006556 0.058779
vn 0.080879 0.001909 0.058779
vn 0.080237 0.010353 0.058779
vn 0.078715 0.018683 0.058779
vn 0.076331 0.026809 0.058779
vn 0.073110 0.034640 0.058779
vn 0.069089 0.042093 0.058779
vn 0.064311 0.049084 0.058779
vn 0.058828 0.055537 0.058779
vn 0.052700 0.061382 0.058779
vn 0.045995 0.066555 0.058779
vn 0.038786 0.070998 0.058779
vn 0.031153 0.074663 0.058779
vn 0.023177 0.077511 0.058779
vn 0.014948 0.079509 0.058779
vn 0.006556 0.080636 0.058779
vn -0.001909 0.080879 0.058779
vn -0.010353 0.080237 0.058779
vn -0.018683 0.078715 0.058779
vn -0.026809 0.076331 0.058779
vn -0.034640 0.073110 0.058779
vn -0.042093 0.069089 0.058779
vn -0.049084 0.064311 0.058779
vn -0.055537 0.058828 0.058779
vn -0.061382 0.052700 0.058779
vn -0.066555 0.045995 0.058779
vn -0.076001 0.041519 0.050000
vn -0.079925 0.033348 0.050000
vn -0.082972 0.024811 0.050000
vn -0.085111 0.016002 0.050000
vn -0.086318 0.007018 0.050000
vn -0.086578 -0.002044 0.050000
vn -0.085891 -0.011082 0.050000
vn -0.084262 -0.020000 0.050000
vn -0.081709 -0.028698 0.050000
vn -0.078262 -0.037081 0.050000
vn -0.073957 -0.045059 0.050000
vn -0.068842 -0.052543 0.050000
vn -0.062973 -0.059451 0.050000
vn -0.056414 -0.065708 0.050000
vn -0.049236 -0.071245 0.050000
vn -0.041519 -0.076001 0.050000
vn -0.033348 -0.079925 0.050000
vn -0.024811 -0.082972 0.050000
vn -0.016002 -0.085111 0.050000
vn -0.007018 -0.086318 0.050000
vn 0.002044 -0.086578 0.050000
vn 0.011082 -0.085891 0.050000
vn 0.020000 -0.084262 0.050000
vn 0.028698 -0.081709 0.050000
vn 0.037081 -0.078262 0.050000
vn 0.045059 -0.073957 0.050000
vn 0.052543 -0.068842 0.050000
vn 0.059451 -0.062973 0.050000
vn 0.065708 -0.056414 0.050000
vn 0.071245 -0.049236 0.050000
vn 0.076001 -0.041519 0.050000
vn 0.079925 -0.033348 0.050000
vn 0.082972 -0.024811 0.050000
vn 0.085111 -0.016002 0.050000
vn 0.086318 -0.007018 0.050000
vn 0.086578 0.002044 0.050000
vn 0.085891 0.011082 0.050000
vn 0.084262 0.020000 0.050000
vn 0.081709 0.028698 0.050000
vn 0.078262 0.037081 0.050000
vn 0.073957 0.045059 0.050000
vn 0.068842 0.052543 0.050000
vn 0.062973 0.059451 0.050000
vn 0.056414 0.065708 0.050000
vn 0.049236 0.071245 0.050000
vn 0.041519 0.076001 0.050000
vn 0.033348 0.079925 0.050000
vn 0.024811 0.082972 0.050000
vn 0.016002 0.085111 0.050000
vn 0.007018 0.086318 0.050000
vn -0.002044 0.086578 0.050000
vn -0.011082 0.085891 0.050000
vn -0.020000 0.084262 0.050000
vn -0.028698 0.081709 0.050000
vn -0.037081 0.078262 0.050000
vn -0.045059 0.073957 0.050000
vn -0.052543 0.068842 0.050000
vn -0.059451 0.062973 0.050000
vn -0.065708 0.056414 0.050000
vn -0.071245 0.049236 0.050000
vn -0.080171 0.043798 0.040674
vn -0.084310 0.035178 0.040674
vn -0.087525 0.026172 0.040674
vn -0.089782 0.016880 0.040674
vn -0.091054 0.007403 0.040674
vn -0.091329 -0.002156 0.040674
vn -0.090603 -0.011690 0.040674
vn -0.088885 -0.021097 0.040674
vn -0.086193 -0.030272 0.040674
vn -0.082557 -0.039116 0.040674
vn -0.078016 -0.047531 0.040674
vn -0.072620 -0.055426 0.040674
vn -0.066428 -0.062713 0.040674
vn -0.059509 -0.069313 0.040674
vn -0.051938 -0.075154 0.040674
vn -0.043798 -0.080171 0.040674
vn -0.035178 -0.084310 0.040674
vn -0.026172 -0.087525 0.040674
vn -0.016880 -0.089782 0.040674
vn -0.007403 -0.091054 0.040674
vn 0.002156 -0.091329 0.040674
vn 0.011690 -0.090603 0.040674
vn 0.021097 -0.088885 0.040674
vn 0.030272 -0.086193 0.040674
vn 0.039116 -0.082557 0.040674
vn 0.047531 -0.078016 0.040674
vn 0.055426 -0.072620 0.040674
vn 0.062713 -0.066428 0.040674
vn 0.069313 -0.059509 0.040674
vn 0.075154 -0.051938 0.040674
vn 0.080171 -0.043798 0.040674
vn 0.084310 -0.035178 0.040674
vn 0.087525 -0.026172 0.040674
vn 0.089782 -0.016880 0.040674
vn 0.091054 -0.007403 0.040674
vn 0.091329 0.002156 0.040674
vn 0.090603 0.011690 0.040674
vn 0.088885 0.021097 0.040674
vn 0.086193 0.030272 0.040674
vn 0.082557 0.039116 0.040674
vn 0.078016 0.047531 0.040674
vn 0.072620 0.055426 0.040674
vn 0.066428 0.062713 0.040674
vn 0.059509 0.069313 0.040674
vn 0.051938 0.075154 0.040674
vn 0.043798 0.080171 0.040674
vn 0.035178 0.084310 0.040674
vn 0.026172 0.087525 0.040674
vn 0.016880 0.089782 0.040674
vn 0.007403 0.091054 0.040674
vn -0.002156 0.091329 0.040674
vn -0.011690 0.090603 0.040674
vn -0.021097 0.088885 0.040674
vn -0.030272 0.086193 0.040674
vn -0.039116 0.082557 0.040674
vn -0.047531 0.078016 0.040674
vn -0.055426 0.072620 0.040674
vn -0.062713 0.066428 0.040674
vn -0.069313 0.059509 0.040674
vn -0.075154 0.051938 0.040674
vn -0.083463 0.045596 0.030902
vn -0.087772 0.036622 0.030902
vn -0.091119 0.027247 0.030902
vn -0.093468 0.017573 0.030902
vn -0.094793 0.007707 0.030902
vn -0.095079 -0.002244 0.030902
vn -0.094324 -0.012170 0.030902
vn -0.092535 -0.021963 0.030902
vn -0.089732 -0.031515 0.030902
vn -0.085946 -0.040722 0.030902
vn -0.081219 -0.049483 0.030902
vn -0.075602 -0.057702 0.030902
vn -0.069156 -0.065288 0.030902
vn -0.061953 -0.072159 0.030902
vn -0.054071 -0.078240 0.030902
vn -0.045596 -0.083463 0.030902
vn -0.036622 -0.087772 0.030902
vn -0.027247 -0.091119 0.030902
vn -0.017573 -0.093468 0.030902
vn -0.007707 -0.094793 0.030902
vn 0.002244 -0.095079 0.030902
vn 0.012170 -0.094324 0.030902
vn 0.021963 -0.092535 0.030902
vn 0.031515 -0.089732 0.030902
vn 0.040722 -0.085946 0.030902
vn 0.049483 -0.081219 0.030902
vn 0.057702 -0.075602 0.030902
vn 0.065288 -0.069156 0.030902
vn 0.072159 -0.061953 0.030902
vn 0.078240 -0.054071 0.030902
vn 0.083463 -0.045596 0.030902
vn 0.087772 -0.036622 0.030902
vn 0.091119 -0.027247 0.030902
vn 0.093468 -0.017573 0.030902
vn 0.094793 -0.007707 0.030902
vn 0.095079 0.002244 0.030902
vn 0.094324 0.012170 0.030902
vn 0.092535 0.021963 0.030902
vn 0.089732 0.031515 0.030902
vn 0.085946 0.040722 0.030902
vn 0.081219 0.049483 0.030902
vn 0.075602 0.057702 0.030902
vn 0.069156 0.065288 0.030902
vn 0.061953 0.072159 0.030902
vn 0.054071 0.078240 0.030902
vn 0.045596 0.083463 0.030902
vn 0.036622 0.087772 0.030902
vn 0.027247 0.091119 0.030902
vn 0.017573 0.093468 0.030902
vn 0.007707 0.094793 0.030902
vn -0.002244 0.095079 0.030902
vn -0.012170 0.094324 0.030902
vn -0.021963 0.092535 0.030902
vn -0.031515 0.089732 0.030902
vn -0.040722 0.085946 0.030902
vn -0.049483 0.081219 0.030902
vn -0.057702 0.075602 0.030902
vn -0.065288 0.069156 0.030902
vn -0.072159 0.061953 0.030902
vn -0.078240 0.054071 0.030902
vn -0.085841 0.046895 0.020791
vn -0.090272 0.037665 0.020791
vn -0.093715 0.028023 0.020791
vn -0.096131 0.018074 0.020791
vn -0.097493 0.007926 0.020791
vn -0.097788 -0.002308 0.020791
vn -0.097011 -0.012517 0.020791
vn -0.095171 -0.022589 0.020791
vn -0.092288 -0.032413 0.020791
vn -0.088395 -0.041882 0.020791
vn -0.083532 -0.050893 0.020791
vn -0.077755 -0.059345 0.020791
vn -0.071126 -0.067148 0.020791
vn -0.063717 -0.074215 0.020791
vn -0.055611 -0.080468 0.020791
vn -0.046895 -0.085841 0.020791
vn -0.037665 -0.090272 0.020791
vn -0.028023 -0.093715 0.020791
vn -0.018074 -0.096131 0.020791
vn -0.007926 -0.097493 0.020791
vn 0.002308 -0.097788 0.020791
vn 0.012517 -0.097011 0.020791
vn 0.022589 -0.095171 0.020791
vn 0.032413 -0.092288 0.020791
vn 0.041882 -0.088395 0.020791
vn 0.050893 -0.083532 0.020791
vn 0.059345 -0.077755 0.020791
vn 0.067148 -0.071126 0.020791
vn 0.074215 -0.063717 0.020791
vn 0.080468 -0.055611 0.020791
vn 0.085841 -0.046895 0.020791
vn 0.090272 -0.037665 0.020791
vn 0.093715 -0.028023 0.020791
vn 0.096131 -0.018074 0.020791
vn 0.097493 -0.007926 0.020791
vn 0.097788 0.002308 0.020791
vn 0.097011 0.012517 0.020791
vn 0.095171 0.022589 0.020791
vn 0.092288 0.032413 0.020791
vn 0.088395 0.041882 0.020791
vn 0.083532 0.050893 0.020791
vn 0.077755 0.059345 0.020791
vn 0.071126 0.067148 0.020791
vn 0.063717 0.074215 0.020791
vn 0.055611 0.080468 0.020791
vn 0.046895 0.085841 0.020791
vn 0.037665 0.090272 0.020791
vn 0.028023 0.093715 0.020791
vn 0.018074 0.096131 0.020791
vn 0.007926 0.097493 0.020791
vn -0.002308 0.097788 0.020791
vn -0.012517 0.097011 0.020791
vn -0.022589 0.095171 0.020791
vn -0.032413 0.092288 0.020791
vn -0.041882 0.088395 0.020791
vn -0.050893 0.083532 0.020791
vn -0.059345 0.077755 0.020791
vn -0.067148 0.071126 0.020791
vn -0.074215 0.063717 0.020791
vn -0.080468 0.055611 0.020791
vn -0.087278 0.047680 0.010453
vn -0.091783 0.038296 0.010453
vn -0.095283 0.028492 0.010453
vn -0.097740 0.018376 0.010453
vn -0.099125 0.008059 0.010453
vn -0.099424 -0.002347 0.010453
vn -0.098635 -0.012727 0.010453
vn -0.096764 -0.022967 0.010453
vn -0.093833 -0.032956 0.010453
vn -0.089874 -0.042583 0.010453
vn -0.084931 -0.051745 0.010453
vn -0.079057 -0.060339 0.010453
vn -0.072317 -0.068272 0.010453
vn -0.064784 -0.075457 0.010453
vn -0.056542 -0.081815 0.010453
vn -0.047680 -0.087278 0.010453
vn -0.038296 -0.091783 0.010453
vn -0.028492 -0.095283 0.010453
vn -0.018376 -0.097740 0.010453
vn -0.008059 -0.099125 0.010453
vn 0.002347 -0.099424 0.010453
vn 0.012727 -0.098635 0.010453
vn 0.022967 -0.096764 0.010453
vn 0.032956 -0.093833 0.010453
vn 0.042583 -0.089874 0.010453
vn 0.051745 -0.084931 0.010453
vn 0.060339 -0.079057 0.010453
vn 0.068272 -0.072317 0.010453
vn 0.075457 -0.064784 0.010453
vn 0.081815 -0.056542 0.010453
vn 0.087278 -0.047680 0.010453
vn 0.091783 -0.038296 0.010453
vn 0.095283 -0.028492 0.010453
vn 0.097740 -0.018376 0.010453
vn 0.099125 -0.008059 0.010453
vn 0.099424 0.002347 0.010453
vn 0.098635 0.012727 0.010453
vn 0.096764 0.022967 0.010453
vn 0.093833 0.032956 0.010453
vn 0.089874 0.042583 0.010453
vn 0.084931 0.051745 0.010453
vn 0.079057 0.060339 0.010453
vn 0.072317 0.068272 0.010453
vn 0.064784 0.075457 0.010453
vn 0.056542 0.081815 0.010453
vn 0.047680 0.087278 0.010453
vn 0.038296 0.091783 0.010453
vn 0.028492 0.095283 0.010453
vn 0.018376 0.097740 0.010453
vn 0.008059 0.099125 0.010453
vn -0.002347 0.099424 0.010453
vn -0.012727 0.098635 0.010453
vn -0.022967 0.096764 0.010453
vn -0.032956 0.093833 0.010453
vn -0.042583 0.089874 0.010453
vn -0.051745 0.084931 0.010453
vn -0.060339 0.079057 0.010453
vn -0.068272 0.072317 0.010453
vn -0.075457 0.064784 0.010453
vn -0.081815 0.056542 0.010453
vn -0.087758 0.047943 0.000000
vn -0.092289 0.038507 0.000000
vn -0.095808 0.028649 0.000000
vn -0.098278 0.018477 0.000000
vn -0.099671 0.008103 0.000000
vn -0.099972 -0.002360 0.000000
vn -0.099178 -0.012797 0.000000
vn -0.097297 -0.023093 0.000000
vn -0.094350 -0.033137 0.000000
vn -0.090369 -0.042818 0.000000
vn -0.085399 -0.052030 0.000000
vn -0.079492 -0.060671 0.000000
vn -0.072715 -0.068648 0.000000
vn -0.065141 -0.075873 0.000000
vn -0.056853 -0.082266 0.000000
vn -0.047943 -0.087758 0.000000
vn -0.038507 -0.092289 0.000000
vn -0.028649 -0.095808 0.000000
vn -0.018477 -0.098278 0.000000
vn -0.008103 -0.099671 0.000000
vn 0.002360 -0.099972 0.000000
vn 0.012797 -0.099178 0.000000
vn 0.023093 -0.097297 0.000000
vn 0.033137 -0.094350 0.000000
vn 0.042818 -0.090369 0.000000
vn 0.052030 -0.085399 0.000000
vn 0.060671 -0.079492 0.000000
vn 0.068648 -0.072715 0.000000
vn 0.075873 -0.065141 0.000000
vn 0.082266 -0.056853 0.000000
vn 0.087758 -0.047943 0.000000
vn 0.092289 -0.038507 0.000000
vn 0.095808 -0.028649 0.000000
vn 0.098278 -0.018477 0.000000
vn 0.099671 -0.008103 0.000000
vn 0.099972 0.002360 0.000000
vn 0.099178 0.012797 0.000000
vn 0.097297 0.023093 0.000000
vn 0.094350 0.033137 0.000000
vn 0.090369 0.042818 0.000000
vn 0.085399 0.052030 0.000000
vn 0.079492 0.060671 0.000000
vn 0.072715 0.068648 0.000000
vn 0.065141 0.075873 0.000000
vn 0.056853 0.082266 0.000000
vn 0.047943 0.087758 0.000000
vn 0.038507 0.092289 0.000000
vn 0.028649 0.095808 0.000000
vn 0.018477 0.098278 0.000000
vn 0.008103 0.099671 0.000000
vn -0.002360 0.099972 0.000000
vn -0.012797 0.099178 0.000000
vn -0.023093 0.097297 0.000000
vn -0.033137 0.094350 0.000000
vn -0.042818 0.090369 0.000000
vn -0.052030 0.085399 0.000000
vn -0.060671 0.079492 0.000000
vn -0.068648 0.072715 0.000000
vn -0.075873 0.065141 0.000000
vn -0.082266 0.056853 0.000000
vn -0.087278 0.047680 -0.010453
vn -0.091783 0.038296 -0.010453
vn -0.095283 0.028492 -0.010453
vn -0.097740 0.018376 -0.010453
vn -0.099125 0.008059 -0.010453
vn -0.099424 -0.002347 -0.010453
vn -0.098635 -0.012727 -0.010453
vn -0.096764 -0.022967 -0.010453
vn -0.093833 -0.032956 -0.010453
vn -0.089874 -0.042583 -0.010453
vn -0.084931 -0.051745 -0.010453
vn -0.079057 -0.060339 -0.010453
vn -0.072317 -0.068272 -0.010453
vn -0.064784 -0.075457 -0.010453
vn -0.056542 -0.081815 -0.010453
vn -0.047680 -0.087278 -0.010453
vn -0.038296 -0.091783 -0.010453
vn -0.028492 -0.095283 -0.010453
vn -0.018376 -0.097740 -0.010453
vn -0.008059 -0.099125 -0.010453
vn 0.002347 -0.099424 -0.010453
vn 0.012727 -0.098635 -0.010453
vn 0.022967 -0.096764 -0.010453
vn 0.032956 -0.093833 -0.010453
vn 0.042583 -0.089874 -0.010453
vn 0.051745 -0.084931 -0.010453
vn 0.060339 -0.079057 -0.010453
vn 0.068272 -0.072317 -0.010453
vn 0.075457 -0.064784 -0.010453
vn 0.081815 -0.056542 -0.010453
vn 0.087278 -0.047680 -0.010453
vn 0.091783 -0.038296 -0.010453
vn 0.095283 -0.028492 -0.010453
vn 0.097740 -0.018376 -0.010453
vn 0.099125 -0.008059 -0.010453
vn 0.099424 0.002347 -0.010453
vn 0.098635 0.012727 -0.010453
vn 0.096764 0.022967 -0.010453
vn 0.093833 0.032956 -0.010453
vn 0.089874 0.042583 -0.010453
vn 0.084931 0.051745 -0.010453
vn 0.079057 0.060339 -0.010453
vn 0.072317 0.068272 -0.010453
vn 0.064784 0.075457 -0.010453
vn 0.056542 0.081815 -0.010453
vn 0.047680 0.087278 -0.010453
vn 0.038296 0.091783 -0.010453
vn 0.028492 0.095283 -0.010453
vn 0.018376 0.097740 -0.010453
vn 0.008059 0.099125 -0.010453
vn -0.002347 0.099424 -0.010453
vn -0.012727 0.098635 -0.010453
vn -0.022967 0.096764 -0.010453
vn -0.032956 0.093833 -0.010453
vn -0.042583 0.089874 -0.010453
vn -0.051745 0.084931 -0.010453
vn -0.060339 0.079057 -0.010453
vn -0.068272 0.072317 -0.010453
vn -0.075457 0.064784 -0.010453
vn -0.081815 0.056542 -0.010453
vn -0.085841 0.046895 -0.020791
vn -0.090272 0.037665 -0.020791
vn -0.093715 0.028023 -0.020791
vn -0.096131 0.018074 -0.020791
vn -0.097493 0.007926 -0.020791
vn -0.097788 -0.002308 -0.020791
vn -0.097011 -0.012517 -0.020791
vn -0.095171 -0.022589 -0.020791
vn -0.092288 -0.032413 -0.020791
vn -0.088395 -0.041882 -0.020791
vn -0.083532 -0.050893 -0.020791
vn -0.077755 -0.059345 -0.020791
vn -0.071126 -0.067148 -0.020791
vn -0.063717 -0.074215 -0.020791
vn -0.055611 -0.080468 -0.020791
vn -0.046895 -0.085841 -0.020791
vn -0.037665 -0.090272 -0.020791
vn -0.028023 -0.093715 -0.020791
vn -0.018074 -0.096131 -0.020791
vn -0.007926 -0.097493 -0.020791
vn 0.002308 -0.097788 -0.020791
vn 0.012517 -0.097011 -0.020791
vn 0.022589 -0.095171 -0.020791
vn 0.032413 -0.092288 -0.020791
vn 0.041882 -0.088395 -0.020791
vn 0.050893 -0.083532 -0.020791
vn 0.059345 -0.077755 -0.020791
vn 0.067148 -0.071126 -0.020791
vn 0.074215 -0.063717 -0.020791
vn 0.080468 -0.055611 -0.020791
vn 0.085841 -0.046895 -0.020791
vn 0.090272 -0.037665 -0.020791
vn 0.093715 -0.028023 -0.020791
vn 0.096131 -0.018074 -0.020791
vn 0.097493 -0.007926 -0.020791
vn 0.097788 0.002308 -0.020791
vn 0.097011 0.012517 -0.020791
vn 0.095171 0.022589 -0.020791
vn 0.092288 0.032413 -0.020791
vn 0.088395 0.041882 -0.020791
vn 0.083532 0.050893 -0.020791
vn 0.077755 0.059345 -0.020791
vn 0.071126 0.067148 -0.020791
vn 0.063717 0.074215 -0.020791
vn 0.055611 0.080468 -0.020791
vn 0.046895 0.085841 -0.020791
vn 0.037665 0.090272 -0.020791
vn 0.028023 0.093715 -0.020791
vn 0.018074 0.096131 -0.020791
vn 0.007926 0.097493 -0.020791
vn -0.002308 0.097788 -0.020791
vn -0.012517 0.097011 -0.020791
vn -0.022589 0.095171 -0.020791
vn -0.032413 0.092288 -0.020791
vn -0.041882 0.088395 -0.020791
vn -0.050893 0.083532 -0.020791
vn -0.059345 0.077755 -0.020791
vn -0.067148 0.071126 -0.020791
vn -0.074215 0.063717 -0.020791
vn -0.080468 0.055611 -0.020791
vn -0.083463 0.045596 -0.030902
vn -0.087772 0.036622 -0.030902
vn -0.091119 0.027247 -0.030902
vn -0.093468 0.017573 -0.030902
vn -0.094793 0.007707 -0.030902
vn -0.095079 -0.002244 -0.030902
vn -0.094324 -0.012170 -0.030902
vn -0.092535 -0.021963 -0.030902
vn -0.089732 -0.031515 -0.030902
vn -0.085946 -0.040722 -0.030902
vn -0.081219 -0.049483 -0.030902
vn -0.075602 -0.057702 -0.030902
vn -0.069156 -0.065288 -0.030902
vn -0.061953 -0.072159 -0.030902
vn -0.054071 -0.078240 -0.030902
vn -0.045596 -0.083463 -0.030902
vn -0.036622 -0.087772 -0.030902
vn -0.027247 -0.091119 -0.030902
vn -0.017573 -0.093468 -0.030902
vn -0.007707 -0.094793 -0.030902
vn 0.002244 -0.095079 -0.030902
vn 0.012170 -0.094324 -0.030902
vn 0.021963 -0.092535 -0.030902
vn 0.031515 -0.089732 -0.030902
vn 0.040722 -0.085946 -0.030902
vn 0.049483 -0.081219 -0.030902
vn 0.057702 -0.075602 -0.030902
vn 0.065288 -0.069156 -0.030902
vn 0.072159 -0.061953 -0.030902
vn 0.078240 -0.054071 -0.030902
vn 0.083463 -0.045596 -0.030902
vn 0.087772 -0.036622 -0.030902
vn 0.091119 -0.027247 -0.030902
vn 0.093468 -0.017573 -0.030902
vn 0.094793 -0.007707 -0.030902
vn 0.095079 0.002244 -0.030902
vn 0.094324 0.012170 -0.030902
vn 0.092535 0.021963 -0.030902
vn 0.089732 0.031515 -0.030902
vn 0.085946 0.040722 -0.030902
vn 0.081219 0.049483 -0.030902
vn 0.075602 0.057702 -0.030902
vn 0.069156 0.065288 -0.030902
vn 0.061953 0.072159 -0.030902
vn 0.054071 0.078240 -0.030902
vn 0.045596 0.083463 -0.030902
vn 0.036622 0.087772 -0.030902
vn 0.027247 0.091119 -0.030902
vn 0.017573 0.093468 -0.030902
vn 0.007707 0.094793 -0.030902
vn -0.002244 0.095079 -0.030902
vn -0.012170 0.094324 -0.030902
vn -0.021963 0.092535 -0.030902
vn -0.031515 0.089732 -0.030902
vn -0.040722 0.085946 -0.030902
vn -0.049483 0.081219 -0.030902
vn -0.057702 0.075602 -0.030902
vn -0.065288 0.069156 -0.030902
vn -0.072159 0.061953 -0.030902
vn -0.078240 0.054071 -0.030902
vn -0.080171 0.043798 -0.040674
vn -0.084310 0.035178 -0.040674
vn -0.087525 0.026172 -0.040674
vn -0.089782 0.016880 -0.040674
vn -0.091054 0.007403 -0.040674
vn -0.091329 -0.002156 -0.040674
vn -0.090603 -0.011690 -0.040674
vn -0.088885 -0.021097 -0.040674
vn -0.086193 -0.030272 -0.040674
vn -0.082557 -0.039116 -0.040674
vn -0.078016 -0.047531 -0.040674
vn -0.072620 -0.055426 -0.040674
vn -0.066428 -0.062713 -0.040674
vn -0.059509 -0.069313 -0.040674
vn -0.051938 -0.075154 -0.040674
vn -0.043798 -0.080171 -0.040674
vn -0.035178 -0.084310 -0.040674
vn -0.026172 -0.087525 -0.040674
vn -0.016880 -0.089782 -0.040674
vn -0.007403 -0.091054 -0.040674
vn 0.002156 -0.091329 -0.040674
vn 0.011690 -0.090603 -0.040674
vn 0.021097 -0.088885 -0.040674
vn 0.030272 -0.086193 -0.040674
vn 0.039116 -0.082557 -0.040674
vn 0.047531 -0.078016 -0.040674
vn 0.055426 -0.072620 -0.040674
vn 0.062713 -0.066428 -0.040674
vn 0.069313 -0.059509 -0.040674
vn 0.075154 -0.051938 -0.040674
vn 0.080171 -0.043798 -0.040674
vn 0.084310 -0.035178 -0.040674
vn 0.087525 -0.026172 -0.040674
vn 0.089782 -0.016880 -0.040674
vn 0.091054 -0.007403 -0.040674
vn 0.091329 0.002156 -0.040674
vn 0.090603 0.011690 -0.040674
vn 0.088885 0.021097 -0.040674
vn 0.086193 0.030272 -0.040674
vn 0.082557 0.039116 -0.040674
vn 0.078016 0.047531 -0.040674
vn 0.072620 0.055426 -0.040674
vn 0.066428 0.062713 -0.040674
vn 0.059509 0.069313 -0.040674
vn 0.051938 0.075154 -0.040674
vn 0.043798 0.080171 -0.040674
vn 0.035178 0.084310 -0.040674
vn 0.026172 0.087525 -0.040674
vn 0.016880 0.089782 -0.040674
vn 0.007403 0.091054 -0.040674
vn -0.002156 0.091329 -0.040674
vn -0.011690 0.090603 -0.040674
vn -0.021097 0.088885 -0.040674
vn -0.030272 0.086193 -0.040674
vn -0.039116 0.082557 -0.040674
vn -0.047531 0.078016 -0.040674
vn -0.055426 0.072620 -0.040674
vn -0.062713 0.066428 -0.040674
vn -0.069313 0.059509 -0.040674
vn -0.075154 0.051938 -0.040674
vn -0.076001 0.041519 -0.050000
vn -0.079925 0.033348 -0.050000
vn -0.082972 0.024811 -0.050000
vn -0.085111 0.016002 -0.050000
vn -0.086318 0.007018 -0.050000
vn -0.086578 -0.002044 -0.050000
vn -0.085891 -0.011082 -0.050000
vn -0.084262 -0.020000 -0.050000
vn -0.081709 -0.028698 -0.050000
vn -0.078262 -0.037081 -0.050000
vn -0.073957 -0.045059 -0.050000
vn -0.068842 -0.052543 -0.050000
vn -0.062973 -0.059451 -0.050000
vn -0.056414 -0.065708 -0.050000
vn -0.049236 -0.071245 -0.050000
vn -0.041519 -0.076001 -0.050000
vn -0.033348 -0.079925 -0.050000
vn -0.024811 -0.082972 -0.050000
vn -0.016002 -0.085111 -0.050000
vn -0.007018 -0.086318 -0.050000
vn 0.002044 -0.086578 -0.050000
vn 0.011082 -0.085891 -0.050000
vn 0.020000 -0.084262 -0.050000
vn 0.028698 -0.081709 -0.050000
vn 0.037081 -0.078262 -0.050000
vn 0.045059 -0.073957 -0.050000
vn 0.052543 -0.068842 -0.050000
vn 0.059451 -0.062973 -0.050000
vn 0.065708 -0.056414 -0.050000
vn 0.071245 -0.049236 -0.050000
vn 0.076001 -0.041519 -0.050000
vn 0.079925 -0.033348 -0.050000
vn 0.082972 -0.024811 -0.050000
vn 0.085111 -0.016002 -0.050000
vn 0.086318 -0.007018 -0.050000
vn 0.086578 0.002044 -0.050000
vn 0.085891 0.011082 -0.050000
vn 0.084262 0.020000 -0.050000
vn 0.081709 0.028698 -0.050000
vn 0.078262 0.037081 -0.050000
vn 0.073957 0.045059 -0.050000
vn 0.068842 0.052543 -0.050000
vn 0.062973 0.059451 -0.050000
vn 0.056414 0.065708 -0.050000
vn 0.049236 0.071245 -0.050000
vn 0.041519 0.076001 -0.050000
vn 0.033348 0.079925 -0.050000
vn 0.024811 0.082972 -0.050000
vn 0.016002 0.085111 -0.050000
vn 0.007018 0.086318 -0.050000
vn -0.002044 0.086578 -0.050000
vn -0.011082 0.085891 -0.050000
vn -0.020000 0.084262 -0.050000
vn -0.028698 0.081709 -0.050000
vn -0.037081 0.078262 -0.050000
vn -0.045059 0.073957 -0.050000
vn -0.052543 0.068842 -0.050000
vn -0.059451 0.062973 -0.050000
vn -0.065708 0.056414 -0.050000
vn -0.071245 0.049236 -0.050000
vn -0.070998 0.038786 -0.058779
vn -0.074663 0.031153 -0.058779
vn -0.077511 0.023177 -0.058779
vn -0.079509 0.014948 -0.058779
vn -0.080636 0.006556 -0.058779
vn -0.080879 -0.001909 -0.058779
vn -0.080237 -0.010353 -0.058779
vn -0.078715 -0.018683 -0.058779
vn -0.076331 -0.026809 -0.058779
vn -0.073110 -0.034640 -0.058779
vn -0.069089 -0.042093 -0.058779
vn -0.064311 -0.049084 -0.058779
vn -0.058828 -0.055537 -0.058779
vn -0.052700 -0.061382 -0.058779
vn -0.045995 -0.066555 -0.058779
vn -0.038786 -0.070998 -0.058779
vn -0.031153 -0.074663 -0.058779
vn -0.023177 -0.077511 -0.058779
vn -0.014948 -0.079509 -0.058779
vn -0.006556 -0.080636 -0.058779
vn 0.001909 -0.080879 -0.058779
vn 0.010353 -0.080237 -0.058779
vn 0.018683 -0.078715 -0.058779
vn 0.026809 -0.076331 -0.058779
vn 0.034640 -0.073110 -0.058779
vn 0.042093 -0.069089 -0.058779
vn 0.049084 -0.064311 -0.058779
vn 0.055537 -0.058828 -0.058779
vn 0.061382 -0.052700 -0.058779
vn 0.066555 -0.045995 -0.058779
vn 0.070998 -0.038786 -0.058779
vn 0.074663 -0.031153 -0.058779
vn 0.077511 -0.023177 -0.058779
vn 0.079509 -0.014948 -0.058779
vn 0.080636 -0.006556 -0.058779
vn 0.080879 0.001909 -0.058779
vn 0.080237 0.010353 -0.058779
vn 0.078715 0.018683 -0.058779
vn 0.076331 0.026809 -0.058779
vn 0.073110 0.034640 -0.058779
vn 0.069089 0.042093 -0.058779
vn 0.064311 0.049084 -0.058779
vn 0.058828 0.055537 -0.058779
vn 0.052700 0.061382 -0.058779
vn 0.045995 0.066555 -0.058779
vn 0.038786 0.070998 -0.058779
vn 0.031153 0.074663 -0.058779
vn 0.023177 0.077511 -0.058779
vn 0.014948 0.079509 -0.058779
vn 0.006556 0.080636 -0.058779
vn -0.001909 0.080879 -0.058779
vn -0.010353 0.080237 -0.058779
vn -0.018683 0.078715 -0.058779
vn -0.026809 0.076331 -0.058779
vn -0.034640 0.073110 -0.058779
vn -0.042093 0.069089 -0.058779
vn -0.049084 0.064311 -0.058779
vn -0.055537 0.058828 -0.058779
vn -0.061382 0.052700 -0.058779
vn -0.066555 0.045995 -0.058779
vn -0.065217 0.035628 -0.066913
vn -0.068584 0.028616 -0.066913
vn -0.071199 0.021290 -0.066913
vn -0.073035 0.013731 -0.066913
vn -0.074070 0.006022 -0.066913
vn -0.074294 -0.001754 -0.066913
vn -0.073704 -0.009510 -0.066913
vn -0.072306 -0.017162 -0.066913
vn -0.070116 -0.024626 -0.066913
vn -0.067158 -0.031820 -0.066913
vn -0.063464 -0.038666 -0.066913
vn -0.059074 -0.045087 -0.066913
vn -0.054038 -0.051015 -0.066913
vn -0.048409 -0.056384 -0.066913
vn -0.042250 -0.061136 -0.066913
vn -0.035628 -0.065217 -0.066913
vn -0.028616 -0.068584 -0.066913
vn -0.021290 -0.071199 -0.066913
vn -0.013731 -0.073035 -0.066913
vn -0.006022 -0.074070 -0.066913
vn 0.001754 -0.074294 -0.066913
vn 0.009510 -0.073704 -0.066913
vn 0.017162 -0.072306 -0.066913
vn 0.024626 -0.070116 -0.066913
vn 0.031820 -0.067158 -0.066913
vn 0.038666 -0.063464 -0.066913
vn 0.045087 -0.059074 -0.066913
vn 0.051015 -0.054038 -0.066913
vn 0.056384 -0.048409 -0.066913
vn 0.061136 -0.042250 -0.066913
vn 0.065217 -0.035628 -0.066913
vn 0.068584 -0.028616 -0.066913
vn 0.071199 -0.021290 -0.066913
vn 0.073035 -0.013731 -0.066913
vn 0.074070 -0.006022 -0.066913
vn 0.074294 0.001754 -0.066913
vn 0.073704 0.009510 -0.066913
vn 0.072306 0.017162 -0.066913
vn 0.070116 0.024626 -0.066913
vn 0.067158 0.031820 -0.066913
vn 0.063464 0.038666 -0.066913
vn 0.059074 0.045087 -0.066913
vn 0.054038 0.051015 -0.066913
vn 0.048409 0.056384 -0.066913
vn 0.042250 0.061136 -0.066913
vn 0.035628 0.065217 -0.066913
vn 0.028616 0.068584 -0.066913
vn 0.021290 0.071199 -0.066913
vn 0.013731 0.073035 -0.066913
vn 0.006022 0.074070 -0.066913
vn -0.001754 0.074294 -0.066913
vn -0.009510 0.073704 -0.066913
vn -0.017162 0.072306 -0.066913
vn -0.024626 0.070116 -0.066913
vn -0.031820 0.067158 -0.066913
vn -0.038666 0.063464 -0.066913
vn -0.045087 0.059074 -0.066913
vn -0.051015 0.054038 -0.066913
vn -0.056384 0.048409 -0.066913
vn -0.061136 0.042250 -0.066913
vn -0.058722 0.032080 -0.074314
vn -0.061753 0.025766 -0.074314
vn -0.064108 0.019170 -0.074314
vn -0.065761 0.012364 -0.074314
vn -0.066693 0.005422 -0.074314
vn -0.066894 -0.001579 -0.074314
vn -0.066363 -0.008563 -0.074314
vn -0.065104 -0.015453 -0.074314
vn -0.063132 -0.022173 -0.074314
vn -0.060469 -0.028651 -0.074314
vn -0.057143 -0.034815 -0.074314
vn -0.053191 -0.040597 -0.074314
vn -0.048656 -0.045934 -0.074314
vn -0.043588 -0.050769 -0.074314
vn -0.038042 -0.055047 -0.074314
vn -0.032080 -0.058722 -0.074314
vn -0.025766 -0.061753 -0.074314
vn -0.019170 -0.064108 -0.074314
vn -0.012364 -0.065761 -0.074314
vn -0.005422 -0.066693 -0.074314
vn 0.001579 -0.066894 -0.074314
vn 0.008563 -0.066363 -0.074314
vn 0.015453 -0.065104 -0.074314
vn 0.022173 -0.063132 -0.074314
vn 0.028651 -0.060469 -0.074314
vn 0.034815 -0.057143 -0.074314
vn 0.040597 -0.053191 -0.074314
vn 0.045934 -0.048656 -0.074314
vn 0.050769 -0.043588 -0.074314
vn 0.055047 -0.038042 -0.074314
vn 0.058722 -0.032080 -0.074314
vn 0.061753 -0.025766 -0.074314
vn 0.064108 -0.019170 -0.074314
vn 0.065761 -0.012364 -0.074314
vn 0.066693 -0.005422 -0.074314
vn 0.066894 0.001579 -0.074314
vn 0.066363 0.008563 -0.074314
vn 0.065104 0.015453 -0.074314
vn 0.063132 0.022173 -0.074314
vn 0.060469 0.028651 -0.074314
vn 0.057143 0.034815 -0.074314
vn 0.053191 0.040597 -0.074314
vn 0.048656 0.045934 -0.074314
vn 0.043588 0.050769 -0.074314
vn 0.038042 0.055047 -0.074314
vn 0.032080 0.058722 -0.074314
vn 0.025766 0.061753 -0.074314
vn 0.019170 0.064108 -0.074314
vn 0.012364 0.065761 -0.074314
vn 0.005422 0.066693 -0.074314
vn -0.001579 0.066894 -0.074314
vn -0.008563 0.066363 -0.074314
vn -0.015453 0.065104 -0.074314
vn -0.022173 0.063132 -0.074314
vn -0.028651 0.060469 -0.074314
vn -0.034815 0.057143 -0.074314
vn -0.040597 0.053191 -0.074314
vn -0.045934 0.048656 -0.074314
vn -0.050769 0.043588 -0.074314
vn -0.055047 0.038042 -0.074314
vn -0.051583 0.028180 -0.080902
vn -0.054246 0.022634 -0.080902
vn -0.056315 0.016839 -0.080902
vn -0.057766 0.010861 -0.080902
vn -0.058585 0.004763 -0.080902
vn -0.058762 -0.001387 -0.080902
vn -0.058295 -0.007522 -0.080902
vn -0.057190 -0.013574 -0.080902
vn -0.055458 -0.019478 -0.080902
vn -0.053118 -0.025168 -0.080902
vn -0.050196 -0.030582 -0.080902
vn -0.046724 -0.035662 -0.080902
vn -0.042741 -0.040350 -0.080902
vn -0.038289 -0.044597 -0.080902
vn -0.033417 -0.048355 -0.080902
vn -0.028180 -0.051583 -0.080902
vn -0.022634 -0.054246 -0.080902
vn -0.016839 -0.056315 -0.080902
vn -0.010861 -0.057766 -0.080902
vn -0.004763 -0.058585 -0.080902
vn 0.001387 -0.058762 -0.080902
vn 0.007522 -0.058295 -0.080902
vn 0.013574 -0.057190 -0.080902
vn 0.019478 -0.055458 -0.080902
vn 0.025168 -0.053118 -0.080902
vn 0.030582 -0.050196 -0.080902
vn 0.035662 -0.046724 -0.080902
vn 0.040350 -0.042741 -0.080902
vn 0.044597 -0.038289 -0.080902
vn 0.048355 -0.033417 -0.080902
vn 0.051583 -0.028180 -0.080902
vn 0.054246 -0.022634 -0.080902
vn 0.056315 -0.016839 -0.080902
vn 0.057766 -0.010861 -0.080902
vn 0.058585 -0.004763 -0.080902
vn 0.058762 0.001387 -0.080902
vn 0.058295 0.007522 -0.080902
vn 0.057190 0.013574 -0.080902
vn 0.055458 0.019478 -0.080902
vn 0.053118 0.025168 -0.080902
vn 0.050196 0.030582 -0.080902
vn 0.046724 0.035662 -0.080902
vn 0.042741 0.040350 -0.080902
vn 0.038289 0.044597 -0.080902
vn 0.033417 0.048355 -0.080902
vn 0.028180 0.051583 -0.080902
vn 0.022634 0.054246 -0.080902
vn 0.016839 0.056315 -0.080902
vn 0.010861 0.057766 -0.080902
vn 0.004763 0.058585 -0.080902
vn -0.001387 0.058762 -0.080902
vn -0.007522 0.058295 -0.080902
vn -0.013574 0.057190 -0.080902
vn -0.019478 0.055458 -0.080902
vn -0.025168 0.053118 -0.080902
vn -0.030582 0.050196 -0.080902
vn -0.035662 0.046724 -0.080902
vn -0.040350 0.042741 -0.080902
vn -0.044597 0.038289 -0.080902
vn -0.048355 0.033417 -0.080902
vn -0.043879 0.023971 -0.086603
vn -0.046144 0.019253 -0.086603
vn -0.047904 0.014324 -0.086603
vn -0.049139 0.009239 -0.086603
vn -0.049836 0.004052 -0.086603
vn -0.049986 -0.001180 -0.086603
vn -0.049589 -0.006398 -0.086603
vn -0.048648 -0.011547 -0.086603
vn -0.047175 -0.016569 -0.086603
vn -0.045185 -0.021409 -0.086603
vn -0.042699 -0.026015 -0.086603
vn -0.039746 -0.030336 -0.086603
vn -0.036357 -0.034324 -0.086603
vn -0.032570 -0.037936 -0.086603
vn -0.028427 -0.041133 -0.086603
vn -0.023971 -0.043879 -0.086603
vn -0.019253 -0.046144 -0.086603
vn -0.014324 -0.047904 -0.086603
vn -0.009239 -0.049139 -0.086603
vn -0.004052 -0.049836 -0.086603
vn 0.001180 -0.049986 -0.086603
vn 0.006398 -0.049589 -0.086603
vn 0.011547 -0.048648 -0.086603
vn 0.016569 -0.047175 -0.086603
vn 0.021409 -0.045185 -0.086603
vn 0.026015 -0.042699 -0.086603
vn 0.030336 -0.039746 -0.086603
vn 0.034324 -0.036357 -0.086603
vn 0.037936 -0.032570 -0.086603
vn 0.041133 -0.028427 -0.086603
vn 0.043879 -0.023971 -0.086603
vn 0.046144 -0.019253 -0.086603
vn 0.047904 -0.014324 -0.086603
vn 0.049139 -0.009239 -0.086603
vn 0.049836 -0.004052 -0.086603
vn 0.049986 0.001180 -0.086603
vn 0.049589 0.006398 -0.086603
vn 0.048648 0.011547 -0.086603
vn 0.047175 0.016569 -0.086603
vn 0.045185 0.021409 -0.086603
vn 0.042699 0.026015 -0.086603
vn 0.039746 0.030336 -0.086603
vn 0.036357 0.034324 -0.086603
vn 0.032570 0.037936 -0.086603
vn 0.028427 0.041133 -0.086603
vn 0.023971 0.043879 -0.086603
vn 0.019253 0.046144 -0.086603
vn 0.014324 0.047904 -0.086603
vn 0.009239 0.049139 -0.086603
vn 0.004052 0.049836 -0.086603
vn -0.001180 0.049986 -0.086603
vn -0.006398 0.049589 -0.086603
vn -0.011547 0.048648 -0.086603
vn -0.016569 0.047175 -0.086603
vn -0.021409 0.045185 -0.086603
vn -0.026015 0.042699 -0.086603
vn -0.030336 0.039746 -0.086603
vn -0.034324 0.036357 -0.086603
vn -0.037936 0.032570 -0.086603
vn -0.041133 0.028427 -0.086603
vn -0.035694 0.019500 -0.091355
vn -0.037537 0.015662 -0.091355
vn -0.038969 0.011653 -0.091355
vn -0.039973 0.007515 -0.091355
vn -0.040540 0.003296 -0.091355
vn -0.040662 -0.000960 -0.091355
vn -0.040339 -0.005205 -0.091355
vn -0.039574 -0.009393 -0.091355
vn -0.038376 -0.013478 -0.091355
vn -0.036757 -0.017416 -0.091355
vn -0.034735 -0.021162 -0.091355
vn -0.032332 -0.024677 -0.091355
vn -0.029576 -0.027922 -0.091355
vn -0.026495 -0.030860 -0.091355
vn -0.023124 -0.033461 -0.091355
vn -0.019500 -0.035694 -0.091355
vn -0.015662 -0.037537 -0.091355
vn -0.011653 -0.038969 -0.091355
vn -0.007515 -0.039973 -0.091355
vn -0.003296 -0.040540 -0.091355
vn 0.000960 -0.040662 -0.091355
vn 0.005205 -0.040339 -0.091355
vn 0.009393 -0.039574 -0.091355
vn 0.013478 -0.038376 -0.091355
vn 0.017416 -0.036757 -0.091355
vn 0.021162 -0.034735 -0.091355
vn 0.024677 -0.032332 -0.091355
vn 0.027922 -0.029576 -0.091355
vn 0.030860 -0.026495 -0.091355
vn 0.033461 -0.023124 -0.091355
vn 0.035694 -0.019500 -0.091355
vn 0.037537 -0.015662 -0.091355
vn 0.038969 -0.011653 -0.091355
vn 0.039973 -0.007515 -0.091355
vn 0.040540 -0.003296 -0.091355
vn 0.040662 0.000960 -0.091355
vn 0.040339 0.005205 -0.091355
vn 0.039574 0.009393 -0.091355
vn 0.038376 0.013478 -0.091355
vn 0.036757 0.017416 -0.091355
vn 0.034735 0.021162 -0.091355
vn 0.032332 0.024677 -0.091355
vn 0.029576 0.027922 -0.091355
vn 0.026495 0.030860 -0.091355
vn 0.023124 0.033461 -0.091355
vn 0.019500 0.035694 -0.091355
vn 0.015662 0.037537 -0.091355
vn 0.011653 0.038969 -0.091355
vn 0.007515 0.039973 -0.091355
vn 0.003296 0.040540 -0.091355
vn -0.000960 0.040662 -0.091355
vn -0.005205 0.040339 -0.091355
vn -0.009393 0.039574 -0.091355
vn -0.013478 0.038376 -0.091355
vn -0.017416 0.036757 -0.091355
vn -0.021162 0.034735 -0.091355
vn -0.024677 0.032332 -0.091355
vn -0.027922 0.029576 -0.091355
vn -0.030860 0.026495 -0.091355
vn -0.033461 0.023124 -0.091355
vn -0.027119 0.014815 -0.095106
vn -0.028519 0.011899 -0.095106
vn -0.029606 0.008853 -0.095106
vn -0.030370 0.005710 -0.095106
vn -0.030800 0.002504 -0.095106
vn -0.030893 -0.000729 -0.095106
vn -0.030648 -0.003954 -0.095106
vn -0.030066 -0.007136 -0.095106
vn -0.029156 -0.010240 -0.095106
vn -0.027926 -0.013231 -0.095106
vn -0.026390 -0.016078 -0.095106
vn -0.024564 -0.018748 -0.095106
vn -0.022470 -0.021213 -0.095106
vn -0.020130 -0.023446 -0.095106
vn -0.017569 -0.025422 -0.095106
vn -0.014815 -0.027119 -0.095106
vn -0.011899 -0.028519 -0.095106
vn -0.008853 -0.029606 -0.095106
vn -0.005710 -0.030370 -0.095106
vn -0.002504 -0.030800 -0.095106
vn 0.000729 -0.030893 -0.095106
vn 0.003954 -0.030648 -0.095106
vn 0.007136 -0.030066 -0.095106
vn 0.010240 -0.029156 -0.095106
vn 0.013231 -0.027926 -0.095106
vn 0.016078 -0.026390 -0.095106
vn 0.018748 -0.024564 -0.095106
vn 0.021213 -0.022470 -0.095106
vn 0.023446 -0.020130 -0.095106
vn 0.025422 -0.017569 -0.095106
vn 0.027119 -0.014815 -0.095106
vn 0.028519 -0.011899 -0.095106
vn 0.029606 -0.008853 -0.095106
vn 0.030370 -0.005710 -0.095106
vn 0.030800 -0.002504 -0.095106
vn 0.030893 0.000729 -0.095106
vn 0.030648 0.003954 -0.095106
vn 0.030066 0.007136 -0.095106
vn 0.029156 0.010240 -0.095106
vn 0.027926 0.013231 -0.095106
vn 0.026390 0.016078 -0.095106
vn 0.024564 0.018748 -0.095106
vn 0.022470 0.021213 -0.095106
vn 0.020130 0.023446 -0.095106
vn 0.017569 0.025422 -0.095106
vn 0.014815 0.027119 -0.095106
vn 0.011899 0.028519 -0.095106
vn 0.008853 0.029606 -0.095106
vn 0.005710 0.030370 -0.095106
vn 0.002504 0.030800 -0.095106
vn -0.000729 0.030893 -0.095106
vn -0.003954 0.030648 -0.095106
vn -0.007136 0.030066 -0.095106
vn -0.010240 0.029156 -0.095106
vn -0.013231 0.027926 -0.095106
vn -0.016078 0.026390 -0.095106
vn -0.018748 0.024564 -0.095106
vn -0.021213 0.022470 -0.095106
vn -0.023446 0.020130 -0.095106
vn -0.025422 0.017569 -0.095106
vn -0.018246 0.009968 -0.097815
vn -0.019188 0.008006 -0.097815
vn -0.019920 0.005956 -0.097815
vn -0.020433 0.003842 -0.097815
vn -0.020723 0.001685 -0.097815
vn -0.020785 -0.000491 -0.097815
vn -0.020620 -0.002661 -0.097815
vn -0.020229 -0.004801 -0.097815
vn -0.019616 -0.006890 -0.097815
vn -0.018789 -0.008902 -0.097815
vn -0.017755 -0.010818 -0.097815
vn -0.016527 -0.012614 -0.097815
vn -0.015118 -0.014273 -0.097815
vn -0.013544 -0.015775 -0.097815
vn -0.011820 -0.017104 -0.097815
vn -0.009968 -0.018246 -0.097815
vn -0.008006 -0.019188 -0.097815
vn -0.005956 -0.019920 -0.097815
vn -0.003842 -0.020433 -0.097815
vn -0.001685 -0.020723 -0.097815
vn 0.000491 -0.020785 -0.097815
vn 0.002661 -0.020620 -0.097815
vn 0.004801 -0.020229 -0.097815
vn 0.006890 -0.019616 -0.097815
vn 0.008902 -0.018789 -0.097815
vn 0.010818 -0.017755 -0.097815
vn 0.012614 -0.016527 -0.097815
vn 0.014273 -0.015118 -0.097815
vn 0.015775 -0.013544 -0.097815
vn 0.017104 -0.011820 -0.097815
vn 0.018246 -0.009968 -0.097815
vn 0.019188 -0.008006 -0.097815
vn 0.019920 -0.005956 -0.097815
vn 0.020433 -0.003842 -0.097815
vn 0.020723 -0.001685 -0.097815
vn 0.020785 0.000491 -0.097815
vn 0.020620 0.002661 -0.097815
vn 0.020229 0.004801 -0.097815
vn 0.019616 0.006890 -0.097815
vn 0.018789 0.008902 -0.097815
vn 0.017755 0.010818 -0.097815
vn 0.016527 0.012614 -0.097815
vn 0.015118 0.014273 -0.097815
vn 0.013544 0.015775 -0.097815
vn 0.011820 0.017104 -0.097815
vn 0.009968 0.018246 -0.097815
vn 0.008006 0.019188 -0.097815
vn 0.005956 0.019920 -0.097815
vn 0.003842 0.020433 -0.097815
vn 0.001685 0.020723 -0.097815
vn -0.000491 0.020785 -0.097815
vn -0.002661 0.020620 -0.097815
vn -0.004801 0.020229 -0.097815
vn -0.006890 0.019616 -0.097815
vn -0.008902 0.018789 -0.097815
vn -0.010818 0.017755 -0.097815
vn -0.012614 0.016527 -0.097815
vn -0.014273 0.015118 -0.097815
vn -0.015775 0.013544 -0.097815
vn -0.017104 0.011820 -0.097815
usemtl Steel_Satin
f 148/1/1 2/2/2 177/3/3
f 177/3/3 2/4/2 206/5/4
f 206/5/4 2/6/2 235/7/5
f 235/7/5 2/8/2 264/9/6
f 264/9/6 2/10/2 293/11/7
f 293/11/7 2/12/2 322/13/8
f 322/13/8 2/14/2 351/15/9
f 351/15/9 2/16/2 380/17/10
f 380/17/10 2/18/2 409/19/11
f 409/19/11 2/20/2 438/21/12
f 438/21/12 2/22/2 467/23/13
f 467/23/13 2/24/2 496/25/14
f 496/25/14 2/26/2 525/27/15
f 525/27/15 2/28/2 554/29/16
f 554/29/16 2/30/2 583/31/17
f 583/31/17 2/32/2 612/33/18
f 612/33/18 2/34/2 641/35/19
f 641/35/19 2/36/2 670/37/20
f 670/37/20 2/38/2 699/39/21
f 699/39/21 2/40/2 728/41/22
f 728/41/22 2/42/2 757/43/23
f 757/43/23 2/44/2 786/45/24
f 786/45/24 2/46/2 815/47/25
f 815/47/25 2/48/2 844/49/26
f 844/49/26 2/50/2 873/51/27
f 873/51/27 2/52/2 902/53/28
f 902/53/28 2/54/2 931/55/29
f 931/55/29 2/56/2 89/57/30
f 89/57/30 2/58/2 32/59/31
f 61/60/32 1/61/33 959/62/34
f 959/62/34 1/63/33 930/64/35
f 930/64/35 1/65/33 901/66/36
f 901/66/36 1/67/33 872/68/37
f 872/68/37 1/69/33 843/70/38
f 843/70/38 1/71/33 814/72/39
f 814/72/39 1/73/33 785/74/40
f 785/74/40 1/75/33 756/76/41
f 756/76/41 1/77/33 727/78/42
f 727/78/42 1/79/33 698/80/43
f 698/80/43 1/81/33 669/82/44
f 669/82/44 1/83/33 640/84/45
f 640/84/45 1/85/33 611/86/46
f 611/86/46 1/87/33 582/88/47
f 582/88/47 1/89/33 553/90/48
f 553/90/48 1/91/33 524/92/49
f 524/92/49 1/93/33 495/94/50
f 495/94/50 1/95/33 466/96/51
f 466/96/51 1/97/33 437/98/52
f 437/98/52 1/99/33 408/100/53
f 408/100/53 1/101/33 379/102/54
f 379/102/54 1/103/33 350/104/55
f 350/104/55 1/105/33 321/106/56
f 321/106/56 1/107/33 292/108/57
f 292/108/57 1/109/33 263/110/58
f 263/110/58 1/111/33 234/112/59
f 234/112/59 1/113/33 205/114/60
f 205/114/60 1/115/33 176/116/61
f 176/116/61 1/117/33 3/118/62
f 119/119/63 1/120/33 960/121/64
f 960/121/64 1/122/33 989/123/65
f 989/123/65 1/124/33 1018/125/66
f 1018/125/66 1/126/33 1047/127/67
f 1047/127/67 1/128/33 1076/129/68
f 1076/129/68 1/130/33 1105/131/69
f 1105/131/69 1/132/33 1134/133/70
f 1134/133/70 1/134/33 1163/135/71
f 1163/135/71 1/136/33 1192/137/72
f 1192/137/72 1/138/33 1221/139/73
f 1221/139/73 1/140/33 1250/141/74
f 1250/141/74 1/142/33 1279/143/75
f 1279/143/75 1/144/33 1308/145/76
f 1308/145/76 1/146/33 1337/147/77
f 1337/147/77 1/148/33 1366/149/78
f 1366/149/78 1/150/33 1395/151/79
f 1395/151/79 1/152/33 1424/153/80
f 1424/153/80 1/154/33 1453/155/81
f 1453/155/81 1/156/33 1482/157/82
f 1482/157/82 1/158/33 1511/159/83
f 1511/159/83 1/160/33 1540/161/84
f 1540/161/84 1/162/33 1569/163/85
f 1569/163/85 1/164/33 1598/165/86
f 1598/165/86 1/166/33 1627/167/87
f 1627/167/87 1/168/33 1656/169/88
f 1656/169/88 1/170/33 1685/171/89
f 1685/171/89 1/172/33 1714/173/90
f 1714/173/90 1/174/33 118/175/91
f 118/175/91 1/176/33 60/177/92
f 90/178/93 2/179/2 1742/180/94
f 1742/180/94 2/181/2 1713/182/95
f 1713/182/95 2/183/2 1684/184/96
f 1684/184/96 2/185/2 1655/186/97
f 1655/186/97 2/187/2 1626/188/98
f 1626/188/98 2/189/2 1597/190/99
f 1597/190/99 2/191/2 1568/192/100
f 1568/192/100 2/193/2 1539/194/101
f 1539/194/101 2/195/2 1510/196/102
f 1510/196/102 2/197/2 1481/198/103
f 1481/198/103 2/199/2 1452/200/104
f 1452/200/104 2/201/2 1423/202/105
f 1423/202/105 2/203/2 1394/204/106
f 1394/204/106 2/205/2 1365/206/107
f 1365/206/107 2/207/2 1336/208/108
f 1336/208/108 2/209/2 1307/210/109
f 1307/210/109 2/211/2 1278/212/110
f 1278/212/110 2/213/2 1249/214/111
f 1249/214/111 2/215/2 1220/216/112
f 1220/216/112 2/217/2 1191/218/113
f 1191/218/113 2/219/2 1162/220/114
f 1162/220/114 2/221/2 1133/222/115
f 1133/222/115 2/223/2 1104/224/116
f 1104/224/116 2/225/2 1075/226/117
f 1075/226/117 2/227/2 1046/228/118
f 1046/228/118 2/229/2 1017/230/119
f 1017/230/119 2/231/2 988/232/120
f 988/232/120 2/233/2 147/234/121
f 147/234/121 2/235/2 31/236/122
f 3/118/62 4/237/123 176/116/61
f 176/116/61 4/237/123 175/238/124
f 176/116/61 175/238/124 205/114/60
f 205/114/60 175/238/124 204/239/125
f 205/114/60 204/239/125 234/112/59
f 234/112/59 204/239/125 233/240/126
f 234/112/59 233/240/126 263/110/58
f 263/110/58 233/240/126 262/241/127
f 263/110/58 262/241/127 292/108/57
f 292/108/57 262/241/127 291/242/128
f 292/108/57 291/242/128 321/106/56
f 321/106/56 291/242/128 320/243/129
f 321/106/56 320/243/129 350/104/55
f 350/104/55 320/243/129 349/244/130
f 350/104/55 349/244/130 379/102/54
f 379/102/54 349/244/130 378/245/131
f 379/102/54 378/245/131 408/100/53
f 408/100/53 378/245/131 407/246/132
f 408/100/53 407/246/132 437/98/52
f 437/98/52 407/246/132 436/247/133
f 437/98/52 436/247/133 466/96/51
f 466/96/51 436/247/133 465/248/134
f 466/96/51 465/248/134 495/94/50
f 495/94/50 465/248/134 494/249/135
f 495/94/50 494/249/135 524/92/49
f 524/92/49 494/249/135 523/250/136
f 524/92/49 523/250/136 553/90/48
f 553/90/48 523/250/136 552/251/137
f 553/90/48 552/251/137 582/88/47
f 582/88/47 552/251/137 581/252/138
f 582/88/47 581/252/138 611/86/46
f 611/86/46 581/252/138 610/253/139
f 611/86/46 610/253/139 640/84/45
f 640/84/45 610/253/139 639/254/140
f 640/84/45 639/254/140 669/82/44
f 669/82/44 639/254/140 668/255/141
f 669/82/44 668/255/141 698/80/43
f 698/80/43 668/255/141 697/256/142
f 698/80/43 697/256/142 727/78/42
f 727/78/42 697/256/142 726/257/143
f 727/78/42 726/257/143 756/76/41
f 756/76/41 726/257/143 755/258/144
f 756/76/41 755/258/144 785/74/40
f 785/74/40 755/258/144 784/259/145
f 785/74/40 784/259/145 814/72/39
f 814/72/39 784/259/145 813/260/146
f 814/72/39 813/260/146 843/70/38
f 843/70/38 813/260/146 842/261/147
f 843/70/38 842/261/147 872/68/37
f 872/68/37 842/261/147 871/262/148
f 872/68/37 871/262/148 901/66/36
f 901/66/36 871/262/148 900/263/149
f 901/66/36 900/263/149 930/64/35
f 930/64/35 900/263/149 929/264/150
f 930/64/35 929/264/150 959/62/34
f 959/62/34 929/264/150 958/265/151
f 959/62/34 958/265/151 61/60/32
f 61/60/32 958/265/151 62/266/152
f 61/60/32 62/266/152 60/267/92
f 60/267/92 62/266/152 59/268/153
f 60/177/92 59/269/153 118/175/91
f 118/175/91 59/269/153 117/270/154
f 118/175/91 117/270/154 1714/173/90
f 1714/173/90 117/270/154 1715/271/155
f 1714/173/90 1715/271/155 1685/171/89
f 1685/171/89 1715/271/155 1686/272/156
f 1685/171/89 1686/272/156 1656/169/88
f 1656/169/88 1686/272/156 1657/273/157
f 1656/169/88 1657/273/157 1627/167/87
f 1627/167/87 1657/273/157 1628/274/158
f 1627/167/87 1628/274/158 1598/165/86
f 1598/165/86 1628/274/158 1599/275/159
f 1598/165/86 1599/275/159 1569/163/85
f 1569/163/85 1599/275/159 1570/276/160
f 1569/163/85 1570/276/160 1540/161/84
f 1540/161/84 1570/276/160 1541/277/161
f 1540/161/84 1541/277/161 1511/159/83
f 1511/159/83 1541/277/161 1512/278/162
f 1511/159/83 1512/278/162 1482/157/82
f 1482/157/82 1512/278/162 1483/279/163
f 1482/157/82 1483/279/163 1453/155/81
f 1453/155/81 1483/279/163 1454/280/164
f 1453/155/81 1454/280/164 1424/153/80
f 1424/153/80 1454/280/164 1425/281/165
f 1424/153/80 1425/281/165 1395/151/79
f 1395/151/79 1425/281/165 1396/282/166
f 1395/151/79 1396/282/166 1366/149/78
f 1366/149/78 1396/282/166 1367/283/167
f 1366/149/78 1367/283/167 1337/147/77
f 1337/147/77 1367/283/167 1338/284/168
f 1337/147/77 1338/284/168 1308/145/76
f 1308/145/76 1338/284/168 1309/285/169
f 1308/145/76 1309/285/169 1279/143/75
f 1279/143/75 1309/285/169 1280/286/170
f 1279/143/75 1280/286/170 1250/141/74
f 1250/141/74 1280/286/170 1251/287/171
f 1250/141/74 1251/287/171 1221/139/73
f 1221/139/73 1251/287/171 1222/288/172
f 1221/139/73 1222/288/172 1192/137/72
f 1192/137/72 1222/288/172 1193/289/173
f 1192/137/72 1193/289/173 1163/135/71
f 1163/135/71 1193/289/173 1164/290/174
f 1163/135/71 1164/290/174 1134/133/70
f 1134/133/70 1164/290/174 1135/291/175
f 1134/133/70 1135/291/175 1105/131/69
f 1105/131/69 1135/291/175 1106/292/176
f 1105/131/69 1106/292/176 1076/129/68
f 1076/129/68 1106/292/176 1077/293/177
f 1076/129/68 1077/293/177 1047/127/67
f 1047/127/67 1077/293/177 1048/294/178
f 1047/127/67 1048/294/178 1018/125/66
f 1018/125/66 1048/294/178 1019/295/179
f 1018/125/66 1019/295/179 989/123/65
f 989/123/65 1019/295/179 990/296/180
f 989/123/65 990/296/180 960/121/64
f 960/121/64 990/296/180 961/297/181
f 960/121/64 961/297/181 119/119/63
f 119/119/63 961/297/181 120/298/182
f 119/119/63 120/298/182 3/118/62
f 3/118/62 120/298/182 4/237/123
f 3/118/62 1/299/33 119/119/63
f 4/237/123 5/300/183 175/238/124
f 175/238/124 5/300/183 174/301/184
f 175/238/124 174/301/184 204/239/125
f 204/239/125 174/301/184 203/302/185
f 204/239/125 203/302/185 233/240/126
f 233/240/126 203/302/185 232/303/186
f 233/240/126 232/303/186 262/241/127
f 262/241/127 232/303/186 261/304/187
f 262/241/127 261/304/187 291/242/128
f 291/242/128 261/304/187 290/305/188
f 291/242/128 290/305/188 320/243/129
f 320/243/129 290/305/188 319/306/189
f 320/243/129 319/306/189 349/244/130
f 349/244/130 319/306/189 348/307/190
f 349/244/130 348/307/190 378/245/131
f 378/245/131 348/307/190 377/308/191
f 378/245/131 377/308/191 407/246/132
f 407/246/132 377/308/191 406/309/192
f 407/246/132 406/309/192 436/247/133
f 436/247/133 406/309/192 435/310/193
f 436/247/133 435/310/193 465/248/134
f 465/248/134 435/310/193 464/311/194
f 465/248/134 464/311/194 494/249/135
f 494/249/135 464/311/194 493/312/195
f 494/249/135 493/312/195 523/250/136
f 523/250/136 493/312/195 522/313/196
f 523/250/136 522/313/196 552/251/137
f 552/251/137 522/313/196 551/314/197
f 552/251/137 551/314/197 581/252/138
f 581/252/138 551/314/197 580/315/198
f 581/252/138 580/315/198 610/253/139
f 610/253/139 580/315/198 609/316/199
f 610/253/139 609/316/199 639/254/140
f 639/254/140 609/316/199 638/317/200
f 639/254/140 638/317/200 668/255/141
f 668/255/141 638/317/200 667/318/201
f 668/255/141 667/318/201 697/256/142
f 697/256/142 667/318/201 696/319/202
f 697/256/142 696/319/202 726/257/143
f 726/257/143 696/319/202 725/320/203
f 726/257/143 725/320/203 755/258/144
f 755/258/144 725/320/203 754/321/204
f 755/258/144 754/321/204 784/259/145
f 784/259/145 754/321/204 783/322/205
f 784/259/145 783/322/205 813/260/146
f 813/260/146 783/322/205 812/323/206
f 813/260/146 812/323/206 842/261/147
f 842/261/147 812/323/206 841/324/207
f 842/261/147 841/324/207 871/262/148
f 871/262/148 841/324/207 870/325/208
f 871/262/148 870/325/208 900/263/149
f 900/263/149 870/325/208 899/326/209
f 900/263/149 899/326/209 929/264/150
f 929/264/150 899/326/209 928/327/210
f 929/264/150 928/327/210 958/265/151
f 958/265/151 928/327/210 957/328/211
f 958/265/151 957/328/211 62/266/152
f 62/266/152 957/328/211 63/329/212
f 62/266/152 63/329/212 59/268/153
f 59/268/153 63/329/212 58/330/213
f 59/269/153 58/331/213 117/270/154
f 117/270/154 58/331/213 116/332/214
f 117/270/154 116/332/214 1715/271/155
f 1715/271/155 116/332/214 1716/333/215
f 1715/271/155 1716/333/215 1686/272/156
f 1686/272/156 1716/333/215 1687/334/216
f 1686/272/156 1687/334/216 1657/273/157
f 1657/273/157 1687/334/216 1658/335/217
f 1657/273/157 1658/335/217 1628/274/158
f 1628/274/158 1658/335/217 1629/336/218
f 1628/274/158 1629/336/218 1599/275/159
f 1599/275/159 1629/336/218 1600/337/219
f 1599/275/159 1600/337/219 1570/276/160
f 1570/276/160 1600/337/219 1571/338/220
f 1570/276/160 1571/338/220 1541/277/161
f 1541/277/161 1571/338/220 1542/339/221
f 1541/277/161 1542/339/221 1512/278/162
f 1512/278/162 1542/339/221 1513/340/222
f 1512/278/162 1513/340/222 1483/279/163
f 1483/279/163 1513/340/222 1484/341/223
f 1483/279/163 1484/341/223 1454/280/164
f 1454/280/164 1484/341/223 1455/342/224
f 1454/280/164 1455/342/224 1425/281/165
f 1425/281/165 1455/342/224 1426/343/225
f 1425/281/165 1426/343/225 1396/282/166
f 1396/282/166 1426/343/225 1397/344/226
f 1396/282/166 1397/344/226 1367/283/167
f 1367/283/167 1397/344/226 1368/345/227
f 1367/283/167 1368/345/227 1338/284/168
f 1338/284/168 1368/345/227 1339/346/228
f 1338/284/168 1339/346/228 1309/285/169
f 1309/285/169 1339/346/228 1310/347/229
f 1309/285/169 1310/347/229 1280/286/170
f 1280/286/170 1310/347/229 1281/348/230
f 1280/286/170 1281/348/230 1251/287/171
f 1251/287/171 1281/348/230 1252/349/231
f 1251/287/171 1252/349/231 1222/288/172
f 1222/288/172 1252/349/231 1223/350/232
f 1222/288/172 1223/350/232 1193/289/173
f 1193/289/173 1223/350/232 1194/351/233
f 1193/289/173 1194/351/233 1164/290/174
f 1164/290/174 1194/351/233 1165/352/234
f 1164/290/174 1165/352/234 1135/291/175
f 1135/291/175 1165/352/234 1136/353/235
f 1135/291/175 1136/353/235 1106/292/176
f 1106/292/176 1136/353/235 1107/354/236
f 1106/292/176 1107/354/236 1077/293/177
f 1077/293/177 1107/354/236 1078/355/237
f 1077/293/177 1078/355/237 1048/294/178
f 1048/294/178 1078/355/237 1049/356/238
f 1048/294/178 1049/356/238 1019/295/179
f 1019/295/179 1049/356/238 1020/357/239
f 1019/295/179 1020/357/239 990/296/180
f 990/296/180 1020/357/239 991/358/240
f 990/296/180 991/358/240 961/297/181
f 961/297/181 991/358/240 962/359/241
f 961/297/181 962/359/241 120/298/182
f 120/298/182 962/359/241 121/360/242
f 120/298/182 121/360/242 4/237/123
f 4/237/123 121/360/242 5/300/183
f 5/300/183 6/361/243 174/301/184
f 174/301/184 6/361/243 173/362/244
f 174/301/184 173/362/244 203/302/185
f 203/302/185 173/362/244 202/363/245
f 203/302/185 202/363/245 232/303/186
f 232/303/186 202/363/245 231/364/246
f 232/303/186 231/364/246 261/304/187
f 261/304/187 231/364/246 260/365/247
f 261/304/187 260/365/247 290/305/188
f 290/305/188 260/365/247 289/366/248
f 290/305/188 289/366/248 319/306/189
f 319/306/189 289/366/248 318/367/249
f 319/306/189 318/367/249 348/307/190
f 348/307/190 318/367/249 347/368/250
f 348/307/190 347/368/250 377/308/191
f 377/308/191 347/368/250 376/369/251
f 377/308/191 376/369/251 406/309/192
f 406/309/192 376/369/251 405/370/252
f 406/309/192 405/370/252 435/310/193
f 435/310/193 405/370/252 434/371/253
f 435/310/193 434/371/253 464/311/194
f 464/311/194 434/371/253 463/372/254
f 464/311/194 463/372/254 493/312/195
f 493/312/195 463/372/254 492/373/255
f 493/312/195 492/373/255 522/313/196
f 522/313/196 492/373/255 521/374/256
f 522/313/196 521/374/256 551/314/197
f 551/314/197 521/374/256 550/375/257
f 551/314/197 550/375/257 580/315/198
f 580/315/198 550/375/257 579/376/258
f 580/315/198 579/376/258 609/316/199
f 609/316/199 579/376/258 608/377/259
f 609/316/199 608/377/259 638/317/200
f 638/317/200 608/377/259 637/378/260
f 638/317/200 637/378/260 667/318/201
f 667/318/201 637/378/260 666/379/261
f 667/318/201 666/379/261 696/319/202
f 696/319/202 666/379/261 695/380/262
f 696/319/202 695/380/262 725/320/203
f 725/320/203 695/380/262 724/381/263
f 725/320/203 724/381/263 754/321/204
f 754/321/204 724/381/263 753/382/264
f 754/321/204 753/382/264 783/322/205
f 783/322/205 753/382/264 782/383/265
f 783/322/205 782/383/265 812/323/206
f 812/323/206 782/383/265 811/384/266
f 812/323/206 811/384/266 841/324/207
f 841/324/207 811/384/266 840/385/267
f 841/324/207 840/385/267 870/325/208
f 870/325/208 840/385/267 869/386/268
f 870/325/208 869/386/268 899/326/209
f 899/326/209 869/386/268 898/387/269
f 899/326/209 898/387/269 928/327/210
f 928/327/210 898/387/269 927/388/270
f 928/327/210 927/388/270 957/328/211
f 957/328/211 927/388/270 956/389/271
f 957/328/211 956/389/271 63/329/212
f 63/329/212 956/389/271 64/390/272
f 63/329/212 64/390/272 58/330/213
f 58/330/213 64/390/272 57/391/273
f 58/331/213 57/392/273 116/332/214
f 116/332/214 57/392/273 115/393/274
f 116/332/214 115/393/274 1716/333/215
f 1716/333/215 115/393/274 1717/394/275
f 1716/333/215 1717/394/275 1687/334/216
f 1687/334/216 1717/394/275 1688/395/276
f 1687/334/216 1688/395/276 1658/335/217
f 1658/335/217 1688/395/276 1659/396/277
f 1658/335/217 1659/396/277 1629/336/218
f 1629/336/218 1659/396/277 1630/397/278
f 1629/336/218 1630/397/278 1600/337/219
f 1600/337/219 1630/397/278 1601/398/279
f 1600/337/219 1601/398/279 1571/338/220
f 1571/338/220 1601/398/279 1572/399/280
f 1571/338/220 1572/399/280 1542/339/221
f 1542/339/221 1572/399/280 1543/400/281
f 1542/339/221 1543/400/281 1513/340/222
f 1513/340/222 1543/400/281 1514/401/282
f 1513/340/222 1514/401/282 1484/341/223
f 1484/341/223 1514/401/282 1485/402/283
f 1484/341/223 1485/402/283 1455/342/224
f 1455/342/224 1485/402/283 1456/403/284
f 1455/342/224 1456/403/284 1426/343/225
f 1426/343/225 1456/403/284 1427/404/285
f 1426/343/225 1427/404/285 1397/344/226
f 1397/344/226 1427/404/285 1398/405/286
f 1397/344/226 1398/405/286 1368/345/227
f 1368/345/227 1398/405/286 1369/406/287
f 1368/345/227 1369/406/287 1339/346/228
f 1339/346/228 1369/406/287 1340/407/288
f 1339/346/228 1340/407/288 1310/347/229
f 1310/347/229 1340/407/288 1311/408/289
f 1310/347/229 1311/408/289 1281/348/230
f 1281/348/230 1311/408/289 1282/409/290
f 1281/348/230 1282/409/290 1252/349/231
f 1252/349/231 1282/409/290 1253/410/291
f 1252/349/231 1253/410/291 1223/350/232
f 1223/350/232 1253/410/291 1224/411/292
f 1223/350/232 1224/411/292 1194/351/233
f 1194/351/233 1224/411/292 1195/412/293
f 1194/351/233 1195/412/293 1165/352/234
f 1165/352/234 1195/412/293 1166/413/294
f 1165/352/234 1166/413/294 1136/353/235
f 1136/353/235 1166/413/294 1137/414/295
f 1136/353/235 1137/414/295 1107/354/236
f 1107/354/236 1137/414/295 1108/415/296
f 1107/354/236 1108/415/296 1078/355/237
f 1078/355/237 1108/415/296 1079/416/297
f 1078/355/237 1079/416/297 1049/356/238
f 1049/356/238 1079/416/297 1050/417/298
f 1049/356/238 1050/417/298 1020/357/239
f 1020/357/239 1050/417/298 1021/418/299
f 1020/357/239 1021/418/299 991/358/240
f 991/358/240 1021/418/299 992/419/300
f 991/358/240 992/419/300 962/359/241
f 962/359/241 992/419/300 963/420/301
f 962/359/241 963/420/301 121/360/242
f 121/360/242 963/420/301 122/421/302
f 121/360/242 122/421/302 5/300/183
f 5/300/183 122/421/302 6/361/243
f 6/361/243 7/422/303 173/362/244
f 173/362/244 7/422/303 172/423/304
f 173/362/244 172/423/304 202/363/245
f 202/363/245 172/423/304 201/424/305
f 202/363/245 201/424/305 231/364/246
f 231/364/246 201/424/305 230/425/306
f 231/364/246 230/425/306 260/365/247
f 260/365/247 230/425/306 259/426/307
f 260/365/247 259/426/307 289/366/248
f 289/366/248 259/426/307 288/427/308
f 289/366/248 288/427/308 318/367/249
f 318/367/249 288/427/308 317/428/309
f 318/367/249 317/428/309 347/368/250
f 347/368/250 317/428/309 346/429/310
f 347/368/250 346/429/310 376/369/251
f 376/369/251 346/429/310 375/430/311
f 376/369/251 375/430/311 405/370/252
f 405/370/252 375/430/311 404/431/312
f 405/370/252 404/431/312 434/371/253
f 434/371/253 404/431/312 433/432/313
f 434/371/253 433/432/313 463/372/254
f 463/372/254 433/432/313 462/433/314
f 463/372/254 462/433/314 492/373/255
f 492/373/255 462/433/314 491/434/315
f 492/373/255 491/434/315 521/374/256
f 521/374/256 491/434/315 520/435/316
f 521/374/256 520/435/316 550/375/257
f 550/375/257 520/435/316 549/436/317
f 550/375/257 549/436/317 579/376/258
f 579/376/258 549/436/317 578/437/318
f 579/376/258 578/437/318 608/377/259
f 608/377/259 578/437/318 607/438/319
f 608/377/259 607/438/319 637/378/260
f 637/378/260 607/438/319 636/439/320
f 637/378/260 636/439/320 666/379/261
f 666/379/261 636/439/320 665/440/321
f 666/379/261 665/440/321 695/380/262
f 695/380/262 665/440/321 694/441/322
f 695/380/262 694/441/322 724/381/263
f 724/381/263 694/441/322 723/442/323
f 724/381/263 723/442/323 753/382/264
f 753/382/264 723/442/323 752/443/324
f 753/382/264 752/443/324 782/383/265
f 782/383/265 752/443/324 781/444/325
f 782/383/265 781/444/325 811/384/266
f 811/384/266 781/444/325 810/445/326
f 811/384/266 810/445/326 840/385/267
f 840/385/267 810/445/326 839/446/327
f 840/385/267 839/446/327 869/386/268
f 869/386/268 839/446/327 868/447/328
f 869/386/268 868/447/328 898/387/269
f 898/387/269 868/447/328 897/448/329
f 898/387/269 897/448/329 927/388/270
f 927/388/270 897/448/329 926/449/330
f 927/388/270 926/449/330 956/389/271
f 956/389/271 926/449/330 955/450/331
f 956/389/271 955/450/331 64/390/272
f 64/390/272 955/450/331 65/451/332
f 64/390/272 65/451/332 57/391/273
f 57/391/273 65/451/332 56/452/333
f 57/392/273 56/453/333 115/393/274
f 115/393/274 56/453/333 114/454/334
f 115/393/274 114/454/334 1717/394/275
f 1717/394/275 114/454/334 1718/455/335
f 1717/394/275 1718/455/335 1688/395/276
f 1688/395/276 1718/455/335 1689/456/336
f 1688/395/276 1689/456/336 1659/396/277
f 1659/396/277 1689/456/336 1660/457/337
f 1659/396/277 1660/457/337 1630/397/278
f 1630/397/278 1660/457/337 1631/458/338
f 1630/397/278 1631/458/338 1601/398/279
f 1601/398/279 1631/458/338 1602/459/339
f 1601/398/279 1602/459/339 1572/399/280
f 1572/399/280 1602/459/339 1573/460/340
f 1572/399/280 1573/460/340 1543/400/281
f 1543/400/281 1573/460/340 1544/461/341
f 1543/400/281 1544/461/341 1514/401/282
f 1514/401/282 1544/461/341 1515/462/342
f 1514/401/282 1515/462/342 1485/402/283
f 1485/402/283 1515/462/342 1486/463/343
f 1485/402/283 1486/463/343 1456/403/284
f 1456/403/284 1486/463/343 1457/464/344
f 1456/403/284 1457/464/344 1427/404/285
f 1427/404/285 1457/464/344 1428/465/345
f 1427/404/285 1428/465/345 1398/405/286
f 1398/405/286 1428/465/345 1399/466/346
f 1398/405/286 1399/466/346 1369/406/287
f 1369/406/287 1399/466/346 1370/467/347
f 1369/406/287 1370/467/347 1340/407/288
f 1340/407/288 1370/467/347 1341/468/348
f 1340/407/288 1341/468/348 1311/408/289
f 1311/408/289 1341/468/348 1312/469/349
f 1311/408/289 1312/469/349 1282/409/290
f 1282/409/290 1312/469/349 1283/470/350
f 1282/409/290 1283/470/350 1253/410/291
f 1253/410/291 1283/470/350 1254/471/351
f 1253/410/291 1254/471/351 1224/411/292
f 1224/411/292 1254/471/351 1225/472/352
f 1224/411/292 1225/472/352 1195/412/293
f 1195/412/293 1225/472/352 1196/473/353
f 1195/412/293 1196/473/353 1166/413/294
f 1166/413/294 1196/473/353 1167/474/354
f 1166/413/294 1167/474/354 1137/414/295
f 1137/414/295 1167/474/354 1138/475/355
f 1137/414/295 1138/475/355 1108/415/296
f 1108/415/296 1138/475/355 1109/476/356
f 1108/415/296 1109/476/356 1079/416/297
f 1079/416/297 1109/476/356 1080/477/357
f 1079/416/297 1080/477/357 1050/417/298
f 1050/417/298 1080/477/357 1051/478/358
f 1050/417/298 1051/478/358 1021/418/299
f 1021/418/299 1051/478/358 1022/479/359
f 1021/418/299 1022/479/359 992/419/300
f 992/419/300 1022/479/359 993/480/360
f 992/419/300 993/480/360 963/420/301
f 963/420/301 993/480/360 964/481/361
f 963/420/301 964/481/361 122/421/302
f 122/421/302 964/481/361 123/482/362
f 122/421/302 123/482/362 6/361/243
f 6/361/243 123/482/362 7/422/303
f 7/422/303 8/483/363 172/423/304
f 172/423/304 8/483/363 171/484/364
f 172/423/304 171/484/364 201/424/305
f 201/424/305 171/484/364 200/485/365
f 201/424/305 200/485/365 230/425/306
f 230/425/306 200/485/365 229/486/366
f 230/425/306 229/486/366 259/426/307
f 259/426/307 229/486/366 258/487/367
f 259/426/307 258/487/367 288/427/308
f 288/427/308 258/487/367 287/488/368
f 288/427/308 287/488/368 317/428/309
f 317/428/309 287/488/368 316/489/369
f 317/428/309 316/489/369 346/429/310
f 346/429/310 316/489/369 345/490/370
f 346/429/310 345/490/370 375/430/311
f 375/430/311 345/490/370 374/491/371
f 375/430/311 374/491/371 404/431/312
f 404/431/312 374/491/371 403/492/372
f 404/431/312 403/492/372 433/432/313
f 433/432/313 403/492/372 432/493/373
f 433/432/313 432/493/373 462/433/314
f 462/433/314 432/493/373 461/494/374
f 462/433/314 461/494/374 491/434/315
f 491/434/315 461/494/374 490/495/375
f 491/434/315 490/495/375 520/435/316
f 520/435/316 490/495/375 519/496/376
f 520/435/316 519/496/376 549/436/317
f 549/436/317 519/496/376 548/497/377
f 549/436/317 548/497/377 578/437/318
f 578/437/318 548/497/377 577/498/378
f 578/437/318 577/498/378 607/438/319
f 607/438/319 577/498/378 606/499/379
f 607/438/319 606/499/379 636/439/320
f 636/439/320 606/499/379 635/500/380
f 636/439/320 635/500/380 665/440/321
f 665/440/321 635/500/380 664/501/381
f 665/440/321 664/501/381 694/441/322
f 694/441/322 664/501/381 693/502/382
f 694/441/322 693/502/382 723/442/323
f 723/442/323 693/502/382 722/503/383
f 723/442/323 722/503/383 752/443/324
f 752/443/324 722/503/383 751/504/384
f 752/443/324 751/504/384 781/444/325
f 781/444/325 751/504/384 780/505/385
f 781/444/325 780/505/385 810/445/326
f 810/445/326 780/505/385 809/506/386
f 810/445/326 809/506/386 839/446/327
f 839/446/327 809/506/386 838/507/387
f 839/446/327 838/507/387 868/447/328
f 868/447/328 838/507/387 867/508/388
f 868/447/328 867/508/388 897/448/329
f 897/448/329 867/508/388 896/509/389
f 897/448/329 896/509/389 926/449/330
f 926/449/330 896/509/389 925/510/390
f 926/449/330 925/510/390 955/450/331
f 955/450/331 925/510/390 954/511/391
f 955/450/331 954/511/391 65/451/332
f 65/451/332 954/511/391 66/512/392
f 65/451/332 66/512/392 56/452/333
f 56/452/333 66/512/392 55/513/393
f 56/453/333 55/514/393 114/454/334
f 114/454/334 55/514/393 113/515/394
f 114/454/334 113/515/394 1718/455/335
f 1718/455/335 113/515/394 1719/516/395
f 1718/455/335 1719/516/395 1689/456/336
f 1689/456/336 1719/516/395 1690/517/396
f 1689/456/336 1690/517/396 1660/457/337
f 1660/457/337 1690/517/396 1661/518/397
f 1660/457/337 1661/518/397 1631/458/338
f 1631/458/338 1661/518/397 1632/519/398
f 1631/458/338 1632/519/398 1602/459/339
f 1602/459/339 1632/519/398 1603/520/399
f 1602/459/339 1603/520/399 1573/460/340
f 1573/460/340 1603/520/399 1574/521/400
f 1573/460/340 1574/521/400 1544/461/341
f 1544/461/341 1574/521/400 1545/522/401
f 1544/461/341 1545/522/401 1515/462/342
f 1515/462/342 1545/522/401 1516/523/402
f 1515/462/342 1516/523/402 1486/463/343
f 1486/463/343 1516/523/402 1487/524/403
f 1486/463/343 1487/524/403 1457/464/344
f 1457/464/344 1487/524/403 1458/525/404
f 1457/464/344 1458/525/404 1428/465/345
f 1428/465/345 1458/525/404 1429/526/405
f 1428/465/345 1429/526/405 1399/466/346
f 1399/466/346 1429/526/405 1400/527/406
f 1399/466/346 1400/527/406 1370/467/347
f 1370/467/347 1400/527/406 1371/528/407
f 1370/467/347 1371/528/407 1341/468/348
f 1341/468/348 1371/528/407 1342/529/408
f 1341/468/348 1342/529/408 1312/469/349
f 1312/469/349 1342/529/408 1313/530/409
f 1312/469/349 1313/530/409 1283/470/350
f 1283/470/350 1313/530/409 1284/531/410
f 1283/470/350 1284/531/410 1254/471/351
f 1254/471/351 1284/531/410 1255/532/411
f 1254/471/351 1255/532/411 1225/472/352
f 1225/472/352 1255/532/411 1226/533/412
f 1225/472/352 1226/533/412 1196/473/353
f 1196/473/353 1226/533/412 1197/534/413
f 1196/473/353 1197/534/413 1167/474/354
f 1167/474/354 1197/534/413 1168/535/414
f 1167/474/354 1168/535/414 1138/475/355
f 1138/475/355 1168/535/414 1139/536/415
f 1138/475/355 1139/536/415 1109/476/356
f 1109/476/356 1139/536/415 1110/537/416
f 1109/476/356 1110/537/416 1080/477/357
f 1080/477/357 1110/537/416 1081/538/417
f 1080/477/357 1081/538/417 1051/478/358
f 1051/478/358 1081/538/417 1052/539/418
f 1051/478/358 1052/539/418 1022/479/359
f 1022/479/359 1052/539/418 1023/540/419
f 1022/479/359 1023/540/419 993/480/360
f 993/480/360 1023/540/419 994/541/420
f 993/480/360 994/541/420 964/481/361
f 964/481/361 994/541/420 965/542/421
f 964/481/361 965/542/421 123/482/362
f 123/482/362 965/542/421 124/543/422
f 123/482/362 124/543/422 7/422/303
f 7/422/303 124/543/422 8/483/363
f 8/483/363 9/544/423 171/484/364
f 171/484/364 9/544/423 170/545/424
f 171/484/364 170/545/424 200/485/365
f 200/485/365 170/545/424 199/546/425
f 200/485/365 199/546/425 229/486/366
f 229/486/366 199/546/425 228/547/426
f 229/486/366 228/547/426 258/487/367
f 258/487/367 228/547/426 257/548/427
f 258/487/367 257/548/427 287/488/368
f 287/488/368 257/548/427 286/549/428
f 287/488/368 286/549/428 316/489/369
f 316/489/369 286/549/428 315/550/429
f 316/489/369 315/550/429 345/490/370
f 345/490/370 315/550/429 344/551/430
f 345/490/370 344/551/430 374/491/371
f 374/491/371 344/551/430 373/552/431
f 374/491/371 373/552/431 403/492/372
f 403/492/372 373/552/431 402/553/432
f 403/492/372 402/553/432 432/493/373
f 432/493/373 402/553/432 431/554/433
f 432/493/373 431/554/433 461/494/374
f 461/494/374 431/554/433 460/555/434
f 461/494/374 460/555/434 490/495/375
f 490/495/375 460/555/434 489/556/435
f 490/495/375 489/556/435 519/496/376
f 519/496/376 489/556/435 518/557/436
f 519/496/376 518/557/436 548/497/377
f 548/497/377 518/557/436 547/558/437
f 548/497/377 547/558/437 577/498/378
f 577/498/378 547/558/437 576/559/438
f 577/498/378 576/559/438 606/499/379
f 606/499/379 576/559/438 605/560/439
f 606/499/379 605/560/439 635/500/380
f 635/500/380 605/560/439 634/561/440
f 635/500/380 634/561/440 664/501/381
f 664/501/381 634/561/440 663/562/441
f 664/501/381 663/562/441 693/502/382
f 693/502/382 663/562/441 692/563/442
f 693/502/382 692/563/442 722/503/383
f 722/503/383 692/563/442 721/564/443
f 722/503/383 721/564/443 751/504/384
f 751/504/384 721/564/443 750/565/444
f 751/504/384 750/565/444 780/505/385
f 780/505/385 750/565/444 779/566/445
f 780/505/385 779/566/445 809/506/386
f 809/506/386 779/566/445 808/567/446
f 809/506/386 808/567/446 838/507/387
f 838/507/387 808/567/446 837/568/447
f 838/507/387 837/568/447 867/508/388
f 867/508/388 837/568/447 866/569/448
f 867/508/388 866/569/448 896/509/389
f 896/509/389 866/569/448 895/570/449
f 896/509/389 895/570/449 925/510/390
f 925/510/390 895/570/449 924/571/450
f 925/510/390 924/571/450 954/511/391
f 954/511/391 924/571/450 953/572/451
f 954/511/391 953/572/451 66/512/392
f 66/512/392 953/572/451 67/573/452
f 66/512/392 67/573/452 55/513/393
f 55/513/393 67/573/452 54/574/453
f 55/514/393 54/575/453 113/515/394
f 113/515/394 54/575/453 112/576/454
f 113/515/394 112/576/454 1719/516/395
f 1719/516/395 112/576/454 1720/577/455
f 1719/516/395 1720/577/455 1690/517/396
f 1690/517/396 1720/577/455 1691/578/456
f 1690/517/396 1691/578/456 1661/518/397
f 1661/518/397 1691/578/456 1662/579/457
f 1661/518/397 1662/579/457 1632/519/398
f 1632/519/398 1662/579/457 1633/580/458
f 1632/519/398 1633/580/458 1603/520/399
f 1603/520/399 1633/580/458 1604/581/459
f 1603/520/399 1604/581/459 1574/521/400
f 1574/521/400 1604/581/459 1575/582/460
f 1574/521/400 1575/582/460 1545/522/401
f 1545/522/401 1575/582/460 1546/583/461
f 1545/522/401 1546/583/461 1516/523/402
f 1516/523/402 1546/583/461 1517/584/462
f 1516/523/402 1517/584/462 1487/524/403
f 1487/524/403 1517/584/462 1488/585/463
f 1487/524/403 1488/585/463 1458/525/404
f 1458/525/404 1488/585/463 1459/586/464
f 1458/525/404 1459/586/464 1429/526/405
f 1429/526/405 1459/586/464 1430/587/465
f 1429/526/405 1430/587/465 1400/527/406
f 1400/527/406 1430/587/465 1401/588/466
f 1400/527/406 1401/588/466 1371/528/407
f 1371/528/407 1401/588/466 1372/589/467
f 1371/528/407 1372/589/467 1342/529/408
f 1342/529/408 1372/589/467 1343/590/468
f 1342/529/408 1343/590/468 1313/530/409
f 1313/530/409 1343/590/468 1314/591/469
f 1313/530/409 1314/591/469 1284/531/410
f 1284/531/410 1314/591/469 1285/592/470
f 1284/531/410 1285/592/470 1255/532/411
f 1255/532/411 1285/592/470 1256/593/471
f 1255/532/411 1256/593/471 1226/533/412
f 1226/533/412 1256/593/471 1227/594/472
f 1226/533/412 1227/594/472 1197/534/413
f 1197/534/413 1227/594/472 1198/595/473
f 1197/534/413 1198/595/473 1168/535/414
f 1168/535/414 1198/595/473 1169/596/474
f 1168/535/414 1169/596/474 1139/536/415
f 1139/536/415 1169/596/474 1140/597/475
f 1139/536/415 1140/597/475 1110/537/416
f 1110/537/416 1140/597/475 1111/598/476
f 1110/537/416 1111/598/476 1081/538/417
f 1081/538/417 1111/598/476 1082/599/477
f 1081/538/417 1082/599/477 1052/539/418
f 1052/539/418 1082/599/477 1053/600/478
f 1052/539/418 1053/600/478 1023/540/419
f 1023/540/419 1053/600/478 1024/601/479
f 1023/540/419 1024/601/479 994/541/420
f 994/541/420 1024/601/479 995/602/480
f 994/541/420 995/602/480 965/542/421
f 965/542/421 995/602/480 966/603/481
f 965/542/421 966/603/481 124/543/422
f 124/543/422 966/603/481 125/604/482
f 124/543/422 125/604/482 8/483/363
f 8/483/363 125/604/482 9/544/423
f 9/544/423 10/605/483 170/545/424
f 170/545/424 10/605/483 169/606/484
f 170/545/424 169/606/484 199/546/425
f 199/546/425 169/606/484 198/607/485
f 199/546/425 198/607/485 228/547/426
f 228/547/426 198/607/485 227/608/486
f 228/547/426 227/608/486 257/548/427
f 257/548/427 227/608/486 256/609/487
f 257/548/427 256/609/487 286/549/428
f 286/549/428 256/609/487 285/610/488
f 286/549/428 285/610/488 315/550/429
f 315/550/429 285/610/488 314/611/489
f 315/550/429 314/611/489 344/551/430
f 344/551/430 314/611/489 343/612/490
f 344/551/430 343/612/490 373/552/431
f 373/552/431 343/612/490 372/613/491
f 373/552/431 372/613/491 402/553/432
f 402/553/432 372/613/491 401/614/492
f 402/553/432 401/614/492 431/554/433
f 431/554/433 401/614/492 430/615/493
f 431/554/433 430/615/493 460/555/434
f 460/555/434 430/615/493 459/616/494
f 460/555/434 459/616/494 489/556/435
f 489/556/435 459/616/494 488/617/495
f 489/556/435 488/617/495 518/557/436
f 518/557/436 488/617/495 517/618/496
f 518/557/436 517/618/496 547/558/437
f 547/558/437 517/618/496 546/619/497
f 547/558/437 546/619/497 576/559/438
f 576/559/438 546/619/497 575/620/498
f 576/559/438 575/620/498 605/560/439
f 605/560/439 575/620/498 604/621/499
f 605/560/439 604/621/499 634/561/440
f 634/561/440 604/621/499 633/622/500
f 634/561/440 633/622/500 663/562/441
f 663/562/441 633/622/500 662/623/501
f 663/562/441 662/623/501 692/563/442
f 692/563/442 662/623/501 691/624/502
f 692/563/442 691/624/502 721/564/443
f 721/564/443 691/624/502 720/625/503
f 721/564/443 720/625/503 750/565/444
f 750/565/444 720/625/503 749/626/504
f 750/565/444 749/626/504 779/566/445
f 779/566/445 749/626/504 778/627/505
f 779/566/445 778/627/505 808/567/446
f 808/567/446 778/627/505 807/628/506
f 808/567/446 807/628/506 837/568/447
f 837/568/447 807/628/506 836/629/507
f 837/568/447 836/629/507 866/569/448
f 866/569/448 836/629/507 865/630/508
f 866/569/448 865/630/508 895/570/449
f 895/570/449 865/630/508 894/631/509
f 895/570/449 894/631/509 924/571/450
f 924/571/450 894/631/509 923/632/510
f 924/571/450 923/632/510 953/572/451
f 953/572/451 923/632/510 952/633/511
f 953/572/451 952/633/511 67/573/452
f 67/573/452 952/633/511 68/634/512
f 67/573/452 68/634/512 54/574/453
f 54/574/453 68/634/512 53/635/513
f 54/575/453 53/636/513 112/576/454
f 112/576/454 53/636/513 111/637/514
f 112/576/454 111/637/514 1720/577/455
f 1720/577/455 111/637/514 1721/638/515
f 1720/577/455 1721/638/515 1691/578/456
f 1691/578/456 1721/638/515 1692/639/516
f 1691/578/456 1692/639/516 1662/579/457
f 1662/579/457 1692/639/516 1663/640/517
f 1662/579/457 1663/640/517 1633/580/458
f 1633/580/458 1663/640/517 1634/641/518
f 1633/580/458 1634/641/518 1604/581/459
f 1604/581/459 1634/641/518 1605/642/519
f 1604/581/459 1605/642/519 1575/582/460
f 1575/582/460 1605/642/519 1576/643/520
f 1575/582/460 1576/643/520 1546/583/461
f 1546/583/461 1576/643/520 1547/644/521
f 1546/583/461 1547/644/521 1517/584/462
f 1517/584/462 1547/644/521 1518/645/522
f 1517/584/462 1518/645/522 1488/585/463
f 1488/585/463 1518/645/522 1489/646/523
f 1488/585/463 1489/646/523 1459/586/464
f 1459/586/464 1489/646/523 1460/647/524
f 1459/586/464 1460/647/524 1430/587/465
f 1430/587/465 1460/647/524 1431/648/525
f 1430/587/465 1431/648/525 1401/588/466
f 1401/588/466 1431/648/525 1402/649/526
f 1401/588/466 1402/649/526 1372/589/467
f 1372/589/467 1402/649/526 1373/650/527
f 1372/589/467 1373/650/527 1343/590/468
f 1343/590/468 1373/650/527 1344/651/528
f 1343/590/468 1344/651/528 1314/591/469
f 1314/591/469 1344/651/528 1315/652/529
f 1314/591/469 1315/652/529 1285/592/470
f 1285/592/470 1315/652/529 1286/653/530
f 1285/592/470 1286/653/530 1256/593/471
f 1256/593/471 1286/653/530 1257/654/531
f 1256/593/471 1257/654/531 1227/594/472
f 1227/594/472 1257/654/531 1228/655/532
f 1227/594/472 1228/655/532 1198/595/473
f 1198/595/473 1228/655/532 1199/656/533
f 1198/595/473 1199/656/533 1169/596/474
f 1169/596/474 1199/656/533 1170/657/534
f 1169/596/474 1170/657/534 1140/597/475
f 1140/597/475 1170/657/534 1141/658/535
f 1140/597/475 1141/658/535 1111/598/476
f 1111/598/476 1141/658/535 1112/659/536
f 1111/598/476 1112/659/536 1082/599/477
f 1082/599/477 1112/659/536 1083/660/537
f 1082/599/477 1083/660/537 1053/600/478
f 1053/600/478 1083/660/537 1054/661/538
f 1053/600/478 1054/661/538 1024/601/479
f 1024/601/479 1054/661/538 1025/662/539
f 1024/601/479 1025/662/539 995/602/480
f 995/602/480 1025/662/539 996/663/540
f 995/602/480 996/663/540 966/603/481
f 966/603/481 996/663/540 967/664/541
f 966/603/481 967/664/541 125/604/482
f 125/604/482 967/664/541 126/665/542
f 125/604/482 126/665/542 9/544/423
f 9/544/423 126/665/542 10/605/483
f 10/605/483 11/666/543 169/606/484
f 169/606/484 11/666/543 168/667/544
f 169/606/484 168/667/544 198/607/485
f 198/607/485 168/667/544 197/668/545
f 198/607/485 197/668/545 227/608/486
f 227/608/486 197/668/545 226/669/546
f 227/608/486 226/669/546 256/609/487
f 256/609/487 226/669/546 255/670/547
f 256/609/487 255/670/547 285/610/488
f 285/610/488 255/670/547 284/671/548
f 285/610/488 284/671/548 314/611/489
f 314/611/489 284/671/548 313/672/549
f 314/611/489 313/672/549 343/612/490
f 343/612/490 313/672/549 342/673/550
f 343/612/490 342/673/550 372/613/491
f 372/613/491 342/673/550 371/674/551
f 372/613/491 371/674/551 401/614/492
f 401/614/492 371/674/551 400/675/552
f 401/614/492 400/675/552 430/615/493
f 430/615/493 400/675/552 429/676/553
f 430/615/493 429/676/553 459/616/494
f 459/616/494 429/676/553 458/677/554
f 459/616/494 458/677/554 488/617/495
f 488/617/495 458/677/554 487/678/555
f 488/617/495 487/678/555 517/618/496
f 517/618/496 487/678/555 516/679/556
f 517/618/496 516/679/556 546/619/497
f 546/619/497 516/679/556 545/680/557
f 546/619/497 545/680/557 575/620/498
f 575/620/498 545/680/557 574/681/558
f 575/620/498 574/681/558 604/621/499
f 604/621/499 574/681/558 603/682/559
f 604/621/499 603/682/559 633/622/500
f 633/622/500 603/682/559 632/683/560
f 633/622/500 632/683/560 662/623/501
f 662/623/501 632/683/560 661/684/561
f 662/623/501 661/684/561 691/624/502
f 691/624/502 661/684/561 690/685/562
f 691/624/502 690/685/562 720/625/503
f 720/625/503 690/685/562 719/686/563
f 720/625/503 719/686/563 749/626/504
f 749/626/504 719/686/563 748/687/564
f 749/626/504 748/687/564 778/627/505
f 778/627/505 748/687/564 777/688/565
f 778/627/505 777/688/565 807/628/506
f 807/628/506 777/688/565 806/689/566
f 807/628/506 806/689/566 836/629/507
f 836/629/507 806/689/566 835/690/567
f 836/629/507 835/690/567 865/630/508
f 865/630/508 835/690/567 864/691/568
f 865/630/508 864/691/568 894/631/509
f 894/631/509 864/691/568 893/692/569
f 894/631/509 893/692/569 923/632/510
f 923/632/510 893/692/569 922/693/570
f 923/632/510 922/693/570 952/633/511
f 952/633/511 922/693/570 951/694/571
f 952/633/511 951/694/571 68/634/512
f 68/634/512 951/694/571 69/695/572
f 68/634/512 69/695/572 53/635/513
f 53/635/513 69/695/572 52/696/573
f 53/636/513 52/697/573 111/637/514
f 111/637/514 52/697/573 110/698/574
f 111/637/514 110/698/574 1721/638/515
f 1721/638/515 110/698/574 1722/699/575
f 1721/638/515 1722/699/575 1692/639/516
f 1692/639/516 1722/699/575 1693/700/576
f 1692/639/516 1693/700/576 1663/640/517
f 1663/640/517 1693/700/576 1664/701/577
f 1663/640/517 1664/701/577 1634/641/518
f 1634/641/518 1664/701/577 1635/702/578
f 1634/641/518 1635/702/578 1605/642/519
f 1605/642/519 1635/702/578 1606/703/579
f 1605/642/519 1606/703/579 1576/643/520
f 1576/643/520 1606/703/579 1577/704/580
f 1576/643/520 1577/704/580 1547/644/521
f 1547/644/521 1577/704/580 1548/705/581
f 1547/644/521 1548/705/581 1518/645/522
f 1518/645/522 1548/705/581 1519/706/582
f 1518/645/522 1519/706/582 1489/646/523
f 1489/646/523 1519/706/582 1490/707/583
f 1489/646/523 1490/707/583 1460/647/524
f 1460/647/524 1490/707/583 1461/708/584
f 1460/647/524 1461/708/584 1431/648/525
f 1431/648/525 1461/708/584 1432/709/585
f 1431/648/525 1432/709/585 1402/649/526
f 1402/649/526 1432/709/585 1403/710/586
f 1402/649/526 1403/710/586 1373/650/527
f 1373/650/527 1403/710/586 1374/711/587
f 1373/650/527 1374/711/587 1344/651/528
f 1344/651/528 1374/711/587 1345/712/588
f 1344/651/528 1345/712/588 1315/652/529
f 1315/652/529 1345/712/588 1316/713/589
f 1315/652/529 1316/713/589 1286/653/530
f 1286/653/530 1316/713/589 1287/714/590
f 1286/653/530 1287/714/590 1257/654/531
f 1257/654/531 1287/714/590 1258/715/591
f 1257/654/531 1258/715/591 1228/655/532
f 1228/655/532 1258/715/591 1229/716/592
f 1228/655/532 1229/716/592 1199/656/533
f 1199/656/533 1229/716/592 1200/717/593
f 1199/656/533 1200/717/593 1170/657/534
f 1170/657/534 1200/717/593 1171/718/594
f 1170/657/534 1171/718/594 1141/658/535
f 1141/658/535 1171/718/594 1142/719/595
f 1141/658/535 1142/719/595 1112/659/536
f 1112/659/536 1142/719/595 1113/720/596
f 1112/659/536 1113/720/596 1083/660/537
f 1083/660/537 1113/720/596 1084/721/597
f 1083/660/537 1084/721/597 1054/661/538
f 1054/661/538 1084/721/597 1055/722/598
f 1054/661/538 1055/722/598 1025/662/539
f 1025/662/539 1055/722/598 1026/723/599
f 1025/662/539 1026/723/599 996/663/540
f 996/663/540 1026/723/599 997/724/600
f 996/663/540 997/724/600 967/664/541
f 967/664/541 997/724/600 968/725/601
f 967/664/541 968/725/601 126/665/542
f 126/665/542 968/725/601 127/726/602
f 126/665/542 127/726/602 10/605/483
f 10/605/483 127/726/602 11/666/543
f 11/666/543 12/727/603 168/667/544
f 168/667/544 12/727/603 167/728/604
f 168/667/544 167/728/604 197/668/545
f 197/668/545 167/728/604 196/729/605
f 197/668/545 196/729/605 226/669/546
f 226/669/546 196/729/605 225/730/606
f 226/669/546 225/730/606 255/670/547
f 255/670/547 225/730/606 254/731/607
f 255/670/547 254/731/607 284/671/548
f 284/671/548 254/731/607 283/732/608
f 284/671/548 283/732/608 313/672/549
f 313/672/549 283/732/608 312/733/609
f 313/672/549 312/733/609 342/673/550
f 342/673/550 312/733/609 341/734/610
f 342/673/550 341/734/610 371/674/551
f 371/674/551 341/734/610 370/735/611
f 371/674/551 370/735/611 400/675/552
f 400/675/552 370/735/611 399/736/612
f 400/675/552 399/736/612 429/676/553
f 429/676/553 399/736/612 428/737/613
f 429/676/553 428/737/613 458/677/554
f 458/677/554 428/737/613 457/738/614
f 458/677/554 457/738/614 487/678/555
f 487/678/555 457/738/614 486/739/615
f 487/678/555 486/739/615 516/679/556
f 516/679/556 486/739/615 515/740/616
f 516/679/556 515/740/616 545/680/557
f 545/680/557 515/740/616 544/741/617
f 545/680/557 544/741/617 574/681/558
f 574/681/558 544/741/617 573/742/618
f 574/681/558 573/742/618 603/682/559
f 603/682/559 573/742/618 602/743/619
f 603/682/559 602/743/619 632/683/560
f 632/683/560 602/743/619 631/744/620
f 632/683/560 631/744/620 661/684/561
f 661/684/561 631/744/620 660/745/621
f 661/684/561 660/745/621 690/685/562
f 690/685/562 660/745/621 689/746/622
f 690/685/562 689/746/622 719/686/563
f 719/686/563 689/746/622 718/747/623
f 719/686/563 718/747/623 748/687/564
f 748/687/564 718/747/623 747/748/624
f 748/687/564 747/748/624 777/688/565
f 777/688/565 747/748/624 776/749/625
f 777/688/565 776/749/625 806/689/566
f 806/689/566 776/749/625 805/750/626
f 806/689/566 805/750/626 835/690/567
f 835/690/567 805/750/626 834/751/627
f 835/690/567 834/751/627 864/691/568
f 864/691/568 834/751/627 863/752/628
f 864/691/568 863/752/628 893/692/569
f 893/692/569 863/752/628 892/753/629
f 893/692/569 892/753/629 922/693/570
f 922/693/570 892/753/629 921/754/630
f 922/693/570 921/754/630 951/694/571
f 951/694/571 921/754/630 950/755/631
f 951/694/571 950/755/631 69/695/572
f 69/695/572 950/755/631 70/756/632
f 69/695/572 70/756/632 52/696/573
f 52/696/573 70/756/632 51/757/633
f 52/697/573 51/758/633 110/698/574
f 110/698/574 51/758/633 109/759/634
f 110/698/574 109/759/634 1722/699/575
f 1722/699/575 109/759/634 1723/760/635
f 1722/699/575 1723/760/635 1693/700/576
f 1693/700/576 1723/760/635 1694/761/636
f 1693/700/576 1694/761/636 1664/701/577
f 1664/701/577 1694/761/636 1665/762/637
f 1664/701/577 1665/762/637 1635/702/578
f 1635/702/578 1665/762/637 1636/763/638
f 1635/702/578 1636/763/638 1606/703/579
f 1606/703/579 1636/763/638 1607/764/639
f 1606/703/579 1607/764/639 1577/704/580
f 1577/704/580 1607/764/639 1578/765/640
f 1577/704/580 1578/765/640 1548/705/581
f 1548/705/581 1578/765/640 1549/766/641
f 1548/705/581 1549/766/641 1519/706/582
f 1519/706/582 1549/766/641 1520/767/642
f 1519/706/582 1520/767/642 1490/707/583
f 1490/707/583 1520/767/642 1491/768/643
f 1490/707/583 1491/768/643 1461/708/584
f 1461/708/584 1491/768/643 1462/769/644
f 1461/708/584 1462/769/644 1432/709/585
f 1432/709/585 1462/769/644 1433/770/645
f 1432/709/585 1433/770/645 1403/710/586
f 1403/710/586 1433/770/645 1404/771/646
f 1403/710/586 1404/771/646 1374/711/587
f 1374/711/587 1404/771/646 1375/772/647
f 1374/711/587 1375/772/647 1345/712/588
f 1345/712/588 1375/772/647 1346/773/648
f 1345/712/588 1346/773/648 1316/713/589
f 1316/713/589 1346/773/648 1317/774/649
f 1316/713/589 1317/774/649 1287/714/590
f 1287/714/590 1317/774/649 1288/775/650
f 1287/714/590 1288/775/650 1258/715/591
f 1258/715/591 1288/775/650 1259/776/651
f 1258/715/591 1259/776/651 1229/716/592
f 1229/716/592 1259/776/651 1230/777/652
f 1229/716/592 1230/777/652 1200/717/593
f 1200/717/593 1230/777/652 1201/778/653
f 1200/717/593 1201/778/653 1171/718/594
f 1171/718/594 1201/778/653 1172/779/654
f 1171/718/594 1172/779/654 1142/719/595
f 1142/719/595 1172/779/654 1143/780/655
f 1142/719/595 1143/780/655 1113/720/596
f 1113/720/596 1143/780/655 1114/781/656
f 1113/720/596 1114/781/656 1084/721/597
f 1084/721/597 1114/781/656 1085/782/657
f 1084/721/597 1085/782/657 1055/722/598
f 1055/722/598 1085/782/657 1056/783/658
f 1055/722/598 1056/783/658 1026/723/599
f 1026/723/599 1056/783/658 1027/784/659
f 1026/723/599 1027/784/659 997/724/600
f 997/724/600 1027/784/659 998/785/660
f 997/724/600 998/785/660 968/725/601
f 968/725/601 998/785/660 969/786/661
f 968/725/601 969/786/661 127/726/602
f 127/726/602 969/786/661 128/787/662
f 127/726/602 128/787/662 11/666/543
f 11/666/543 128/787/662 12/727/603
f 12/727/603 13/788/663 167/728/604
f 167/728/604 13/788/663 166/789/664
f 167/728/604 166/789/664 196/729/605
f 196/729/605 166/789/664 195/790/665
f 196/729/605 195/790/665 225/730/606
f 225/730/606 195/790/665 224/791/666
f 225/730/606 224/791/666 254/731/607
f 254/731/607 224/791/666 253/792/667
f 254/731/607 253/792/667 283/732/608
f 283/732/608 253/792/667 282/793/668
f 283/732/608 282/793/668 312/733/609
f 312/733/609 282/793/668 311/794/669
f 312/733/609 311/794/669 341/734/610
f 341/734/610 311/794/669 340/795/670
f 341/734/610 340/795/670 370/735/611
f 370/735/611 340/795/670 369/796/671
f 370/735/611 369/796/671 399/736/612
f 399/736/612 369/796/671 398/797/672
f 399/736/612 398/797/672 428/737/613
f 428/737/613 398/797/672 427/798/673
f 428/737/613 427/798/673 457/738/614
f 457/738/614 427/798/673 456/799/674
f 457/738/614 456/799/674 486/739/615
f 486/739/615 456/799/674 485/800/675
f 486/739/615 485/800/675 515/740/616
f 515/740/616 485/800/675 514/801/676
f 515/740/616 514/801/676 544/741/617
f 544/741/617 514/801/676 543/802/677
f 544/741/617 543/802/677 573/742/618
f 573/742/618 543/802/677 572/803/678
f 573/742/618 572/803/678 602/743/619
f 602/743/619 572/803/678 601/804/679
f 602/743/619 601/804/679 631/744/620
f 631/744/620 601/804/679 630/805/680
f 631/744/620 630/805/680 660/745/621
f 660/745/621 630/805/680 659/806/681
f 660/745/621 659/806/681 689/746/622
f 689/746/622 659/806/681 688/807/682
f 689/746/622 688/807/682 718/747/623
f 718/747/623 688/807/682 717/808/683
f 718/747/623 717/808/683 747/748/624
f 747/748/624 717/808/683 746/809/684
f 747/748/624 746/809/684 776/749/625
f 776/749/625 746/809/684 775/810/685
f 776/749/625 775/810/685 805/750/626
f 805/750/626 775/810/685 804/811/686
f 805/750/626 804/811/686 834/751/627
f 834/751/627 804/811/686 833/812/687
f 834/751/627 833/812/687 863/752/628
f 863/752/628 833/812/687 862/813/688
f 863/752/628 862/813/688 892/753/629
f 892/753/629 862/813/688 891/814/689
f 892/753/629 891/814/689 921/754/630
f 921/754/630 891/814/689 920/815/690
f 921/754/630 920/815/690 950/755/631
f 950/755/631 920/815/690 949/816/691
f 950/755/631 949/816/691 70/756/632
f 70/756/632 949/816/691 71/817/692
f 70/756/632 71/817/692 51/757/633
f 51/757/633 71/817/692 50/818/693
f 51/758/633 50/819/693 109/759/634
f 109/759/634 50/819/693 108/820/694
f 109/759/634 108/820/694 1723/760/635
f 1723/760/635 108/820/694 1724/821/695
f 1723/760/635 1724/821/695 1694/761/636
f 1694/761/636 1724/821/695 1695/822/696
f 1694/761/636 1695/822/696 1665/762/637
f 1665/762/637 1695/822/696 1666/823/697
f 1665/762/637 1666/823/697 1636/763/638
f 1636/763/638 1666/823/697 1637/824/698
f 1636/763/638 1637/824/698 1607/764/639
f 1607/764/639 1637/824/698 1608/825/699
f 1607/764/639 1608/825/699 1578/765/640
f 1578/765/640 1608/825/699 1579/826/700
f 1578/765/640 1579/826/700 1549/766/641
f 1549/766/641 1579/826/700 1550/827/701
f 1549/766/641 1550/827/701 1520/767/642
f 1520/767/642 1550/827/701 1521/828/702
f 1520/767/642 1521/828/702 1491/768/643
f 1491/768/643 1521/828/702 1492/829/703
f 1491/768/643 1492/829/703 1462/769/644
f 1462/769/644 1492/829/703 1463/830/704
f 1462/769/644 1463/830/704 1433/770/645
f 1433/770/645 1463/830/704 1434/831/705
f 1433/770/645 1434/831/705 1404/771/646
f 1404/771/646 1434/831/705 1405/832/706
f 1404/771/646 1405/832/706 1375/772/647
f 1375/772/647 1405/832/706 1376/833/707
f 1375/772/647 1376/833/707 1346/773/648
f 1346/773/648 1376/833/707 1347/834/708
f 1346/773/648 1347/834/708 1317/774/649
f 1317/774/649 1347/834/708 1318/835/709
f 1317/774/649 1318/835/709 1288/775/650
f 1288/775/650 1318/835/709 1289/836/710
f 1288/775/650 1289/836/710 1259/776/651
f 1259/776/651 1289/836/710 1260/837/711
f 1259/776/651 1260/837/711 1230/777/652
f 1230/777/652 1260/837/711 1231/838/712
f 1230/777/652 1231/838/712 1201/778/653
f 1201/778/653 1231/838/712 1202/839/713
f 1201/778/653 1202/839/713 1172/779/654
f 1172/779/654 1202/839/713 1173/840/714
f 1172/779/654 1173/840/714 1143/780/655
f 1143/780/655 1173/840/714 1144/841/715
f 1143/780/655 1144/841/715 1114/781/656
f 1114/781/656 1144/841/715 1115/842/716
f 1114/781/656 1115/842/716 1085/782/657
f 1085/782/657 1115/842/716 1086/843/717
f 1085/782/657 1086/843/717 1056/783/658
f 1056/783/658 1086/843/717 1057/844/718
f 1056/783/658 1057/844/718 1027/784/659
f 1027/784/659 1057/844/718 1028/845/719
f 1027/784/659 1028/845/719 998/785/660
f 998/785/660 1028/845/719 999/846/720
f 998/785/660 999/846/720 969/786/661
f 969/786/661 999/846/720 970/847/721
f 969/786/661 970/847/721 128/787/662
f 128/787/662 970/847/721 129/848/722
f 128/787/662 129/848/722 12/727/603
f 12/727/603 129/848/722 13/788/663
f 13/788/663 14/849/723 166/789/664
f 166/789/664 14/849/723 165/850/724
f 166/789/664 165/850/724 195/790/665
f 195/790/665 165/850/724 194/851/725
f 195/790/665 194/851/725 224/791/666
f 224/791/666 194/851/725 223/852/726
f 224/791/666 223/852/726 253/792/667
f 253/792/667 223/852/726 252/853/727
f 253/792/667 252/853/727 282/793/668
f 282/793/668 252/853/727 281/854/728
f 282/793/668 281/854/728 311/794/669
f 311/794/669 281/854/728 310/855/729
f 311/794/669 310/855/729 340/795/670
f 340/795/670 310/855/729 339/856/730
f 340/795/670 339/856/730 369/796/671
f 369/796/671 339/856/730 368/857/731
f 369/796/671 368/857/731 398/797/672
f 398/797/672 368/857/731 397/858/732
f 398/797/672 397/858/732 427/798/673
f 427/798/673 397/858/732 426/859/733
f 427/798/673 426/859/733 456/799/674
f 456/799/674 426/859/733 455/860/734
f 456/799/674 455/860/734 485/800/675
f 485/800/675 455/860/734 484/861/735
f 485/800/675 484/861/735 514/801/676
f 514/801/676 484/861/735 513/862/736
f 514/801/676 513/862/736 543/802/677
f 543/802/677 513/862/736 542/863/737
f 543/802/677 542/863/737 572/803/678
f 572/803/678 542/863/737 571/864/738
f 572/803/678 571/864/738 601/804/679
f 601/804/679 571/864/738 600/865/739
f 601/804/679 600/865/739 630/805/680
f 630/805/680 600/865/739 629/866/740
f 630/805/680 629/866/740 659/806/681
f 659/806/681 629/866/740 658/867/741
f 659/806/681 658/867/741 688/807/682
f 688/807/682 658/867/741 687/868/742
f 688/807/682 687/868/742 717/808/683
f 717/808/683 687/868/742 716/869/743
f 717/808/683 716/869/743 746/809/684
f 746/809/684 716/869/743 745/870/744
f 746/809/684 745/870/744 775/810/685
f 775/810/685 745/870/744 774/871/745
f 775/810/685 774/871/745 804/811/686
f 804/811/686 774/871/745 803/872/746
f 804/811/686 803/872/746 833/812/687
f 833/812/687 803/872/746 832/873/747
f 833/812/687 832/873/747 862/813/688
f 862/813/688 832/873/747 861/874/748
f 862/813/688 861/874/748 891/814/689
f 891/814/689 861/874/748 890/875/749
f 891/814/689 890/875/749 920/815/690
f 920/815/690 890/875/749 919/876/750
f 920/815/690 919/876/750 949/816/691
f 949/816/691 919/876/750 948/877/751
f 949/816/691 948/877/751 71/817/692
f 71/817/692 948/877/751 72/878/752
f 71/817/692 72/878/752 50/818/693
f 50/818/693 72/878/752 49/879/753
f 50/819/693 49/880/753 108/820/694
f 108/820/694 49/880/753 107/881/754
f 108/820/694 107/881/754 1724/821/695
f 1724/821/695 107/881/754 1725/882/755
f 1724/821/695 1725/882/755 1695/822/696
f 1695/822/696 1725/882/755 1696/883/756
f 1695/822/696 1696/883/756 1666/823/697
f 1666/823/697 1696/883/756 1667/884/757
f 1666/823/697 1667/884/757 1637/824/698
f 1637/824/698 1667/884/757 1638/885/758
f 1637/824/698 1638/885/758 1608/825/699
f 1608/825/699 1638/885/758 1609/886/759
f 1608/825/699 1609/886/759 1579/826/700
f 1579/826/700 1609/886/759 1580/887/760
f 1579/826/700 1580/887/760 1550/827/701
f 1550/827/701 1580/887/760 1551/888/761
f 1550/827/701 1551/888/761 1521/828/702
f 1521/828/702 1551/888/761 1522/889/762
f 1521/828/702 1522/889/762 1492/829/703
f 1492/829/703 1522/889/762 1493/890/763
f 1492/829/703 1493/890/763 1463/830/704
f 1463/830/704 1493/890/763 1464/891/764
f 1463/830/704 1464/891/764 1434/831/705
f 1434/831/705 1464/891/764 1435/892/765
f 1434/831/705 1435/892/765 1405/832/706
f 1405/832/706 1435/892/765 1406/893/766
f 1405/832/706 1406/893/766 1376/833/707
f 1376/833/707 1406/893/766 1377/894/767
f 1376/833/707 1377/894/767 1347/834/708
f 1347/834/708 1377/894/767 1348/895/768
f 1347/834/708 1348/895/768 1318/835/709
f 1318/835/709 1348/895/768 1319/896/769
f 1318/835/709 1319/896/769 1289/836/710
f 1289/836/710 1319/896/769 1290/897/770
f 1289/836/710 1290/897/770 1260/837/711
f 1260/837/711 1290/897/770 1261/898/771
f 1260/837/711 1261/898/771 1231/838/712
f 1231/838/712 1261/898/771 1232/899/772
f 1231/838/712 1232/899/772 1202/839/713
f 1202/839/713 1232/899/772 1203/900/773
f 1202/839/713 1203/900/773 1173/840/714
f 1173/840/714 1203/900/773 1174/901/774
f 1173/840/714 1174/901/774 1144/841/715
f 1144/841/715 1174/901/774 1145/902/775
f 1144/841/715 1145/902/775 1115/842/716
f 1115/842/716 1145/902/775 1116/903/776
f 1115/842/716 1116/903/776 1086/843/717
f 1086/843/717 1116/903/776 1087/904/777
f 1086/843/717 1087/904/777 1057/844/718
f 1057/844/718 1087/904/777 1058/905/778
f 1057/844/718 1058/905/778 1028/845/719
f 1028/845/719 1058/905/778 1029/906/779
f 1028/845/719 1029/906/779 999/846/720
f 999/846/720 1029/906/779 1000/907/780
f 999/846/720 1000/907/780 970/847/721
f 970/847/721 1000/907/780 971/908/781
f 970/847/721 971/908/781 129/848/722
f 129/848/722 971/908/781 130/909/782
f 129/848/722 130/909/782 13/788/663
f 13/788/663 130/909/782 14/849/723
f 14/849/723 15/910/783 165/850/724
f 165/850/724 15/910/783 164/911/784
f 165/850/724 164/911/784 194/851/725
f 194/851/725 164/911/784 193/912/785
f 194/851/725 193/912/785 223/852/726
f 223/852/726 193/912/785 222/913/786
f 223/852/726 222/913/786 252/853/727
f 252/853/727 222/913/786 251/914/787
f 252/853/727 251/914/787 281/854/728
f 281/854/728 251/914/787 280/915/788
f 281/854/728 280/915/788 310/855/729
f 310/855/729 280/915/788 309/916/789
f 310/855/729 309/916/789 339/856/730
f 339/856/730 309/916/789 338/917/790
f 339/856/730 338/917/790 368/857/731
f 368/857/731 338/917/790 367/918/791
f 368/857/731 367/918/791 397/858/732
f 397/858/732 367/918/791 396/919/792
f 397/858/732 396/919/792 426/859/733
f 426/859/733 396/919/792 425/920/793
f 426/859/733 425/920/793 455/860/734
f 455/860/734 425/920/793 454/921/794
f 455/860/734 454/921/794 484/861/735
f 484/861/735 454/921/794 483/922/795
f 484/861/735 483/922/795 513/862/736
f 513/862/736 483/922/795 512/923/796
f 513/862/736 512/923/796 542/863/737
f 542/863/737 512/923/796 541/924/797
f 542/863/737 541/924/797 571/864/738
f 571/864/738 541/924/797 570/925/798
f 571/864/738 570/925/798 600/865/739
f 600/865/739 570/925/798 599/926/799
f 600/865/739 599/926/799 629/866/740
f 629/866/740 599/926/799 628/927/800
f 629/866/740 628/927/800 658/867/741
f 658/867/741 628/927/800 657/928/801
f 658/867/741 657/928/801 687/868/742
f 687/868/742 657/928/801 686/929/802
f 687/868/742 686/929/802 716/869/743
f 716/869/743 686/929/802 715/930/803
f 716/869/743 715/930/803 745/870/744
f 745/870/744 715/930/803 744/931/804
f 745/870/744 744/931/804 774/871/745
f 774/871/745 744/931/804 773/932/805
f 774/871/745 773/932/805 803/872/746
f 803/872/746 773/932/805 802/933/806
f 803/872/746 802/933/806 832/873/747
f 832/873/747 802/933/806 831/934/807
f 832/873/747 831/934/807 861/874/748
f 861/874/748 831/934/807 860/935/808
f 861/874/748 860/935/808 890/875/749
f 890/875/749 860/935/808 889/936/809
f 890/875/749 889/936/809 919/876/750
f 919/876/750 889/936/809 918/937/810
f 919/876/750 918/937/810 948/877/751
f 948/877/751 918/937/810 947/938/811
f 948/877/751 947/938/811 72/878/752
f 72/878/752 947/938/811 73/939/812
f 72/878/752 73/939/812 49/879/753
f 49/879/753 73/939/812 48/940/813
f 49/880/753 48/941/813 107/881/754
f 107/881/754 48/941/813 106/942/814
f 107/881/754 106/942/814 1725/882/755
f 1725/882/755 106/942/814 1726/943/815
f 1725/882/755 1726/943/815 1696/883/756
f 1696/883/756 1726/943/815 1697/944/816
f 1696/883/756 1697/944/816 1667/884/757
f 1667/884/757 1697/944/816 1668/945/817
f 1667/884/757 1668/945/817 1638/885/758
f 1638/885/758 1668/945/817 1639/946/818
f 1638/885/758 1639/946/818 1609/886/759
f 1609/886/759 1639/946/818 1610/947/819
f 1609/886/759 1610/947/819 1580/887/760
f 1580/887/760 1610/947/819 1581/948/820
f 1580/887/760 1581/948/820 1551/888/761
f 1551/888/761 1581/948/820 1552/949/821
f 1551/888/761 1552/949/821 1522/889/762
f 1522/889/762 1552/949/821 1523/950/822
f 1522/889/762 1523/950/822 1493/890/763
f 1493/890/763 1523/950/822 1494/951/823
f 1493/890/763 1494/951/823 1464/891/764
f 1464/891/764 1494/951/823 1465/952/824
f 1464/891/764 1465/952/824 1435/892/765
f 1435/892/765 1465/952/824 1436/953/825
f 1435/892/765 1436/953/825 1406/893/766
f 1406/893/766 1436/953/825 1407/954/826
f 1406/893/766 1407/954/826 1377/894/767
f 1377/894/767 1407/954/826 1378/955/827
f 1377/894/767 1378/955/827 1348/895/768
f 1348/895/768 1378/955/827 1349/956/828
f 1348/895/768 1349/956/828 1319/896/769
f 1319/896/769 1349/956/828 1320/957/829
f 1319/896/769 1320/957/829 1290/897/770
f 1290/897/770 1320/957/829 1291/958/830
f 1290/897/770 1291/958/830 1261/898/771
f 1261/898/771 1291/958/830 1262/959/831
f 1261/898/771 1262/959/831 1232/899/772
f 1232/899/772 1262/959/831 1233/960/832
f 1232/899/772 1233/960/832 1203/900/773
f 1203/900/773 1233/960/832 1204/961/833
f 1203/900/773 1204/961/833 1174/901/774
f 1174/901/774 1204/961/833 1175/962/834
f 1174/901/774 1175/962/834 1145/902/775
f 1145/902/775 1175/962/834 1146/963/835
f 1145/902/775 1146/963/835 1116/903/776
f 1116/903/776 1146/963/835 1117/964/836
f 1116/903/776 1117/964/836 1087/904/777
f 1087/904/777 1117/964/836 1088/965/837
f 1087/904/777 1088/965/837 1058/905/778
f 1058/905/778 1088/965/837 1059/966/838
f 1058/905/778 1059/966/838 1029/906/779
f 1029/906/779 1059/966/838 1030/967/839
f 1029/906/779 1030/967/839 1000/907/780
f 1000/907/780 1030/967/839 1001/968/840
f 1000/907/780 1001/968/840 971/908/781
f 971/908/781 1001/968/840 972/969/841
f 971/908/781 972/969/841 130/909/782
f 130/909/782 972/969/841 131/970/842
f 130/909/782 131/970/842 14/849/723
f 14/849/723 131/970/842 15/910/783
f 15/910/783 16/971/843 164/911/784
f 164/911/784 16/971/843 163/972/844
f 164/911/784 163/972/844 193/912/785
f 193/912/785 163/972/844 192/973/845
f 193/912/785 192/973/845 222/913/786
f 222/913/786 192/973/845 221/974/846
f 222/913/786 221/974/846 251/914/787
f 251/914/787 221/974/846 250/975/847
f 251/914/787 250/975/847 280/915/788
f 280/915/788 250/975/847 279/976/848
f 280/915/788 279/976/848 309/916/789
f 309/916/789 279/976/848 308/977/849
f 309/916/789 308/977/849 338/917/790
f 338/917/790 308/977/849 337/978/850
f 338/917/790 337/978/850 367/918/791
f 367/918/791 337/978/850 366/979/851
f 367/918/791 366/979/851 396/919/792
f 396/919/792 366/979/851 395/980/852
f 396/919/792 395/980/852 425/920/793
f 425/920/793 395/980/852 424/981/853
f 425/920/793 424/981/853 454/921/794
f 454/921/794 424/981/853 453/982/854
f 454/921/794 453/982/854 483/922/795
f 483/922/795 453/982/854 482/983/855
f 483/922/795 482/983/855 512/923/796
f 512/923/796 482/983/855 511/984/856
f 512/923/796 511/984/856 541/924/797
f 541/924/797 511/984/856 540/985/857
f 541/924/797 540/985/857 570/925/798
f 570/925/798 540/985/857 569/986/858
f 570/925/798 569/986/858 599/926/799
f 599/926/799 569/986/858 598/987/859
f 599/926/799 598/987/859 628/927/800
f 628/927/800 598/987/859 627/988/860
f 628/927/800 627/988/860 657/928/801
f 657/928/801 627/988/860 656/989/861
f 657/928/801 656/989/861 686/929/802
f 686/929/802 656/989/861 685/990/862
f 686/929/802 685/990/862 715/930/803
f 715/930/803 685/990/862 714/991/863
f 715/930/803 714/991/863 744/931/804
f 744/931/804 714/991/863 743/992/864
f 744/931/804 743/992/864 773/932/805
f 773/932/805 743/992/864 772/993/865
f 773/932/805 772/993/865 802/933/806
f 802/933/806 772/993/865 801/994/866
f 802/933/806 801/994/866 831/934/807
f 831/934/807 801/994/866 830/995/867
f 831/934/807 830/995/867 860/935/808
f 860/935/808 830/995/867 859/996/868
f 860/935/808 859/996/868 889/936/809
f 889/936/809 859/996/868 888/997/869
f 889/936/809 888/997/869 918/937/810
f 918/937/810 888/997/869 917/998/870
f 918/937/810 917/998/870 947/938/811
f 947/938/811 917/998/870 946/999/871
f 947/938/811 946/999/871 73/939/812
f 73/939/812 946/999/871 74/1000/872
f 73/939/812 74/1000/872 48/940/813
f 48/940/813 74/1000/872 47/1001/873
f 48/941/813 47/1002/873 106/942/814
f 106/942/814 47/1002/873 105/1003/874
f 106/942/814 105/1003/874 1726/943/815
f 1726/943/815 105/1003/874 1727/1004/875
f 1726/943/815 1727/1004/875 1697/944/816
f 1697/944/816 1727/1004/875 1698/1005/876
f 1697/944/816 1698/1005/876 1668/945/817
f 1668/945/817 1698/1005/876 1669/1006/877
f 1668/945/817 1669/1006/877 1639/946/818
f 1639/946/818 1669/1006/877 1640/1007/878
f 1639/946/818 1640/1007/878 1610/947/819
f 1610/947/819 1640/1007/878 1611/1008/879
f 1610/947/819 1611/1008/879 1581/948/820
f 1581/948/820 1611/1008/879 1582/1009/880
f 1581/948/820 1582/1009/880 1552/949/821
f 1552/949/821 1582/1009/880 1553/1010/881
f 1552/949/821 1553/1010/881 1523/950/822
f 1523/950/822 1553/1010/881 1524/1011/882
f 1523/950/822 1524/1011/882 1494/951/823
f 1494/951/823 1524/1011/882 1495/1012/883
f 1494/951/823 1495/1012/883 1465/952/824
f 1465/952/824 1495/1012/883 1466/1013/884
f 1465/952/824 1466/1013/884 1436/953/825
f 1436/953/825 1466/1013/884 1437/1014/885
f 1436/953/825 1437/1014/885 1407/954/826
f 1407/954/826 1437/1014/885 1408/1015/886
f 1407/954/826 1408/1015/886 1378/955/827
f 1378/955/827 1408/1015/886 1379/1016/887
f 1378/955/827 1379/1016/887 1349/956/828
f 1349/956/828 1379/1016/887 1350/1017/888
f 1349/956/828 1350/1017/888 1320/957/829
f 1320/957/829 1350/1017/888 1321/1018/889
f 1320/957/829 1321/1018/889 1291/958/830
f 1291/958/830 1321/1018/889 1292/1019/890
f 1291/958/830 1292/1019/890 1262/959/831
f 1262/959/831 1292/1019/890 1263/1020/891
f 1262/959/831 1263/1020/891 1233/960/832
f 1233/960/832 1263/1020/891 1234/1021/892
f 1233/960/832 1234/1021/892 1204/961/833
f 1204/961/833 1234/1021/892 1205/1022/893
f 1204/961/833 1205/1022/893 1175/962/834
f 1175/962/834 1205/1022/893 1176/1023/894
f 1175/962/834 1176/1023/894 1146/963/835
f 1146/963/835 1176/1023/894 1147/1024/895
f 1146/963/835 1147/1024/895 1117/964/836
f 1117/964/836 1147/1024/895 1118/1025/896
f 1117/964/836 1118/1025/896 1088/965/837
f 1088/965/837 1118/1025/896 1089/1026/897
f 1088/965/837 1089/1026/897 1059/966/838
f 1059/966/838 1089/1026/897 1060/1027/898
f 1059/966/838 1060/1027/898 1030/967/839
f 1030/967/839 1060/1027/898 1031/1028/899
f 1030/967/839 1031/1028/899 1001/968/840
f 1001/968/840 1031/1028/899 1002/1029/900
f 1001/968/840 1002/1029/900 972/969/841
f 972/969/841 1002/1029/900 973/1030/901
f 972/969/841 973/1030/901 131/970/842
f 131/970/842 973/1030/901 132/1031/902
f 131/970/842 132/1031/902 15/910/783
f 15/910/783 132/1031/902 16/971/843
f 16/971/843 17/1032/903 163/972/844
f 163/972/844 17/1032/903 162/1033/904
f 163/972/844 162/1033/904 192/973/845
f 192/973/845 162/1033/904 191/1034/905
f 192/973/845 191/1034/905 221/974/846
f 221/974/846 191/1034/905 220/1035/906
f 221/974/846 220/1035/906 250/975/847
f 250/975/847 220/1035/906 249/1036/907
f 250/975/847 249/1036/907 279/976/848
f 279/976/848 249/1036/907 278/1037/908
f 279/976/848 278/1037/908 308/977/849
f 308/977/849 278/1037/908 307/1038/909
f 308/977/849 307/1038/909 337/978/850
f 337/978/850 307/1038/909 336/1039/910
f 337/978/850 336/1039/910 366/979/851
f 366/979/851 336/1039/910 365/1040/911
f 366/979/851 365/1040/911 395/980/852
f 395/980/852 365/1040/911 394/1041/912
f 395/980/852 394/1041/912 424/981/853
f 424/981/853 394/1041/912 423/1042/913
f 424/981/853 423/1042/913 453/982/854
f 453/982/854 423/1042/913 452/1043/914
f 453/982/854 452/1043/914 482/983/855
f 482/983/855 452/1043/914 481/1044/915
f 482/983/855 481/1044/915 511/984/856
f 511/984/856 481/1044/915 510/1045/916
f 511/984/856 510/1045/916 540/985/857
f 540/985/857 510/1045/916 539/1046/917
f 540/985/857 539/1046/917 569/986/858
f 569/986/858 539/1046/917 568/1047/918
f 569/986/858 568/1047/918 598/987/859
f 598/987/859 568/1047/918 597/1048/919
f 598/987/859 597/1048/919 627/988/860
f 627/988/860 597/1048/919 626/1049/920
f 627/988/860 626/1049/920 656/989/861
f 656/989/861 626/1049/920 655/1050/921
f 656/989/861 655/1050/921 685/990/862
f 685/990/862 655/1050/921 684/1051/922
f 685/990/862 684/1051/922 714/991/863
f 714/991/863 684/1051/922 713/1052/923
f 714/991/863 713/1052/923 743/992/864
f 743/992/864 713/1052/923 742/1053/924
f 743/992/864 742/1053/924 772/993/865
f 772/993/865 742/1053/924 771/1054/925
f 772/993/865 771/1054/925 801/994/866
f 801/994/866 771/1054/925 800/1055/926
f 801/994/866 800/1055/926 830/995/867
f 830/995/867 800/1055/926 829/1056/927
f 830/995/867 829/1056/927 859/996/868
f 859/996/868 829/1056/927 858/1057/928
f 859/996/868 858/1057/928 888/997/869
f 888/997/869 858/1057/928 887/1058/929
f 888/997/869 887/1058/929 917/998/870
f 917/998/870 887/1058/929 916/1059/930
f 917/998/870 916/1059/930 946/999/871
f 946/999/871 916/1059/930 945/1060/931
f 946/999/871 945/1060/931 74/1000/872
f 74/1000/872 945/1060/931 75/1061/932
f 74/1000/872 75/1061/932 47/1001/873
f 47/1001/873 75/1061/932 46/1062/933
f 47/1002/873 46/1063/933 105/1003/874
f 105/1003/874 46/1063/933 104/1064/934
f 105/1003/874 104/1064/934 1727/1004/875
f 1727/1004/875 104/1064/934 1728/1065/935
f 1727/1004/875 1728/1065/935 1698/1005/876
f 1698/1005/876 1728/1065/935 1699/1066/936
f 1698/1005/876 1699/1066/936 1669/1006/877
f 1669/1006/877 1699/1066/936 1670/1067/937
f 1669/1006/877 1670/1067/937 1640/1007/878
f 1640/1007/878 1670/1067/937 1641/1068/938
f 1640/1007/878 1641/1068/938 1611/1008/879
f 1611/1008/879 1641/1068/938 1612/1069/939
f 1611/1008/879 1612/1069/939 1582/1009/880
f 1582/1009/880 1612/1069/939 1583/1070/940
f 1582/1009/880 1583/1070/940 1553/1010/881
f 1553/1010/881 1583/1070/940 1554/1071/941
f 1553/1010/881 1554/1071/941 1524/1011/882
f 1524/1011/882 1554/1071/941 1525/1072/942
f 1524/1011/882 1525/1072/942 1495/1012/883
f 1495/1012/883 1525/1072/942 1496/1073/943
f 1495/1012/883 1496/1073/943 1466/1013/884
f 1466/1013/884 1496/1073/943 1467/1074/944
f 1466/1013/884 1467/1074/944 1437/1014/885
f 1437/1014/885 1467/1074/944 1438/1075/945
f 1437/1014/885 1438/1075/945 1408/1015/886
f 1408/1015/886 1438/1075/945 1409/1076/946
f 1408/1015/886 1409/1076/946 1379/1016/887
f 1379/1016/887 1409/1076/946 1380/1077/947
f 1379/1016/887 1380/1077/947 1350/1017/888
f 1350/1017/888 1380/1077/947 1351/1078/948
f 1350/1017/888 1351/1078/948 1321/1018/889
f 1321/1018/889 1351/1078/948 1322/1079/949
f 1321/1018/889 1322/1079/949 1292/1019/890
f 1292/1019/890 1322/1079/949 1293/1080/950
f 1292/1019/890 1293/1080/950 1263/1020/891
f 1263/1020/891 1293/1080/950 1264/1081/951
f 1263/1020/891 1264/1081/951 1234/1021/892
f 1234/1021/892 1264/1081/951 1235/1082/952
f 1234/1021/892 1235/1082/952 1205/1022/893
f 1205/1022/893 1235/1082/952 1206/1083/953
f 1205/1022/893 1206/1083/953 1176/1023/894
f 1176/1023/894 1206/1083/953 1177/1084/954
f 1176/1023/894 1177/1084/954 1147/1024/895
f 1147/1024/895 1177/1084/954 1148/1085/955
f 1147/1024/895 1148/1085/955 1118/1025/896
f 1118/1025/896 1148/1085/955 1119/1086/956
f 1118/1025/896 1119/1086/956 1089/1026/897
f 1089/1026/897 1119/1086/956 1090/1087/957
f 1089/1026/897 1090/1087/957 1060/1027/898
f 1060/1027/898 1090/1087/957 1061/1088/958
f 1060/1027/898 1061/1088/958 1031/1028/899
f 1031/1028/899 1061/1088/958 1032/1089/959
f 1031/1028/899 1032/1089/959 1002/1029/900
f 1002/1029/900 1032/1089/959 1003/1090/960
f 1002/1029/900 1003/1090/960 973/1030/901
f 973/1030/901 1003/1090/960 974/1091/961
f 973/1030/901 974/1091/961 132/1031/902
f 132/1031/902 974/1091/961 133/1092/962
f 132/1031/902 133/1092/962 16/971/843
f 16/971/843 133/1092/962 17/1032/903
f 17/1032/903 18/1093/963 162/1033/904
f 162/1033/904 18/1093/963 161/1094/964
f 162/1033/904 161/1094/964 191/1034/905
f 191/1034/905 161/1094/964 190/1095/965
f 191/1034/905 190/1095/965 220/1035/906
f 220/1035/906 190/1095/965 219/1096/966
f 220/1035/906 219/1096/966 249/1036/907
f 249/1036/907 219/1096/966 248/1097/967
f 249/1036/907 248/1097/967 278/1037/908
f 278/1037/908 248/1097/967 277/1098/968
f 278/1037/908 277/1098/968 307/1038/909
f 307/1038/909 277/1098/968 306/1099/969
f 307/1038/909 306/1099/969 336/1039/910
f 336/1039/910 306/1099/969 335/1100/970
f 336/1039/910 335/1100/970 365/1040/911
f 365/1040/911 335/1100/970 364/1101/971
f 365/1040/911 364/1101/971 394/1041/912
f 394/1041/912 364/1101/971 393/1102/972
f 394/1041/912 393/1102/972 423/1042/913
f 423/1042/913 393/1102/972 422/1103/973
f 423/1042/913 422/1103/973 452/1043/914
f 452/1043/914 422/1103/973 451/1104/974
f 452/1043/914 451/1104/974 481/1044/915
f 481/1044/915 451/1104/974 480/1105/975
f 481/1044/915 480/1105/975 510/1045/916
f 510/1045/916 480/1105/975 509/1106/976
f 510/1045/916 509/1106/976 539/1046/917
f 539/1046/917 509/1106/976 538/1107/977
f 539/1046/917 538/1107/977 568/1047/918
f 568/1047/918 538/1107/977 567/1108/978
f 568/1047/918 567/1108/978 597/1048/919
f 597/1048/919 567/1108/978 596/1109/979
f 597/1048/919 596/1109/979 626/1049/920
f 626/1049/920 596/1109/979 625/1110/980
f 626/1049/920 625/1110/980 655/1050/921
f 655/1050/921 625/1110/980 654/1111/981
f 655/1050/921 654/1111/981 684/1051/922
f 684/1051/922 654/1111/981 683/1112/982
f 684/1051/922 683/1112/982 713/1052/923
f 713/1052/923 683/1112/982 712/1113/983
f 713/1052/923 712/1113/983 742/1053/924
f 742/1053/924 712/1113/983 741/1114/984
f 742/1053/924 741/1114/984 771/1054/925
f 771/1054/925 741/1114/984 770/1115/985
f 771/1054/925 770/1115/985 800/1055/926
f 800/1055/926 770/1115/985 799/1116/986
f 800/1055/926 799/1116/986 829/1056/927
f 829/1056/927 799/1116/986 828/1117/987
f 829/1056/927 828/1117/987 858/1057/928
f 858/1057/928 828/1117/987 857/1118/988
f 858/1057/928 857/1118/988 887/1058/929
f 887/1058/929 857/1118/988 886/1119/989
f 887/1058/929 886/1119/989 916/1059/930
f 916/1059/930 886/1119/989 915/1120/990
f 916/1059/930 915/1120/990 945/1060/931
f 945/1060/931 915/1120/990 944/1121/991
f 945/1060/931 944/1121/991 75/1061/932
f 75/1061/932 944/1121/991 76/1122/992
f 75/1061/932 76/1122/992 46/1062/933
f 46/1062/933 76/1122/992 45/1123/993
f 46/1063/933 45/1124/993 104/1064/934
f 104/1064/934 45/1124/993 103/1125/994
f 104/1064/934 103/1125/994 1728/1065/935
f 1728/1065/935 103/1125/994 1729/1126/995
f 1728/1065/935 1729/1126/995 1699/1066/936
f 1699/1066/936 1729/1126/995 1700/1127/996
f 1699/1066/936 1700/1127/996 1670/1067/937
f 1670/1067/937 1700/1127/996 1671/1128/997
f 1670/1067/937 1671/1128/997 1641/1068/938
f 1641/1068/938 1671/1128/997 1642/1129/998
f 1641/1068/938 1642/1129/998 1612/1069/939
f 1612/1069/939 1642/1129/998 1613/1130/999
f 1612/1069/939 1613/1130/999 1583/1070/940
f 1583/1070/940 1613/1130/999 1584/1131/1000
f 1583/1070/940 1584/1131/1000 1554/1071/941
f 1554/1071/941 1584/1131/1000 1555/1132/1001
f 1554/1071/941 1555/1132/1001 1525/1072/942
f 1525/1072/942 1555/1132/1001 1526/1133/1002
f 1525/1072/942 1526/1133/1002 1496/1073/943
f 1496/1073/943 1526/1133/1002 1497/1134/1003
f 1496/1073/943 1497/1134/1003 1467/1074/944
f 1467/1074/944 1497/1134/1003 1468/1135/1004
f 1467/1074/944 1468/1135/1004 1438/1075/945
f 1438/1075/945 1468/1135/1004 1439/1136/1005
f 1438/1075/945 1439/1136/1005 1409/1076/946
f 1409/1076/946 1439/1136/1005 1410/1137/1006
f 1409/1076/946 1410/1137/1006 1380/1077/947
f 1380/1077/947 1410/1137/1006 1381/1138/1007
f 1380/1077/947 1381/1138/1007 1351/1078/948
f 1351/1078/948 1381/1138/1007 1352/1139/1008
f 1351/1078/948 1352/1139/1008 1322/1079/949
f 1322/1079/949 1352/1139/1008 1323/1140/1009
f 1322/1079/949 1323/1140/1009 1293/1080/950
f 1293/1080/950 1323/1140/1009 1294/1141/1010
f 1293/1080/950 1294/1141/1010 1264/1081/951
f 1264/1081/951 1294/1141/1010 1265/1142/1011
f 1264/1081/951 1265/1142/1011 1235/1082/952
f 1235/1082/952 1265/1142/1011 1236/1143/1012
f 1235/1082/952 1236/1143/1012 1206/1083/953
f 1206/1083/953 1236/1143/1012 1207/1144/1013
f 1206/1083/953 1207/1144/1013 1177/1084/954
f 1177/1084/954 1207/1144/1013 1178/1145/1014
f 1177/1084/954 1178/1145/1014 1148/1085/955
f 1148/1085/955 1178/1145/1014 1149/1146/1015
f 1148/1085/955 1149/1146/1015 1119/1086/956
f 1119/1086/956 1149/1146/1015 1120/1147/1016
f 1119/1086/956 1120/1147/1016 1090/1087/957
f 1090/1087/957 1120/1147/1016 1091/1148/1017
f 1090/1087/957 1091/1148/1017 1061/1088/958
f 1061/1088/958 1091/1148/1017 1062/1149/1018
f 1061/1088/958 1062/1149/1018 1032/1089/959
f 1032/1089/959 1062/1149/1018 1033/1150/1019
f 1032/1089/959 1033/1150/1019 1003/1090/960
f 1003/1090/960 1033/1150/1019 1004/1151/1020
f 1003/1090/960 1004/1151/1020 974/1091/961
f 974/1091/961 1004/1151/1020 975/1152/1021
f 974/1091/961 975/1152/1021 133/1092/962
f 133/1092/962 975/1152/1021 134/1153/1022
f 133/1092/962 134/1153/1022 17/1032/903
f 17/1032/903 134/1153/1022 18/1093/963
f 18/1093/963 19/1154/1023 161/1094/964
f 161/1094/964 19/1154/1023 160/1155/1024
f 161/1094/964 160/1155/1024 190/1095/965
f 190/1095/965 160/1155/1024 189/1156/1025
f 190/1095/965 189/1156/1025 219/1096/966
f 219/1096/966 189/1156/1025 218/1157/1026
f 219/1096/966 218/1157/1026 248/1097/967
f 248/1097/967 218/1157/1026 247/1158/1027
f 248/1097/967 247/1158/1027 277/1098/968
f 277/1098/968 247/1158/1027 276/1159/1028
f 277/1098/968 276/1159/1028 306/1099/969
f 306/1099/969 276/1159/1028 305/1160/1029
f 306/1099/969 305/1160/1029 335/1100/970
f 335/1100/970 305/1160/1029 334/1161/1030
f 335/1100/970 334/1161/1030 364/1101/971
f 364/1101/971 334/1161/1030 363/1162/1031
f 364/1101/971 363/1162/1031 393/1102/972
f 393/1102/972 363/1162/1031 392/1163/1032
f 393/1102/972 392/1163/1032 422/1103/973
f 422/1103/973 392/1163/1032 421/1164/1033
f 422/1103/973 421/1164/1033 451/1104/974
f 451/1104/974 421/1164/1033 450/1165/1034
f 451/1104/974 450/1165/1034 480/1105/975
f 480/1105/975 450/1165/1034 479/1166/1035
f 480/1105/975 479/1166/1035 509/1106/976
f 509/1106/976 479/1166/1035 508/1167/1036
f 509/1106/976 508/1167/1036 538/1107/977
f 538/1107/977 508/1167/1036 537/1168/1037
f 538/1107/977 537/1168/1037 567/1108/978
f 567/1108/978 537/1168/1037 566/1169/1038
f 567/1108/978 566/1169/1038 596/1109/979
f 596/1109/979 566/1169/1038 595/1170/1039
f 596/1109/979 595/1170/1039 625/1110/980
f 625/1110/980 595/1170/1039 624/1171/1040
f 625/1110/980 624/1171/1040 654/1111/981
f 654/1111/981 624/1171/1040 653/1172/1041
f 654/1111/981 653/1172/1041 683/1112/982
f 683/1112/982 653/1172/1041 682/1173/1042
f 683/1112/982 682/1173/1042 712/1113/983
f 712/1113/983 682/1173/1042 711/1174/1043
f 712/1113/983 711/1174/1043 741/1114/984
f 741/1114/984 711/1174/1043 740/1175/1044
f 741/1114/984 740/1175/1044 770/1115/985
f 770/1115/985 740/1175/1044 769/1176/1045
f 770/1115/985 769/1176/1045 799/1116/986
f 799/1116/986 769/1176/1045 798/1177/1046
f 799/1116/986 798/1177/1046 828/1117/987
f 828/1117/987 798/1177/1046 827/1178/1047
f 828/1117/987 827/1178/1047 857/1118/988
f 857/1118/988 827/1178/1047 856/1179/1048
f 857/1118/988 856/1179/1048 886/1119/989
f 886/1119/989 856/1179/1048 885/1180/1049
f 886/1119/989 885/1180/1049 915/1120/990
f 915/1120/990 885/1180/1049 914/1181/1050
f 915/1120/990 914/1181/1050 944/1121/991
f 944/1121/991 914/1181/1050 943/1182/1051
f 944/1121/991 943/1182/1051 76/1122/992
f 76/1122/992 943/1182/1051 77/1183/1052
f 76/1122/992 77/1183/1052 45/1123/993
f 45/1123/993 77/1183/1052 44/1184/1053
f 45/1124/993 44/1185/1053 103/1125/994
f 103/1125/994 44/1185/1053 102/1186/1054
f 103/1125/994 102/1186/1054 1729/1126/995
f 1729/1126/995 102/1186/1054 1730/1187/1055
f 1729/1126/995 1730/1187/1055 1700/1127/996
f 1700/1127/996 1730/1187/1055 1701/1188/1056
f 1700/1127/996 1701/1188/1056 1671/1128/997
f 1671/1128/997 1701/1188/1056 1672/1189/1057
f 1671/1128/997 1672/1189/1057 1642/1129/998
f 1642/1129/998 1672/1189/1057 1643/1190/1058
f 1642/1129/998 1643/1190/1058 1613/1130/999
f 1613/1130/999 1643/1190/1058 1614/1191/1059
f 1613/1130/999 1614/1191/1059 1584/1131/1000
f 1584/1131/1000 1614/1191/1059 1585/1192/1060
f 1584/1131/1000 1585/1192/1060 1555/1132/1001
f 1555/1132/1001 1585/1192/1060 1556/1193/1061
f 1555/1132/1001 1556/1193/1061 1526/1133/1002
f 1526/1133/1002 1556/1193/1061 1527/1194/1062
f 1526/1133/1002 1527/1194/1062 1497/1134/1003
f 1497/1134/1003 1527/1194/1062 1498/1195/1063
f 1497/1134/1003 1498/1195/1063 1468/1135/1004
f 1468/1135/1004 1498/1195/1063 1469/1196/1064
f 1468/1135/1004 1469/1196/1064 1439/1136/1005
f 1439/1136/1005 1469/1196/1064 1440/1197/1065
f 1439/1136/1005 1440/1197/1065 1410/1137/1006
f 1410/1137/1006 1440/1197/1065 1411/1198/1066
f 1410/1137/1006 1411/1198/1066 1381/1138/1007
f 1381/1138/1007 1411/1198/1066 1382/1199/1067
f 1381/1138/1007 1382/1199/1067 1352/1139/1008
f 1352/1139/1008 1382/1199/1067 1353/1200/1068
f 1352/1139/1008 1353/1200/1068 1323/1140/1009
f 1323/1140/1009 1353/1200/1068 1324/1201/1069
f 1323/1140/1009 1324/1201/1069 1294/1141/1010
f 1294/1141/1010 1324/1201/1069 1295/1202/1070
f 1294/1141/1010 1295/1202/1070 1265/1142/1011
f 1265/1142/1011 1295/1202/1070 1266/1203/1071
f 1265/1142/1011 1266/1203/1071 1236/1143/1012
f 1236/1143/1012 1266/1203/1071 1237/1204/1072
f 1236/1143/1012 1237/1204/1072 1207/1144/1013
f 1207/1144/1013 1237/1204/1072 1208/1205/1073
f 1207/1144/1013 1208/1205/1073 1178/1145/1014
f 1178/1145/1014 1208/1205/1073 1179/1206/1074
f 1178/1145/1014 1179/1206/1074 1149/1146/1015
f 1149/1146/1015 1179/1206/1074 1150/1207/1075
f 1149/1146/1015 1150/1207/1075 1120/1147/1016
f 1120/1147/1016 1150/1207/1075 1121/1208/1076
f 1120/1147/1016 1121/1208/1076 1091/1148/1017
f 1091/1148/1017 1121/1208/1076 1092/1209/1077
f 1091/1148/1017 1092/1209/1077 1062/1149/1018
f 1062/1149/1018 1092/1209/1077 1063/1210/1078
f 1062/1149/1018 1063/1210/1078 1033/1150/1019
f 1033/1150/1019 1063/1210/1078 1034/1211/1079
f 1033/1150/1019 1034/1211/1079 1004/1151/1020
f 1004/1151/1020 1034/1211/1079 1005/1212/1080
f 1004/1151/1020 1005/1212/1080 975/1152/1021
f 975/1152/1021 1005/1212/1080 976/1213/1081
f 975/1152/1021 976/1213/1081 134/1153/1022
f 134/1153/1022 976/1213/1081 135/1214/1082
f 134/1153/1022 135/1214/1082 18/1093/963
f 18/1093/963 135/1214/1082 19/1154/1023
f 19/1154/1023 20/1215/1083 160/1155/1024
f 160/1155/1024 20/1215/1083 159/1216/1084
f 160/1155/1024 159/1216/1084 189/1156/1025
f 189/1156/1025 159/1216/1084 188/1217/1085
f 189/1156/1025 188/1217/1085 218/1157/1026
f 218/1157/1026 188/1217/1085 217/1218/1086
f 218/1157/1026 217/1218/1086 247/1158/1027
f 247/1158/1027 217/1218/1086 246/1219/1087
f 247/1158/1027 246/1219/1087 276/1159/1028
f 276/1159/1028 246/1219/1087 275/1220/1088
f 276/1159/1028 275/1220/1088 305/1160/1029
f 305/1160/1029 275/1220/1088 304/1221/1089
f 305/1160/1029 304/1221/1089 334/1161/1030
f 334/1161/1030 304/1221/1089 333/1222/1090
f 334/1161/1030 333/1222/1090 363/1162/1031
f 363/1162/1031 333/1222/1090 362/1223/1091
f 363/1162/1031 362/1223/1091 392/1163/1032
f 392/1163/1032 362/1223/1091 391/1224/1092
f 392/1163/1032 391/1224/1092 421/1164/1033
f 421/1164/1033 391/1224/1092 420/1225/1093
f 421/1164/1033 420/1225/1093 450/1165/1034
f 450/1165/1034 420/1225/1093 449/1226/1094
f 450/1165/1034 449/1226/1094 479/1166/1035
f 479/1166/1035 449/1226/1094 478/1227/1095
f 479/1166/1035 478/1227/1095 508/1167/1036
f 508/1167/1036 478/1227/1095 507/1228/1096
f 508/1167/1036 507/1228/1096 537/1168/1037
f 537/1168/1037 507/1228/1096 536/1229/1097
f 537/1168/1037 536/1229/1097 566/1169/1038
f 566/1169/1038 536/1229/1097 565/1230/1098
f 566/1169/1038 565/1230/1098 595/1170/1039
f 595/1170/1039 565/1230/1098 594/1231/1099
f 595/1170/1039 594/1231/1099 624/1171/1040
f 624/1171/1040 594/1231/1099 623/1232/1100
f 624/1171/1040 623/1232/1100 653/1172/1041
f 653/1172/1041 623/1232/1100 652/1233/1101
f 653/1172/1041 652/1233/1101 682/1173/1042
f 682/1173/1042 652/1233/1101 681/1234/1102
f 682/1173/1042 681/1234/1102 711/1174/1043
f 711/1174/1043 681/1234/1102 710/1235/1103
f 711/1174/1043 710/1235/1103 740/1175/1044
f 740/1175/1044 710/1235/1103 739/1236/1104
f 740/1175/1044 739/1236/1104 769/1176/1045
f 769/1176/1045 739/1236/1104 768/1237/1105
f 769/1176/1045 768/1237/1105 798/1177/1046
f 798/1177/1046 768/1237/1105 797/1238/1106
f 798/1177/1046 797/1238/1106 827/1178/1047
f 827/1178/1047 797/1238/1106 826/1239/1107
f 827/1178/1047 826/1239/1107 856/1179/1048
f 856/1179/1048 826/1239/1107 855/1240/1108
f 856/1179/1048 855/1240/1108 885/1180/1049
f 885/1180/1049 855/1240/1108 884/1241/1109
f 885/1180/1049 884/1241/1109 914/1181/1050
f 914/1181/1050 884/1241/1109 913/1242/1110
f 914/1181/1050 913/1242/1110 943/1182/1051
f 943/1182/1051 913/1242/1110 942/1243/1111
f 943/1182/1051 942/1243/1111 77/1183/1052
f 77/1183/1052 942/1243/1111 78/1244/1112
f 77/1183/1052 78/1244/1112 44/1184/1053
f 44/1184/1053 78/1244/1112 43/1245/1113
f 44/1185/1053 43/1246/1113 102/1186/1054
f 102/1186/1054 43/1246/1113 101/1247/1114
f 102/1186/1054 101/1247/1114 1730/1187/1055
f 1730/1187/1055 101/1247/1114 1731/1248/1115
f 1730/1187/1055 1731/1248/1115 1701/1188/1056
f 1701/1188/1056 1731/1248/1115 1702/1249/1116
f 1701/1188/1056 1702/1249/1116 1672/1189/1057
f 1672/1189/1057 1702/1249/1116 1673/1250/1117
f 1672/1189/1057 1673/1250/1117 1643/1190/1058
f 1643/1190/1058 1673/1250/1117 1644/1251/1118
f 1643/1190/1058 1644/1251/1118 1614/1191/1059
f 1614/1191/1059 1644/1251/1118 1615/1252/1119
f 1614/1191/1059 1615/1252/1119 1585/1192/1060
f 1585/1192/1060 1615/1252/1119 1586/1253/1120
f 1585/1192/1060 1586/1253/1120 1556/1193/1061
f 1556/1193/1061 1586/1253/1120 1557/1254/1121
f 1556/1193/1061 1557/1254/1121 1527/1194/1062
f 1527/1194/1062 1557/1254/1121 1528/1255/1122
f 1527/1194/1062 1528/1255/1122 1498/1195/1063
f 1498/1195/1063 1528/1255/1122 1499/1256/1123
f 1498/1195/1063 1499/1256/1123 1469/1196/1064
f 1469/1196/1064 1499/1256/1123 1470/1257/1124
f 1469/1196/1064 1470/1257/1124 1440/1197/1065
f 1440/1197/1065 1470/1257/1124 1441/1258/1125
f 1440/1197/1065 1441/1258/1125 1411/1198/1066
f 1411/1198/1066 1441/1258/1125 1412/1259/1126
f 1411/1198/1066 1412/1259/1126 1382/1199/1067
f 1382/1199/1067 1412/1259/1126 1383/1260/1127
f 1382/1199/1067 1383/1260/1127 1353/1200/1068
f 1353/1200/1068 1383/1260/1127 1354/1261/1128
f 1353/1200/1068 1354/1261/1128 1324/1201/1069
f 1324/1201/1069 1354/1261/1128 1325/1262/1129
f 1324/1201/1069 1325/1262/1129 1295/1202/1070
f 1295/1202/1070 1325/1262/1129 1296/1263/1130
f 1295/1202/1070 1296/1263/1130 1266/1203/1071
f 1266/1203/1071 1296/1263/1130 1267/1264/1131
f 1266/1203/1071 1267/1264/1131 1237/1204/1072
f 1237/1204/1072 1267/1264/1131 1238/1265/1132
f 1237/1204/1072 1238/1265/1132 1208/1205/1073
f 1208/1205/1073 1238/1265/1132 1209/1266/1133
f 1208/1205/1073 1209/1266/1133 1179/1206/1074
f 1179/1206/1074 1209/1266/1133 1180/1267/1134
f 1179/1206/1074 1180/1267/1134 1150/1207/1075
f 1150/1207/1075 1180/1267/1134 1151/1268/1135
f 1150/1207/1075 1151/1268/1135 1121/1208/1076
f 1121/1208/1076 1151/1268/1135 1122/1269/1136
f 1121/1208/1076 1122/1269/1136 1092/1209/1077
f 1092/1209/1077 1122/1269/1136 1093/1270/1137
f 1092/1209/1077 1093/1270/1137 1063/1210/1078
f 1063/1210/1078 1093/1270/1137 1064/1271/1138
f 1063/1210/1078 1064/1271/1138 1034/1211/1079
f 1034/1211/1079 1064/1271/1138 1035/1272/1139
f 1034/1211/1079 1035/1272/1139 1005/1212/1080
f 1005/1212/1080 1035/1272/1139 1006/1273/1140
f 1005/1212/1080 1006/1273/1140 976/1213/1081
f 976/1213/1081 1006/1273/1140 977/1274/1141
f 976/1213/1081 977/1274/1141 135/1214/1082
f 135/1214/1082 977/1274/1141 136/1275/1142
f 135/1214/1082 136/1275/1142 19/1154/1023
f 19/1154/1023 136/1275/1142 20/1215/1083
f 20/1215/1083 21/1276/1143 159/1216/1084
f 159/1216/1084 21/1276/1143 158/1277/1144
f 159/1216/1084 158/1277/1144 188/1217/1085
f 188/1217/1085 158/1277/1144 187/1278/1145
f 188/1217/1085 187/1278/1145 217/1218/1086
f 217/1218/1086 187/1278/1145 216/1279/1146
f 217/1218/1086 216/1279/1146 246/1219/1087
f 246/1219/1087 216/1279/1146 245/1280/1147
f 246/1219/1087 245/1280/1147 275/1220/1088
f 275/1220/1088 245/1280/1147 274/1281/1148
f 275/1220/1088 274/1281/1148 304/1221/1089
f 304/1221/1089 274/1281/1148 303/1282/1149
f 304/1221/1089 303/1282/1149 333/1222/1090
f 333/1222/1090 303/1282/1149 332/1283/1150
f 333/1222/1090 332/1283/1150 362/1223/1091
f 362/1223/1091 332/1283/1150 361/1284/1151
f 362/1223/1091 361/1284/1151 391/1224/1092
f 391/1224/1092 361/1284/1151 390/1285/1152
f 391/1224/1092 390/1285/1152 420/1225/1093
f 420/1225/1093 390/1285/1152 419/1286/1153
f 420/1225/1093 419/1286/1153 449/1226/1094
f 449/1226/1094 419/1286/1153 448/1287/1154
f 449/1226/1094 448/1287/1154 478/1227/1095
f 478/1227/1095 448/1287/1154 477/1288/1155
f 478/1227/1095 477/1288/1155 507/1228/1096
f 507/1228/1096 477/1288/1155 506/1289/1156
f 507/1228/1096 506/1289/1156 536/1229/1097
f 536/1229/1097 506/1289/1156 535/1290/1157
f 536/1229/1097 535/1290/1157 565/1230/1098
f 565/1230/1098 535/1290/1157 564/1291/1158
f 565/1230/1098 564/1291/1158 594/1231/1099
f 594/1231/1099 564/1291/1158 593/1292/1159
f 594/1231/1099 593/1292/1159 623/1232/1100
f 623/1232/1100 593/1292/1159 622/1293/1160
f 623/1232/1100 622/1293/1160 652/1233/1101
f 652/1233/1101 622/1293/1160 651/1294/1161
f 652/1233/1101 651/1294/1161 681/1234/1102
f 681/1234/1102 651/1294/1161 680/1295/1162
f 681/1234/1102 680/1295/1162 710/1235/1103
f 710/1235/1103 680/1295/1162 709/1296/1163
f 710/1235/1103 709/1296/1163 739/1236/1104
f 739/1236/1104 709/1296/1163 738/1297/1164
f 739/1236/1104 738/1297/1164 768/1237/1105
f 768/1237/1105 738/1297/1164 767/1298/1165
f 768/1237/1105 767/1298/1165 797/1238/1106
f 797/1238/1106 767/1298/1165 796/1299/1166
f 797/1238/1106 796/1299/1166 826/1239/1107
f 826/1239/1107 796/1299/1166 825/1300/1167
f 826/1239/1107 825/1300/1167 855/1240/1108
f 855/1240/1108 825/1300/1167 854/1301/1168
f 855/1240/1108 854/1301/1168 884/1241/1109
f 884/1241/1109 854/1301/1168 883/1302/1169
f 884/1241/1109 883/1302/1169 913/1242/1110
f 913/1242/1110 883/1302/1169 912/1303/1170
f 913/1242/1110 912/1303/1170 942/1243/1111
f 942/1243/1111 912/1303/1170 941/1304/1171
f 942/1243/1111 941/1304/1171 78/1244/1112
f 78/1244/1112 941/1304/1171 79/1305/1172
f 78/1244/1112 79/1305/1172 43/1245/1113
f 43/1245/1113 79/1305/1172 42/1306/1173
f 43/1246/1113 42/1307/1173 101/1247/1114
f 101/1247/1114 42/1307/1173 100/1308/1174
f 101/1247/1114 100/1308/1174 1731/1248/1115
f 1731/1248/1115 100/1308/1174 1732/1309/1175
f 1731/1248/1115 1732/1309/1175 1702/1249/1116
f 1702/1249/1116 1732/1309/1175 1703/1310/1176
f 1702/1249/1116 1703/1310/1176 1673/1250/1117
f 1673/1250/1117 1703/1310/1176 1674/1311/1177
f 1673/1250/1117 1674/1311/1177 1644/1251/1118
f 1644/1251/1118 1674/1311/1177 1645/1312/1178
f 1644/1251/1118 1645/1312/1178 1615/1252/1119
f 1615/1252/1119 1645/1312/1178 1616/1313/1179
f 1615/1252/1119 1616/1313/1179 1586/1253/1120
f 1586/1253/1120 1616/1313/1179 1587/1314/1180
f 1586/1253/1120 1587/1314/1180 1557/1254/1121
f 1557/1254/1121 1587/1314/1180 1558/1315/1181
f 1557/1254/1121 1558/1315/1181 1528/1255/1122
f 1528/1255/1122 1558/1315/1181 1529/1316/1182
f 1528/1255/1122 1529/1316/1182 1499/1256/1123
f 1499/1256/1123 1529/1316/1182 1500/1317/1183
f 1499/1256/1123 1500/1317/1183 1470/1257/1124
f 1470/1257/1124 1500/1317/1183 1471/1318/1184
f 1470/1257/1124 1471/1318/1184 1441/1258/1125
f 1441/1258/1125 1471/1318/1184 1442/1319/1185
f 1441/1258/1125 1442/1319/1185 1412/1259/1126
f 1412/1259/1126 1442/1319/1185 1413/1320/1186
f 1412/1259/1126 1413/1320/1186 1383/1260/1127
f 1383/1260/1127 1413/1320/1186 1384/1321/1187
f 1383/1260/1127 1384/1321/1187 1354/1261/1128
f 1354/1261/1128 1384/1321/1187 1355/1322/1188
f 1354/1261/1128 1355/1322/1188 1325/1262/1129
f 1325/1262/1129 1355/1322/1188 1326/1323/1189
f 1325/1262/1129 1326/1323/1189 1296/1263/1130
f 1296/1263/1130 1326/1323/1189 1297/1324/1190
f 1296/1263/1130 1297/1324/1190 1267/1264/1131
f 1267/1264/1131 1297/1324/1190 1268/1325/1191
f 1267/1264/1131 1268/1325/1191 1238/1265/1132
f 1238/1265/1132 1268/1325/1191 1239/1326/1192
f 1238/1265/1132 1239/1326/1192 1209/1266/1133
f 1209/1266/1133 1239/1326/1192 1210/1327/1193
f 1209/1266/1133 1210/1327/1193 1180/1267/1134
f 1180/1267/1134 1210/1327/1193 1181/1328/1194
f 1180/1267/1134 1181/1328/1194 1151/1268/1135
f 1151/1268/1135 1181/1328/1194 1152/1329/1195
f 1151/1268/1135 1152/1329/1195 1122/1269/1136
f 1122/1269/1136 1152/1329/1195 1123/1330/1196
f 1122/1269/1136 1123/1330/1196 1093/1270/1137
f 1093/1270/1137 1123/1330/1196 1094/1331/1197
f 1093/1270/1137 1094/1331/1197 1064/1271/1138
f 1064/1271/1138 1094/1331/1197 1065/1332/1198
f 1064/1271/1138 1065/1332/1198 1035/1272/1139
f 1035/1272/1139 1065/1332/1198 1036/1333/1199
f 1035/1272/1139 1036/1333/1199 1006/1273/1140
f 1006/1273/1140 1036/1333/1199 1007/1334/1200
f 1006/1273/1140 1007/1334/1200 977/1274/1141
f 977/1274/1141 1007/1334/1200 978/1335/1201
f 977/1274/1141 978/1335/1201 136/1275/1142
f 136/1275/1142 978/1335/1201 137/1336/1202
f 136/1275/1142 137/1336/1202 20/1215/1083
f 20/1215/1083 137/1336/1202 21/1276/1143
f 21/1276/1143 22/1337/1203 158/1277/1144
f 158/1277/1144 22/1337/1203 157/1338/1204
f 158/1277/1144 157/1338/1204 187/1278/1145
f 187/1278/1145 157/1338/1204 186/1339/1205
f 187/1278/1145 186/1339/1205 216/1279/1146
f 216/1279/1146 186/1339/1205 215/1340/1206
f 216/1279/1146 215/1340/1206 245/1280/1147
f 245/1280/1147 215/1340/1206 244/1341/1207
f 245/1280/1147 244/1341/1207 274/1281/1148
f 274/1281/1148 244/1341/1207 273/1342/1208
f 274/1281/1148 273/1342/1208 303/1282/1149
f 303/1282/1149 273/1342/1208 302/1343/1209
f 303/1282/1149 302/1343/1209 332/1283/1150
f 332/1283/1150 302/1343/1209 331/1344/1210
f 332/1283/1150 331/1344/1210 361/1284/1151
f 361/1284/1151 331/1344/1210 360/1345/1211
f 361/1284/1151 360/1345/1211 390/1285/1152
f 390/1285/1152 360/1345/1211 389/1346/1212
f 390/1285/1152 389/1346/1212 419/1286/1153
f 419/1286/1153 389/1346/1212 418/1347/1213
f 419/1286/1153 418/1347/1213 448/1287/1154
f 448/1287/1154 418/1347/1213 447/1348/1214
f 448/1287/1154 447/1348/1214 477/1288/1155
f 477/1288/1155 447/1348/1214 476/1349/1215
f 477/1288/1155 476/1349/1215 506/1289/1156
f 506/1289/1156 476/1349/1215 505/1350/1216
f 506/1289/1156 505/1350/1216 535/1290/1157
f 535/1290/1157 505/1350/1216 534/1351/1217
f 535/1290/1157 534/1351/1217 564/1291/1158
f 564/1291/1158 534/1351/1217 563/1352/1218
f 564/1291/1158 563/1352/1218 593/1292/1159
f 593/1292/1159 563/1352/1218 592/1353/1219
f 593/1292/1159 592/1353/1219 622/1293/1160
f 622/1293/1160 592/1353/1219 621/1354/1220
f 622/1293/1160 621/1354/1220 651/1294/1161
f 651/1294/1161 621/1354/1220 650/1355/1221
f 651/1294/1161 650/1355/1221 680/1295/1162
f 680/1295/1162 650/1355/1221 679/1356/1222
f 680/1295/1162 679/1356/1222 709/1296/1163
f 709/1296/1163 679/1356/1222 708/1357/1223
f 709/1296/1163 708/1357/1223 738/1297/1164
f 738/1297/1164 708/1357/1223 737/1358/1224
f 738/1297/1164 737/1358/1224 767/1298/1165
f 767/1298/1165 737/1358/1224 766/1359/1225
f 767/1298/1165 766/1359/1225 796/1299/1166
f 796/1299/1166 766/1359/1225 795/1360/1226
f 796/1299/1166 795/1360/1226 825/1300/1167
f 825/1300/1167 795/1360/1226 824/1361/1227
f 825/1300/1167 824/1361/1227 854/1301/1168
f 854/1301/1168 824/1361/1227 853/1362/1228
f 854/1301/1168 853/1362/1228 883/1302/1169
f 883/1302/1169 853/1362/1228 882/1363/1229
f 883/1302/1169 882/1363/1229 912/1303/1170
f 912/1303/1170 882/1363/1229 911/1364/1230
f 912/1303/1170 911/1364/1230 941/1304/1171
f 941/1304/1171 911/1364/1230 940/1365/1231
f 941/1304/1171 940/1365/1231 79/1305/1172
f 79/1305/1172 940/1365/1231 80/1366/1232
f 79/1305/1172 80/1366/1232 42/1306/1173
f 42/1306/1173 80/1366/1232 41/1367/1233
f 42/1307/1173 41/1368/1233 100/1308/1174
f 100/1308/1174 41/1368/1233 99/1369/1234
f 100/1308/1174 99/1369/1234 1732/1309/1175
f 1732/1309/1175 99/1369/1234 1733/1370/1235
f 1732/1309/1175 1733/1370/1235 1703/1310/1176
f 1703/1310/1176 1733/1370/1235 1704/1371/1236
f 1703/1310/1176 1704/1371/1236 1674/1311/1177
f 1674/1311/1177 1704/1371/1236 1675/1372/1237
f 1674/1311/1177 1675/1372/1237 1645/1312/1178
f 1645/1312/1178 1675/1372/1237 1646/1373/1238
f 1645/1312/1178 1646/1373/1238 1616/1313/1179
f 1616/1313/1179 1646/1373/1238 1617/1374/1239
f 1616/1313/1179 1617/1374/1239 1587/1314/1180
f 1587/1314/1180 1617/1374/1239 1588/1375/1240
f 1587/1314/1180 1588/1375/1240 1558/1315/1181
f 1558/1315/1181 1588/1375/1240 1559/1376/1241
f 1558/1315/1181 1559/1376/1241 1529/1316/1182
f 1529/1316/1182 1559/1376/1241 1530/1377/1242
f 1529/1316/1182 1530/1377/1242 1500/1317/1183
f 1500/1317/1183 1530/1377/1242 1501/1378/1243
f 1500/1317/1183 1501/1378/1243 1471/1318/1184
f 1471/1318/1184 1501/1378/1243 1472/1379/1244
f 1471/1318/1184 1472/1379/1244 1442/1319/1185
f 1442/1319/1185 1472/1379/1244 1443/1380/1245
f 1442/1319/1185 1443/1380/1245 1413/1320/1186
f 1413/1320/1186 1443/1380/1245 1414/1381/1246
f 1413/1320/1186 1414/1381/1246 1384/1321/1187
f 1384/1321/1187 1414/1381/1246 1385/1382/1247
f 1384/1321/1187 1385/1382/1247 1355/1322/1188
f 1355/1322/1188 1385/1382/1247 1356/1383/1248
f 1355/1322/1188 1356/1383/1248 1326/1323/1189
f 1326/1323/1189 1356/1383/1248 1327/1384/1249
f 1326/1323/1189 1327/1384/1249 1297/1324/1190
f 1297/1324/1190 1327/1384/1249 1298/1385/1250
f 1297/1324/1190 1298/1385/1250 1268/1325/1191
f 1268/1325/1191 1298/1385/1250 1269/1386/1251
f 1268/1325/1191 1269/1386/1251 1239/1326/1192
f 1239/1326/1192 1269/1386/1251 1240/1387/1252
f 1239/1326/1192 1240/1387/1252 1210/1327/1193
f 1210/1327/1193 1240/1387/1252 1211/1388/1253
f 1210/1327/1193 1211/1388/1253 1181/1328/1194
f 1181/1328/1194 1211/1388/1253 1182/1389/1254
f 1181/1328/1194 1182/1389/1254 1152/1329/1195
f 1152/1329/1195 1182/1389/1254 1153/1390/1255
f 1152/1329/1195 1153/1390/1255 1123/1330/1196
f 1123/1330/1196 1153/1390/1255 1124/1391/1256
f 1123/1330/1196 1124/1391/1256 1094/1331/1197
f 1094/1331/1197 1124/1391/1256 1095/1392/1257
f 1094/1331/1197 1095/1392/1257 1065/1332/1198
f 1065/1332/1198 1095/1392/1257 1066/1393/1258
f 1065/1332/1198 1066/1393/1258 1036/1333/1199
f 1036/1333/1199 1066/1393/1258 1037/1394/1259
f 1036/1333/1199 1037/1394/1259 1007/1334/1200
f 1007/1334/1200 1037/1394/1259 1008/1395/1260
f 1007/1334/1200 1008/1395/1260 978/1335/1201
f 978/1335/1201 1008/1395/1260 979/1396/1261
f 978/1335/1201 979/1396/1261 137/1336/1202
f 137/1336/1202 979/1396/1261 138/1397/1262
f 137/1336/1202 138/1397/1262 21/1276/1143
f 21/1276/1143 138/1397/1262 22/1337/1203
f 22/1337/1203 23/1398/1263 157/1338/1204
f 157/1338/1204 23/1398/1263 156/1399/1264
f 157/1338/1204 156/1399/1264 186/1339/1205
f 186/1339/1205 156/1399/1264 185/1400/1265
f 186/1339/1205 185/1400/1265 215/1340/1206
f 215/1340/1206 185/1400/1265 214/1401/1266
f 215/1340/1206 214/1401/1266 244/1341/1207
f 244/1341/1207 214/1401/1266 243/1402/1267
f 244/1341/1207 243/1402/1267 273/1342/1208
f 273/1342/1208 243/1402/1267 272/1403/1268
f 273/1342/1208 272/1403/1268 302/1343/1209
f 302/1343/1209 272/1403/1268 301/1404/1269
f 302/1343/1209 301/1404/1269 331/1344/1210
f 331/1344/1210 301/1404/1269 330/1405/1270
f 331/1344/1210 330/1405/1270 360/1345/1211
f 360/1345/1211 330/1405/1270 359/1406/1271
f 360/1345/1211 359/1406/1271 389/1346/1212
f 389/1346/1212 359/1406/1271 388/1407/1272
f 389/1346/1212 388/1407/1272 418/1347/1213
f 418/1347/1213 388/1407/1272 417/1408/1273
f 418/1347/1213 417/1408/1273 447/1348/1214
f 447/1348/1214 417/1408/1273 446/1409/1274
f 447/1348/1214 446/1409/1274 476/1349/1215
f 476/1349/1215 446/1409/1274 475/1410/1275
f 476/1349/1215 475/1410/1275 505/1350/1216
f 505/1350/1216 475/1410/1275 504/1411/1276
f 505/1350/1216 504/1411/1276 534/1351/1217
f 534/1351/1217 504/1411/1276 533/1412/1277
f 534/1351/1217 533/1412/1277 563/1352/1218
f 563/1352/1218 533/1412/1277 562/1413/1278
f 563/1352/1218 562/1413/1278 592/1353/1219
f 592/1353/1219 562/1413/1278 591/1414/1279
f 592/1353/1219 591/1414/1279 621/1354/1220
f 621/1354/1220 591/1414/1279 620/1415/1280
f 621/1354/1220 620/1415/1280 650/1355/1221
f 650/1355/1221 620/1415/1280 649/1416/1281
f 650/1355/1221 649/1416/1281 679/1356/1222
f 679/1356/1222 649/1416/1281 678/1417/1282
f 679/1356/1222 678/1417/1282 708/1357/1223
f 708/1357/1223 678/1417/1282 707/1418/1283
f 708/1357/1223 707/1418/1283 737/1358/1224
f 737/1358/1224 707/1418/1283 736/1419/1284
f 737/1358/1224 736/1419/1284 766/1359/1225
f 766/1359/1225 736/1419/1284 765/1420/1285
f 766/1359/1225 765/1420/1285 795/1360/1226
f 795/1360/1226 765/1420/1285 794/1421/1286
f 795/1360/1226 794/1421/1286 824/1361/1227
f 824/1361/1227 794/1421/1286 823/1422/1287
f 824/1361/1227 823/1422/1287 853/1362/1228
f 853/1362/1228 823/1422/1287 852/1423/1288
f 853/1362/1228 852/1423/1288 882/1363/1229
f 882/1363/1229 852/1423/1288 881/1424/1289
f 882/1363/1229 881/1424/1289 911/1364/1230
f 911/1364/1230 881/1424/1289 910/1425/1290
f 911/1364/1230 910/1425/1290 940/1365/1231
f 940/1365/1231 910/1425/1290 939/1426/1291
f 940/1365/1231 939/1426/1291 80/1366/1232
f 80/1366/1232 939/1426/1291 81/1427/1292
f 80/1366/1232 81/1427/1292 41/1367/1233
f 41/1367/1233 81/1427/1292 40/1428/1293
f 41/1368/1233 40/1429/1293 99/1369/1234
f 99/1369/1234 40/1429/1293 98/1430/1294
f 99/1369/1234 98/1430/1294 1733/1370/1235
f 1733/1370/1235 98/1430/1294 1734/1431/1295
f 1733/1370/1235 1734/1431/1295 1704/1371/1236
f 1704/1371/1236 1734/1431/1295 1705/1432/1296
f 1704/1371/1236 1705/1432/1296 1675/1372/1237
f 1675/1372/1237 1705/1432/1296 1676/1433/1297
f 1675/1372/1237 1676/1433/1297 1646/1373/1238
f 1646/1373/1238 1676/1433/1297 1647/1434/1298
f 1646/1373/1238 1647/1434/1298 1617/1374/1239
f 1617/1374/1239 1647/1434/1298 1618/1435/1299
f 1617/1374/1239 1618/1435/1299 1588/1375/1240
f 1588/1375/1240 1618/1435/1299 1589/1436/1300
f 1588/1375/1240 1589/1436/1300 1559/1376/1241
f 1559/1376/1241 1589/1436/1300 1560/1437/1301
f 1559/1376/1241 1560/1437/1301 1530/1377/1242
f 1530/1377/1242 1560/1437/1301 1531/1438/1302
f 1530/1377/1242 1531/1438/1302 1501/1378/1243
f 1501/1378/1243 1531/1438/1302 1502/1439/1303
f 1501/1378/1243 1502/1439/1303 1472/1379/1244
f 1472/1379/1244 1502/1439/1303 1473/1440/1304
f 1472/1379/1244 1473/1440/1304 1443/1380/1245
f 1443/1380/1245 1473/1440/1304 1444/1441/1305
f 1443/1380/1245 1444/1441/1305 1414/1381/1246
f 1414/1381/1246 1444/1441/1305 1415/1442/1306
f 1414/1381/1246 1415/1442/1306 1385/1382/1247
f 1385/1382/1247 1415/1442/1306 1386/1443/1307
f 1385/1382/1247 1386/1443/1307 1356/1383/1248
f 1356/1383/1248 1386/1443/1307 1357/1444/1308
f 1356/1383/1248 1357/1444/1308 1327/1384/1249
f 1327/1384/1249 1357/1444/1308 1328/1445/1309
f 1327/1384/1249 1328/1445/1309 1298/1385/1250
f 1298/1385/1250 1328/1445/1309 1299/1446/1310
f 1298/1385/1250 1299/1446/1310 1269/1386/1251
f 1269/1386/1251 1299/1446/1310 1270/1447/1311
f 1269/1386/1251 1270/1447/1311 1240/1387/1252
f 1240/1387/1252 1270/1447/1311 1241/1448/1312
f 1240/1387/1252 1241/1448/1312 1211/1388/1253
f 1211/1388/1253 1241/1448/1312 1212/1449/1313
f 1211/1388/1253 1212/1449/1313 1182/1389/1254
f 1182/1389/1254 1212/1449/1313 1183/1450/1314
f 1182/1389/1254 1183/1450/1314 1153/1390/1255
f 1153/1390/1255 1183/1450/1314 1154/1451/1315
f 1153/1390/1255 1154/1451/1315 1124/1391/1256
f 1124/1391/1256 1154/1451/1315 1125/1452/1316
f 1124/1391/1256 1125/1452/1316 1095/1392/1257
f 1095/1392/1257 1125/1452/1316 1096/1453/1317
f 1095/1392/1257 1096/1453/1317 1066/1393/1258
f 1066/1393/1258 1096/1453/1317 1067/1454/1318
f 1066/1393/1258 1067/1454/1318 1037/1394/1259
f 1037/1394/1259 1067/1454/1318 1038/1455/1319
f 1037/1394/1259 1038/1455/1319 1008/1395/1260
f 1008/1395/1260 1038/1455/1319 1009/1456/1320
f 1008/1395/1260 1009/1456/1320 979/1396/1261
f 979/1396/1261 1009/1456/1320 980/1457/1321
f 979/1396/1261 980/1457/1321 138/1397/1262
f 138/1397/1262 980/1457/1321 139/1458/1322
f 138/1397/1262 139/1458/1322 22/1337/1203
f 22/1337/1203 139/1458/1322 23/1398/1263
f 23/1398/1263 24/1459/1323 156/1399/1264
f 156/1399/1264 24/1459/1323 155/1460/1324
f 156/1399/1264 155/1460/1324 185/1400/1265
f 185/1400/1265 155/1460/1324 184/1461/1325
f 185/1400/1265 184/1461/1325 214/1401/1266
f 214/1401/1266 184/1461/1325 213/1462/1326
f 214/1401/1266 213/1462/1326 243/1402/1267
f 243/1402/1267 213/1462/1326 242/1463/1327
f 243/1402/1267 242/1463/1327 272/1403/1268
f 272/1403/1268 242/1463/1327 271/1464/1328
f 272/1403/1268 271/1464/1328 301/1404/1269
f 301/1404/1269 271/1464/1328 300/1465/1329
f 301/1404/1269 300/1465/1329 330/1405/1270
f 330/1405/1270 300/1465/1329 329/1466/1330
f 330/1405/1270 329/1466/1330 359/1406/1271
f 359/1406/1271 329/1466/1330 358/1467/1331
f 359/1406/1271 358/1467/1331 388/1407/1272
f 388/1407/1272 358/1467/1331 387/1468/1332
f 388/1407/1272 387/1468/1332 417/1408/1273
f 417/1408/1273 387/1468/1332 416/1469/1333
f 417/1408/1273 416/1469/1333 446/1409/1274
f 446/1409/1274 416/1469/1333 445/1470/1334
f 446/1409/1274 445/1470/1334 475/1410/1275
f 475/1410/1275 445/1470/1334 474/1471/1335
f 475/1410/1275 474/1471/1335 504/1411/1276
f 504/1411/1276 474/1471/1335 503/1472/1336
f 504/1411/1276 503/1472/1336 533/1412/1277
f 533/1412/1277 503/1472/1336 532/1473/1337
f 533/1412/1277 532/1473/1337 562/1413/1278
f 562/1413/1278 532/1473/1337 561/1474/1338
f 562/1413/1278 561/1474/1338 591/1414/1279
f 591/1414/1279 561/1474/1338 590/1475/1339
f 591/1414/1279 590/1475/1339 620/1415/1280
f 620/1415/1280 590/1475/1339 619/1476/1340
f 620/1415/1280 619/1476/1340 649/1416/1281
f 649/1416/1281 619/1476/1340 648/1477/1341
f 649/1416/1281 648/1477/1341 678/1417/1282
f 678/1417/1282 648/1477/1341 677/1478/1342
f 678/1417/1282 677/1478/1342 707/1418/1283
f 707/1418/1283 677/1478/1342 706/1479/1343
f 707/1418/1283 706/1479/1343 736/1419/1284
f 736/1419/1284 706/1479/1343 735/1480/1344
f 736/1419/1284 735/1480/1344 765/1420/1285
f 765/1420/1285 735/1480/1344 764/1481/1345
f 765/1420/1285 764/1481/1345 794/1421/1286
f 794/1421/1286 764/1481/1345 793/1482/1346
f 794/1421/1286 793/1482/1346 823/1422/1287
f 823/1422/1287 793/1482/1346 822/1483/1347
f 823/1422/1287 822/1483/1347 852/1423/1288
f 852/1423/1288 822/1483/1347 851/1484/1348
f 852/1423/1288 851/1484/1348 881/1424/1289
f 881/1424/1289 851/1484/1348 880/1485/1349
f 881/1424/1289 880/1485/1349 910/1425/1290
f 910/1425/1290 880/1485/1349 909/1486/1350
f 910/1425/1290 909/1486/1350 939/1426/1291
f 939/1426/1291 909/1486/1350 938/1487/1351
f 939/1426/1291 938/1487/1351 81/1427/1292
f 81/1427/1292 938/1487/1351 82/1488/1352
f 81/1427/1292 82/1488/1352 40/1428/1293
f 40/1428/1293 82/1488/1352 39/1489/1353
f 40/1429/1293 39/1490/1353 98/1430/1294
f 98/1430/1294 39/1490/1353 97/1491/1354
f 98/1430/1294 97/1491/1354 1734/1431/1295
f 1734/1431/1295 97/1491/1354 1735/1492/1355
f 1734/1431/1295 1735/1492/1355 1705/1432/1296
f 1705/1432/1296 1735/1492/1355 1706/1493/1356
f 1705/1432/1296 1706/1493/1356 1676/1433/1297
f 1676/1433/1297 1706/1493/1356 1677/1494/1357
f 1676/1433/1297 1677/1494/1357 1647/1434/1298
f 1647/1434/1298 1677/1494/1357 1648/1495/1358
f 1647/1434/1298 1648/1495/1358 1618/1435/1299
f 1618/1435/1299 1648/1495/1358 1619/1496/1359
f 1618/1435/1299 1619/1496/1359 1589/1436/1300
f 1589/1436/1300 1619/1496/1359 1590/1497/1360
f 1589/1436/1300 1590/1497/1360 1560/1437/1301
f 1560/1437/1301 1590/1497/1360 1561/1498/1361
f 1560/1437/1301 1561/1498/1361 1531/1438/1302
f 1531/1438/1302 1561/1498/1361 1532/1499/1362
f 1531/1438/1302 1532/1499/1362 1502/1439/1303
f 1502/1439/1303 1532/1499/1362 1503/1500/1363
f 1502/1439/1303 1503/1500/1363 1473/1440/1304
f 1473/1440/1304 1503/1500/1363 1474/1501/1364
f 1473/1440/1304 1474/1501/1364 1444/1441/1305
f 1444/1441/1305 1474/1501/1364 1445/1502/1365
f 1444/1441/1305 1445/1502/1365 1415/1442/1306
f 1415/1442/1306 1445/1502/1365 1416/1503/1366
f 1415/1442/1306 1416/1503/1366 1386/1443/1307
f 1386/1443/1307 1416/1503/1366 1387/1504/1367
f 1386/1443/1307 1387/1504/1367 1357/1444/1308
f 1357/1444/1308 1387/1504/1367 1358/1505/1368
f 1357/1444/1308 1358/1505/1368 1328/1445/1309
f 1328/1445/1309 1358/1505/1368 1329/1506/1369
f 1328/1445/1309 1329/1506/1369 1299/1446/1310
f 1299/1446/1310 1329/1506/1369 1300/1507/1370
f 1299/1446/1310 1300/1507/1370 1270/1447/1311
f 1270/1447/1311 1300/1507/1370 1271/1508/1371
f 1270/1447/1311 1271/1508/1371 1241/1448/1312
f 1241/1448/1312 1271/1508/1371 1242/1509/1372
f 1241/1448/1312 1242/1509/1372 1212/1449/1313
f 1212/1449/1313 1242/1509/1372 1213/1510/1373
f 1212/1449/1313 1213/1510/1373 1183/1450/1314
f 1183/1450/1314 1213/1510/1373 1184/1511/1374
f 1183/1450/1314 1184/1511/1374 1154/1451/1315
f 1154/1451/1315 1184/1511/1374 1155/1512/1375
f 1154/1451/1315 1155/1512/1375 1125/1452/1316
f 1125/1452/1316 1155/1512/1375 1126/1513/1376
f 1125/1452/1316 1126/1513/1376 1096/1453/1317
f 1096/1453/1317 1126/1513/1376 1097/1514/1377
f 1096/1453/1317 1097/1514/1377 1067/1454/1318
f 1067/1454/1318 1097/1514/1377 1068/1515/1378
f 1067/1454/1318 1068/1515/1378 1038/1455/1319
f 1038/1455/1319 1068/1515/1378 1039/1516/1379
f 1038/1455/1319 1039/1516/1379 1009/1456/1320
f 1009/1456/1320 1039/1516/1379 1010/1517/1380
f 1009/1456/1320 1010/1517/1380 980/1457/1321
f 980/1457/1321 1010/1517/1380 981/1518/1381
f 980/1457/1321 981/1518/1381 139/1458/1322
f 139/1458/1322 981/1518/1381 140/1519/1382
f 139/1458/1322 140/1519/1382 23/1398/1263
f 23/1398/1263 140/1519/1382 24/1459/1323
f 24/1459/1323 25/1520/1383 155/1460/1324
f 155/1460/1324 25/1520/1383 154/1521/1384
f 155/1460/1324 154/1521/1384 184/1461/1325
f 184/1461/1325 154/1521/1384 183/1522/1385
f 184/1461/1325 183/1522/1385 213/1462/1326
f 213/1462/1326 183/1522/1385 212/1523/1386
f 213/1462/1326 212/1523/1386 242/1463/1327
f 242/1463/1327 212/1523/1386 241/1524/1387
f 242/1463/1327 241/1524/1387 271/1464/1328
f 271/1464/1328 241/1524/1387 270/1525/1388
f 271/1464/1328 270/1525/1388 300/1465/1329
f 300/1465/1329 270/1525/1388 299/1526/1389
f 300/1465/1329 299/1526/1389 329/1466/1330
f 329/1466/1330 299/1526/1389 328/1527/1390
f 329/1466/1330 328/1527/1390 358/1467/1331
f 358/1467/1331 328/1527/1390 357/1528/1391
f 358/1467/1331 357/1528/1391 387/1468/1332
f 387/1468/1332 357/1528/1391 386/1529/1392
f 387/1468/1332 386/1529/1392 416/1469/1333
f 416/1469/1333 386/1529/1392 415/1530/1393
f 416/1469/1333 415/1530/1393 445/1470/1334
f 445/1470/1334 415/1530/1393 444/1531/1394
f 445/1470/1334 444/1531/1394 474/1471/1335
f 474/1471/1335 444/1531/1394 473/1532/1395
f 474/1471/1335 473/1532/1395 503/1472/1336
f 503/1472/1336 473/1532/1395 502/1533/1396
f 503/1472/1336 502/1533/1396 532/1473/1337
f 532/1473/1337 502/1533/1396 531/1534/1397
f 532/1473/1337 531/1534/1397 561/1474/1338
f 561/1474/1338 531/1534/1397 560/1535/1398
f 561/1474/1338 560/1535/1398 590/1475/1339
f 590/1475/1339 560/1535/1398 589/1536/1399
f 590/1475/1339 589/1536/1399 619/1476/1340
f 619/1476/1340 589/1536/1399 618/1537/1400
f 619/1476/1340 618/1537/1400 648/1477/1341
f 648/1477/1341 618/1537/1400 647/1538/1401
f 648/1477/1341 647/1538/1401 677/1478/1342
f 677/1478/1342 647/1538/1401 676/1539/1402
f 677/1478/1342 676/1539/1402 706/1479/1343
f 706/1479/1343 676/1539/1402 705/1540/1403
f 706/1479/1343 705/1540/1403 735/1480/1344
f 735/1480/1344 705/1540/1403 734/1541/1404
f 735/1480/1344 734/1541/1404 764/1481/1345
f 764/1481/1345 734/1541/1404 763/1542/1405
f 764/1481/1345 763/1542/1405 793/1482/1346
f 793/1482/1346 763/1542/1405 792/1543/1406
f 793/1482/1346 792/1543/1406 822/1483/1347
f 822/1483/1347 792/1543/1406 821/1544/1407
f 822/1483/1347 821/1544/1407 851/1484/1348
f 851/1484/1348 821/1544/1407 850/1545/1408
f 851/1484/1348 850/1545/1408 880/1485/1349
f 880/1485/1349 850/1545/1408 879/1546/1409
f 880/1485/1349 879/1546/1409 909/1486/1350
f 909/1486/1350 879/1546/1409 908/1547/1410
f 909/1486/1350 908/1547/1410 938/1487/1351
f 938/1487/1351 908/1547/1410 937/1548/1411
f 938/1487/1351 937/1548/1411 82/1488/1352
f 82/1488/1352 937/1548/1411 83/1549/1412
f 82/1488/1352 83/1549/1412 39/1489/1353
f 39/1489/1353 83/1549/1412 38/1550/1413
f 39/1490/1353 38/1551/1413 97/1491/1354
f 97/1491/1354 38/1551/1413 96/1552/1414
f 97/1491/1354 96/1552/1414 1735/1492/1355
f 1735/1492/1355 96/1552/1414 1736/1553/1415
f 1735/1492/1355 1736/1553/1415 1706/1493/1356
f 1706/1493/1356 1736/1553/1415 1707/1554/1416
f 1706/1493/1356 1707/1554/1416 1677/1494/1357
f 1677/1494/1357 1707/1554/1416 1678/1555/1417
f 1677/1494/1357 1678/1555/1417 1648/1495/1358
f 1648/1495/1358 1678/1555/1417 1649/1556/1418
f 1648/1495/1358 1649/1556/1418 1619/1496/1359
f 1619/1496/1359 1649/1556/1418 1620/1557/1419
f 1619/1496/1359 1620/1557/1419 1590/1497/1360
f 1590/1497/1360 1620/1557/1419 1591/1558/1420
f 1590/1497/1360 1591/1558/1420 1561/1498/1361
f 1561/1498/1361 1591/1558/1420 1562/1559/1421
f 1561/1498/1361 1562/1559/1421 1532/1499/1362
f 1532/1499/1362 1562/1559/1421 1533/1560/1422
f 1532/1499/1362 1533/1560/1422 1503/1500/1363
f 1503/1500/1363 1533/1560/1422 1504/1561/1423
f 1503/1500/1363 1504/1561/1423 1474/1501/1364
f 1474/1501/1364 1504/1561/1423 1475/1562/1424
f 1474/1501/1364 1475/1562/1424 1445/1502/1365
f 1445/1502/1365 1475/1562/1424 1446/1563/1425
f 1445/1502/1365 1446/1563/1425 1416/1503/1366
f 1416/1503/1366 1446/1563/1425 1417/1564/1426
f 1416/1503/1366 1417/1564/1426 1387/1504/1367
f 1387/1504/1367 1417/1564/1426 1388/1565/1427
f 1387/1504/1367 1388/1565/1427 1358/1505/1368
f 1358/1505/1368 1388/1565/1427 1359/1566/1428
f 1358/1505/1368 1359/1566/1428 1329/1506/1369
f 1329/1506/1369 1359/1566/1428 1330/1567/1429
f 1329/1506/1369 1330/1567/1429 1300/1507/1370
f 1300/1507/1370 1330/1567/1429 1301/1568/1430
f 1300/1507/1370 1301/1568/1430 1271/1508/1371
f 1271/1508/1371 1301/1568/1430 1272/1569/1431
f 1271/1508/1371 1272/1569/1431 1242/1509/1372
f 1242/1509/1372 1272/1569/1431 1243/1570/1432
f 1242/1509/1372 1243/1570/1432 1213/1510/1373
f 1213/1510/1373 1243/1570/1432 1214/1571/1433
f 1213/1510/1373 1214/1571/1433 1184/1511/1374
f 1184/1511/1374 1214/1571/1433 1185/1572/1434
f 1184/1511/1374 1185/1572/1434 1155/1512/1375
f 1155/1512/1375 1185/1572/1434 1156/1573/1435
f 1155/1512/1375 1156/1573/1435 1126/1513/1376
f 1126/1513/1376 1156/1573/1435 1127/1574/1436
f 1126/1513/1376 1127/1574/1436 1097/1514/1377
f 1097/1514/1377 1127/1574/1436 1098/1575/1437
f 1097/1514/1377 1098/1575/1437 1068/1515/1378
f 1068/1515/1378 1098/1575/1437 1069/1576/1438
f 1068/1515/1378 1069/1576/1438 1039/1516/1379
f 1039/1516/1379 1069/1576/1438 1040/1577/1439
f 1039/1516/1379 1040/1577/1439 1010/1517/1380
f 1010/1517/1380 1040/1577/1439 1011/1578/1440
f 1010/1517/1380 1011/1578/1440 981/1518/1381
f 981/1518/1381 1011/1578/1440 982/1579/1441
f 981/1518/1381 982/1579/1441 140/1519/1382
f 140/1519/1382 982/1579/1441 141/1580/1442
f 140/1519/1382 141/1580/1442 24/1459/1323
f 24/1459/1323 141/1580/1442 25/1520/1383
f 25/1520/1383 26/1581/1443 154/1521/1384
f 154/1521/1384 26/1581/1443 153/1582/1444
f 154/1521/1384 153/1582/1444 183/1522/1385
f 183/1522/1385 153/1582/1444 182/1583/1445
f 183/1522/1385 182/1583/1445 212/1523/1386
f 212/1523/1386 182/1583/1445 211/1584/1446
f 212/1523/1386 211/1584/1446 241/1524/1387
f 241/1524/1387 211/1584/1446 240/1585/1447
f 241/1524/1387 240/1585/1447 270/1525/1388
f 270/1525/1388 240/1585/1447 269/1586/1448
f 270/1525/1388 269/1586/1448 299/1526/1389
f 299/1526/1389 269/1586/1448 298/1587/1449
f 299/1526/1389 298/1587/1449 328/1527/1390
f 328/1527/1390 298/1587/1449 327/1588/1450
f 328/1527/1390 327/1588/1450 357/1528/1391
f 357/1528/1391 327/1588/1450 356/1589/1451
f 357/1528/1391 356/1589/1451 386/1529/1392
f 386/1529/1392 356/1589/1451 385/1590/1452
f 386/1529/1392 385/1590/1452 415/1530/1393
f 415/1530/1393 385/1590/1452 414/1591/1453
f 415/1530/1393 414/1591/1453 444/1531/1394
f 444/1531/1394 414/1591/1453 443/1592/1454
f 444/1531/1394 443/1592/1454 473/1532/1395
f 473/1532/1395 443/1592/1454 472/1593/1455
f 473/1532/1395 472/1593/1455 502/1533/1396
f 502/1533/1396 472/1593/1455 501/1594/1456
f 502/1533/1396 501/1594/1456 531/1534/1397
f 531/1534/1397 501/1594/1456 530/1595/1457
f 531/1534/1397 530/1595/1457 560/1535/1398
f 560/1535/1398 530/1595/1457 559/1596/1458
f 560/1535/1398 559/1596/1458 589/1536/1399
f 589/1536/1399 559/1596/1458 588/1597/1459
f 589/1536/1399 588/1597/1459 618/1537/1400
f 618/1537/1400 588/1597/1459 617/1598/1460
f 618/1537/1400 617/1598/1460 647/1538/1401
f 647/1538/1401 617/1598/1460 646/1599/1461
f 647/1538/1401 646/1599/1461 676/1539/1402
f 676/1539/1402 646/1599/1461 675/1600/1462
f 676/1539/1402 675/1600/1462 705/1540/1403
f 705/1540/1403 675/1600/1462 704/1601/1463
f 705/1540/1403 704/1601/1463 734/1541/1404
f 734/1541/1404 704/1601/1463 733/1602/1464
f 734/1541/1404 733/1602/1464 763/1542/1405
f 763/1542/1405 733/1602/1464 762/1603/1465
f 763/1542/1405 762/1603/1465 792/1543/1406
f 792/1543/1406 762/1603/1465 791/1604/1466
f 792/1543/1406 791/1604/1466 821/1544/1407
f 821/1544/1407 791/1604/1466 820/1605/1467
f 821/1544/1407 820/1605/1467 850/1545/1408
f 850/1545/1408 820/1605/1467 849/1606/1468
f 850/1545/1408 849/1606/1468 879/1546/1409
f 879/1546/1409 849/1606/1468 878/1607/1469
f 879/1546/1409 878/1607/1469 908/1547/1410
f 908/1547/1410 878/1607/1469 907/1608/1470
f 908/1547/1410 907/1608/1470 937/1548/1411
f 937/1548/1411 907/1608/1470 936/1609/1471
f 937/1548/1411 936/1609/1471 83/1549/1412
f 83/1549/1412 936/1609/1471 84/1610/1472
f 83/1549/1412 84/1610/1472 38/1550/1413
f 38/1550/1413 84/1610/1472 37/1611/1473
f 38/1551/1413 37/1612/1473 96/1552/1414
f 96/1552/1414 37/1612/1473 95/1613/1474
f 96/1552/1414 95/1613/1474 1736/1553/1415
f 1736/1553/1415 95/1613/1474 1737/1614/1475
f 1736/1553/1415 1737/1614/1475 1707/1554/1416
f 1707/1554/1416 1737/1614/1475 1708/1615/1476
f 1707/1554/1416 1708/1615/1476 1678/1555/1417
f 1678/1555/1417 1708/1615/1476 1679/1616/1477
f 1678/1555/1417 1679/1616/1477 1649/1556/1418
f 1649/1556/1418 1679/1616/1477 1650/1617/1478
f 1649/1556/1418 1650/1617/1478 1620/1557/1419
f 1620/1557/1419 1650/1617/1478 1621/1618/1479
f 1620/1557/1419 1621/1618/1479 1591/1558/1420
f 1591/1558/1420 1621/1618/1479 1592/1619/1480
f 1591/1558/1420 1592/1619/1480 1562/1559/1421
f 1562/1559/1421 1592/1619/1480 1563/1620/1481
f 1562/1559/1421 1563/1620/1481 1533/1560/1422
f 1533/1560/1422 1563/1620/1481 1534/1621/1482
f 1533/1560/1422 1534/1621/1482 1504/1561/1423
f 1504/1561/1423 1534/1621/1482 1505/1622/1483
f 1504/1561/1423 1505/1622/1483 1475/1562/1424
f 1475/1562/1424 1505/1622/1483 1476/1623/1484
f 1475/1562/1424 1476/1623/1484 1446/1563/1425
f 1446/1563/1425 1476/1623/1484 1447/1624/1485
f 1446/1563/1425 1447/1624/1485 1417/1564/1426
f 1417/1564/1426 1447/1624/1485 1418/1625/1486
f 1417/1564/1426 1418/1625/1486 1388/1565/1427
f 1388/1565/1427 1418/1625/1486 1389/1626/1487
f 1388/1565/1427 1389/1626/1487 1359/1566/1428
f 1359/1566/1428 1389/1626/1487 1360/1627/1488
f 1359/1566/1428 1360/1627/1488 1330/1567/1429
f 1330/1567/1429 1360/1627/1488 1331/1628/1489
f 1330/1567/1429 1331/1628/1489 1301/1568/1430
f 1301/1568/1430 1331/1628/1489 1302/1629/1490
f 1301/1568/1430 1302/1629/1490 1272/1569/1431
f 1272/1569/1431 1302/1629/1490 1273/1630/1491
f 1272/1569/1431 1273/1630/1491 1243/1570/1432
f 1243/1570/1432 1273/1630/1491 1244/1631/1492
f 1243/1570/1432 1244/1631/1492 1214/1571/1433
f 1214/1571/1433 1244/1631/1492 1215/1632/1493
f 1214/1571/1433 1215/1632/1493 1185/1572/1434
f 1185/1572/1434 1215/1632/1493 1186/1633/1494
f 1185/1572/1434 1186/1633/1494 1156/1573/1435
f 1156/1573/1435 1186/1633/1494 1157/1634/1495
f 1156/1573/1435 1157/1634/1495 1127/1574/1436
f 1127/1574/1436 1157/1634/1495 1128/1635/1496
f 1127/1574/1436 1128/1635/1496 1098/1575/1437
f 1098/1575/1437 1128/1635/1496 1099/1636/1497
f 1098/1575/1437 1099/1636/1497 1069/1576/1438
f 1069/1576/1438 1099/1636/1497 1070/1637/1498
f 1069/1576/1438 1070/1637/1498 1040/1577/1439
f 1040/1577/1439 1070/1637/1498 1041/1638/1499
f 1040/1577/1439 1041/1638/1499 1011/1578/1440
f 1011/1578/1440 1041/1638/1499 1012/1639/1500
f 1011/1578/1440 1012/1639/1500 982/1579/1441
f 982/1579/1441 1012/1639/1500 983/1640/1501
f 982/1579/1441 983/1640/1501 141/1580/1442
f 141/1580/1442 983/1640/1501 142/1641/1502
f 141/1580/1442 142/1641/1502 25/1520/1383
f 25/1520/1383 142/1641/1502 26/1581/1443
f 26/1581/1443 27/1642/1503 153/1582/1444
f 153/1582/1444 27/1642/1503 152/1643/1504
f 153/1582/1444 152/1643/1504 182/1583/1445
f 182/1583/1445 152/1643/1504 181/1644/1505
f 182/1583/1445 181/1644/1505 211/1584/1446
f 211/1584/1446 181/1644/1505 210/1645/1506
f 211/1584/1446 210/1645/1506 240/1585/1447
f 240/1585/1447 210/1645/1506 239/1646/1507
f 240/1585/1447 239/1646/1507 269/1586/1448
f 269/1586/1448 239/1646/1507 268/1647/1508
f 269/1586/1448 268/1647/1508 298/1587/1449
f 298/1587/1449 268/1647/1508 297/1648/1509
f 298/1587/1449 297/1648/1509 327/1588/1450
f 327/1588/1450 297/1648/1509 326/1649/1510
f 327/1588/1450 326/1649/1510 356/1589/1451
f 356/1589/1451 326/1649/1510 355/1650/1511
f 356/1589/1451 355/1650/1511 385/1590/1452
f 385/1590/1452 355/1650/1511 384/1651/1512
f 385/1590/1452 384/1651/1512 414/1591/1453
f 414/1591/1453 384/1651/1512 413/1652/1513
f 414/1591/1453 413/1652/1513 443/1592/1454
f 443/1592/1454 413/1652/1513 442/1653/1514
f 443/1592/1454 442/1653/1514 472/1593/1455
f 472/1593/1455 442/1653/1514 471/1654/1515
f 472/1593/1455 471/1654/1515 501/1594/1456
f 501/1594/1456 471/1654/1515 500/1655/1516
f 501/1594/1456 500/1655/1516 530/1595/1457
f 530/1595/1457 500/1655/1516 529/1656/1517
f 530/1595/1457 529/1656/1517 559/1596/1458
f 559/1596/1458 529/1656/1517 558/1657/1518
f 559/1596/1458 558/1657/1518 588/1597/1459
f 588/1597/1459 558/1657/1518 587/1658/1519
f 588/1597/1459 587/1658/1519 617/1598/1460
f 617/1598/1460 587/1658/1519 616/1659/1520
f 617/1598/1460 616/1659/1520 646/1599/1461
f 646/1599/1461 616/1659/1520 645/1660/1521
f 646/1599/1461 645/1660/1521 675/1600/1462
f 675/1600/1462 645/1660/1521 674/1661/1522
f 675/1600/1462 674/1661/1522 704/1601/1463
f 704/1601/1463 674/1661/1522 703/1662/1523
f 704/1601/1463 703/1662/1523 733/1602/1464
f 733/1602/1464 703/1662/1523 732/1663/1524
f 733/1602/1464 732/1663/1524 762/1603/1465
f 762/1603/1465 732/1663/1524 761/1664/1525
f 762/1603/1465 761/1664/1525 791/1604/1466
f 791/1604/1466 761/1664/1525 790/1665/1526
f 791/1604/1466 790/1665/1526 820/1605/1467
f 820/1605/1467 790/1665/1526 819/1666/1527
f 820/1605/1467 819/1666/1527 849/1606/1468
f 849/1606/1468 819/1666/1527 848/1667/1528
f 849/1606/1468 848/1667/1528 878/1607/1469
f 878/1607/1469 848/1667/1528 877/1668/1529
f 878/1607/1469 877/1668/1529 907/1608/1470
f 907/1608/1470 877/1668/1529 906/1669/1530
f 907/1608/1470 906/1669/1530 936/1609/1471
f 936/1609/1471 906/1669/1530 935/1670/1531
f 936/1609/1471 935/1670/1531 84/1610/1472
f 84/1610/1472 935/1670/1531 85/1671/1532
f 84/1610/1472 85/1671/1532 37/1611/1473
f 37/1611/1473 85/1671/1532 36/1672/1533
f 37/1612/1473 36/1673/1533 95/1613/1474
f 95/1613/1474 36/1673/1533 94/1674/1534
f 95/1613/1474 94/1674/1534 1737/1614/1475
f 1737/1614/1475 94/1674/1534 1738/1675/1535
f 1737/1614/1475 1738/1675/1535 1708/1615/1476
f 1708/1615/1476 1738/1675/1535 1709/1676/1536
f 1708/1615/1476 1709/1676/1536 1679/1616/1477
f 1679/1616/1477 1709/1676/1536 1680/1677/1537
f 1679/1616/1477 1680/1677/1537 1650/1617/1478
f 1650/1617/1478 1680/1677/1537 1651/1678/1538
f 1650/1617/1478 1651/1678/1538 1621/1618/1479
f 1621/1618/1479 1651/1678/1538 1622/1679/1539
f 1621/1618/1479 1622/1679/1539 1592/1619/1480
f 1592/1619/1480 1622/1679/1539 1593/1680/1540
f 1592/1619/1480 1593/1680/1540 1563/1620/1481
f 1563/1620/1481 1593/1680/1540 1564/1681/1541
f 1563/1620/1481 1564/1681/1541 1534/1621/1482
f 1534/1621/1482 1564/1681/1541 1535/1682/1542
f 1534/1621/1482 1535/1682/1542 1505/1622/1483
f 1505/1622/1483 1535/1682/1542 1506/1683/1543
f 1505/1622/1483 1506/1683/1543 1476/1623/1484
f 1476/1623/1484 1506/1683/1543 1477/1684/1544
f 1476/1623/1484 1477/1684/1544 1447/1624/1485
f 1447/1624/1485 1477/1684/1544 1448/1685/1545
f 1447/1624/1485 1448/1685/1545 1418/1625/1486
f 1418/1625/1486 1448/1685/1545 1419/1686/1546
f 1418/1625/1486 1419/1686/1546 1389/1626/1487
f 1389/1626/1487 1419/1686/1546 1390/1687/1547
f 1389/1626/1487 1390/1687/1547 1360/1627/1488
f 1360/1627/1488 1390/1687/1547 1361/1688/1548
f 1360/1627/1488 1361/1688/1548 1331/1628/1489
f 1331/1628/1489 1361/1688/1548 1332/1689/1549
f 1331/1628/1489 1332/1689/1549 1302/1629/1490
f 1302/1629/1490 1332/1689/1549 1303/1690/1550
f 1302/1629/1490 1303/1690/1550 1273/1630/1491
f 1273/1630/1491 1303/1690/1550 1274/1691/1551
f 1273/1630/1491 1274/1691/1551 1244/1631/1492
f 1244/1631/1492 1274/1691/1551 1245/1692/1552
f 1244/1631/1492 1245/1692/1552 1215/1632/1493
f 1215/1632/1493 1245/1692/1552 1216/1693/1553
f 1215/1632/1493 1216/1693/1553 1186/1633/1494
f 1186/1633/1494 1216/1693/1553 1187/1694/1554
f 1186/1633/1494 1187/1694/1554 1157/1634/1495
f 1157/1634/1495 1187/1694/1554 1158/1695/1555
f 1157/1634/1495 1158/1695/1555 1128/1635/1496
f 1128/1635/1496 1158/1695/1555 1129/1696/1556
f 1128/1635/1496 1129/1696/1556 1099/1636/1497
f 1099/1636/1497 1129/1696/1556 1100/1697/1557
f 1099/1636/1497 1100/1697/1557 1070/1637/1498
f 1070/1637/1498 1100/1697/1557 1071/1698/1558
f 1070/1637/1498 1071/1698/1558 1041/1638/1499
f 1041/1638/1499 1071/1698/1558 1042/1699/1559
f 1041/1638/1499 1042/1699/1559 1012/1639/1500
f 1012/1639/1500 1042/1699/1559 1013/1700/1560
f 1012/1639/1500 1013/1700/1560 983/1640/1501
f 983/1640/1501 1013/1700/1560 984/1701/1561
f 983/1640/1501 984/1701/1561 142/1641/1502
f 142/1641/1502 984/1701/1561 143/1702/1562
f 142/1641/1502 143/1702/1562 26/1581/1443
f 26/1581/1443 143/1702/1562 27/1642/1503
f 27/1642/1503 28/1703/1563 152/1643/1504
f 152/1643/1504 28/1703/1563 151/1704/1564
f 152/1643/1504 151/1704/1564 181/1644/1505
f 181/1644/1505 151/1704/1564 180/1705/1565
f 181/1644/1505 180/1705/1565 210/1645/1506
f 210/1645/1506 180/1705/1565 209/1706/1566
f 210/1645/1506 209/1706/1566 239/1646/1507
f 239/1646/1507 209/1706/1566 238/1707/1567
f 239/1646/1507 238/1707/1567 268/1647/1508
f 268/1647/1508 238/1707/1567 267/1708/1568
f 268/1647/1508 267/1708/1568 297/1648/1509
f 297/1648/1509 267/1708/1568 296/1709/1569
f 297/1648/1509 296/1709/1569 326/1649/1510
f 326/1649/1510 296/1709/1569 325/1710/1570
f 326/1649/1510 325/1710/1570 355/1650/1511
f 355/1650/1511 325/1710/1570 354/1711/1571
f 355/1650/1511 354/1711/1571 384/1651/1512
f 384/1651/1512 354/1711/1571 383/1712/1572
f 384/1651/1512 383/1712/1572 413/1652/1513
f 413/1652/1513 383/1712/1572 412/1713/1573
f 413/1652/1513 412/1713/1573 442/1653/1514
f 442/1653/1514 412/1713/1573 441/1714/1574
f 442/1653/1514 441/1714/1574 471/1654/1515
f 471/1654/1515 441/1714/1574 470/1715/1575
f 471/1654/1515 470/1715/1575 500/1655/1516
f 500/1655/1516 470/1715/1575 499/1716/1576
f 500/1655/1516 499/1716/1576 529/1656/1517
f 529/1656/1517 499/1716/1576 528/1717/1577
f 529/1656/1517 528/1717/1577 558/1657/1518
f 558/1657/1518 528/1717/1577 557/1718/1578
f 558/1657/1518 557/1718/1578 587/1658/1519
f 587/1658/1519 557/1718/1578 586/1719/1579
f 587/1658/1519 586/1719/1579 616/1659/1520
f 616/1659/1520 586/1719/1579 615/1720/1580
f 616/1659/1520 615/1720/1580 645/1660/1521
f 645/1660/1521 615/1720/1580 644/1721/1581
f 645/1660/1521 644/1721/1581 674/1661/1522
f 674/1661/1522 644/1721/1581 673/1722/1582
f 674/1661/1522 673/1722/1582 703/1662/1523
f 703/1662/1523 673/1722/1582 702/1723/1583
f 703/1662/1523 702/1723/1583 732/1663/1524
f 732/1663/1524 702/1723/1583 731/1724/1584
f 732/1663/1524 731/1724/1584 761/1664/1525
f 761/1664/1525 731/1724/1584 760/1725/1585
f 761/1664/1525 760/1725/1585 790/1665/1526
f 790/1665/1526 760/1725/1585 789/1726/1586
f 790/1665/1526 789/1726/1586 819/1666/1527
f 819/1666/1527 789/1726/1586 818/1727/1587
f 819/1666/1527 818/1727/1587 848/1667/1528
f 848/1667/1528 818/1727/1587 847/1728/1588
f 848/1667/1528 847/1728/1588 877/1668/1529
f 877/1668/1529 847/1728/1588 876/1729/1589
f 877/1668/1529 876/1729/1589 906/1669/1530
f 906/1669/1530 876/1729/1589 905/1730/1590
f 906/1669/1530 905/1730/1590 935/1670/1531
f 935/1670/1531 905/1730/1590 934/1731/1591
f 935/1670/1531 934/1731/1591 85/1671/1532
f 85/1671/1532 934/1731/1591 86/1732/1592
f 85/1671/1532 86/1732/1592 36/1672/1533
f 36/1672/1533 86/1732/1592 35/1733/1593
f 36/1673/1533 35/1734/1593 94/1674/1534
f 94/1674/1534 35/1734/1593 93/1735/1594
f 94/1674/1534 93/1735/1594 1738/1675/1535
f 1738/1675/1535 93/1735/1594 1739/1736/1595
f 1738/1675/1535 1739/1736/1595 1709/1676/1536
f 1709/1676/1536 1739/1736/1595 1710/1737/1596
f 1709/1676/1536 1710/1737/1596 1680/1677/1537
f 1680/1677/1537 1710/1737/1596 1681/1738/1597
f 1680/1677/1537 1681/1738/1597 1651/1678/1538
f 1651/1678/1538 1681/1738/1597 1652/1739/1598
f 1651/1678/1538 1652/1739/1598 1622/1679/1539
f 1622/1679/1539 1652/1739/1598 1623/1740/1599
f 1622/1679/1539 1623/1740/1599 1593/1680/1540
f 1593/1680/1540 1623/1740/1599 1594/1741/1600
f 1593/1680/1540 1594/1741/1600 1564/1681/1541
f 1564/1681/1541 1594/1741/1600 1565/1742/1601
f 1564/1681/1541 1565/1742/1601 1535/1682/1542
f 1535/1682/1542 1565/1742/1601 1536/1743/1602
f 1535/1682/1542 1536/1743/1602 1506/1683/1543
f 1506/1683/1543 1536/1743/1602 1507/1744/1603
f 1506/1683/1543 1507/1744/1603 1477/1684/1544
f 1477/1684/1544 1507/1744/1603 1478/1745/1604
f 1477/1684/1544 1478/1745/1604 1448/1685/1545
f 1448/1685/1545 1478/1745/1604 1449/1746/1605
f 1448/1685/1545 1449/1746/1605 1419/1686/1546
f 1419/1686/1546 1449/1746/1605 1420/1747/1606
f 1419/1686/1546 1420/1747/1606 1390/1687/1547
f 1390/1687/1547 1420/1747/1606 1391/1748/1607
f 1390/1687/1547 1391/1748/1607 1361/1688/1548
f 1361/1688/1548 1391/1748/1607 1362/1749/1608
f 1361/1688/1548 1362/1749/1608 1332/1689/1549
f 1332/1689/1549 1362/1749/1608 1333/1750/1609
f 1332/1689/1549 1333/1750/1609 1303/1690/1550
f 1303/1690/1550 1333/1750/1609 1304/1751/1610
f 1303/1690/1550 1304/1751/1610 1274/1691/1551
f 1274/1691/1551 1304/1751/1610 1275/1752/1611
f 1274/1691/1551 1275/1752/1611 1245/1692/1552
f 1245/1692/1552 1275/1752/1611 1246/1753/1612
f 1245/1692/1552 1246/1753/1612 1216/1693/1553
f 1216/1693/1553 1246/1753/1612 1217/1754/1613
f 1216/1693/1553 1217/1754/1613 1187/1694/1554
f 1187/1694/1554 1217/1754/1613 1188/1755/1614
f 1187/1694/1554 1188/1755/1614 1158/1695/1555
f 1158/1695/1555 1188/1755/1614 1159/1756/1615
f 1158/1695/1555 1159/1756/1615 1129/1696/1556
f 1129/1696/1556 1159/1756/1615 1130/1757/1616
f 1129/1696/1556 1130/1757/1616 1100/1697/1557
f 1100/1697/1557 1130/1757/1616 1101/1758/1617
f 1100/1697/1557 1101/1758/1617 1071/1698/1558
f 1071/1698/1558 1101/1758/1617 1072/1759/1618
f 1071/1698/1558 1072/1759/1618 1042/1699/1559
f 1042/1699/1559 1072/1759/1618 1043/1760/1619
f 1042/1699/1559 1043/1760/1619 1013/1700/1560
f 1013/1700/1560 1043/1760/1619 1014/1761/1620
f 1013/1700/1560 1014/1761/1620 984/1701/1561
f 984/1701/1561 1014/1761/1620 985/1762/1621
f 984/1701/1561 985/1762/1621 143/1702/1562
f 143/1702/1562 985/1762/1621 144/1763/1622
f 143/1702/1562 144/1763/1622 27/1642/1503
f 27/1642/1503 144/1763/1622 28/1703/1563
f 28/1703/1563 29/1764/1623 151/1704/1564
f 151/1704/1564 29/1764/1623 150/1765/1624
f 151/1704/1564 150/1765/1624 180/1705/1565
f 180/1705/1565 150/1765/1624 179/1766/1625
f 180/1705/1565 179/1766/1625 209/1706/1566
f 209/1706/1566 179/1766/1625 208/1767/1626
f 209/1706/1566 208/1767/1626 238/1707/1567
f 238/1707/1567 208/1767/1626 237/1768/1627
f 238/1707/1567 237/1768/1627 267/1708/1568
f 267/1708/1568 237/1768/1627 266/1769/1628
f 267/1708/1568 266/1769/1628 296/1709/1569
f 296/1709/1569 266/1769/1628 295/1770/1629
f 296/1709/1569 295/1770/1629 325/1710/1570
f 325/1710/1570 295/1770/1629 324/1771/1630
f 325/1710/1570 324/1771/1630 354/1711/1571
f 354/1711/1571 324/1771/1630 353/1772/1631
f 354/1711/1571 353/1772/1631 383/1712/1572
f 383/1712/1572 353/1772/1631 382/1773/1632
f 383/1712/1572 382/1773/1632 412/1713/1573
f 412/1713/1573 382/1773/1632 411/1774/1633
f 412/1713/1573 411/1774/1633 441/1714/1574
f 441/1714/1574 411/1774/1633 440/1775/1634
f 441/1714/1574 440/1775/1634 470/1715/1575
f 470/1715/1575 440/1775/1634 469/1776/1635
f 470/1715/1575 469/1776/1635 499/1716/1576
f 499/1716/1576 469/1776/1635 498/1777/1636
f 499/1716/1576 498/1777/1636 528/1717/1577
f 528/1717/1577 498/1777/1636 527/1778/1637
f 528/1717/1577 527/1778/1637 557/1718/1578
f 557/1718/1578 527/1778/1637 556/1779/1638
f 557/1718/1578 556/1779/1638 586/1719/1579
f 586/1719/1579 556/1779/1638 585/1780/1639
f 586/1719/1579 585/1780/1639 615/1720/1580
f 615/1720/1580 585/1780/1639 614/1781/1640
f 615/1720/1580 614/1781/1640 644/1721/1581
f 644/1721/1581 614/1781/1640 643/1782/1641
f 644/1721/1581 643/1782/1641 673/1722/1582
f 673/1722/1582 643/1782/1641 672/1783/1642
f 673/1722/1582 672/1783/1642 702/1723/1583
f 702/1723/1583 672/1783/1642 701/1784/1643
f 702/1723/1583 701/1784/1643 731/1724/1584
f 731/1724/1584 701/1784/1643 730/1785/1644
f 731/1724/1584 730/1785/1644 760/1725/1585
f 760/1725/1585 730/1785/1644 759/1786/1645
f 760/1725/1585 759/1786/1645 789/1726/1586
f 789/1726/1586 759/1786/1645 788/1787/1646
f 789/1726/1586 788/1787/1646 818/1727/1587
f 818/1727/1587 788/1787/1646 817/1788/1647
f 818/1727/1587 817/1788/1647 847/1728/1588
f 847/1728/1588 817/1788/1647 846/1789/1648
f 847/1728/1588 846/1789/1648 876/1729/1589
f 876/1729/1589 846/1789/1648 875/1790/1649
f 876/1729/1589 875/1790/1649 905/1730/1590
f 905/1730/1590 875/1790/1649 904/1791/1650
f 905/1730/1590 904/1791/1650 934/1731/1591
f 934/1731/1591 904/1791/1650 933/1792/1651
f 934/1731/1591 933/1792/1651 86/1732/1592
f 86/1732/1592 933/1792/1651 87/1793/1652
f 86/1732/1592 87/1793/1652 35/1733/1593
f 35/1733/1593 87/1793/1652 34/1794/1653
f 35/1734/1593 34/1795/1653 93/1735/1594
f 93/1735/1594 34/1795/1653 92/1796/1654
f 93/1735/1594 92/1796/1654 1739/1736/1595
f 1739/1736/1595 92/1796/1654 1740/1797/1655
f 1739/1736/1595 1740/1797/1655 1710/1737/1596
f 1710/1737/1596 1740/1797/1655 1711/1798/1656
f 1710/1737/1596 1711/1798/1656 1681/1738/1597
f 1681/1738/1597 1711/1798/1656 1682/1799/1657
f 1681/1738/1597 1682/1799/1657 1652/1739/1598
f 1652/1739/1598 1682/1799/1657 1653/1800/1658
f 1652/1739/1598 1653/1800/1658 1623/1740/1599
f 1623/1740/1599 1653/1800/1658 1624/1801/1659
f 1623/1740/1599 1624/1801/1659 1594/1741/1600
f 1594/1741/1600 1624/1801/1659 1595/1802/1660
f 1594/1741/1600 1595/1802/1660 1565/1742/1601
f 1565/1742/1601 1595/1802/1660 1566/1803/1661
f 1565/1742/1601 1566/1803/1661 1536/1743/1602
f 1536/1743/1602 1566/1803/1661 1537/1804/1662
f 1536/1743/1602 1537/1804/1662 1507/1744/1603
f 1507/1744/1603 1537/1804/1662 1508/1805/1663
f 1507/1744/1603 1508/1805/1663 1478/1745/1604
f 1478/1745/1604 1508/1805/1663 1479/1806/1664
f 1478/1745/1604 1479/1806/1664 1449/1746/1605
f 1449/1746/1605 1479/1806/1664 1450/1807/1665
f 1449/1746/1605 1450/1807/1665 1420/1747/1606
f 1420/1747/1606 1450/1807/1665 1421/1808/1666
f 1420/1747/1606 1421/1808/1666 1391/1748/1607
f 1391/1748/1607 1421/1808/1666 1392/1809/1667
f 1391/1748/1607 1392/1809/1667 1362/1749/1608
f 1362/1749/1608 1392/1809/1667 1363/1810/1668
f 1362/1749/1608 1363/1810/1668 1333/1750/1609
f 1333/1750/1609 1363/1810/1668 1334/1811/1669
f 1333/1750/1609 1334/1811/1669 1304/1751/1610
f 1304/1751/1610 1334/1811/1669 1305/1812/1670
f 1304/1751/1610 1305/1812/1670 1275/1752/1611
f 1275/1752/1611 1305/1812/1670 1276/1813/1671
f 1275/1752/1611 1276/1813/1671 1246/1753/1612
f 1246/1753/1612 1276/1813/1671 1247/1814/1672
f 1246/1753/1612 1247/1814/1672 1217/1754/1613
f 1217/1754/1613 1247/1814/1672 1218/1815/1673
f 1217/1754/1613 1218/1815/1673 1188/1755/1614
f 1188/1755/1614 1218/1815/1673 1189/1816/1674
f 1188/1755/1614 1189/1816/1674 1159/1756/1615
f 1159/1756/1615 1189/1816/1674 1160/1817/1675
f 1159/1756/1615 1160/1817/1675 1130/1757/1616
f 1130/1757/1616 1160/1817/1675 1131/1818/1676
f 1130/1757/1616 1131/1818/1676 1101/1758/1617
f 1101/1758/1617 1131/1818/1676 1102/1819/1677
f 1101/1758/1617 1102/1819/1677 1072/1759/1618
f 1072/1759/1618 1102/1819/1677 1073/1820/1678
f 1072/1759/1618 1073/1820/1678 1043/1760/1619
f 1043/1760/1619 1073/1820/1678 1044/1821/1679
f 1043/1760/1619 1044/1821/1679 1014/1761/1620
f 1014/1761/1620 1044/1821/1679 1015/1822/1680
f 1014/1761/1620 1015/1822/1680 985/1762/1621
f 985/1762/1621 1015/1822/1680 986/1823/1681
f 985/1762/1621 986/1823/1681 144/1763/1622
f 144/1763/1622 986/1823/1681 145/1824/1682
f 144/1763/1622 145/1824/1682 28/1703/1563
f 28/1703/1563 145/1824/1682 29/1764/1623
f 29/1764/1623 30/1825/1683 150/1765/1624
f 150/1765/1624 30/1825/1683 149/1826/1684
f 150/1765/1624 149/1826/1684 179/1766/1625
f 179/1766/1625 149/1826/1684 178/1827/1685
f 179/1766/1625 178/1827/1685 208/1767/1626
f 208/1767/1626 178/1827/1685 207/1828/1686
f 208/1767/1626 207/1828/1686 237/1768/1627
f 237/1768/1627 207/1828/1686 236/1829/1687
f 237/1768/1627 236/1829/1687 266/1769/1628
f 266/1769/1628 236/1829/1687 265/1830/1688
f 266/1769/1628 265/1830/1688 295/1770/1629
f 295/1770/1629 265/1830/1688 294/1831/1689
f 295/1770/1629 294/1831/1689 324/1771/1630
f 324/1771/1630 294/1831/1689 323/1832/1690
f 324/1771/1630 323/1832/1690 353/1772/1631
f 353/1772/1631 323/1832/1690 352/1833/1691
f 353/1772/1631 352/1833/1691 382/1773/1632
f 382/1773/1632 352/1833/1691 381/1834/1692
f 382/1773/1632 381/1834/1692 411/1774/1633
f 411/1774/1633 381/1834/1692 410/1835/1693
f 411/1774/1633 410/1835/1693 440/1775/1634
f 440/1775/1634 410/1835/1693 439/1836/1694
f 440/1775/1634 439/1836/1694 469/1776/1635
f 469/1776/1635 439/1836/1694 468/1837/1695
f 469/1776/1635 468/1837/1695 498/1777/1636
f 498/1777/1636 468/1837/1695 497/1838/1696
f 498/1777/1636 497/1838/1696 527/1778/1637
f 527/1778/1637 497/1838/1696 526/1839/1697
f 527/1778/1637 526/1839/1697 556/1779/1638
f 556/1779/1638 526/1839/1697 555/1840/1698
f 556/1779/1638 555/1840/1698 585/1780/1639
f 585/1780/1639 555/1840/1698 584/1841/1699
f 585/1780/1639 584/1841/1699 614/1781/1640
f 614/1781/1640 584/1841/1699 613/1842/1700
f 614/1781/1640 613/1842/1700 643/1782/1641
f 643/1782/1641 613/1842/1700 642/1843/1701
f 643/1782/1641 642/1843/1701 672/1783/1642
f 672/1783/1642 642/1843/1701 671/1844/1702
f 672/1783/1642 671/1844/1702 701/1784/1643
f 701/1784/1643 671/1844/1702 700/1845/1703
f 701/1784/1643 700/1845/1703 730/1785/1644
f 730/1785/1644 700/1845/1703 729/1846/1704
f 730/1785/1644 729/1846/1704 759/1786/1645
f 759/1786/1645 729/1846/1704 758/1847/1705
f 759/1786/1645 758/1847/1705 788/1787/1646
f 788/1787/1646 758/1847/1705 787/1848/1706
f 788/1787/1646 787/1848/1706 817/1788/1647
f 817/1788/1647 787/1848/1706 816/1849/1707
f 817/1788/1647 816/1849/1707 846/1789/1648
f 846/1789/1648 816/1849/1707 845/1850/1708
f 846/1789/1648 845/1850/1708 875/1790/1649
f 875/1790/1649 845/1850/1708 874/1851/1709
f 875/1790/1649 874/1851/1709 904/1791/1650
f 904/1791/1650 874/1851/1709 903/1852/1710
f 904/1791/1650 903/1852/1710 933/1792/1651
f 933/1792/1651 903/1852/1710 932/1853/1711
f 933/1792/1651 932/1853/1711 87/1793/1652
f 87/1793/1652 932/1853/1711 88/1854/1712
f 87/1793/1652 88/1854/1712 34/1794/1653
f 34/1794/1653 88/1854/1712 33/1855/1713
f 34/1795/1653 33/1856/1713 92/1796/1654
f 92/1796/1654 33/1856/1713 91/1857/1714
f 92/1796/1654 91/1857/1714 1740/1797/1655
f 1740/1797/1655 91/1857/1714 1741/1858/1715
f 1740/1797/1655 1741/1858/1715 1711/1798/1656
f 1711/1798/1656 1741/1858/1715 1712/1859/1716
f 1711/1798/1656 1712/1859/1716 1682/1799/1657
f 1682/1799/1657 1712/1859/1716 1683/1860/1717
f 1682/1799/1657 1683/1860/1717 1653/1800/1658
f 1653/1800/1658 1683/1860/1717 1654/1861/1718
f 1653/1800/1658 1654/1861/1718 1624/1801/1659
f 1624/1801/1659 1654/1861/1718 1625/1862/1719
f 1624/1801/1659 1625/1862/1719 1595/1802/1660
f 1595/1802/1660 1625/1862/1719 1596/1863/1720
f 1595/1802/1660 1596/1863/1720 1566/1803/1661
f 1566/1803/1661 1596/1863/1720 1567/1864/1721
f 1566/1803/1661 1567/1864/1721 1537/1804/1662
f 1537/1804/1662 1567/1864/1721 1538/1865/1722
f 1537/1804/1662 1538/1865/1722 1508/1805/1663
f 1508/1805/1663 1538/1865/1722 1509/1866/1723
f 1508/1805/1663 1509/1866/1723 1479/1806/1664
f 1479/1806/1664 1509/1866/1723 1480/1867/1724
f 1479/1806/1664 1480/1867/1724 1450/1807/1665
f 1450/1807/1665 1480/1867/1724 1451/1868/1725
f 1450/1807/1665 1451/1868/1725 1421/1808/1666
f 1421/1808/1666 1451/1868/1725 1422/1869/1726
f 1421/1808/1666 1422/1869/1726 1392/1809/1667
f 1392/1809/1667 1422/1869/1726 1393/1870/1727
f 1392/1809/1667 1393/1870/1727 1363/1810/1668
f 1363/1810/1668 1393/1870/1727 1364/1871/1728
f 1363/1810/1668 1364/1871/1728 1334/1811/1669
f 1334/1811/1669 1364/1871/1728 1335/1872/1729
f 1334/1811/1669 1335/1872/1729 1305/1812/1670
f 1305/1812/1670 1335/1872/1729 1306/1873/1730
f 1305/1812/1670 1306/1873/1730 1276/1813/1671
f 1276/1813/1671 1306/1873/1730 1277/1874/1731
f 1276/1813/1671 1277/1874/1731 1247/1814/1672
f 1247/1814/1672 1277/1874/1731 1248/1875/1732
f 1247/1814/1672 1248/1875/1732 1218/1815/1673
f 1218/1815/1673 1248/1875/1732 1219/1876/1733
f 1218/1815/1673 1219/1876/1733 1189/1816/1674
f 1189/1816/1674 1219/1876/1733 1190/1877/1734
f 1189/1816/1674 1190/1877/1734 1160/1817/1675
f 1160/1817/1675 1190/1877/1734 1161/1878/1735
f 1160/1817/1675 1161/1878/1735 1131/1818/1676
f 1131/1818/1676 1161/1878/1735 1132/1879/1736
f 1131/1818/1676 1132/1879/1736 1102/1819/1677
f 1102/1819/1677 1132/1879/1736 1103/1880/1737
f 1102/1819/1677 1103/1880/1737 1073/1820/1678
f 1073/1820/1678 1103/1880/1737 1074/1881/1738
f 1073/1820/1678 1074/1881/1738 1044/1821/1679
f 1044/1821/1679 1074/1881/1738 1045/1882/1739
f 1044/1821/1679 1045/1882/1739 1015/1822/1680
f 1015/1822/1680 1045/1882/1739 1016/1883/1740
f 1015/1822/1680 1016/1883/1740 986/1823/1681
f 986/1823/1681 1016/1883/1740 987/1884/1741
f 986/1823/1681 987/1884/1741 145/1824/1682
f 145/1824/1682 987/1884/1741 146/1885/1742
f 145/1824/1682 146/1885/1742 29/1764/1623
f 29/1764/1623 146/1885/1742 30/1825/1683
f 30/1825/1683 31/236/122 149/1826/1684
f 149/1826/1684 31/236/122 148/1/1
f 149/1826/1684 148/1/1 178/1827/1685
f 178/1827/1685 148/1/1 177/3/3
f 178/1827/1685 177/3/3 207/1828/1686
f 207/1828/1686 177/3/3 206/5/4
f 207/1828/1686 206/5/4 236/1829/1687
f 236/1829/1687 206/5/4 235/7/5
f 236/1829/1687 235/7/5 265/1830/1688
f 265/1830/1688 235/7/5 264/9/6
f 265/1830/1688 264/9/6 294/1831/1689
f 294/1831/1689 264/9/6 293/11/7
f 294/1831/1689 293/11/7 323/1832/1690
f 323/1832/1690 293/11/7 322/13/8
f 323/1832/1690 322/13/8 352/1833/1691
f 352/1833/1691 322/13/8 351/15/9
f 352/1833/1691 351/15/9 381/1834/1692
f 381/1834/1692 351/15/9 380/17/10
f 381/1834/1692 380/17/10 410/1835/1693
f 410/1835/1693 380/17/10 409/19/11
f 410/1835/1693 409/19/11 439/1836/1694
f 439/1836/1694 409/19/11 438/21/12
f 439/1836/1694 438/21/12 468/1837/1695
f 468/1837/1695 438/21/12 467/23/13
f 468/1837/1695 467/23/13 497/1838/1696
f 497/1838/1696 467/23/13 496/25/14
f 497/1838/1696 496/25/14 526/1839/1697
f 526/1839/1697 496/25/14 525/27/15
f 526/1839/1697 525/27/15 555/1840/1698
f 555/1840/1698 525/27/15 554/29/16
f 555/1840/1698 554/29/16 584/1841/1699
f 584/1841/1699 554/29/16 583/31/17
f 584/1841/1699 583/31/17 613/1842/1700
f 613/1842/1700 583/31/17 612/33/18
f 613/1842/1700 612/33/18 642/1843/1701
f 642/1843/1701 612/33/18 641/35/19
f 642/1843/1701 641/35/19 671/1844/1702
f 671/1844/1702 641/35/19 670/37/20
f 671/1844/1702 670/37/20 700/1845/1703
f 700/1845/1703 670/37/20 699/39/21
f 700/1845/1703 699/39/21 729/1846/1704
f 729/1846/1704 699/39/21 728/41/22
f 729/1846/1704 728/41/22 758/1847/1705
f 758/1847/1705 728/41/22 757/43/23
f 758/1847/1705 757/43/23 787/1848/1706
f 787/1848/1706 757/43/23 786/45/24
f 787/1848/1706 786/45/24 816/1849/1707
f 816/1849/1707 786/45/24 815/47/25
f 816/1849/1707 815/47/25 845/1850/1708
f 845/1850/1708 815/47/25 844/49/26
f 845/1850/1708 844/49/26 874/1851/1709
f 874/1851/1709 844/49/26 873/51/27
f 874/1851/1709 873/51/27 903/1852/1710
f 903/1852/1710 873/51/27 902/53/28
f 903/1852/1710 902/53/28 932/1853/1711
f 932/1853/1711 902/53/28 931/55/29
f 932/1853/1711 931/55/29 88/1854/1712
f 88/1854/1712 931/55/29 89/57/30
f 88/1854/1712 89/57/30 33/1855/1713
f 33/1855/1713 89/57/30 32/59/31
f 33/1856/1713 32/1886/31 91/1857/1714
f 91/1857/1714 32/1886/31 90/178/93
f 91/1857/1714 90/178/93 1741/1858/1715
f 1741/1858/1715 90/178/93 1742/180/94
f 1741/1858/1715 1742/180/94 1712/1859/1716
f 1712/1859/1716 1742/180/94 1713/182/95
f 1712/1859/1716 1713/182/95 1683/1860/1717
f 1683/1860/1717 1713/182/95 1684/184/96
f 1683/1860/1717 1684/184/96 1654/1861/1718
f 1654/1861/1718 1684/184/96 1655/186/97
f 1654/1861/1718 1655/186/97 1625/1862/1719
f 1625/1862/1719 1655/186/97 1626/188/98
f 1625/1862/1719 1626/188/98 1596/1863/1720
f 1596/1863/1720 1626/188/98 1597/190/99
f 1596/1863/1720 1597/190/99 1567/1864/1721
f 1567/1864/1721 1597/190/99 1568/192/100
f 1567/1864/1721 1568/192/100 1538/1865/1722
f 1538/1865/1722 1568/192/100 1539/194/101
f 1538/1865/1722 1539/194/101 1509/1866/1723
f 1509/1866/1723 1539/194/101 1510/196/102
f 1509/1866/1723 1510/196/102 1480/1867/1724
f 1480/1867/1724 1510/196/102 1481/198/103
f 1480/1867/1724 1481/198/103 1451/1868/1725
f 1451/1868/1725 1481/198/103 1452/200/104
f 1451/1868/1725 1452/200/104 1422/1869/1726
f 1422/1869/1726 1452/200/104 1423/202/105
f 1422/1869/1726 1423/202/105 1393/1870/1727
f 1393/1870/1727 1423/202/105 1394/204/106
f 1393/1870/1727 1394/204/106 1364/1871/1728
f 1364/1871/1728 1394/204/106 1365/206/107
f 1364/1871/1728 1365/206/107 1335/1872/1729
f 1335/1872/1729 1365/206/107 1336/208/108
f 1335/1872/1729 1336/208/108 1306/1873/1730
f 1306/1873/1730 1336/208/108 1307/210/109
f 1306/1873/1730 1307/210/109 1277/1874/1731
f 1277/1874/1731 1307/210/109 1278/212/110
f 1277/1874/1731 1278/212/110 1248/1875/1732
f 1248/1875/1732 1278/212/110 1249/214/111
f 1248/1875/1732 1249/214/111 1219/1876/1733
f 1219/1876/1733 1249/214/111 1220/216/112
f 1219/1876/1733 1220/216/112 1190/1877/1734
f 1190/1877/1734 1220/216/112 1191/218/113
f 1190/1877/1734 1191/218/113 1161/1878/1735
f 1161/1878/1735 1191/218/113 1162/220/114
f 1161/1878/1735 1162/220/114 1132/1879/1736
f 1132/1879/1736 1162/220/114 1133/222/115
f 1132/1879/1736 1133/222/115 1103/1880/1737
f 1103/1880/1737 1133/222/115 1104/224/116
f 1103/1880/1737 1104/224/116 1074/1881/1738
f 1074/1881/1738 1104/224/116 1075/226/117
f 1074/1881/1738 1075/226/117 1045/1882/1739
f 1045/1882/1739 1075/226/117 1046/228/118
f 1045/1882/1739 1046/228/118 1016/1883/1740
f 1016/1883/1740 1046/228/118 1017/230/119
f 1016/1883/1740 1017/230/119 987/1884/1741
f 987/1884/1741 1017/230/119 988/232/120
f 987/1884/1741 988/232/120 146/1885/1742
f 146/1885/1742 988/232/120 147/234/121
f 146/1885/1742 147/234/121 30/1825/1683
f 30/1825/1683 147/234/121 31/236/122
f 31/236/122 2/1887/2 148/1/1
f 32/1886/31 2/1888/2 90/178/93
f 60/267/92 1/1889/33 61/60/32
# 1742 vertices
# 1889 texture params
# 1742 normals
# 3480 facets

# 1 groups
