# https://github.com/mikedh/trimesh
v -0.00692800 -0.53999300 -0.00400100
v -0.00692800 -0.53999300 -0.00400100
v 0.00692800 -0.53999300 -0.00400100
v 0.00692800 -0.53999300 -0.00400100
v -0.00800000 -0.53999300 -0.00000100
v -0.00800000 -0.53999300 -0.00000100
v 0.00800000 -0.53999300 -0.00000100
v 0.00800000 -0.53999300 -0.00000100
v 0.00800000 -0.53999300 -0.00000100
v -0.00692800 -0.53999300 0.00399900
v -0.00692800 -0.53999300 0.00399900
v 0.00692800 -0.53999300 0.00399900
v 0.00692800 -0.53999300 0.00399900
v -0.00400000 -0.53999300 0.00692700
v -0.00400000 -0.53999300 0.00692700
v 0.00400000 -0.53999300 0.00692700
v 0.00400000 -0.53999300 0.00692700
v 0.00000000 -0.53999300 0.00799900
v 0.00000000 -0.53999300 0.00799900
v 0.00400000 -0.53999300 -0.00692900
v 0.00400000 -0.53999300 -0.00692900
v -0.00400000 -0.53999300 -0.00692900
v -0.00400000 -0.53999300 -0.00692900
v 0.00000000 -0.53999300 -0.00800100
v 0.00000000 -0.53999300 -0.00800100
v 0.00692800 0.68999100 -0.00400100
v 0.00692800 0.68999100 -0.00400100
v 0.00173200 0.68999100 -0.00100100
v 0.00173200 0.68999100 -0.00100100
v 0.00800000 0.68999100 -0.00000100
v 0.00800000 0.68999100 -0.00000100
v 0.00800000 0.68999100 -0.00000100
v 0.00200000 0.68999100 -0.00000100
v 0.00200000 0.68999100 -0.00000100
v 0.00200000 0.68999100 -0.00000100
v 0.00173200 0.68999100 0.00099900
v 0.00173200 0.68999100 0.00099900
v 0.00100000 0.68999100 -0.00173300
v 0.00100000 0.68999100 -0.00173300
v 0.00400000 0.68999100 -0.00692900
v 0.00400000 0.68999100 -0.00692900
v 0.00000000 0.68999100 -0.00200100
v 0.00000000 0.68999100 -0.00200100
v 0.00000000 0.68999100 -0.00800100
v 0.00000000 0.68999100 -0.00800100
v -0.00400000 0.68999100 -0.00692900
v -0.00400000 0.68999100 -0.00692900
v -0.00100000 0.68999100 -0.00173300
v -0.00100000 0.68999100 -0.00173300
v -0.00692800 0.68999100 -0.00400100
v -0.00692800 0.68999100 -0.00400100
v -0.00173200 0.68999100 -0.00100100
v -0.00173200 0.68999100 -0.00100100
v -0.00200000 0.68999100 -0.00000100
v -0.00200000 0.68999100 -0.00000100
v -0.00800000 0.68999100 -0.00000100
v -0.00800000 0.68999100 -0.00000100
v -0.00173200 0.68999100 0.00099900
v -0.00173200 0.68999100 0.00099900
v -0.00692800 0.68999100 0.00399900
v -0.00692800 0.68999100 0.00399900
v -0.00100000 0.68999100 0.00173100
v -0.00100000 0.68999100 0.00173100
v -0.00400000 0.68999100 0.00692700
v -0.00400000 0.68999100 0.00692700
v 0.00000000 0.68999100 0.00199900
v 0.00000000 0.68999100 0.00199900
v 0.00000000 0.68999100 0.00799900
v 0.00000000 0.68999100 0.00799900
v 0.00400000 0.68999100 0.00692700
v 0.00400000 0.68999100 0.00692700
v 0.00100000 0.68999100 0.00173100
v 0.00100000 0.68999100 0.00173100
v 0.00692800 0.68999100 0.00399900
v 0.00692800 0.68999100 0.00399900
v 0.00173200 0.66999100 0.00099900
v 0.00173200 0.66999100 0.00099900
v 0.00200000 0.66999100 -0.00000100
v 0.00200000 0.66999100 -0.00000100
v 0.00200000 0.66999100 -0.00000100
v 0.00173200 0.66999100 -0.00100100
v 0.00173200 0.66999100 -0.00100100
v 0.00100000 0.66999100 -0.00173300
v 0.00100000 0.66999100 -0.00173300
v 0.00000000 0.66999100 -0.00200100
v 0.00000000 0.66999100 -0.00200100
v -0.00100000 0.66999100 -0.00173300
v -0.00100000 0.66999100 -0.00173300
v -0.00173200 0.66999100 -0.00100100
v -0.00173200 0.66999100 -0.00100100
v -0.00200000 0.66999100 -0.00000100
v -0.00200000 0.66999100 -0.00000100
v -0.00173200 0.66999100 0.00099900
v -0.00173200 0.66999100 0.00099900
v -0.00100000 0.66999100 0.00173100
v -0.00100000 0.66999100 0.00173100
v 0.00000000 0.66999100 0.00199900
v 0.00000000 0.66999100 0.00199900
v 0.00100000 0.66999100 0.00173100
v 0.00100000 0.66999100 0.00173100
v 0.00796300 0.12815100 -0.00076800
v 0.00796300 0.12815100 -0.00076800
v 0.00800000 0.12799800 -0.00000100
v 0.00800000 0.12799800 -0.00000100
v 0.00800000 0.12799800 -0.00000100
v 0.00800000 0.12799800 -0.00000100
v 0.00800000 0.07499900 -0.00000100
v 0.00800000 0.07499900 -0.00000100
v 0.00796300 0.12815100 0.00076600
v 0.00796300 0.12815100 0.00076600
v 0.00774600 0.07499900 0.00199900
v 0.00787400 0.12858400 0.00141300
v 0.00787400 0.12858400 0.00141300
v 0.00778400 0.12923200 0.00184600
v 0.00778400 0.12923200 0.00184600
v 0.00774600 0.12999800 0.00199900
v 0.00774600 0.12999800 0.00199900
v 0.00692800 0.07499900 0.00399900
v 0.00692800 -0.01285700 0.00399900
v 0.00400000 -0.01285700 0.00692700
v 0.00400000 -0.10071300 0.00692700
v 0.00000000 -0.10071300 0.00799900
v 0.00000000 -0.18856900 0.00799900
v -0.00400000 -0.18856900 0.00692700
v -0.00400000 -0.27642500 0.00692700
v -0.00692800 -0.27642500 0.00399900
v -0.00692800 -0.36428100 0.00399900
v -0.00800000 -0.36428100 -0.00000100
v -0.00800000 -0.45213700 -0.00000100
v -0.00692800 -0.45213700 -0.00400100
v -0.00400000 -0.45213700 -0.00692900
v 0.00000000 -0.45213700 -0.00800100
v 0.00400000 -0.45213700 -0.00692900
v 0.00692800 -0.45213700 -0.00400100
v 0.00800000 -0.45213700 -0.00000100
v 0.00800000 -0.45213700 -0.00000100
v 0.00692800 -0.45213700 0.00399900
v 0.00400000 -0.45213700 0.00692700
v 0.00000000 -0.45213700 0.00799900
v -0.00400000 -0.45213700 0.00692700
v -0.00692800 -0.45213700 0.00399900
v 0.00771300 0.16285500 0.00212200
v 0.00778400 0.13076500 0.00184600
v 0.00778400 0.13076500 0.00184600
v 0.00787400 0.13141200 0.00141300
v 0.00787400 0.13141200 0.00141300
v 0.00796300 0.13184500 0.00076600
v 0.00796300 0.13184500 0.00076600
v 0.00800000 0.16285500 -0.00000100
v 0.00800000 0.16285500 -0.00000100
v 0.00800000 0.25071100 -0.00000100
v 0.00800000 0.25071100 -0.00000100
v 0.00692800 0.25071100 -0.00400100
v 0.00692800 0.33856700 -0.00400100
v 0.00400000 0.33856700 -0.00692900
v 0.00400000 0.42642300 -0.00692900
v 0.00000000 0.42642300 -0.00800100
v 0.00000000 0.51427900 -0.00800100
v -0.00400000 0.51427900 -0.00692900
v -0.00400000 0.60213500 -0.00692900
v -0.00692800 0.60213500 -0.00400100
v -0.00709200 0.60213500 -0.00370300
v -0.00800000 0.60213500 -0.00000100
v -0.00692800 0.60213500 0.00399900
v -0.00400000 0.60213500 0.00692700
v 0.00000000 0.60213500 0.00799900
v 0.00400000 0.60213500 0.00692700
v 0.00692800 0.60213500 0.00399900
v 0.00709200 0.60213500 0.00370100
v 0.00692800 0.51427900 0.00399900
v 0.00724300 0.51427900 0.00339600
v 0.00692800 0.42642300 0.00399900
v 0.00738100 0.42642300 0.00308500
v 0.00692800 0.33856700 0.00399900
v 0.00750500 0.33856700 0.00276900
v 0.00692800 0.25071100 0.00399900
v 0.00761600 0.25071100 0.00244700
v 0.00692800 0.16285500 0.00399900
v 0.00800000 0.13199800 -0.00000100
v 0.00800000 0.13199800 -0.00000100
v 0.00800000 0.13199800 -0.00000100
v 0.00796300 0.13184500 -0.00076800
v 0.00796300 0.13184500 -0.00076800
v 0.00787400 0.13141200 -0.00141500
v 0.00787400 0.13141200 -0.00141500
v 0.00778400 0.13076500 -0.00184800
v 0.00778400 0.13076500 -0.00184800
v 0.00774600 0.12999800 -0.00200100
v 0.00774600 0.12999800 -0.00200100
v 0.00692800 0.16285500 -0.00400100
v 0.00692800 0.07499900 -0.00400100
v 0.00400000 0.16285500 -0.00692900
v 0.00400000 0.07499900 -0.00692900
v 0.00000000 0.16285500 -0.00800100
v 0.00000000 0.07499900 -0.00800100
v -0.00400000 0.16285500 -0.00692900
v -0.00400000 0.07499900 -0.00692900
v -0.00692800 0.16285500 -0.00400100
v -0.00692800 0.07499900 -0.00400100
v -0.00771300 0.16285500 -0.00212400
v -0.00774600 0.12999800 -0.00200100
v -0.00774600 0.12999800 -0.00200100
v -0.00778400 0.13076500 -0.00184800
v -0.00778400 0.13076500 -0.00184800
v 0.00778400 0.12923200 -0.00184800
v 0.00778400 0.12923200 -0.00184800
v 0.00787400 0.12858400 -0.00141500
v 0.00787400 0.12858400 -0.00141500
v 0.00800000 0.60213500 -0.00000100
v 0.00800000 0.60213500 -0.00000100
v 0.00692800 0.60213500 -0.00400100
v 0.00400000 0.60213500 -0.00692900
v 0.00000000 0.60213500 -0.00800100
v -0.00796300 0.12815100 0.00076600
v -0.00796300 0.12815100 0.00076600
v -0.00800000 0.12799800 -0.00000100
v -0.00800000 0.12799800 -0.00000100
v -0.00800000 0.12799800 -0.00000100
v -0.00800000 0.07499900 -0.00000100
v -0.00796300 0.12815100 -0.00076800
v -0.00796300 0.12815100 -0.00076800
v -0.00774600 0.07499900 -0.00200100
v -0.00787400 0.12858400 -0.00141500
v -0.00787400 0.12858400 -0.00141500
v -0.00778400 0.12923200 -0.00184800
v -0.00778400 0.12923200 -0.00184800
v -0.00692800 -0.01285700 -0.00400100
v -0.00400000 -0.01285700 -0.00692900
v -0.00400000 -0.10071300 -0.00692900
v 0.00000000 -0.10071300 -0.00800100
v 0.00000000 -0.18856900 -0.00800100
v 0.00400000 -0.18856900 -0.00692900
v 0.00400000 -0.27642500 -0.00692900
v 0.00692800 -0.27642500 -0.00400100
v 0.00692800 -0.36428100 -0.00400100
v 0.00800000 -0.36428100 -0.00000100
v 0.00800000 -0.36428100 -0.00000100
v -0.00787400 0.13141200 -0.00141500
v -0.00787400 0.13141200 -0.00141500
v -0.00796300 0.13184500 -0.00076800
v -0.00796300 0.13184500 -0.00076800
v -0.00800000 0.16285500 -0.00000100
v -0.00800000 0.13199800 -0.00000100
v -0.00800000 0.13199800 -0.00000100
v -0.00796300 0.13184500 0.00076600
v -0.00796300 0.13184500 0.00076600
v -0.00787400 0.13141200 0.00141300
v -0.00787400 0.13141200 0.00141300
v -0.00778400 0.13076500 0.00184600
v -0.00778400 0.13076500 0.00184600
v -0.00774600 0.12999800 0.00199900
v -0.00774600 0.12999800 0.00199900
v -0.00778400 0.12923200 0.00184600
v -0.00778400 0.12923200 0.00184600
v -0.00692800 0.07499900 0.00399900
v -0.00692800 0.16285500 0.00399900
v -0.00400000 0.16285500 0.00692700
v -0.00400000 0.25071100 0.00692700
v 0.00000000 0.25071100 0.00799900
v 0.00000000 0.33856700 0.00799900
v 0.00400000 0.33856700 0.00692700
v 0.00400000 0.42642300 0.00692700
v -0.00787400 0.12858400 0.00141300
v -0.00787400 0.12858400 0.00141300
v -0.00796300 -0.13184500 0.00076600
v -0.00796300 -0.13184500 0.00076600
v -0.00800000 -0.13199800 -0.00000100
v -0.00800000 -0.13199800 -0.00000100
v -0.00800000 -0.13199800 -0.00000100
v -0.00800000 -0.18856900 -0.00000100
v -0.00796300 -0.13184500 -0.00076800
v -0.00796300 -0.13184500 -0.00076800
v -0.00787400 -0.13141200 -0.00141600
v -0.00787400 -0.13141200 -0.00141600
v -0.00778400 -0.13076500 -0.00184800
v -0.00778400 -0.13076500 -0.00184800
v -0.00692800 -0.18856900 -0.00400100
v -0.00692800 -0.27642500 -0.00400100
v -0.00400000 -0.27642500 -0.00692900
v -0.00400000 -0.36428100 -0.00692900
v 0.00000000 -0.36428100 -0.00800100
v -0.00774600 -0.12999800 -0.00200100
v -0.00774600 -0.12999800 -0.00200100
v -0.00692800 -0.10071300 -0.00400100
v -0.00400000 -0.18856900 -0.00692900
v -0.00774600 -0.10071300 -0.00200100
v -0.00778400 -0.12923200 -0.00184800
v -0.00778400 -0.12923200 -0.00184800
v -0.00787400 -0.12858400 -0.00141600
v -0.00787400 -0.12858400 -0.00141600
v -0.00796300 -0.12815100 -0.00076800
v -0.00796300 -0.12815100 -0.00076800
v -0.00800000 -0.10071300 -0.00000100
v -0.00800000 -0.01285700 -0.00000100
v -0.00692800 -0.01285700 0.00399900
v -0.00400000 0.07499900 0.00692700
v 0.00000000 0.16285500 0.00799900
v 0.00400000 0.25071100 0.00692700
v -0.00800000 -0.12799800 -0.00000100
v -0.00800000 -0.12799800 -0.00000100
v -0.00796300 -0.12815100 0.00076600
v -0.00796300 -0.12815100 0.00076600
v -0.00787400 -0.12858400 0.00141300
v -0.00787400 -0.12858400 0.00141300
v -0.00778400 -0.12923200 0.00184600
v -0.00778400 -0.12923200 0.00184600
v -0.00774600 -0.12999800 0.00199900
v -0.00774600 -0.12999800 0.00199900
v -0.00692800 -0.10071300 0.00399900
v -0.00692800 -0.18856900 0.00399900
v -0.00400000 -0.10071300 0.00692700
v -0.00778400 -0.13076500 0.00184600
v -0.00778400 -0.13076500 0.00184600
v -0.00787400 -0.13141200 0.00141300
v -0.00787400 -0.13141200 0.00141300
v 0.00796300 -0.13184500 -0.00076800
v 0.00796300 -0.13184500 -0.00076800
v 0.00800000 -0.13199800 -0.00000100
v 0.00800000 -0.13199800 -0.00000100
v 0.00800000 -0.13199800 -0.00000100
v 0.00800000 -0.13199800 -0.00000100
v 0.00800000 -0.18856900 -0.00000100
v 0.00800000 -0.18856900 -0.00000100
v 0.00796300 -0.13184500 0.00076600
v 0.00796300 -0.13184500 0.00076600
v 0.00787400 -0.13141200 0.00141300
v 0.00787400 -0.13141200 0.00141300
v 0.00778400 -0.13076500 0.00184600
v 0.00778400 -0.13076500 0.00184600
v 0.00692800 -0.18856900 0.00399900
v 0.00692800 -0.27642500 0.00399900
v 0.00400000 -0.27642500 0.00692700
v 0.00400000 -0.36428100 0.00692700
v 0.00000000 -0.36428100 0.00799900
v 0.00774600 -0.12999800 0.00199900
v 0.00774600 -0.12999800 0.00199900
v 0.00692800 -0.10071300 0.00399900
v 0.00400000 -0.18856900 0.00692700
v 0.00774600 -0.10071300 0.00199900
v 0.00778400 -0.12923200 0.00184600
v 0.00778400 -0.12923200 0.00184600
v 0.00787400 -0.12858400 0.00141300
v 0.00787400 -0.12858400 0.00141300
v 0.00796300 -0.12815100 0.00076600
v 0.00796300 -0.12815100 0.00076600
v 0.00800000 -0.10071300 -0.00000100
v 0.00800000 -0.10071300 -0.00000100
v 0.00800000 -0.01285700 -0.00000100
v 0.00800000 -0.01285700 -0.00000100
v 0.00692800 -0.01285700 -0.00400100
v 0.00800000 -0.12799800 -0.00000100
v 0.00800000 -0.12799800 -0.00000100
v 0.00800000 -0.12799800 -0.00000100
v 0.00796300 -0.12815100 -0.00076800
v 0.00796300 -0.12815100 -0.00076800
v 0.00787400 -0.12858400 -0.00141600
v 0.00787400 -0.12858400 -0.00141600
v 0.00778400 -0.12923200 -0.00184800
v 0.00778400 -0.12923200 -0.00184800
v 0.00774600 -0.12999800 -0.00200100
v 0.00774600 -0.12999800 -0.00200100
v 0.00692800 -0.10071300 -0.00400100
v 0.00692800 -0.18856900 -0.00400100
v 0.00400000 -0.10071300 -0.00692900
v 0.00778400 -0.13076500 -0.00184800
v 0.00778400 -0.13076500 -0.00184800
v 0.00787400 -0.13141200 -0.00141600
v 0.00787400 -0.13141200 -0.00141600
v 0.00800000 0.51427900 -0.00000100
v 0.00800000 0.51427900 -0.00000100
v 0.00692800 0.51427900 -0.00400100
v 0.00400000 0.51427900 -0.00692900
v 0.00800000 0.42642300 -0.00000100
v 0.00800000 0.42642300 -0.00000100
v 0.00692800 0.42642300 -0.00400100
v 0.00800000 0.33856700 -0.00000100
v 0.00800000 0.33856700 -0.00000100
v 0.00774600 -0.01285700 0.00199900
v 0.00800000 -0.27642500 -0.00000100
v 0.00800000 -0.27642500 -0.00000100
v 0.00692800 -0.36428100 0.00399900
v 0.00400000 -0.36428100 -0.00692900
v 0.00400000 -0.01285700 -0.00692900
v 0.00400000 0.25071100 -0.00692900
v 0.00000000 0.33856700 -0.00800100
v -0.00400000 0.42642300 -0.00692900
v -0.00692800 0.51427900 -0.00400100
v 0.00400000 0.51427900 0.00692700
v 0.00000000 0.51427900 0.00799900
v -0.00400000 0.51427900 0.00692700
v -0.00692800 0.51427900 0.00399900
v -0.00800000 0.51427900 -0.00000100
v -0.00724300 0.51427900 -0.00339800
v 0.00000000 0.42642300 0.00799900
v -0.00400000 0.33856700 0.00692700
v -0.00692800 0.25071100 0.00399900
v 0.00400000 0.16285500 0.00692700
v 0.00400000 0.07499900 0.00692700
v 0.00000000 0.07499900 0.00799900
v 0.00000000 -0.01285700 0.00799900
v 0.00000000 -0.27642500 0.00799900
v -0.00400000 -0.36428100 0.00692700
v -0.00400000 0.42642300 0.00692700
v -0.00692800 0.42642300 0.00399900
v -0.00800000 0.42642300 -0.00000100
v -0.00738100 0.42642300 -0.00308800
v -0.00692800 0.42642300 -0.00400100
v -0.00400000 -0.01285700 0.00692700
v -0.00692800 0.33856700 0.00399900
v -0.00800000 0.25071100 -0.00000100
v -0.00800000 0.33856700 -0.00000100
v -0.00750500 0.33856700 -0.00277100
v -0.00692800 0.33856700 -0.00400100
v -0.00400000 0.33856700 -0.00692900
v -0.00800000 -0.27642500 -0.00000100
v -0.00761600 0.25071100 -0.00245000
v -0.00774600 -0.01285700 -0.00200100
v -0.00692800 -0.36428100 -0.00400100
v -0.00692800 0.25071100 -0.00400100
v -0.00400000 0.25071100 -0.00692900
v 0.00000000 0.25071100 -0.00800100
v 0.00000000 -0.01285700 -0.00800100
v 0.00000000 -0.27642500 -0.00800100
v 0.00796300 -0.12815100 -0.00076800
v 0.00796300 -0.12815100 -0.00076800
v 0.00800000 -0.12799800 -0.00000100
v 0.00800000 -0.12799800 -0.00000100
v 0.00800000 -0.12799800 -0.00000100
v 0.00800000 -0.10999900 -0.00000100
v 0.00800000 -0.10999900 -0.00000100
v 0.00800000 -0.10999900 -0.00000100
v 0.00796300 -0.12815100 0.00076600
v 0.00796300 -0.12815100 0.00076600
v 0.00787400 -0.12858400 0.00141300
v 0.00787400 -0.12858400 0.00141300
v 0.00778400 -0.12923200 0.00184600
v 0.00778400 -0.12923200 0.00184600
v 0.00692800 -0.10999900 0.00399900
v 0.00692800 -0.10999900 0.00399900
v 0.00774600 -0.12999800 0.00199900
v 0.00774600 -0.12999800 0.00199900
v 0.00692800 -0.14999800 0.00399900
v 0.00692800 -0.14999800 0.00399900
v 0.00778400 -0.13076500 0.00184600
v 0.00778400 -0.13076500 0.00184600
v 0.00800000 -0.14999800 -0.00000100
v 0.00800000 -0.14999800 -0.00000100
v 0.00800000 -0.14999800 -0.00000100
v 0.00787400 -0.13141200 0.00141300
v 0.00787400 -0.13141200 0.00141300
v 0.00796300 -0.13184500 0.00076600
v 0.00796300 -0.13184500 0.00076600
v 0.00800000 -0.13199800 -0.00000100
v 0.00800000 -0.13199800 -0.00000100
v 0.00800000 -0.13199800 -0.00000100
v 0.00800000 -0.13199800 -0.00000100
v 0.00796300 -0.13184500 -0.00076800
v 0.00796300 -0.13184500 -0.00076800
v 0.00787400 -0.13141200 -0.00141600
v 0.00787400 -0.13141200 -0.00141600
v 0.00778400 -0.13076500 -0.00184800
v 0.00778400 -0.13076500 -0.00184800
v 0.00774600 -0.12999800 -0.00200100
v 0.00774600 -0.12999800 -0.00200100
v 0.00692800 -0.14999800 -0.00400100
v 0.00692800 -0.14999800 -0.00400100
v 0.00692800 -0.10999900 -0.00400100
v 0.00692800 -0.10999900 -0.00400100
v 0.00400000 -0.14999800 -0.00692900
v 0.00400000 -0.14999800 -0.00692900
v 0.00400000 -0.10999900 -0.00692900
v 0.00400000 -0.10999900 -0.00692900
v 0.00000000 -0.14999800 -0.00800100
v 0.00000000 -0.14999800 -0.00800100
v 0.00000000 -0.10999900 -0.00800100
v 0.00000000 -0.10999900 -0.00800100
v -0.00400000 -0.14999800 -0.00692900
v -0.00400000 -0.14999800 -0.00692900
v -0.00400000 -0.10999900 -0.00692900
v -0.00400000 -0.10999900 -0.00692900
v -0.00692800 -0.14999800 -0.00400100
v -0.00692800 -0.14999800 -0.00400100
v -0.00692800 -0.10999900 -0.00400100
v -0.00692800 -0.10999900 -0.00400100
v -0.00774600 -0.12999800 -0.00200100
v -0.00774600 -0.12999800 -0.00200100
v -0.00778400 -0.12923200 -0.00184800
v -0.00778400 -0.12923200 -0.00184800
v -0.00800000 -0.10999900 -0.00000100
v -0.00800000 -0.10999900 -0.00000100
v -0.00787400 -0.12858400 -0.00141600
v -0.00787400 -0.12858400 -0.00141600
v -0.00796300 -0.12815100 -0.00076800
v -0.00796300 -0.12815100 -0.00076800
v -0.00800000 -0.12799800 -0.00000100
v -0.00800000 -0.12799800 -0.00000100
v -0.00796300 -0.12815100 0.00076600
v -0.00796300 -0.12815100 0.00076600
v -0.00787400 -0.12858400 0.00141300
v -0.00787400 -0.12858400 0.00141300
v -0.00778400 -0.12923200 0.00184600
v -0.00778400 -0.12923200 0.00184600
v -0.00774600 -0.12999800 0.00199900
v -0.00774600 -0.12999800 0.00199900
v -0.00692800 -0.10999900 0.00399900
v -0.00692800 -0.10999900 0.00399900
v -0.00692800 -0.14999800 0.00399900
v -0.00692800 -0.14999800 0.00399900
v -0.00400000 -0.14999800 0.00692700
v -0.00400000 -0.14999800 0.00692700
v -0.00400000 -0.10999900 0.00692700
v -0.00400000 -0.10999900 0.00692700
v 0.00000000 -0.14999800 0.00799900
v 0.00000000 -0.14999800 0.00799900
v 0.00000000 -0.10999900 0.00799900
v 0.00000000 -0.10999900 0.00799900
v 0.00400000 -0.14999800 0.00692700
v 0.00400000 -0.14999800 0.00692700
v 0.00400000 -0.10999900 0.00692700
v 0.00400000 -0.10999900 0.00692700
v 0.00778400 -0.12923200 -0.00184800
v 0.00778400 -0.12923200 -0.00184800
v 0.00787400 -0.12858400 -0.00141600
v 0.00787400 -0.12858400 -0.00141600
v -0.00800000 -0.14999800 -0.00000100
v -0.00800000 -0.14999800 -0.00000100
v -0.00778400 -0.13076500 0.00184600
v -0.00778400 -0.13076500 0.00184600
v -0.00787400 -0.13141200 0.00141300
v -0.00787400 -0.13141200 0.00141300
v -0.00796300 -0.13184500 0.00076600
v -0.00796300 -0.13184500 0.00076600
v -0.00800000 -0.13199800 -0.00000100
v -0.00800000 -0.13199800 -0.00000100
v -0.00800000 -0.13199800 -0.00000100
v -0.00796300 -0.13184500 -0.00076800
v -0.00796300 -0.13184500 -0.00076800
v -0.00787400 -0.13141200 -0.00141600
v -0.00787400 -0.13141200 -0.00141600
v -0.00778400 -0.13076500 -0.00184800
v -0.00778400 -0.13076500 -0.00184800
v -0.01559800 -0.14999800 -0.01050100
v -0.01559800 -0.14999800 -0.01050100
v -0.01300000 -0.14999800 -0.01200100
v -0.01300000 -0.14999800 -0.01200100
v -0.01300000 -0.14999800 -0.01200100
v -0.01600000 -0.14999800 -0.00900100
v -0.01600000 -0.14999800 -0.00900100
v -0.01600000 -0.14999800 -0.00900100
v -0.01450000 -0.14999800 -0.01159900
v -0.01450000 -0.14999800 -0.01159900
v 0.01300000 -0.14999800 -0.01200100
v 0.01300000 -0.14999800 -0.01200100
v 0.01300000 -0.14999800 -0.01200100
v 0.01450000 -0.14999800 -0.01159900
v 0.01450000 -0.14999800 -0.01159900
v 0.01559800 -0.14999800 -0.01050100
v 0.01559800 -0.14999800 -0.01050100
v 0.01600000 -0.14999800 -0.00900100
v 0.01600000 -0.14999800 -0.00900100
v 0.01600000 -0.14999800 -0.00900100
v 0.01600000 -0.14999800 0.00899900
v 0.01600000 -0.14999800 0.00899900
v 0.01600000 -0.14999800 0.00899900
v 0.01300000 -0.14999800 0.01199900
v 0.01300000 -0.14999800 0.01199900
v 0.01300000 -0.14999800 0.01199900
v -0.01300000 -0.14999800 0.01199900
v -0.01300000 -0.14999800 0.01199900
v -0.01300000 -0.14999800 0.01199900
v -0.01600000 -0.14999800 0.00899900
v -0.01600000 -0.14999800 0.00899900
v -0.01600000 -0.14999800 0.00899900
v 0.01559800 -0.14999800 0.01049900
v 0.01559800 -0.14999800 0.01049900
v 0.01450000 -0.14999800 0.01159700
v 0.01450000 -0.14999800 0.01159700
v -0.01450000 -0.14999800 0.01159700
v -0.01450000 -0.14999800 0.01159700
v -0.01559800 -0.14999800 0.01049900
v -0.01559800 -0.14999800 0.01049900
v 0.01300000 -0.10999900 -0.01200100
v 0.01300000 -0.10999900 -0.01200100
v 0.01300000 -0.10999900 -0.01200100
v 0.01450000 -0.12999800 -0.01159900
v 0.01450000 -0.10999900 -0.01159900
v 0.01450000 -0.10999900 -0.01159900
v 0.01559800 -0.12999800 -0.01050100
v 0.01559800 -0.10999900 -0.01050100
v 0.01559800 -0.10999900 -0.01050100
v 0.01600000 -0.10999900 -0.00900100
v 0.01600000 -0.10999900 -0.00900100
v 0.01600000 -0.10999900 -0.00900100
v -0.00520300 -0.12145900 0.01881800
v -0.00520300 -0.12145900 0.01881800
v -0.00520300 -0.12145900 0.01199900
v -0.00520300 -0.12145900 0.01199900
v -0.00877600 -0.12520400 0.01881800
v -0.00877600 -0.12520400 0.01881800
v -0.00877600 -0.12520400 0.01881800
v -0.00877600 -0.12520400 0.01881800
v -0.00877600 -0.12520400 0.01199900
v -0.00877600 -0.12520400 0.01199900
v -0.00877600 -0.12520400 0.01199900
v -0.00999700 -0.13023400 0.01881800
v -0.00999700 -0.13023400 0.01881800
v -0.00999700 -0.13023400 0.01199900
v -0.00999700 -0.13023400 0.01199900
v -0.00854000 -0.13520100 0.01881800
v -0.00854000 -0.13520100 0.01881800
v -0.00854000 -0.13520100 0.01199900
v -0.00854000 -0.13520100 0.01199900
v -0.00479400 -0.13877400 0.01881800
v -0.00479400 -0.13877400 0.01881800
v -0.00479400 -0.13877400 0.01199900
v -0.00479400 -0.13877400 0.01199900
v 0.00023600 -0.13999500 0.01881800
v 0.00023600 -0.13999500 0.01881800
v 0.00023600 -0.13999500 0.01199900
v 0.00023600 -0.13999500 0.01199900
v 0.00520300 -0.13853800 0.01881800
v 0.00520300 -0.13853800 0.01881800
v 0.00520300 -0.13853800 0.01199900
v 0.00520300 -0.13853800 0.01199900
v 0.00877600 -0.13479300 0.01881800
v 0.00877600 -0.13479300 0.01881800
v 0.00877600 -0.13479300 0.01199900
v 0.00877600 -0.13479300 0.01199900
v 0.00999700 -0.12976200 0.01881800
v 0.00999700 -0.12976200 0.01881800
v 0.00999700 -0.12976200 0.01199900
v 0.00999700 -0.12976200 0.01199900
v 0.00854000 -0.12479500 0.01881800
v 0.00854000 -0.12479500 0.01881800
v 0.00854000 -0.12479500 0.01199900
v 0.00854000 -0.12479500 0.01199900
v 0.00479400 -0.12122300 0.01881800
v 0.00479400 -0.12122300 0.01881800
v 0.00479400 -0.12122300 0.01199900
v 0.00479400 -0.12122300 0.01199900
v -0.00023600 -0.12000100 0.01881800
v -0.00023600 -0.12000100 0.01881800
v -0.00023600 -0.12000100 0.01199900
v -0.00023600 -0.12000100 0.01199900
v -0.01355900 -0.12930400 0.02362200
v -0.01191500 -0.12348900 0.02362200
v -0.01191500 -0.12348900 0.02362200
v -0.00791100 -0.11896400 0.02362200
v -0.01315500 -0.12281200 0.02944200
v -0.01315500 -0.12281200 0.02944200
v -0.00873400 -0.11781600 0.02944200
v -0.01229700 -0.12328000 0.03535100
v -0.01229700 -0.12328000 0.03535100
v -0.00816400 -0.11861000 0.03535100
v -0.00947900 -0.12482000 0.04040600
v -0.00947900 -0.12482000 0.04040600
v -0.00629400 -0.12122000 0.04040600
v -0.00515000 -0.12718500 0.04380300
v -0.00515000 -0.12718500 0.04380300
v -0.00341900 -0.12522900 0.04380300
v 0.00000000 -0.12999800 0.04499800
v 0.00000000 -0.12999800 0.04499800
v 0.00000000 -0.12999800 0.04499800
v 0.00000000 -0.12999800 0.04499800
v 0.00000000 -0.12999800 0.04499800
v 0.00000000 -0.12999800 0.04499800
v 0.00000000 -0.12999800 0.04499800
v 0.00000000 -0.12999800 0.04499800
v 0.00000000 -0.12999800 0.04499800
v 0.00000000 -0.12999800 0.04499800
v 0.00000000 -0.12999800 0.04499800
v 0.00000000 -0.12999800 0.04499800
v 0.00000000 -0.12999800 0.04499800
v 0.00000000 -0.12999800 0.04499800
v -0.01251800 -0.13525500 0.02362200
v -0.00899700 -0.14016600 0.02362200
v -0.00369500 -0.14306300 0.02362200
v 0.00234000 -0.14337200 0.02362200
v 0.00791100 -0.14103300 0.02362200
v 0.01191500 -0.13650700 0.02362200
v 0.01355900 -0.13069300 0.02362200
v 0.01497000 -0.13076500 0.02944200
v 0.01382000 -0.12419400 0.02944200
v 0.01291900 -0.12457300 0.03535100
v 0.00928600 -0.11950400 0.03535100
v 0.00715800 -0.12190900 0.04040600
v 0.00293900 -0.11960500 0.04040600
v 0.00159700 -0.12435100 0.04380300
v -0.00101100 -0.12421800 0.04380300
v 0.01251800 -0.12474100 0.02362200
v 0.00993300 -0.11877300 0.02944200
v 0.00381300 -0.11651500 0.03535100
v -0.00186100 -0.11935800 0.04040600
v 0.00899700 -0.11983100 0.02362200
v 0.00407900 -0.11557500 0.02944200
v -0.00241500 -0.11619600 0.03535100
v 0.00369500 -0.11693400 0.02362200
v -0.00258300 -0.11523300 0.02944200
v -0.00234000 -0.11662500 0.02362200
v 0.00388900 -0.12560300 0.04380300
v 0.00541100 -0.12772600 0.04380300
v 0.00586100 -0.13029900 0.04380300
v 0.00515000 -0.13281200 0.04380300
v 0.00341900 -0.13476800 0.04380300
v 0.00101100 -0.13577900 0.04380300
v -0.00159700 -0.13564500 0.04380300
v -0.00388900 -0.13439300 0.04380300
v -0.00541100 -0.13227100 0.04380300
v -0.00586100 -0.12969800 0.04380300
v -0.01497000 -0.12923100 0.02944200
v -0.01382000 -0.13580200 0.02944200
v -0.00993300 -0.14122400 0.02944200
v -0.00407900 -0.14442200 0.02944200
v 0.00258300 -0.14476400 0.02944200
v 0.00873400 -0.14218100 0.02944200
v 0.01315500 -0.13718500 0.02944200
v -0.01399400 -0.12928100 0.03535100
v -0.01291900 -0.13542400 0.03535100
v -0.00928600 -0.14049200 0.03535100
v -0.00381300 -0.14348200 0.03535100
v 0.00241500 -0.14380100 0.03535100
v 0.00816400 -0.14138600 0.03535100
v 0.01229700 -0.13671600 0.03535100
v 0.01399400 -0.13071500 0.03535100
v -0.01078700 -0.12944600 0.04040600
v -0.00995900 -0.13418100 0.04040600
v -0.00715800 -0.13808800 0.04040600
v -0.00293900 -0.14039200 0.04040600
v 0.00186100 -0.14063800 0.04040600
v 0.00629400 -0.13877700 0.04040600
v 0.00947900 -0.13517700 0.04040600
v 0.01078700 -0.13055100 0.04040600
v 0.00995900 -0.12581600 0.04040600
v -0.00764700 -0.11499900 -0.01200100
v -0.00764700 -0.11499900 -0.01200100
v -0.00764700 -0.11499900 -0.01200100
v 0.01000000 -0.11499900 -0.01200100
v 0.01000000 -0.11499900 -0.01200100
v 0.01000000 -0.11499900 -0.01200100
v -0.00682300 -0.11699800 -0.03100100
v -0.00682300 -0.11699800 -0.03100100
v 0.00600000 -0.11899800 -0.05000100
v 0.00600000 -0.11899800 -0.05000100
v 0.00600000 -0.11899800 -0.05000100
v -0.00600000 -0.11899800 -0.05000100
v -0.00600000 -0.11899800 -0.05000100
v -0.00600000 -0.11899800 -0.05000100
v 0.01000000 -0.14499800 -0.01200100
v 0.01000000 -0.14499800 -0.01200100
v 0.01000000 -0.14499800 -0.01200100
v 0.00600000 -0.14099800 -0.05000100
v 0.00600000 -0.14099800 -0.05000100
v 0.00600000 -0.14099800 -0.05000100
v -0.01000000 -0.14499800 -0.01200100
v -0.01000000 -0.14499800 -0.01200100
v -0.01000000 -0.14499800 -0.01200100
v -0.00600000 -0.14099800 -0.05000100
v -0.00600000 -0.14099800 -0.05000100
v -0.00600000 -0.14099800 -0.05000100
v -0.01000000 -0.11499900 -0.01200100
v -0.01000000 -0.11499900 -0.01200100
v -0.01000000 -0.11499900 -0.01200100
v -0.00800000 -0.11779800 -0.03100100
v -0.00800000 -0.11779800 -0.03100100
v -0.00700000 -0.11919800 -0.04050100
v -0.00700000 -0.11919800 -0.04050100
v -0.00600000 -0.12059800 -0.05000100
v -0.00600000 -0.12059800 -0.05000100
v -0.00600000 -0.12059800 -0.05000100
v -0.00811800 -0.11619900 -0.02150100
v -0.00741200 -0.11739800 -0.03100100
v -0.00670600 -0.11859800 -0.04050100
v 0.00750000 -0.14249800 -0.05000100
v 0.00750000 -0.14249800 -0.05000100
v 0.00750000 -0.14249800 -0.05000100
v -0.00750000 -0.14249800 -0.05000100
v -0.00750000 -0.14249800 -0.05000100
v -0.00750000 -0.14249800 -0.05000100
v 0.00750000 -0.11749800 -0.05000100
v 0.00750000 -0.11749800 -0.05000100
v 0.00750000 -0.11749800 -0.05000100
v -0.00661800 -0.11749800 -0.05000100
v -0.00661800 -0.11749800 -0.05000100
v -0.00661800 -0.11749800 -0.05000100
v -0.00750000 -0.11749800 -0.05000100
v -0.00750000 -0.11749800 -0.05000100
v -0.00750000 -0.11749800 -0.05000100
v -0.00321700 -0.13821500 -0.07000000
v -0.00321700 -0.13821500 -0.07000000
v -0.00321700 -0.13821500 -0.07000000
v -0.00321700 -0.12178200 -0.07000000
v -0.00321700 -0.12178200 -0.07000000
v -0.00321700 -0.12178200 -0.07000000
v 0.00321700 -0.13821500 -0.07000000
v 0.00321700 -0.13821500 -0.07000000
v 0.00321700 -0.13821500 -0.07000000
v 0.00321700 -0.12178200 -0.07000000
v 0.00321700 -0.12178200 -0.07000000
v 0.00321700 -0.12178200 -0.07000000
v -0.00620800 -0.11943600 -0.06722500
v -0.00620800 -0.11943600 -0.06722500
v -0.00620800 -0.11943600 -0.06722500
v -0.00618400 -0.11941400 -0.06744300
v -0.00618400 -0.11941400 -0.06744300
v -0.00620800 -0.14120600 -0.06722500
v -0.00620800 -0.14120600 -0.06722500
v -0.00620800 -0.14120600 -0.06722500
v -0.00620800 -0.14120600 -0.06722500
v -0.00614900 -0.11930300 -0.06763200
v -0.00614900 -0.11930300 -0.06763200
v -0.00591900 -0.14091800 -0.06830200
v -0.00591900 -0.14091800 -0.06830200
v -0.00607600 -0.11892300 -0.06790900
v -0.00607600 -0.11892300 -0.06790900
v -0.00607600 -0.11892300 -0.06790900
v -0.00565200 -0.11934600 -0.06875200
v -0.00565200 -0.11934600 -0.06875200
v -0.00525700 -0.14025500 -0.06920000
v -0.00525700 -0.14025500 -0.06920000
v -0.00498800 -0.12001100 -0.06942200
v -0.00498800 -0.12001100 -0.06942200
v -0.00431200 -0.13931100 -0.06979300
v -0.00431200 -0.13931100 -0.06979300
v -0.00608600 -0.11879000 -0.06722500
v -0.00608600 -0.11879000 -0.06722500
v -0.00608600 -0.11879000 -0.06722500
v 0.00620800 -0.11879000 -0.06722500
v 0.00620800 -0.11879000 -0.06722500
v 0.00620800 -0.11879000 -0.06722500
v 0.00620800 -0.11879000 -0.06722500
v 0.00591900 -0.11907900 -0.06830200
v 0.00591900 -0.11907900 -0.06830200
v 0.00525700 -0.11974100 -0.06920000
v 0.00525700 -0.11974100 -0.06920000
v 0.00431200 -0.12068600 -0.06979300
v 0.00431200 -0.12068600 -0.06979300
v 0.00620800 -0.14120600 -0.06722500
v 0.00620800 -0.14120600 -0.06722500
v 0.00620800 -0.14120600 -0.06722500
v 0.00620800 -0.14120600 -0.06722500
v 0.00591900 -0.14091800 -0.06830200
v 0.00591900 -0.14091800 -0.06830200
v 0.00525700 -0.14025500 -0.06920000
v 0.00525700 -0.14025500 -0.06920000
v 0.00431200 -0.13931100 -0.06979300
v 0.00431200 -0.13931100 -0.06979300
v -0.00685400 -0.11846700 -0.05861300
v -0.00685400 -0.11846700 -0.05861300
v -0.00635200 -0.11814400 -0.05861300
v -0.00635200 -0.11814400 -0.05861300
v -0.00632000 -0.11880700 -0.06395500
v -0.00652900 -0.11843600 -0.06000000
v -0.00679400 -0.11796700 -0.05500100
v -0.01600000 -0.10999900 -0.00900100
v -0.01600000 -0.10999900 -0.00900100
v -0.01600000 -0.10999900 -0.00900100
v -0.01559800 -0.12999800 -0.01050100
v -0.01559800 -0.10999900 -0.01050100
v -0.01559800 -0.10999900 -0.01050100
v -0.01450000 -0.12999800 -0.01159900
v -0.01450000 -0.10999900 -0.01159900
v -0.01450000 -0.10999900 -0.01159900
v -0.01300000 -0.10999900 -0.01200100
v -0.01300000 -0.10999900 -0.01200100
v -0.01300000 -0.10999900 -0.01200100
v -0.01300000 -0.10999900 0.01199900
v -0.01300000 -0.10999900 0.01199900
v -0.01300000 -0.10999900 0.01199900
v 0.01300000 -0.10999900 0.01199900
v 0.01300000 -0.10999900 0.01199900
v 0.01300000 -0.10999900 0.01199900
v -0.01450000 -0.12999800 0.01159700
v -0.01450000 -0.10999900 0.01159700
v -0.01450000 -0.10999900 0.01159700
v -0.01559800 -0.12999800 0.01049900
v -0.01559800 -0.10999900 0.01049900
v -0.01559800 -0.10999900 0.01049900
v -0.01600000 -0.10999900 0.00899900
v -0.01600000 -0.10999900 0.00899900
v -0.01600000 -0.10999900 0.00899900
v 0.01600000 -0.10999900 0.00899900
v 0.01600000 -0.10999900 0.00899900
v 0.01600000 -0.10999900 0.00899900
v 0.01559800 -0.12999800 0.01049900
v 0.01559800 -0.10999900 0.01049900
v 0.01559800 -0.10999900 0.01049900
v 0.01450000 -0.12999800 0.01159700
v 0.01450000 -0.10999900 0.01159700
v 0.01450000 -0.10999900 0.01159700
v 0.01600000 -0.12599800 -0.00000100
v 0.01600000 -0.12599800 -0.00000100
v 0.01600000 -0.12653400 -0.00200100
v 0.01600000 -0.12653400 -0.00200100
v 0.01600000 -0.12799800 -0.00346500
v 0.01600000 -0.12799800 -0.00346500
v 0.01600000 -0.12999800 0.00399900
v 0.01600000 -0.12999800 0.00399900
v 0.01600000 -0.12799800 0.00346300
v 0.01600000 -0.12799800 0.00346300
v 0.01600000 -0.12653400 0.00199900
v 0.01600000 -0.12653400 0.00199900
v 0.01600000 -0.13399800 -0.00000100
v 0.01600000 -0.13399800 -0.00000100
v 0.01600000 -0.13399800 -0.00000100
v 0.01600000 -0.13346200 0.00199900
v 0.01600000 -0.13346200 0.00199900
v 0.01600000 -0.13199800 0.00346300
v 0.01600000 -0.13199800 0.00346300
v 0.01600000 -0.12999800 -0.00400100
v 0.01600000 -0.12999800 -0.00400100
v 0.01600000 -0.13199800 -0.00346500
v 0.01600000 -0.13199800 -0.00346500
v 0.01600000 -0.13346200 -0.00200100
v 0.01600000 -0.13346200 -0.00200100
v 0.01100000 -0.12826600 0.00099900
v 0.01100000 -0.12826600 0.00099900
v 0.01100000 -0.12799800 -0.00000100
v 0.01100000 -0.12799800 -0.00000100
v 0.01100000 -0.12899800 0.00173100
v 0.01100000 -0.12899800 0.00173100
v 0.01100000 -0.12999800 0.00199900
v 0.01100000 -0.12999800 0.00199900
v 0.01100000 -0.13099800 0.00173100
v 0.01100000 -0.13099800 0.00173100
v 0.01100000 -0.13173000 0.00099900
v 0.01100000 -0.13173000 0.00099900
v 0.01100000 -0.13199800 -0.00000100
v 0.01100000 -0.13199800 -0.00000100
v 0.01100000 -0.13199800 -0.00000100
v 0.01100000 -0.13173000 -0.00100100
v 0.01100000 -0.13173000 -0.00100100
v 0.01100000 -0.13099800 -0.00173300
v 0.01100000 -0.13099800 -0.00173300
v 0.01100000 -0.12999800 -0.00200100
v 0.01100000 -0.12999800 -0.00200100
v 0.01100000 -0.12899800 -0.00173300
v 0.01100000 -0.12899800 -0.00173300
v 0.01100000 -0.12826600 -0.00100100
v 0.01100000 -0.12826600 -0.00100100
v 0.01100000 -0.13346200 0.00199900
v 0.01100000 -0.13346200 0.00199900
v 0.01100000 -0.13399800 -0.00000100
v 0.01100000 -0.13399800 -0.00000100
v 0.01100000 -0.13399800 -0.00000100
v 0.01100000 -0.13346200 -0.00200100
v 0.01100000 -0.13346200 -0.00200100
v 0.01100000 -0.13199800 -0.00346500
v 0.01100000 -0.13199800 -0.00346500
v 0.01100000 -0.12999800 -0.00400100
v 0.01100000 -0.12999800 -0.00400100
v 0.01100000 -0.12799800 -0.00346500
v 0.01100000 -0.12799800 -0.00346500
v 0.01100000 -0.12653400 -0.00200100
v 0.01100000 -0.12653400 -0.00200100
v 0.01100000 -0.12599800 -0.00000100
v 0.01100000 -0.12599800 -0.00000100
v 0.01100000 -0.12653400 0.00199900
v 0.01100000 -0.12653400 0.00199900
v 0.01100000 -0.12799800 0.00346300
v 0.01100000 -0.12799800 0.00346300
v 0.01100000 -0.12999800 0.00399900
v 0.01100000 -0.12999800 0.00399900
v 0.01100000 -0.13199800 0.00346300
v 0.01100000 -0.13199800 0.00346300
v -0.01100000 -0.12826600 -0.00100100
v -0.01100000 -0.12826600 -0.00100100
v -0.01100000 -0.12799800 -0.00000100
v -0.01100000 -0.12799800 -0.00000100
v -0.01100000 -0.12899800 -0.00173300
v -0.01100000 -0.12899800 -0.00173300
v -0.01100000 -0.12999800 -0.00200100
v -0.01100000 -0.12999800 -0.00200100
v -0.01100000 -0.13099800 -0.00173300
v -0.01100000 -0.13099800 -0.00173300
v -0.01100000 -0.13173000 -0.00100100
v -0.01100000 -0.13173000 -0.00100100
v -0.01100000 -0.13199800 -0.00000100
v -0.01100000 -0.13199800 -0.00000100
v -0.01100000 -0.13199800 -0.00000100
v -0.01100000 -0.13173000 0.00099900
v -0.01100000 -0.13173000 0.00099900
v -0.01100000 -0.13099800 0.00173100
v -0.01100000 -0.13099800 0.00173100
v -0.01100000 -0.12999800 0.00199900
v -0.01100000 -0.12999800 0.00199900
v -0.01100000 -0.12899800 0.00173100
v -0.01100000 -0.12899800 0.00173100
v -0.01100000 -0.12826600 0.00099900
v -0.01100000 -0.12826600 0.00099900
v -0.01600000 -0.13399800 -0.00000100
v -0.01600000 -0.13399800 -0.00000100
v -0.01600000 -0.13399800 -0.00000100
v -0.01600000 -0.13346200 -0.00200100
v -0.01600000 -0.13346200 -0.00200100
v -0.01600000 -0.13199800 -0.00346500
v -0.01600000 -0.13199800 -0.00346500
v -0.01600000 -0.12999800 0.00399900
v -0.01600000 -0.12999800 0.00399900
v -0.01600000 -0.13199800 0.00346300
v -0.01600000 -0.13199800 0.00346300
v -0.01600000 -0.13346200 0.00199900
v -0.01600000 -0.13346200 0.00199900
v -0.01600000 -0.12599800 -0.00000100
v -0.01600000 -0.12599800 -0.00000100
v -0.01600000 -0.12653400 0.00199900
v -0.01600000 -0.12653400 0.00199900
v -0.01600000 -0.12799800 0.00346300
v -0.01600000 -0.12799800 0.00346300
v -0.01600000 -0.12999800 -0.00400100
v -0.01600000 -0.12999800 -0.00400100
v -0.01600000 -0.12799800 -0.00346500
v -0.01600000 -0.12799800 -0.00346500
v -0.01600000 -0.12653400 -0.00200100
v -0.01600000 -0.12653400 -0.00200100
v -0.01100000 -0.12653400 0.00199900
v -0.01100000 -0.12653400 0.00199900
v -0.01100000 -0.12599800 -0.00000100
v -0.01100000 -0.12599800 -0.00000100
v -0.01100000 -0.12653400 -0.00200100
v -0.01100000 -0.12653400 -0.00200100
v -0.01100000 -0.12799800 -0.00346500
v -0.01100000 -0.12799800 -0.00346500
v -0.01100000 -0.12999800 -0.00400100
v -0.01100000 -0.12999800 -0.00400100
v -0.01100000 -0.13199800 -0.00346500
v -0.01100000 -0.13199800 -0.00346500
v -0.01100000 -0.13346200 -0.00200100
v -0.01100000 -0.13346200 -0.00200100
v -0.01100000 -0.13399800 -0.00000100
v -0.01100000 -0.13399800 -0.00000100
v -0.01100000 -0.13399800 -0.00000100
v -0.01100000 -0.13346200 0.00199900
v -0.01100000 -0.13346200 0.00199900
v -0.01100000 -0.13199800 0.00346300
v -0.01100000 -0.13199800 0.00346300
v -0.01100000 -0.12999800 0.00399900
v -0.01100000 -0.12999800 0.00399900
v -0.01100000 -0.12799800 0.00346300
v -0.01100000 -0.12799800 0.00346300
v -0.01100000 -0.12696700 0.00174900
v -0.01100000 -0.12696700 0.00174900
v -0.01100000 -0.12826600 0.00099900
v -0.01100000 -0.12826600 0.00099900
v -0.01100000 -0.12649800 -0.00000100
v -0.01100000 -0.12649800 -0.00000100
v -0.01100000 -0.12799800 -0.00000100
v -0.01100000 -0.12799800 -0.00000100
v -0.01100000 -0.12696700 -0.00175100
v -0.01100000 -0.12696700 -0.00175100
v -0.01100000 -0.12826600 -0.00100100
v -0.01100000 -0.12826600 -0.00100100
v -0.01100000 -0.12899800 -0.00173300
v -0.01100000 -0.12899800 -0.00173300
v -0.01100000 -0.12899800 0.00173100
v -0.01100000 -0.12899800 0.00173100
v -0.01100000 -0.12824800 0.00303000
v -0.01100000 -0.12824800 0.00303000
v -0.01100000 -0.12999800 0.00199900
v -0.01100000 -0.12999800 0.00199900
v -0.01100000 -0.12999800 0.00349900
v -0.01100000 -0.12999800 0.00349900
v -0.01100000 -0.13174800 0.00303000
v -0.01100000 -0.13174800 0.00303000
v -0.01100000 -0.13099800 0.00173100
v -0.01100000 -0.13099800 0.00173100
v -0.01100000 -0.13302900 0.00174900
v -0.01100000 -0.13302900 0.00174900
v -0.01100000 -0.13173000 0.00099900
v -0.01100000 -0.13173000 0.00099900
v -0.01100000 -0.13349800 -0.00000100
v -0.01100000 -0.13349800 -0.00000100
v -0.01100000 -0.13349800 -0.00000100
v -0.01100000 -0.13199800 -0.00000100
v -0.01100000 -0.13199800 -0.00000100
v -0.01100000 -0.13199800 -0.00000100
v -0.01100000 -0.13173000 -0.00100100
v -0.01100000 -0.13173000 -0.00100100
v -0.01100000 -0.13302900 -0.00175100
v -0.01100000 -0.13302900 -0.00175100
v -0.01100000 -0.13099800 -0.00173300
v -0.01100000 -0.13099800 -0.00173300
v -0.01100000 -0.13174800 -0.00303200
v -0.01100000 -0.13174800 -0.00303200
v -0.01100000 -0.12999800 -0.00200100
v -0.01100000 -0.12999800 -0.00200100
v -0.01100000 -0.12999800 -0.00350100
v -0.01100000 -0.12999800 -0.00350100
v -0.01100000 -0.12824800 -0.00303200
v -0.01100000 -0.12824800 -0.00303200
v 0.01100000 -0.13302900 0.00174900
v 0.01100000 -0.13302900 0.00174900
v 0.01100000 -0.13173000 0.00099900
v 0.01100000 -0.13173000 0.00099900
v 0.01100000 -0.13349800 -0.00000100
v 0.01100000 -0.13349800 -0.00000100
v 0.01100000 -0.13349800 -0.00000100
v 0.01100000 -0.13199800 -0.00000100
v 0.01100000 -0.13199800 -0.00000100
v 0.01100000 -0.13199800 -0.00000100
v 0.01100000 -0.13302900 -0.00175100
v 0.01100000 -0.13302900 -0.00175100
v 0.01100000 -0.13173000 -0.00100100
v 0.01100000 -0.13173000 -0.00100100
v 0.01100000 -0.13099800 -0.00173300
v 0.01100000 -0.13099800 -0.00173300
v 0.01100000 -0.13099800 0.00173100
v 0.01100000 -0.13099800 0.00173100
v 0.01100000 -0.13174800 0.00303000
v 0.01100000 -0.13174800 0.00303000
v 0.01100000 -0.12999800 0.00199900
v 0.01100000 -0.12999800 0.00199900
v 0.01100000 -0.12999800 0.00349900
v 0.01100000 -0.12999800 0.00349900
v 0.01100000 -0.12824800 0.00303000
v 0.01100000 -0.12824800 0.00303000
v 0.01100000 -0.12899800 0.00173100
v 0.01100000 -0.12899800 0.00173100
v 0.01100000 -0.12696700 0.00174900
v 0.01100000 -0.12696700 0.00174900
v 0.01100000 -0.12826600 0.00099900
v 0.01100000 -0.12826600 0.00099900
v 0.01100000 -0.12649800 -0.00000100
v 0.01100000 -0.12649800 -0.00000100
v 0.01100000 -0.12799800 -0.00000100
v 0.01100000 -0.12799800 -0.00000100
v 0.01100000 -0.12826600 -0.00100100
v 0.01100000 -0.12826600 -0.00100100
v 0.01100000 -0.12696700 -0.00175100
v 0.01100000 -0.12696700 -0.00175100
v 0.01100000 -0.12899800 -0.00173300
v 0.01100000 -0.12899800 -0.00173300
v 0.01100000 -0.12824800 -0.00303200
v 0.01100000 -0.12824800 -0.00303200
v 0.01100000 -0.12999800 -0.00200100
v 0.01100000 -0.12999800 -0.00200100
v 0.01100000 -0.12999800 -0.00350100
v 0.01100000 -0.12999800 -0.00350100
v 0.01100000 -0.13174800 -0.00303200
v 0.01100000 -0.13174800 -0.00303200
v 0.01300000 -0.13069800 -0.00343000
v 0.01300000 -0.13069800 -0.00343000
v 0.01300000 -0.13069800 -0.00343000
v 0.01400000 -0.13069800 -0.00343000
v 0.01400000 -0.13069800 -0.00343000
v 0.01400000 -0.13069800 -0.00343000
v 0.01400000 -0.13213800 -0.00277100
v 0.01400000 -0.13213800 -0.00277100
v 0.01400000 -0.13314000 -0.00154400
v 0.01400000 -0.13314000 -0.00154400
v 0.01400000 -0.13349800 -0.00000100
v 0.01400000 -0.13349800 -0.00000100
v 0.01400000 -0.13349800 -0.00000100
v 0.01400000 -0.13314000 0.00154100
v 0.01400000 -0.13314000 0.00154100
v 0.01400000 -0.13213800 0.00276800
v 0.01400000 -0.13213800 0.00276800
v 0.01300000 -0.13069800 0.00342800
v 0.01300000 -0.13069800 0.00342800
v 0.01300000 -0.13069800 0.00342800
v 0.01300000 -0.13023300 0.00349100
v 0.01300000 -0.13023300 0.00349100
v 0.01300000 -0.12976400 0.00349100
v 0.01300000 -0.12976400 0.00349100
v 0.01400000 -0.13069800 0.00342800
v 0.01400000 -0.13069800 0.00342800
v 0.01400000 -0.13069800 0.00342800
v 0.01300000 -0.12929800 0.00342800
v 0.01300000 -0.12929800 0.00342800
v 0.01300000 -0.12929800 0.00342800
v 0.01400000 -0.12929800 0.00342800
v 0.01400000 -0.12929800 0.00342800
v 0.01400000 -0.12929800 0.00342800
v 0.01400000 -0.12785800 0.00276800
v 0.01400000 -0.12785800 0.00276800
v 0.01400000 -0.12685700 0.00154100
v 0.01400000 -0.12685700 0.00154100
v 0.01400000 -0.12649800 -0.00000100
v 0.01400000 -0.12649800 -0.00000100
v 0.01400000 -0.12685700 -0.00154400
v 0.01400000 -0.12685700 -0.00154400
v 0.01400000 -0.12785800 -0.00277100
v 0.01400000 -0.12785800 -0.00277100
v 0.01300000 -0.12929800 -0.00343000
v 0.01300000 -0.12929800 -0.00343000
v 0.01300000 -0.12929800 -0.00343000
v 0.01300000 -0.12976400 -0.00349300
v 0.01300000 -0.12976400 -0.00349300
v 0.01300000 -0.13023300 -0.00349300
v 0.01300000 -0.13023300 -0.00349300
v 0.01400000 -0.12929800 -0.00343000
v 0.01400000 -0.12929800 -0.00343000
v 0.01400000 -0.12929800 -0.00343000
v 0.01438700 -0.13069800 0.00334800
v 0.01438700 -0.13069800 0.00334800
v 0.01450000 -0.13205600 0.00266200
v 0.01471300 -0.13069800 0.00312300
v 0.01471300 -0.13069800 0.00312300
v 0.01486600 -0.13183300 0.00237300
v 0.01492600 -0.13069800 0.00278900
v 0.01492600 -0.13069800 0.00278900
v 0.01500000 -0.13069800 0.00239900
v 0.01500000 -0.13069800 0.00239900
v 0.01500000 -0.13069800 0.00239900
v 0.01500000 -0.13178900 0.00174300
v 0.01500000 -0.13178900 0.00174300
v 0.01486600 -0.13269100 0.00132100
v 0.01500000 -0.13241600 0.00063500
v 0.01500000 -0.13241600 0.00063500
v 0.01486600 -0.13299800 -0.00000100
v 0.01500000 -0.13241600 -0.00063800
v 0.01500000 -0.13241600 -0.00063800
v 0.01486600 -0.13269100 -0.00132400
v 0.01500000 -0.13178900 -0.00174600
v 0.01500000 -0.13178900 -0.00174600
v 0.01486600 -0.13183300 -0.00237500
v 0.01500000 -0.13069800 -0.00240100
v 0.01500000 -0.13069800 -0.00240100
v 0.01500000 -0.13069800 -0.00240100
v 0.01492600 -0.13069800 -0.00279100
v 0.01492600 -0.13069800 -0.00279100
v 0.01471300 -0.13069800 -0.00312500
v 0.01471300 -0.13069800 -0.00312500
v 0.01450000 -0.13205600 -0.00266500
v 0.01438700 -0.13069800 -0.00335100
v 0.01438700 -0.13069800 -0.00335100
v 0.01450000 -0.13302000 0.00148200
v 0.01450000 -0.13336400 -0.00000100
v 0.01450000 -0.13302000 -0.00148500
v 0.01438700 -0.12929800 -0.00335100
v 0.01438700 -0.12929800 -0.00335100
v 0.01438700 -0.12929800 0.00334800
v 0.01438700 -0.12929800 0.00334800
v 0.01471300 -0.12929800 -0.00312500
v 0.01471300 -0.12929800 -0.00312500
v 0.01500000 -0.12929800 0.00239900
v 0.01500000 -0.12929800 0.00239900
v 0.01500000 -0.12929800 0.00239900
v 0.01471300 -0.12929800 0.00312300
v 0.01471300 -0.12929800 0.00312300
v 0.01492600 -0.12929800 -0.00279100
v 0.01492600 -0.12929800 -0.00279100
v 0.01500000 -0.12929800 -0.00240100
v 0.01500000 -0.12929800 -0.00240100
v 0.01500000 -0.12929800 -0.00240100
v 0.01492600 -0.12929800 0.00278800
v 0.01492600 -0.12929800 0.00278800
v 0.01486600 -0.12816400 0.00237300
v 0.01500000 -0.12820700 0.00174300
v 0.01500000 -0.12820700 0.00174300
v 0.01486600 -0.12730600 0.00132100
v 0.01500000 -0.12758100 0.00063500
v 0.01500000 -0.12758100 0.00063500
v 0.01486600 -0.12699800 -0.00000100
v 0.01500000 -0.12758100 -0.00063800
v 0.01500000 -0.12758100 -0.00063800
v 0.01486600 -0.12730600 -0.00132400
v 0.01500000 -0.12820700 -0.00174600
v 0.01500000 -0.12820700 -0.00174600
v 0.01486600 -0.12816400 -0.00237500
v 0.01450000 -0.12794000 -0.00266500
v 0.01450000 -0.12697700 -0.00148500
v 0.01450000 -0.12663200 -0.00000100
v 0.01450000 -0.12697700 0.00148200
v 0.01450000 -0.12794000 0.00266200
v -0.01300000 -0.13069800 0.00342800
v -0.01300000 -0.13069800 0.00342800
v -0.01300000 -0.13069800 0.00342800
v -0.01300000 -0.13023300 0.00349100
v -0.01300000 -0.13023300 0.00349100
v -0.01300000 -0.13069800 -0.00343000
v -0.01300000 -0.13069800 -0.00343000
v -0.01300000 -0.13069800 -0.00343000
v -0.01300000 -0.13023300 -0.00349300
v -0.01300000 -0.13023300 -0.00349300
v -0.01300000 -0.12976400 0.00349100
v -0.01300000 -0.12976400 0.00349100
v -0.01300000 -0.12976400 -0.00349300
v -0.01300000 -0.12976400 -0.00349300
v -0.01300000 -0.12929800 -0.00343000
v -0.01300000 -0.12929800 -0.00343000
v -0.01300000 -0.12929800 -0.00343000
v -0.01300000 -0.12929800 0.00342800
v -0.01300000 -0.12929800 0.00342800
v -0.01300000 -0.12929800 0.00342800
v -0.01500000 -0.13069800 0.00239900
v -0.01500000 -0.13069800 0.00239900
v -0.01500000 -0.13069800 0.00239900
v -0.01500000 -0.13069800 -0.00240100
v -0.01500000 -0.13069800 -0.00240100
v -0.01500000 -0.13069800 -0.00240100
v -0.01500000 -0.13178900 0.00174300
v -0.01500000 -0.13178900 0.00174300
v -0.01500000 -0.13178900 -0.00174600
v -0.01500000 -0.13178900 -0.00174600
v -0.01500000 -0.13241600 -0.00063800
v -0.01500000 -0.13241600 -0.00063800
v -0.01500000 -0.13241600 0.00063500
v -0.01500000 -0.13241600 0.00063500
v -0.01492600 -0.13069800 -0.00279100
v -0.01492600 -0.13069800 -0.00279100
v -0.01471300 -0.13069800 -0.00312500
v -0.01471300 -0.13069800 -0.00312500
v -0.01438700 -0.13069800 -0.00335100
v -0.01438700 -0.13069800 -0.00335100
v -0.01471300 -0.13069800 0.00312300
v -0.01471300 -0.13069800 0.00312300
v -0.01438700 -0.13069800 0.00334800
v -0.01438700 -0.13069800 0.00334800
v -0.01492600 -0.13069800 0.00278800
v -0.01492600 -0.13069800 0.00278800
v -0.01400000 -0.13069800 -0.00343000
v -0.01400000 -0.13069800 -0.00343000
v -0.01400000 -0.13069800 -0.00343000
v -0.01400000 -0.13069800 0.00342800
v -0.01400000 -0.13069800 0.00342800
v -0.01400000 -0.13069800 0.00342800
v -0.01400000 -0.13213800 -0.00277100
v -0.01400000 -0.13213800 -0.00277100
v -0.01450000 -0.13205600 -0.00266500
v -0.01486600 -0.13183300 -0.00237500
v -0.01486600 -0.13269100 -0.00132400
v -0.01486600 -0.13299800 -0.00000100
v -0.01486600 -0.13269100 0.00132100
v -0.01486600 -0.13183300 0.00237300
v -0.01450000 -0.13205600 0.00266200
v -0.01400000 -0.13213800 0.00276800
v -0.01400000 -0.13213800 0.00276800
v -0.01400000 -0.13314000 0.00154100
v -0.01400000 -0.13314000 0.00154100
v -0.01450000 -0.13302000 0.00148200
v -0.01400000 -0.13349800 -0.00000100
v -0.01400000 -0.13349800 -0.00000100
v -0.01400000 -0.13349800 -0.00000100
v -0.01450000 -0.13336400 -0.00000100
v -0.01400000 -0.13314000 -0.00154400
v -0.01400000 -0.13314000 -0.00154400
v -0.01450000 -0.13302000 -0.00148500
v -0.01500000 -0.12929800 0.00239900
v -0.01500000 -0.12929800 0.00239900
v -0.01500000 -0.12929800 0.00239900
v -0.01500000 -0.12820700 0.00174300
v -0.01500000 -0.12820700 0.00174300
v -0.01500000 -0.12929800 -0.00240100
v -0.01500000 -0.12929800 -0.00240100
v -0.01500000 -0.12929800 -0.00240100
v -0.01500000 -0.12820700 -0.00174600
v -0.01500000 -0.12820700 -0.00174600
v -0.01500000 -0.12758100 -0.00063800
v -0.01500000 -0.12758100 -0.00063800
v -0.01500000 -0.12758100 0.00063500
v -0.01500000 -0.12758100 0.00063500
v -0.01492600 -0.12929800 0.00278800
v -0.01492600 -0.12929800 0.00278800
v -0.01471300 -0.12929800 0.00312300
v -0.01471300 -0.12929800 0.00312300
v -0.01438700 -0.12929800 0.00334800
v -0.01438700 -0.12929800 0.00334800
v -0.01471300 -0.12929800 -0.00312500
v -0.01471300 -0.12929800 -0.00312500
v -0.01438700 -0.12929800 -0.00335100
v -0.01438700 -0.12929800 -0.00335100
v -0.01492600 -0.12929800 -0.00279100
v -0.01492600 -0.12929800 -0.00279100
v -0.01400000 -0.12929800 0.00342800
v -0.01400000 -0.12929800 0.00342800
v -0.01400000 -0.12929800 0.00342800
v -0.01400000 -0.12929800 -0.00343000
v -0.01400000 -0.12929800 -0.00343000
v -0.01400000 -0.12929800 -0.00343000
v -0.01400000 -0.12785800 -0.00277100
v -0.01400000 -0.12785800 -0.00277100
v -0.01400000 -0.12685700 -0.00154400
v -0.01400000 -0.12685700 -0.00154400
v -0.01400000 -0.12649800 -0.00000100
v -0.01400000 -0.12649800 -0.00000100
v -0.01400000 -0.12685700 0.00154100
v -0.01400000 -0.12685700 0.00154100
v -0.01400000 -0.12785800 0.00276800
v -0.01400000 -0.12785800 0.00276800
v -0.01450000 -0.12794000 0.00266200
v -0.01486600 -0.12816400 0.00237300
v -0.01486600 -0.12730600 0.00132100
v -0.01486600 -0.12699800 -0.00000100
v -0.01486600 -0.12730600 -0.00132400
v -0.01486600 -0.12816400 -0.00237500
v -0.01450000 -0.12794000 -0.00266500
v -0.01450000 -0.12697700 -0.00148500
v -0.01450000 -0.12663200 -0.00000100
v -0.01450000 -0.12697700 0.00148200
v 0.00796300 0.13184500 -0.00076800
v 0.00796300 0.13184500 -0.00076800
v 0.00800000 0.13199800 -0.00000100
v 0.00800000 0.13199800 -0.00000100
v 0.00800000 0.13199800 -0.00000100
v 0.00800000 0.14999800 -0.00000100
v 0.00800000 0.14999800 -0.00000100
v 0.00800000 0.14999800 -0.00000100
v 0.00796300 0.13184500 0.00076600
v 0.00796300 0.13184500 0.00076600
v 0.00787400 0.13141200 0.00141300
v 0.00787400 0.13141200 0.00141300
v 0.00778400 0.13076500 0.00184600
v 0.00778400 0.13076500 0.00184600
v 0.00692800 0.14999800 0.00399900
v 0.00692800 0.14999800 0.00399900
v 0.00774600 0.12999800 0.00199900
v 0.00774600 0.12999800 0.00199900
v 0.00692800 0.10999900 0.00399900
v 0.00692800 0.10999900 0.00399900
v 0.00778400 0.12923200 0.00184600
v 0.00778400 0.12923200 0.00184600
v 0.00800000 0.10999900 -0.00000100
v 0.00800000 0.10999900 -0.00000100
v 0.00800000 0.10999900 -0.00000100
v 0.00787400 0.12858400 0.00141300
v 0.00787400 0.12858400 0.00141300
v 0.00796300 0.12815100 0.00076600
v 0.00796300 0.12815100 0.00076600
v 0.00800000 0.12799800 -0.00000100
v 0.00800000 0.12799800 -0.00000100
v 0.00800000 0.12799800 -0.00000100
v 0.00800000 0.12799800 -0.00000100
v 0.00796300 0.12815100 -0.00076800
v 0.00796300 0.12815100 -0.00076800
v 0.00787400 0.12858400 -0.00141500
v 0.00787400 0.12858400 -0.00141500
v 0.00778400 0.12923200 -0.00184800
v 0.00778400 0.12923200 -0.00184800
v 0.00774600 0.12999800 -0.00200100
v 0.00774600 0.12999800 -0.00200100
v 0.00692800 0.10999900 -0.00400100
v 0.00692800 0.10999900 -0.00400100
v 0.00692800 0.14999800 -0.00400100
v 0.00692800 0.14999800 -0.00400100
v 0.00400000 0.10999900 -0.00692900
v 0.00400000 0.10999900 -0.00692900
v 0.00400000 0.14999800 -0.00692900
v 0.00400000 0.14999800 -0.00692900
v 0.00000000 0.10999900 -0.00800100
v 0.00000000 0.10999900 -0.00800100
v 0.00000000 0.14999800 -0.00800100
v 0.00000000 0.14999800 -0.00800100
v -0.00400000 0.10999900 -0.00692900
v -0.00400000 0.10999900 -0.00692900
v -0.00400000 0.14999800 -0.00692900
v -0.00400000 0.14999800 -0.00692900
v -0.00692800 0.10999900 -0.00400100
v -0.00692800 0.10999900 -0.00400100
v -0.00692800 0.14999800 -0.00400100
v -0.00692800 0.14999800 -0.00400100
v -0.00774600 0.12999800 -0.00200100
v -0.00774600 0.12999800 -0.00200100
v -0.00778400 0.13076500 -0.00184800
v -0.00778400 0.13076500 -0.00184800
v -0.00800000 0.14999800 -0.00000100
v -0.00800000 0.14999800 -0.00000100
v -0.00787400 0.13141200 -0.00141500
v -0.00787400 0.13141200 -0.00141500
v -0.00796300 0.13184500 -0.00076800
v -0.00796300 0.13184500 -0.00076800
v -0.00800000 0.13199800 -0.00000100
v -0.00800000 0.13199800 -0.00000100
v -0.00796300 0.13184500 0.00076600
v -0.00796300 0.13184500 0.00076600
v -0.00787400 0.13141200 0.00141300
v -0.00787400 0.13141200 0.00141300
v -0.00778400 0.13076500 0.00184600
v -0.00778400 0.13076500 0.00184600
v -0.00774600 0.12999800 0.00199900
v -0.00774600 0.12999800 0.00199900
v -0.00692800 0.14999800 0.00399900
v -0.00692800 0.14999800 0.00399900
v -0.00692800 0.10999900 0.00399900
v -0.00692800 0.10999900 0.00399900
v -0.00400000 0.10999900 0.00692700
v -0.00400000 0.10999900 0.00692700
v -0.00400000 0.14999800 0.00692700
v -0.00400000 0.14999800 0.00692700
v 0.00000000 0.10999900 0.00799900
v 0.00000000 0.10999900 0.00799900
v 0.00000000 0.14999800 0.00799900
v 0.00000000 0.14999800 0.00799900
v 0.00400000 0.10999900 0.00692700
v 0.00400000 0.10999900 0.00692700
v 0.00400000 0.14999800 0.00692700
v 0.00400000 0.14999800 0.00692700
v 0.00778400 0.13076500 -0.00184800
v 0.00778400 0.13076500 -0.00184800
v 0.00787400 0.13141200 -0.00141500
v 0.00787400 0.13141200 -0.00141500
v -0.00800000 0.10999900 -0.00000100
v -0.00800000 0.10999900 -0.00000100
v -0.00778400 0.12923200 0.00184600
v -0.00778400 0.12923200 0.00184600
v -0.00787400 0.12858400 0.00141300
v -0.00787400 0.12858400 0.00141300
v -0.00796300 0.12815100 0.00076600
v -0.00796300 0.12815100 0.00076600
v -0.00800000 0.12799800 -0.00000100
v -0.00800000 0.12799800 -0.00000100
v -0.00800000 0.12799800 -0.00000100
v -0.00796300 0.12815100 -0.00076800
v -0.00796300 0.12815100 -0.00076800
v -0.00787400 0.12858400 -0.00141500
v -0.00787400 0.12858400 -0.00141500
v -0.00778400 0.12923200 -0.00184800
v -0.00778400 0.12923200 -0.00184800
v -0.01559800 0.10999900 -0.01050100
v -0.01559800 0.10999900 -0.01050100
v -0.01300000 0.10999900 -0.01200100
v -0.01300000 0.10999900 -0.01200100
v -0.01300000 0.10999900 -0.01200100
v -0.01600000 0.10999900 -0.00900100
v -0.01600000 0.10999900 -0.00900100
v -0.01600000 0.10999900 -0.00900100
v -0.01450000 0.10999900 -0.01159900
v -0.01450000 0.10999900 -0.01159900
v 0.01300000 0.10999900 -0.01200100
v 0.01300000 0.10999900 -0.01200100
v 0.01300000 0.10999900 -0.01200100
v 0.01450000 0.10999900 -0.01159900
v 0.01450000 0.10999900 -0.01159900
v 0.01559800 0.10999900 -0.01050100
v 0.01559800 0.10999900 -0.01050100
v 0.01600000 0.10999900 -0.00900100
v 0.01600000 0.10999900 -0.00900100
v 0.01600000 0.10999900 -0.00900100
v 0.01600000 0.10999900 0.00899900
v 0.01600000 0.10999900 0.00899900
v 0.01600000 0.10999900 0.00899900
v 0.01300000 0.10999900 0.01199900
v 0.01300000 0.10999900 0.01199900
v 0.01300000 0.10999900 0.01199900
v -0.01300000 0.10999900 0.01199900
v -0.01300000 0.10999900 0.01199900
v -0.01300000 0.10999900 0.01199900
v -0.01600000 0.10999900 0.00899900
v -0.01600000 0.10999900 0.00899900
v -0.01600000 0.10999900 0.00899900
v 0.01559800 0.10999900 0.01049900
v 0.01559800 0.10999900 0.01049900
v 0.01450000 0.10999900 0.01159700
v 0.01450000 0.10999900 0.01159700
v -0.01450000 0.10999900 0.01159700
v -0.01450000 0.10999900 0.01159700
v -0.01559800 0.10999900 0.01049900
v -0.01559800 0.10999900 0.01049900
v 0.01300000 0.14999800 -0.01200100
v 0.01300000 0.14999800 -0.01200100
v 0.01300000 0.14999800 -0.01200100
v 0.01450000 0.12999800 -0.01159900
v 0.01450000 0.14999800 -0.01159900
v 0.01450000 0.14999800 -0.01159900
v 0.01559800 0.12999800 -0.01050100
v 0.01559800 0.14999800 -0.01050100
v 0.01559800 0.14999800 -0.01050100
v 0.01600000 0.14999800 -0.00900100
v 0.01600000 0.14999800 -0.00900100
v 0.01600000 0.14999800 -0.00900100
v -0.00520300 0.13853800 0.01881800
v -0.00520300 0.13853800 0.01881800
v -0.00520300 0.13853800 0.01199900
v -0.00520300 0.13853800 0.01199900
v -0.00877600 0.13479300 0.01881800
v -0.00877600 0.13479300 0.01881800
v -0.00877600 0.13479300 0.01881800
v -0.00877600 0.13479300 0.01881800
v -0.00877600 0.13479300 0.01199900
v -0.00877600 0.13479300 0.01199900
v -0.00877600 0.13479300 0.01199900
v -0.00999700 0.12976200 0.01881800
v -0.00999700 0.12976200 0.01881800
v -0.00999700 0.12976200 0.01199900
v -0.00999700 0.12976200 0.01199900
v -0.00854000 0.12479500 0.01881800
v -0.00854000 0.12479500 0.01881800
v -0.00854000 0.12479500 0.01199900
v -0.00854000 0.12479500 0.01199900
v -0.00479400 0.12122300 0.01881800
v -0.00479400 0.12122300 0.01881800
v -0.00479400 0.12122300 0.01199900
v -0.00479400 0.12122300 0.01199900
v 0.00023600 0.12000100 0.01881800
v 0.00023600 0.12000100 0.01881800
v 0.00023600 0.12000100 0.01199900
v 0.00023600 0.12000100 0.01199900
v 0.00520300 0.12145900 0.01881800
v 0.00520300 0.12145900 0.01881800
v 0.00520300 0.12145900 0.01199900
v 0.00520300 0.12145900 0.01199900
v 0.00877600 0.12520400 0.01881800
v 0.00877600 0.12520400 0.01881800
v 0.00877600 0.12520400 0.01199900
v 0.00877600 0.12520400 0.01199900
v 0.00999700 0.13023400 0.01881800
v 0.00999700 0.13023400 0.01881800
v 0.00999700 0.13023400 0.01199900
v 0.00999700 0.13023400 0.01199900
v 0.00854000 0.13520100 0.01881800
v 0.00854000 0.13520100 0.01881800
v 0.00854000 0.13520100 0.01199900
v 0.00854000 0.13520100 0.01199900
v 0.00479400 0.13877400 0.01881800
v 0.00479400 0.13877400 0.01881800
v 0.00479400 0.13877400 0.01199900
v 0.00479400 0.13877400 0.01199900
v -0.00023600 0.13999500 0.01881800
v -0.00023600 0.13999500 0.01881800
v -0.00023600 0.13999500 0.01199900
v -0.00023600 0.13999500 0.01199900
v -0.01355900 0.13069300 0.02362200
v -0.01191500 0.13650700 0.02362200
v -0.01191500 0.13650700 0.02362200
v -0.00791100 0.14103200 0.02362200
v -0.01315500 0.13718500 0.02944200
v -0.01315500 0.13718500 0.02944200
v -0.00873400 0.14218100 0.02944200
v -0.01229700 0.13671600 0.03535100
v -0.01229700 0.13671600 0.03535100
v -0.00816400 0.14138600 0.03535100
v -0.00947900 0.13517700 0.04040600
v -0.00947900 0.13517700 0.04040600
v -0.00629400 0.13877700 0.04040600
v -0.00515000 0.13281200 0.04380300
v -0.00515000 0.13281200 0.04380300
v -0.00341900 0.13476800 0.04380300
v 0.00000000 0.12999800 0.04499800
v 0.00000000 0.12999800 0.04499800
v 0.00000000 0.12999800 0.04499800
v 0.00000000 0.12999800 0.04499800
v 0.00000000 0.12999800 0.04499800
v 0.00000000 0.12999800 0.04499800
v 0.00000000 0.12999800 0.04499800
v 0.00000000 0.12999800 0.04499800
v 0.00000000 0.12999800 0.04499800
v 0.00000000 0.12999800 0.04499800
v 0.00000000 0.12999800 0.04499800
v 0.00000000 0.12999800 0.04499800
v 0.00000000 0.12999800 0.04499800
v 0.00000000 0.12999800 0.04499800
v -0.01251800 0.12474100 0.02362200
v -0.00899700 0.11983100 0.02362200
v -0.00369500 0.11693400 0.02362200
v 0.00234000 0.11662500 0.02362200
v 0.00791100 0.11896400 0.02362200
v 0.01191500 0.12348900 0.02362200
v 0.01355900 0.12930300 0.02362200
v 0.01497000 0.12923100 0.02944200
v 0.01382000 0.13580200 0.02944200
v 0.01291900 0.13542400 0.03535100
v 0.00928600 0.14049200 0.03535100
v 0.00715800 0.13808700 0.04040600
v 0.00293900 0.14039200 0.04040600
v 0.00159700 0.13564500 0.04380300
v -0.00101100 0.13577900 0.04380300
v 0.01251800 0.13525500 0.02362200
v 0.00993300 0.14122400 0.02944200
v 0.00381300 0.14348200 0.03535100
v -0.00186100 0.14063800 0.04040600
v 0.00899700 0.14016600 0.02362200
v 0.00407900 0.14442200 0.02944200
v -0.00241500 0.14380100 0.03535100
v 0.00369500 0.14306300 0.02362200
v -0.00258300 0.14476400 0.02944200
v -0.00234000 0.14337200 0.02362200
v 0.00388900 0.13439300 0.04380300
v 0.00541100 0.13227100 0.04380300
v 0.00586100 0.12969800 0.04380300
v 0.00515000 0.12718500 0.04380300
v 0.00341900 0.12522900 0.04380300
v 0.00101100 0.12421800 0.04380300
v -0.00159700 0.12435100 0.04380300
v -0.00388900 0.12560300 0.04380300
v -0.00541100 0.12772600 0.04380300
v -0.00586100 0.13029900 0.04380300
v -0.01497000 0.13076500 0.02944200
v -0.01382000 0.12419400 0.02944200
v -0.00993300 0.11877300 0.02944200
v -0.00407900 0.11557500 0.02944200
v 0.00258300 0.11523300 0.02944200
v 0.00873400 0.11781600 0.02944200
v 0.01315500 0.12281200 0.02944200
v -0.01399400 0.13071500 0.03535100
v -0.01291900 0.12457300 0.03535100
v -0.00928600 0.11950400 0.03535100
v -0.00381300 0.11651500 0.03535100
v 0.00241500 0.11619600 0.03535100
v 0.00816400 0.11861000 0.03535100
v 0.01229700 0.12328000 0.03535100
v 0.01399400 0.12928100 0.03535100
v -0.01078700 0.13055100 0.04040600
v -0.00995900 0.12581600 0.04040600
v -0.00715800 0.12190900 0.04040600
v -0.00293900 0.11960400 0.04040600
v 0.00186100 0.11935800 0.04040600
v 0.00629400 0.12122000 0.04040600
v 0.00947900 0.12482000 0.04040600
v 0.01078700 0.12944600 0.04040600
v 0.00995900 0.13418100 0.04040600
v -0.00764700 0.14499800 -0.01200100
v -0.00764700 0.14499800 -0.01200100
v -0.00764700 0.14499800 -0.01200100
v 0.01000000 0.14499800 -0.01200100
v 0.01000000 0.14499800 -0.01200100
v 0.01000000 0.14499800 -0.01200100
v -0.00682300 0.14299800 -0.03100100
v -0.00682300 0.14299800 -0.03100100
v 0.00600000 0.14099800 -0.05000100
v 0.00600000 0.14099800 -0.05000100
v 0.00600000 0.14099800 -0.05000100
v -0.00600000 0.14099800 -0.05000100
v -0.00600000 0.14099800 -0.05000100
v -0.00600000 0.14099800 -0.05000100
v 0.01000000 0.11499900 -0.01200100
v 0.01000000 0.11499900 -0.01200100
v 0.01000000 0.11499900 -0.01200100
v 0.00600000 0.11899800 -0.05000100
v 0.00600000 0.11899800 -0.05000100
v 0.00600000 0.11899800 -0.05000100
v -0.01000000 0.11499900 -0.01200100
v -0.01000000 0.11499900 -0.01200100
v -0.01000000 0.11499900 -0.01200100
v -0.00600000 0.11899800 -0.05000100
v -0.00600000 0.11899800 -0.05000100
v -0.00600000 0.11899800 -0.05000100
v -0.01000000 0.14499800 -0.01200100
v -0.01000000 0.14499800 -0.01200100
v -0.01000000 0.14499800 -0.01200100
v -0.00800000 0.14219800 -0.03100100
v -0.00800000 0.14219800 -0.03100100
v -0.00700000 0.14079800 -0.04050100
v -0.00700000 0.14079800 -0.04050100
v -0.00600000 0.13939800 -0.05000100
v -0.00600000 0.13939800 -0.05000100
v -0.00600000 0.13939800 -0.05000100
v -0.00811800 0.14379800 -0.02150100
v -0.00741200 0.14259800 -0.03100100
v -0.00670600 0.14139800 -0.04050100
v 0.00750000 0.11749800 -0.05000100
v 0.00750000 0.11749800 -0.05000100
v 0.00750000 0.11749800 -0.05000100
v -0.00750000 0.11749800 -0.05000100
v -0.00750000 0.11749800 -0.05000100
v -0.00750000 0.11749800 -0.05000100
v 0.00750000 0.14249800 -0.05000100
v 0.00750000 0.14249800 -0.05000100
v 0.00750000 0.14249800 -0.05000100
v -0.00661800 0.14249800 -0.05000100
v -0.00661800 0.14249800 -0.05000100
v -0.00661800 0.14249800 -0.05000100
v -0.00750000 0.14249800 -0.05000100
v -0.00750000 0.14249800 -0.05000100
v -0.00750000 0.14249800 -0.05000100
v -0.00321700 0.12178200 -0.07000000
v -0.00321700 0.12178200 -0.07000000
v -0.00321700 0.12178200 -0.07000000
v -0.00321700 0.13821500 -0.07000000
v -0.00321700 0.13821500 -0.07000000
v -0.00321700 0.13821500 -0.07000000
v 0.00321700 0.12178200 -0.07000000
v 0.00321700 0.12178200 -0.07000000
v 0.00321700 0.12178200 -0.07000000
v 0.00321700 0.13821500 -0.07000000
v 0.00321700 0.13821500 -0.07000000
v 0.00321700 0.13821500 -0.07000000
v -0.00620800 0.14056000 -0.06722500
v -0.00620800 0.14056000 -0.06722500
v -0.00620800 0.14056000 -0.06722500
v -0.00618400 0.14058300 -0.06744300
v -0.00618400 0.14058300 -0.06744300
v -0.00620800 0.11879000 -0.06722500
v -0.00620800 0.11879000 -0.06722500
v -0.00620800 0.11879000 -0.06722500
v -0.00620800 0.11879000 -0.06722500
v -0.00614900 0.14069300 -0.06763200
v -0.00614900 0.14069300 -0.06763200
v -0.00591900 0.11907900 -0.06830200
v -0.00591900 0.11907900 -0.06830200
v -0.00607600 0.14107400 -0.06790900
v -0.00607600 0.14107400 -0.06790900
v -0.00607600 0.14107400 -0.06790900
v -0.00565200 0.14065000 -0.06875200
v -0.00565200 0.14065000 -0.06875200
v -0.00525700 0.11974100 -0.06920000
v -0.00525700 0.11974100 -0.06920000
v -0.00498800 0.13998600 -0.06942200
v -0.00498800 0.13998600 -0.06942200
v -0.00431200 0.12068600 -0.06979300
v -0.00431200 0.12068600 -0.06979300
v -0.00608600 0.14120600 -0.06722500
v -0.00608600 0.14120600 -0.06722500
v -0.00608600 0.14120600 -0.06722500
v 0.00620800 0.14120600 -0.06722500
v 0.00620800 0.14120600 -0.06722500
v 0.00620800 0.14120600 -0.06722500
v 0.00620800 0.14120600 -0.06722500
v 0.00591900 0.14091800 -0.06830200
v 0.00591900 0.14091800 -0.06830200
v 0.00525700 0.14025500 -0.06920000
v 0.00525700 0.14025500 -0.06920000
v 0.00431200 0.13931100 -0.06979300
v 0.00431200 0.13931100 -0.06979300
v 0.00620800 0.11879000 -0.06722500
v 0.00620800 0.11879000 -0.06722500
v 0.00620800 0.11879000 -0.06722500
v 0.00620800 0.11879000 -0.06722500
v 0.00591900 0.11907900 -0.06830200
v 0.00591900 0.11907900 -0.06830200
v 0.00525700 0.11974100 -0.06920000
v 0.00525700 0.11974100 -0.06920000
v 0.00431200 0.12068600 -0.06979300
v 0.00431200 0.12068600 -0.06979300
v -0.00685400 0.14152900 -0.05861300
v -0.00685400 0.14152900 -0.05861300
v -0.00635200 0.14185200 -0.05861300
v -0.00635200 0.14185200 -0.05861300
v -0.00632000 0.14119000 -0.06395500
v -0.00652900 0.14156100 -0.06000000
v -0.00679400 0.14202900 -0.05500100
v -0.01600000 0.14999800 -0.00900100
v -0.01600000 0.14999800 -0.00900100
v -0.01600000 0.14999800 -0.00900100
v -0.01559800 0.12999800 -0.01050100
v -0.01559800 0.14999800 -0.01050100
v -0.01559800 0.14999800 -0.01050100
v -0.01450000 0.12999800 -0.01159900
v -0.01450000 0.14999800 -0.01159900
v -0.01450000 0.14999800 -0.01159900
v -0.01300000 0.14999800 -0.01200100
v -0.01300000 0.14999800 -0.01200100
v -0.01300000 0.14999800 -0.01200100
v -0.01300000 0.14999800 0.01199900
v -0.01300000 0.14999800 0.01199900
v -0.01300000 0.14999800 0.01199900
v 0.01300000 0.14999800 0.01199900
v 0.01300000 0.14999800 0.01199900
v 0.01300000 0.14999800 0.01199900
v -0.01450000 0.12999800 0.01159700
v -0.01450000 0.14999800 0.01159700
v -0.01450000 0.14999800 0.01159700
v -0.01559800 0.12999800 0.01049900
v -0.01559800 0.14999800 0.01049900
v -0.01559800 0.14999800 0.01049900
v -0.01600000 0.14999800 0.00899900
v -0.01600000 0.14999800 0.00899900
v -0.01600000 0.14999800 0.00899900
v 0.01600000 0.14999800 0.00899900
v 0.01600000 0.14999800 0.00899900
v 0.01600000 0.14999800 0.00899900
v 0.01559800 0.12999800 0.01049900
v 0.01559800 0.14999800 0.01049900
v 0.01559800 0.14999800 0.01049900
v 0.01450000 0.12999800 0.01159700
v 0.01450000 0.14999800 0.01159700
v 0.01450000 0.14999800 0.01159700
v 0.01600000 0.13399800 -0.00000100
v 0.01600000 0.13399800 -0.00000100
v 0.01600000 0.13346200 -0.00200100
v 0.01600000 0.13346200 -0.00200100
v 0.01600000 0.13199800 -0.00346500
v 0.01600000 0.13199800 -0.00346500
v 0.01600000 0.12999800 0.00399900
v 0.01600000 0.12999800 0.00399900
v 0.01600000 0.13199800 0.00346300
v 0.01600000 0.13199800 0.00346300
v 0.01600000 0.13346200 0.00199900
v 0.01600000 0.13346200 0.00199900
v 0.01600000 0.12599800 -0.00000100
v 0.01600000 0.12599800 -0.00000100
v 0.01600000 0.12599800 -0.00000100
v 0.01600000 0.12653400 0.00199900
v 0.01600000 0.12653400 0.00199900
v 0.01600000 0.12799800 0.00346300
v 0.01600000 0.12799800 0.00346300
v 0.01600000 0.12999800 -0.00400100
v 0.01600000 0.12999800 -0.00400100
v 0.01600000 0.12799800 -0.00346500
v 0.01600000 0.12799800 -0.00346500
v 0.01600000 0.12653400 -0.00200100
v 0.01600000 0.12653400 -0.00200100
v 0.01100000 0.13173000 0.00099900
v 0.01100000 0.13173000 0.00099900
v 0.01100000 0.13199800 -0.00000100
v 0.01100000 0.13199800 -0.00000100
v 0.01100000 0.13099800 0.00173100
v 0.01100000 0.13099800 0.00173100
v 0.01100000 0.12999800 0.00199900
v 0.01100000 0.12999800 0.00199900
v 0.01100000 0.12899800 0.00173100
v 0.01100000 0.12899800 0.00173100
v 0.01100000 0.12826600 0.00099900
v 0.01100000 0.12826600 0.00099900
v 0.01100000 0.12799800 -0.00000100
v 0.01100000 0.12799800 -0.00000100
v 0.01100000 0.12799800 -0.00000100
v 0.01100000 0.12826600 -0.00100100
v 0.01100000 0.12826600 -0.00100100
v 0.01100000 0.12899800 -0.00173300
v 0.01100000 0.12899800 -0.00173300
v 0.01100000 0.12999800 -0.00200100
v 0.01100000 0.12999800 -0.00200100
v 0.01100000 0.13099800 -0.00173300
v 0.01100000 0.13099800 -0.00173300
v 0.01100000 0.13173000 -0.00100100
v 0.01100000 0.13173000 -0.00100100
v 0.01100000 0.12653400 0.00199900
v 0.01100000 0.12653400 0.00199900
v 0.01100000 0.12599800 -0.00000100
v 0.01100000 0.12599800 -0.00000100
v 0.01100000 0.12599800 -0.00000100
v 0.01100000 0.12653400 -0.00200100
v 0.01100000 0.12653400 -0.00200100
v 0.01100000 0.12799800 -0.00346500
v 0.01100000 0.12799800 -0.00346500
v 0.01100000 0.12999800 -0.00400100
v 0.01100000 0.12999800 -0.00400100
v 0.01100000 0.13199800 -0.00346500
v 0.01100000 0.13199800 -0.00346500
v 0.01100000 0.13346200 -0.00200100
v 0.01100000 0.13346200 -0.00200100
v 0.01100000 0.13399800 -0.00000100
v 0.01100000 0.13399800 -0.00000100
v 0.01100000 0.13346200 0.00199900
v 0.01100000 0.13346200 0.00199900
v 0.01100000 0.13199800 0.00346300
v 0.01100000 0.13199800 0.00346300
v 0.01100000 0.12999800 0.00399900
v 0.01100000 0.12999800 0.00399900
v 0.01100000 0.12799800 0.00346300
v 0.01100000 0.12799800 0.00346300
v -0.01100000 0.13173000 -0.00100100
v -0.01100000 0.13173000 -0.00100100
v -0.01100000 0.13199800 -0.00000100
v -0.01100000 0.13199800 -0.00000100
v -0.01100000 0.13099800 -0.00173300
v -0.01100000 0.13099800 -0.00173300
v -0.01100000 0.12999800 -0.00200100
v -0.01100000 0.12999800 -0.00200100
v -0.01100000 0.12899800 -0.00173300
v -0.01100000 0.12899800 -0.00173300
v -0.01100000 0.12826600 -0.00100100
v -0.01100000 0.12826600 -0.00100100
v -0.01100000 0.12799800 -0.00000100
v -0.01100000 0.12799800 -0.00000100
v -0.01100000 0.12799800 -0.00000100
v -0.01100000 0.12826600 0.00099900
v -0.01100000 0.12826600 0.00099900
v -0.01100000 0.12899800 0.00173100
v -0.01100000 0.12899800 0.00173100
v -0.01100000 0.12999800 0.00199900
v -0.01100000 0.12999800 0.00199900
v -0.01100000 0.13099800 0.00173100
v -0.01100000 0.13099800 0.00173100
v -0.01100000 0.13173000 0.00099900
v -0.01100000 0.13173000 0.00099900
v -0.01600000 0.12599800 -0.00000100
v -0.01600000 0.12599800 -0.00000100
v -0.01600000 0.12599800 -0.00000100
v -0.01600000 0.12653400 -0.00200100
v -0.01600000 0.12653400 -0.00200100
v -0.01600000 0.12799800 -0.00346500
v -0.01600000 0.12799800 -0.00346500
v -0.01600000 0.12999800 0.00399900
v -0.01600000 0.12999800 0.00399900
v -0.01600000 0.12799800 0.00346300
v -0.01600000 0.12799800 0.00346300
v -0.01600000 0.12653400 0.00199900
v -0.01600000 0.12653400 0.00199900
v -0.01600000 0.13399800 -0.00000100
v -0.01600000 0.13399800 -0.00000100
v -0.01600000 0.13346200 0.00199900
v -0.01600000 0.13346200 0.00199900
v -0.01600000 0.13199800 0.00346300
v -0.01600000 0.13199800 0.00346300
v -0.01600000 0.12999800 -0.00400100
v -0.01600000 0.12999800 -0.00400100
v -0.01600000 0.13199800 -0.00346500
v -0.01600000 0.13199800 -0.00346500
v -0.01600000 0.13346200 -0.00200100
v -0.01600000 0.13346200 -0.00200100
v -0.01100000 0.13346200 0.00199900
v -0.01100000 0.13346200 0.00199900
v -0.01100000 0.13399800 -0.00000100
v -0.01100000 0.13399800 -0.00000100
v -0.01100000 0.13346200 -0.00200100
v -0.01100000 0.13346200 -0.00200100
v -0.01100000 0.13199800 -0.00346500
v -0.01100000 0.13199800 -0.00346500
v -0.01100000 0.12999800 -0.00400100
v -0.01100000 0.12999800 -0.00400100
v -0.01100000 0.12799800 -0.00346500
v -0.01100000 0.12799800 -0.00346500
v -0.01100000 0.12653400 -0.00200100
v -0.01100000 0.12653400 -0.00200100
v -0.01100000 0.12599800 -0.00000100
v -0.01100000 0.12599800 -0.00000100
v -0.01100000 0.12599800 -0.00000100
v -0.01100000 0.12653400 0.00199900
v -0.01100000 0.12653400 0.00199900
v -0.01100000 0.12799800 0.00346300
v -0.01100000 0.12799800 0.00346300
v -0.01100000 0.12999800 0.00399900
v -0.01100000 0.12999800 0.00399900
v -0.01100000 0.13199800 0.00346300
v -0.01100000 0.13199800 0.00346300
v -0.01100000 0.13302900 0.00174900
v -0.01100000 0.13302900 0.00174900
v -0.01100000 0.13173000 0.00099900
v -0.01100000 0.13173000 0.00099900
v -0.01100000 0.13349800 -0.00000100
v -0.01100000 0.13349800 -0.00000100
v -0.01100000 0.13199800 -0.00000100
v -0.01100000 0.13199800 -0.00000100
v -0.01100000 0.13302900 -0.00175100
v -0.01100000 0.13302900 -0.00175100
v -0.01100000 0.13173000 -0.00100100
v -0.01100000 0.13173000 -0.00100100
v -0.01100000 0.13099800 -0.00173300
v -0.01100000 0.13099800 -0.00173300
v -0.01100000 0.13099800 0.00173100
v -0.01100000 0.13099800 0.00173100
v -0.01100000 0.13174800 0.00303000
v -0.01100000 0.13174800 0.00303000
v -0.01100000 0.12999800 0.00199900
v -0.01100000 0.12999800 0.00199900
v -0.01100000 0.12999800 0.00349900
v -0.01100000 0.12999800 0.00349900
v -0.01100000 0.12824800 0.00303000
v -0.01100000 0.12824800 0.00303000
v -0.01100000 0.12899800 0.00173100
v -0.01100000 0.12899800 0.00173100
v -0.01100000 0.12696700 0.00174900
v -0.01100000 0.12696700 0.00174900
v -0.01100000 0.12826600 0.00099900
v -0.01100000 0.12826600 0.00099900
v -0.01100000 0.12649800 -0.00000100
v -0.01100000 0.12649800 -0.00000100
v -0.01100000 0.12649800 -0.00000100
v -0.01100000 0.12799800 -0.00000100
v -0.01100000 0.12799800 -0.00000100
v -0.01100000 0.12799800 -0.00000100
v -0.01100000 0.12826600 -0.00100100
v -0.01100000 0.12826600 -0.00100100
v -0.01100000 0.12696700 -0.00175100
v -0.01100000 0.12696700 -0.00175100
v -0.01100000 0.12899800 -0.00173300
v -0.01100000 0.12899800 -0.00173300
v -0.01100000 0.12824800 -0.00303200
v -0.01100000 0.12824800 -0.00303200
v -0.01100000 0.12999800 -0.00200100
v -0.01100000 0.12999800 -0.00200100
v -0.01100000 0.12999800 -0.00350100
v -0.01100000 0.12999800 -0.00350100
v -0.01100000 0.13174800 -0.00303200
v -0.01100000 0.13174800 -0.00303200
v 0.01100000 0.12696700 0.00174900
v 0.01100000 0.12696700 0.00174900
v 0.01100000 0.12826600 0.00099900
v 0.01100000 0.12826600 0.00099900
v 0.01100000 0.12649800 -0.00000100
v 0.01100000 0.12649800 -0.00000100
v 0.01100000 0.12649800 -0.00000100
v 0.01100000 0.12799800 -0.00000100
v 0.01100000 0.12799800 -0.00000100
v 0.01100000 0.12799800 -0.00000100
v 0.01100000 0.12696700 -0.00175100
v 0.01100000 0.12696700 -0.00175100
v 0.01100000 0.12826600 -0.00100100
v 0.01100000 0.12826600 -0.00100100
v 0.01100000 0.12899800 -0.00173300
v 0.01100000 0.12899800 -0.00173300
v 0.01100000 0.12899800 0.00173100
v 0.01100000 0.12899800 0.00173100
v 0.01100000 0.12824800 0.00303000
v 0.01100000 0.12824800 0.00303000
v 0.01100000 0.12999800 0.00199900
v 0.01100000 0.12999800 0.00199900
v 0.01100000 0.12999800 0.00349900
v 0.01100000 0.12999800 0.00349900
v 0.01100000 0.13174800 0.00303000
v 0.01100000 0.13174800 0.00303000
v 0.01100000 0.13099800 0.00173100
v 0.01100000 0.13099800 0.00173100
v 0.01100000 0.13302900 0.00174900
v 0.01100000 0.13302900 0.00174900
v 0.01100000 0.13173000 0.00099900
v 0.01100000 0.13173000 0.00099900
v 0.01100000 0.13349800 -0.00000100
v 0.01100000 0.13349800 -0.00000100
v 0.01100000 0.13199800 -0.00000100
v 0.01100000 0.13199800 -0.00000100
v 0.01100000 0.13173000 -0.00100100
v 0.01100000 0.13173000 -0.00100100
v 0.01100000 0.13302900 -0.00175100
v 0.01100000 0.13302900 -0.00175100
v 0.01100000 0.13099800 -0.00173300
v 0.01100000 0.13099800 -0.00173300
v 0.01100000 0.13174800 -0.00303200
v 0.01100000 0.13174800 -0.00303200
v 0.01100000 0.12999800 -0.00200100
v 0.01100000 0.12999800 -0.00200100
v 0.01100000 0.12999800 -0.00350100
v 0.01100000 0.12999800 -0.00350100
v 0.01100000 0.12824800 -0.00303200
v 0.01100000 0.12824800 -0.00303200
v 0.01300000 0.12929800 -0.00343000
v 0.01300000 0.12929800 -0.00343000
v 0.01300000 0.12929800 -0.00343000
v 0.01400000 0.12929800 -0.00343000
v 0.01400000 0.12929800 -0.00343000
v 0.01400000 0.12929800 -0.00343000
v 0.01400000 0.12785800 -0.00277100
v 0.01400000 0.12785800 -0.00277100
v 0.01400000 0.12685700 -0.00154400
v 0.01400000 0.12685700 -0.00154400
v 0.01400000 0.12649800 -0.00000100
v 0.01400000 0.12649800 -0.00000100
v 0.01400000 0.12649800 -0.00000100
v 0.01400000 0.12685700 0.00154200
v 0.01400000 0.12685700 0.00154200
v 0.01400000 0.12785800 0.00276800
v 0.01400000 0.12785800 0.00276800
v 0.01300000 0.12929800 0.00342800
v 0.01300000 0.12929800 0.00342800
v 0.01300000 0.12929800 0.00342800
v 0.01300000 0.12976400 0.00349100
v 0.01300000 0.12976400 0.00349100
v 0.01300000 0.13023300 0.00349100
v 0.01300000 0.13023300 0.00349100
v 0.01400000 0.12929800 0.00342800
v 0.01400000 0.12929800 0.00342800
v 0.01400000 0.12929800 0.00342800
v 0.01300000 0.13069800 0.00342800
v 0.01300000 0.13069800 0.00342800
v 0.01300000 0.13069800 0.00342800
v 0.01400000 0.13069800 0.00342800
v 0.01400000 0.13069800 0.00342800
v 0.01400000 0.13069800 0.00342800
v 0.01400000 0.13213800 0.00276800
v 0.01400000 0.13213800 0.00276800
v 0.01400000 0.13314000 0.00154200
v 0.01400000 0.13314000 0.00154200
v 0.01400000 0.13349800 -0.00000100
v 0.01400000 0.13349800 -0.00000100
v 0.01400000 0.13314000 -0.00154400
v 0.01400000 0.13314000 -0.00154400
v 0.01400000 0.13213800 -0.00277100
v 0.01400000 0.13213800 -0.00277100
v 0.01300000 0.13069800 -0.00343000
v 0.01300000 0.13069800 -0.00343000
v 0.01300000 0.13069800 -0.00343000
v 0.01300000 0.13023300 -0.00349300
v 0.01300000 0.13023300 -0.00349300
v 0.01300000 0.12976400 -0.00349300
v 0.01300000 0.12976400 -0.00349300
v 0.01400000 0.13069800 -0.00343000
v 0.01400000 0.13069800 -0.00343000
v 0.01400000 0.13069800 -0.00343000
v 0.01438700 0.12929800 0.00334800
v 0.01438700 0.12929800 0.00334800
v 0.01450000 0.12794000 0.00266200
v 0.01471300 0.12929800 0.00312300
v 0.01471300 0.12929800 0.00312300
v 0.01486600 0.12816400 0.00237300
v 0.01492600 0.12929800 0.00278900
v 0.01492600 0.12929800 0.00278900
v 0.01500000 0.12929800 0.00239900
v 0.01500000 0.12929800 0.00239900
v 0.01500000 0.12929800 0.00239900
v 0.01500000 0.12820700 0.00174300
v 0.01500000 0.12820700 0.00174300
v 0.01486600 0.12730600 0.00132100
v 0.01500000 0.12758100 0.00063500
v 0.01500000 0.12758100 0.00063500
v 0.01486600 0.12699800 -0.00000100
v 0.01500000 0.12758100 -0.00063800
v 0.01500000 0.12758100 -0.00063800
v 0.01486600 0.12730600 -0.00132400
v 0.01500000 0.12820700 -0.00174500
v 0.01500000 0.12820700 -0.00174500
v 0.01486600 0.12816400 -0.00237500
v 0.01500000 0.12929800 -0.00240100
v 0.01500000 0.12929800 -0.00240100
v 0.01500000 0.12929800 -0.00240100
v 0.01492600 0.12929800 -0.00279100
v 0.01492600 0.12929800 -0.00279100
v 0.01471300 0.12929800 -0.00312500
v 0.01471300 0.12929800 -0.00312500
v 0.01450000 0.12794000 -0.00266500
v 0.01438700 0.12929800 -0.00335100
v 0.01438700 0.12929800 -0.00335100
v 0.01450000 0.12697700 0.00148200
v 0.01450000 0.12663200 -0.00000100
v 0.01450000 0.12697700 -0.00148500
v 0.01438700 0.13069800 -0.00335100
v 0.01438700 0.13069800 -0.00335100
v 0.01438700 0.13069800 0.00334800
v 0.01438700 0.13069800 0.00334800
v 0.01471300 0.13069800 -0.00312500
v 0.01471300 0.13069800 -0.00312500
v 0.01500000 0.13069800 0.00239900
v 0.01500000 0.13069800 0.00239900
v 0.01500000 0.13069800 0.00239900
v 0.01471300 0.13069800 0.00312300
v 0.01471300 0.13069800 0.00312300
v 0.01492600 0.13069800 -0.00279100
v 0.01492600 0.13069800 -0.00279100
v 0.01500000 0.13069800 -0.00240100
v 0.01500000 0.13069800 -0.00240100
v 0.01500000 0.13069800 -0.00240100
v 0.01492600 0.13069800 0.00278800
v 0.01492600 0.13069800 0.00278800
v 0.01486600 0.13183300 0.00237300
v 0.01500000 0.13178900 0.00174300
v 0.01500000 0.13178900 0.00174300
v 0.01486600 0.13269100 0.00132100
v 0.01500000 0.13241600 0.00063500
v 0.01500000 0.13241600 0.00063500
v 0.01486600 0.13299800 -0.00000100
v 0.01500000 0.13241600 -0.00063800
v 0.01500000 0.13241600 -0.00063800
v 0.01486600 0.13269100 -0.00132400
v 0.01500000 0.13178900 -0.00174500
v 0.01500000 0.13178900 -0.00174500
v 0.01486600 0.13183300 -0.00237500
v 0.01450000 0.13205600 -0.00266500
v 0.01450000 0.13302000 -0.00148500
v 0.01450000 0.13336400 -0.00000100
v 0.01450000 0.13302000 0.00148200
v 0.01450000 0.13205600 0.00266200
v -0.01300000 0.12929800 0.00342800
v -0.01300000 0.12929800 0.00342800
v -0.01300000 0.12929800 0.00342800
v -0.01300000 0.12976400 0.00349100
v -0.01300000 0.12976400 0.00349100
v -0.01300000 0.12929800 -0.00343000
v -0.01300000 0.12929800 -0.00343000
v -0.01300000 0.12929800 -0.00343000
v -0.01300000 0.12976400 -0.00349300
v -0.01300000 0.12976400 -0.00349300
v -0.01300000 0.13023300 0.00349100
v -0.01300000 0.13023300 0.00349100
v -0.01300000 0.13023300 -0.00349300
v -0.01300000 0.13023300 -0.00349300
v -0.01300000 0.13069800 -0.00343000
v -0.01300000 0.13069800 -0.00343000
v -0.01300000 0.13069800 -0.00343000
v -0.01300000 0.13069800 0.00342800
v -0.01300000 0.13069800 0.00342800
v -0.01300000 0.13069800 0.00342800
v -0.01500000 0.12929800 0.00239900
v -0.01500000 0.12929800 0.00239900
v -0.01500000 0.12929800 0.00239900
v -0.01500000 0.12929800 -0.00240100
v -0.01500000 0.12929800 -0.00240100
v -0.01500000 0.12929800 -0.00240100
v -0.01500000 0.12820700 0.00174300
v -0.01500000 0.12820700 0.00174300
v -0.01500000 0.12820700 -0.00174500
v -0.01500000 0.12820700 -0.00174500
v -0.01500000 0.12758100 -0.00063800
v -0.01500000 0.12758100 -0.00063800
v -0.01500000 0.12758100 0.00063500
v -0.01500000 0.12758100 0.00063500
v -0.01492600 0.12929800 -0.00279100
v -0.01492600 0.12929800 -0.00279100
v -0.01471300 0.12929800 -0.00312500
v -0.01471300 0.12929800 -0.00312500
v -0.01438700 0.12929800 -0.00335100
v -0.01438700 0.12929800 -0.00335100
v -0.01471300 0.12929800 0.00312300
v -0.01471300 0.12929800 0.00312300
v -0.01438700 0.12929800 0.00334800
v -0.01438700 0.12929800 0.00334800
v -0.01492600 0.12929800 0.00278800
v -0.01492600 0.12929800 0.00278800
v -0.01400000 0.12929800 -0.00343000
v -0.01400000 0.12929800 -0.00343000
v -0.01400000 0.12929800 -0.00343000
v -0.01400000 0.12929800 0.00342800
v -0.01400000 0.12929800 0.00342800
v -0.01400000 0.12929800 0.00342800
v -0.01400000 0.12785800 -0.00277100
v -0.01400000 0.12785800 -0.00277100
v -0.01450000 0.12794000 -0.00266500
v -0.01486600 0.12816400 -0.00237500
v -0.01486600 0.12730600 -0.00132400
v -0.01486600 0.12699800 -0.00000100
v -0.01486600 0.12730600 0.00132100
v -0.01486600 0.12816400 0.00237300
v -0.01450000 0.12794000 0.00266200
v -0.01400000 0.12785800 0.00276800
v -0.01400000 0.12785800 0.00276800
v -0.01400000 0.12685700 0.00154200
v -0.01400000 0.12685700 0.00154200
v -0.01450000 0.12697700 0.00148200
v -0.01400000 0.12649800 -0.00000100
v -0.01400000 0.12649800 -0.00000100
v -0.01400000 0.12649800 -0.00000100
v -0.01450000 0.12663200 -0.00000100
v -0.01400000 0.12685700 -0.00154400
v -0.01400000 0.12685700 -0.00154400
v -0.01450000 0.12697700 -0.00148500
v -0.01500000 0.13069800 0.00239900
v -0.01500000 0.13069800 0.00239900
v -0.01500000 0.13069800 0.00239900
v -0.01500000 0.13178900 0.00174300
v -0.01500000 0.13178900 0.00174300
v -0.01500000 0.13069800 -0.00240100
v -0.01500000 0.13069800 -0.00240100
v -0.01500000 0.13069800 -0.00240100
v -0.01500000 0.13178900 -0.00174500
v -0.01500000 0.13178900 -0.00174500
v -0.01500000 0.13241600 -0.00063800
v -0.01500000 0.13241600 -0.00063800
v -0.01500000 0.13241600 0.00063500
v -0.01500000 0.13241600 0.00063500
v -0.01492600 0.13069800 0.00278800
v -0.01492600 0.13069800 0.00278800
v -0.01471300 0.13069800 0.00312300
v -0.01471300 0.13069800 0.00312300
v -0.01438700 0.13069800 0.00334800
v -0.01438700 0.13069800 0.00334800
v -0.01471300 0.13069800 -0.00312500
v -0.01471300 0.13069800 -0.00312500
v -0.01438700 0.13069800 -0.00335100
v -0.01438700 0.13069800 -0.00335100
v -0.01492600 0.13069800 -0.00279100
v -0.01492600 0.13069800 -0.00279100
v -0.01400000 0.13069800 0.00342800
v -0.01400000 0.13069800 0.00342800
v -0.01400000 0.13069800 0.00342800
v -0.01400000 0.13069800 -0.00343000
v -0.01400000 0.13069800 -0.00343000
v -0.01400000 0.13069800 -0.00343000
v -0.01400000 0.13213800 -0.00277100
v -0.01400000 0.13213800 -0.00277100
v -0.01400000 0.13314000 -0.00154400
v -0.01400000 0.13314000 -0.00154400
v -0.01400000 0.13349800 -0.00000100
v -0.01400000 0.13349800 -0.00000100
v -0.01400000 0.13314000 0.00154200
v -0.01400000 0.13314000 0.00154200
v -0.01400000 0.13213800 0.00276800
v -0.01400000 0.13213800 0.00276800
v -0.01450000 0.13205600 0.00266200
v -0.01486600 0.13183300 0.00237300
v -0.01486600 0.13269100 0.00132100
v -0.01486600 0.13299800 -0.00000100
v -0.01486600 0.13269100 -0.00132400
v -0.01486600 0.13183300 -0.00237500
v -0.01450000 0.13205600 -0.00266500
v -0.01450000 0.13302000 -0.00148500
v -0.01450000 0.13336400 -0.00000100
v -0.01450000 0.13302000 0.00148200
v 0.00140500 0.59610600 0.01559300
v 0.00140500 0.59610600 0.01559300
v 0.00150000 0.59999200 0.01645300
v 0.00150000 0.59999200 0.01645300
v 0.00150000 0.59999200 0.01645300
v 0.00150000 0.59999200 0.01645300
v 0.00074000 0.59814300 0.01655300
v 0.00077600 0.59999200 0.01675300
v 0.00077600 0.59999200 0.01675300
v 0.00000000 0.59999200 0.01685500
v 0.00000000 0.59999200 0.01685500
v -0.00004500 0.59812300 0.01664300
v -0.00077600 0.59999200 0.01675300
v -0.00077600 0.59999200 0.01675300
v -0.00140500 0.59610600 0.01559300
v -0.00140500 0.59610600 0.01559300
v -0.00150000 0.59999200 0.01645300
v -0.00150000 0.59999200 0.01645300
v -0.00150000 0.59999200 0.01645300
v -0.00150000 0.59999200 0.01645300
v -0.00004100 0.59389800 0.01484700
v -0.00134300 0.59248000 0.01363800
v -0.00134300 0.59248000 0.01363800
v -0.00004100 0.59308400 0.01437100
v -0.00004100 0.59186300 0.01363700
v 0.00067100 0.59312300 0.01430600
v 0.00067200 0.59190200 0.01357200
v 0.00134300 0.59248000 0.01363800
v 0.00134300 0.59248000 0.01363800
v 0.00069800 0.58948900 0.01221000
v 0.00142000 0.58887100 0.01161600
v 0.00142000 0.58887100 0.01161600
v 0.00052100 0.58499500 0.01103600
v 0.00052100 0.58499500 0.01103600
v 0.00150000 0.58499200 0.01068000
v 0.00150000 0.58499200 0.01068000
v 0.00150000 0.58499200 0.01068000
v 0.00150000 0.58499200 0.01068000
v -0.00142000 0.58887100 0.01161600
v -0.00142000 0.58887100 0.01161600
v -0.00004200 0.58945200 0.01228400
v -0.00150000 0.58499200 0.01068000
v -0.00150000 0.58499200 0.01068000
v -0.00150000 0.58499200 0.01068000
v -0.00150000 0.58499200 0.01068000
v -0.00052100 0.58499500 0.01103600
v -0.00052100 0.58499500 0.01103600
v 0.00067600 0.59393600 0.01478100
v 0.00148200 0.58246200 0.01063200
v 0.00148200 0.58246200 0.01063200
v 0.00073700 0.57991500 0.01071400
v 0.00147000 0.57994900 0.01042300
v 0.00147000 0.57994900 0.01042300
v 0.00146600 0.57746100 0.01005900
v 0.00146600 0.57746100 0.01005900
v 0.00050900 0.57491300 0.00987400
v 0.00050900 0.57491300 0.00987400
v 0.00146900 0.57499300 0.00954300
v 0.00146900 0.57499300 0.00954300
v 0.00146900 0.57499300 0.00954300
v 0.00146900 0.57499300 0.00954300
v -0.00004700 0.57990500 0.01080500
v -0.00148200 0.58246200 0.01063200
v -0.00148200 0.58246200 0.01063200
v -0.00147000 0.57994900 0.01042300
v -0.00147000 0.57994900 0.01042300
v -0.00146600 0.57746100 0.01005900
v -0.00146600 0.57746100 0.01005900
v -0.00050900 0.57491300 0.00987400
v -0.00050900 0.57491300 0.00987400
v -0.00146900 0.57499300 0.00954300
v -0.00146900 0.57499300 0.00954300
v -0.00146900 0.57499300 0.00954300
v -0.00146900 0.57499300 0.00954300
v 0.00149900 0.57354500 0.00925400
v 0.00149900 0.57354500 0.00925400
v 0.00075500 0.56991400 0.00954300
v 0.00149200 0.56917600 0.00935000
v 0.00149200 0.56917600 0.00935000
v 0.00048100 0.56512000 0.01101800
v 0.00048100 0.56512000 0.01101800
v 0.00139300 0.56499300 0.01074200
v 0.00139300 0.56499300 0.01074200
v 0.00139300 0.56499300 0.01074200
v 0.00139300 0.56499300 0.01074200
v -0.00004600 0.56992600 0.00963800
v -0.00149900 0.57354500 0.00925400
v -0.00149900 0.57354500 0.00925400
v -0.00149200 0.56917600 0.00935000
v -0.00149200 0.56917600 0.00935000
v -0.00048100 0.56512000 0.01101800
v -0.00048100 0.56512000 0.01101800
v -0.00139300 0.56499300 0.01074200
v -0.00139300 0.56499300 0.01074200
v -0.00139300 0.56499300 0.01074200
v -0.00139300 0.56499300 0.01074200
v 0.00144000 0.56231000 0.01178800
v 0.00144000 0.56231000 0.01178800
v 0.00073800 0.56021200 0.01267800
v 0.00150000 0.55499300 0.01298900
v 0.00150000 0.55499300 0.01298900
v 0.00150000 0.55499300 0.01298900
v 0.00150000 0.55499300 0.01298900
v 0.00077600 0.55499300 0.01328900
v 0.00077600 0.55499300 0.01328900
v 0.00000000 0.55499300 0.01339100
v 0.00000000 0.55499300 0.01339100
v -0.00004500 0.56023400 0.01276700
v -0.00077600 0.55499300 0.01328900
v -0.00077600 0.55499300 0.01328900
v -0.00150000 0.55499300 0.01298900
v -0.00150000 0.55499300 0.01298900
v -0.00150000 0.55499300 0.01298900
v -0.00150000 0.55499300 0.01298900
v -0.00144000 0.56231000 0.01178800
v -0.00144000 0.56231000 0.01178800
v -0.00150000 0.69599500 0.01645300
v -0.00150000 0.69599500 0.01645300
v -0.00150000 0.69599500 0.01645300
v -0.00077600 0.69581900 0.01675200
v -0.00077600 0.69581900 0.01675200
v 0.00000000 0.66399400 0.01685500
v 0.00000000 0.69575900 0.01685500
v 0.00000000 0.69575900 0.01685500
v 0.00077600 0.69581900 0.01675200
v 0.00077600 0.69581900 0.01675200
v 0.00000000 0.63199300 0.01685500
v 0.00150000 0.69599500 0.01645300
v 0.00150000 0.69599500 0.01645300
v 0.00150000 0.69599500 0.01645300
v -0.01000000 0.56013900 0.00746900
v -0.01000000 0.56013900 0.00746900
v -0.01050000 0.55499300 0.00779300
v -0.01050000 0.55499300 0.00779300
v -0.01050000 0.55499300 0.00779300
v -0.01050000 0.55499300 0.00779300
v -0.00577300 0.55975800 0.00999800
v -0.00860700 0.56499300 0.00657600
v -0.00860700 0.56499300 0.00657600
v -0.00860700 0.56499300 0.00657600
v -0.00860700 0.56499300 0.00657600
v -0.00725100 0.56987600 0.00592000
v -0.00725100 0.56987600 0.00592000
v -0.00439300 0.57063900 0.00748500
v -0.00753100 0.57499300 0.00604300
v -0.00753100 0.57499300 0.00604300
v -0.00753100 0.57499300 0.00604300
v -0.00753100 0.57499300 0.00604300
v -0.00850000 0.58499200 0.00663800
v -0.00850000 0.58499200 0.00663800
v -0.00850000 0.58499200 0.00663800
v -0.00850000 0.58499200 0.00663800
v -0.00490600 0.58014300 0.00848100
v -0.00850100 0.58530800 0.00664100
v -0.00850100 0.58530800 0.00664100
v -0.00789800 0.59007700 0.00844900
v -0.00563100 0.59007700 0.00975200
v -0.00661800 0.59396400 0.01146100
v -0.00738300 0.59792900 0.01278500
v -0.01350000 0.59999200 0.00952500
v -0.01350000 0.59999200 0.00952500
v -0.01350000 0.59999200 0.00952500
v -0.01350000 0.59999200 0.00952500
v -0.01034300 0.59792900 0.01107600
v -0.01282700 0.59618000 0.00903100
v -0.01282700 0.59618000 0.00903100
v -0.00927700 0.59396400 0.00992900
v -0.01121300 0.59262100 0.00802400
v -0.01121300 0.59262100 0.00802400
v -0.00944200 0.58908600 0.00708200
v -0.00944200 0.58908600 0.00708200
v -0.01350000 0.69599500 0.00952500
v -0.01350000 0.69599500 0.00952500
v -0.01350000 0.69599500 0.00952500
v -0.00750000 0.69707100 0.01298900
v -0.00750000 0.69707100 0.01298900
v -0.00750000 0.69707100 0.01298900
v -0.01396600 0.59814300 0.00891700
v -0.01412100 0.59999200 0.00904800
v -0.01412100 0.59999200 0.00904800
v -0.01459800 0.59999200 0.00842700
v -0.01459800 0.59999200 0.00842700
v -0.01443700 0.59812300 0.00828200
v -0.01500000 0.59999200 0.00692700
v -0.01500000 0.59999200 0.00692700
v -0.01500000 0.59999200 0.00692700
v -0.01500000 0.59999200 0.00692700
v -0.01420800 0.59610600 0.00657900
v -0.01420800 0.59610600 0.00657900
v -0.01288000 0.59389800 0.00738800
v -0.01248300 0.59248000 0.00565500
v -0.01248300 0.59248000 0.00565500
v -0.01246700 0.59308400 0.00715000
v -0.01183100 0.59186300 0.00678200
v -0.01205500 0.59312300 0.00773400
v -0.01141900 0.59190200 0.00736700
v -0.01022600 0.58948900 0.00670900
v -0.00929800 0.58499500 0.00596900
v -0.00929800 0.58499500 0.00596900
v -0.01077100 0.58887100 0.00457800
v -0.01077100 0.58887100 0.00457800
v -0.01066000 0.58945200 0.00610500
v -0.01000000 0.58499200 0.00404000
v -0.01000000 0.58499200 0.00404000
v -0.01000000 0.58499200 0.00404000
v -0.01000000 0.58499200 0.00404000
v -0.00981900 0.58499500 0.00506600
v -0.00981900 0.58499500 0.00506600
v -0.01246400 0.59393600 0.00797500
v -0.00891100 0.57991500 0.00599500
v -0.00938200 0.57990500 0.00536100
v -0.00994900 0.58246200 0.00403200
v -0.00994900 0.58246200 0.00403200
v -0.00976300 0.57994900 0.00393700
v -0.00976300 0.57994900 0.00393700
v -0.00944600 0.57746100 0.00375900
v -0.00944600 0.57746100 0.00375900
v -0.00880700 0.57491300 0.00449600
v -0.00880700 0.57491300 0.00449600
v -0.00900000 0.57499300 0.00349900
v -0.00900000 0.57499300 0.00349900
v -0.00900000 0.57499300 0.00349900
v -0.00900000 0.57499300 0.00349900
v -0.00829800 0.57491300 0.00537800
v -0.00829800 0.57491300 0.00537800
v -0.00788800 0.56991400 0.00542500
v -0.00930200 0.56512000 0.00592500
v -0.00930200 0.56512000 0.00592500
v -0.00837100 0.56992600 0.00477900
v -0.00978300 0.56512000 0.00509200
v -0.00978300 0.56512000 0.00509200
v -0.00884200 0.56918700 0.00338100
v -0.00884200 0.56918700 0.00338100
v -0.00999200 0.56501300 0.00415900
v -0.00999200 0.56501300 0.00415900
v -0.00876500 0.57354500 0.00332800
v -0.00876500 0.57354500 0.00332800
v -0.01000000 0.56499300 0.00416400
v -0.01000000 0.56499300 0.00416400
v -0.01000000 0.56499300 0.00416400
v -0.01000000 0.56499300 0.00416400
v -0.01061200 0.56021200 0.00697700
v -0.01108000 0.56023400 0.00634400
v -0.01092900 0.56231000 0.00464600
v -0.01092900 0.56231000 0.00464600
v -0.01200000 0.55499300 0.00519500
v -0.01200000 0.55499300 0.00519500
v -0.01200000 0.55499300 0.00519500
v -0.01200000 0.55499300 0.00519500
v -0.01189700 0.55499300 0.00597200
v -0.01189700 0.55499300 0.00597200
v -0.01159800 0.55499300 0.00669500
v -0.01159800 0.55499300 0.00669500
v -0.01112100 0.55499300 0.00731600
v -0.01112100 0.55499300 0.00731600
v -0.01500000 0.69599500 0.00692700
v -0.01500000 0.69599500 0.00692700
v -0.01500000 0.69599500 0.00692700
v -0.01489700 0.69581900 0.00770300
v -0.01489700 0.69581900 0.00770300
v -0.01459800 0.66399400 0.00842700
v -0.01459800 0.69575900 0.00842700
v -0.01459800 0.69575900 0.00842700
v -0.01412000 0.69581900 0.00904800
v -0.01412000 0.69581900 0.00904800
v -0.01459800 0.63199300 0.00842700
v -0.01146900 0.56013900 -0.00492600
v -0.01146900 0.56013900 -0.00492600
v -0.01200000 0.55499300 -0.00519700
v -0.01200000 0.55499300 -0.00519700
v -0.01200000 0.55499300 -0.00519700
v -0.01200000 0.55499300 -0.00519700
v -0.01154600 0.55975800 -0.00000100
v -0.01000000 0.56499300 -0.00416600
v -0.01000000 0.56499300 -0.00416600
v -0.01000000 0.56499300 -0.00416600
v -0.01000000 0.56499300 -0.00416600
v -0.00875300 0.56987600 -0.00332100
v -0.00875300 0.56987600 -0.00332100
v -0.00868000 0.57063900 -0.00006300
v -0.00900000 0.57499300 -0.00350100
v -0.00900000 0.57499300 -0.00350100
v -0.00900000 0.57499300 -0.00350100
v -0.00900000 0.57499300 -0.00350100
v -0.01000000 0.58499200 -0.00404300
v -0.01000000 0.58499200 -0.00404300
v -0.01000000 0.58499200 -0.00404300
v -0.01000000 0.58499200 -0.00404300
v -0.00979900 0.58014300 -0.00000900
v -0.01000300 0.58530800 -0.00404200
v -0.01000300 0.58530800 -0.00404200
v -0.01126700 0.59007700 -0.00261600
v -0.01126200 0.59007700 -0.00000100
v -0.01323500 0.59396400 -0.00000100
v -0.01476500 0.59792900 -0.00000100
v -0.01500000 0.59999200 -0.00692900
v -0.01500000 0.59999200 -0.00692900
v -0.01500000 0.59999200 -0.00692900
v -0.01500000 0.59999200 -0.00692900
v -0.01476500 0.59792900 -0.00342000
v -0.01423500 0.59618000 -0.00659400
v -0.01423500 0.59618000 -0.00659400
v -0.01323800 0.59396400 -0.00307000
v -0.01255700 0.59262100 -0.00569900
v -0.01255700 0.59262100 -0.00569900
v -0.01085500 0.58908600 -0.00463600
v -0.01085500 0.58908600 -0.00463600
v -0.01500000 0.69707100 -0.00000100
v -0.01500000 0.69707100 -0.00000100
v -0.01500000 0.69681700 -0.00330600
v -0.01500000 0.69681700 -0.00330600
v -0.01500000 0.69599500 -0.00692900
v -0.01500000 0.69599500 -0.00692900
v -0.01500000 0.69599500 -0.00692900
v -0.01500000 0.69681700 0.00330400
v -0.01500000 0.69681700 0.00330400
v -0.01470600 0.59814300 -0.00763700
v -0.01459800 0.59999200 -0.00842900
v -0.01459800 0.59999200 -0.00842900
v -0.01439200 0.59812300 -0.00836200
v -0.01412100 0.59999200 -0.00905000
v -0.01412100 0.59999200 -0.00905000
v -0.01280200 0.59610600 -0.00901500
v -0.01280200 0.59610600 -0.00901500
v -0.01350000 0.59999200 -0.00952700
v -0.01350000 0.59999200 -0.00952700
v -0.01350000 0.59999200 -0.00952700
v -0.01350000 0.59999200 -0.00952700
v -0.01283900 0.59389800 -0.00746100
v -0.01114000 0.59248000 -0.00798400
v -0.01114000 0.59248000 -0.00798400
v -0.01242600 0.59308400 -0.00722200
v -0.01179000 0.59186300 -0.00685500
v -0.01272600 0.59312300 -0.00657300
v -0.01209000 0.59190200 -0.00620600
v -0.01092500 0.58948900 -0.00550200
v -0.00981900 0.58499500 -0.00506800
v -0.00981900 0.58499500 -0.00506800
v -0.00935100 0.58887100 -0.00704000
v -0.00935100 0.58887100 -0.00704000
v -0.01061800 0.58945200 -0.00618000
v -0.00850000 0.58499200 -0.00664100
v -0.00850000 0.58499200 -0.00664100
v -0.00850000 0.58499200 -0.00664100
v -0.00850000 0.58499200 -0.00664100
v -0.00929800 0.58499500 -0.00597100
v -0.00929800 0.58499500 -0.00597100
v -0.01313900 0.59393600 -0.00680700
v -0.00964800 0.57991500 -0.00472000
v -0.00933500 0.57990500 -0.00544500
v -0.00846700 0.58246200 -0.00660100
v -0.00846700 0.58246200 -0.00660100
v -0.00829200 0.57994900 -0.00648700
v -0.00829200 0.57994900 -0.00648700
v -0.00797900 0.57746100 -0.00630100
v -0.00797900 0.57746100 -0.00630100
v -0.00829800 0.57491300 -0.00538000
v -0.00829800 0.57491300 -0.00538000
v -0.00753100 0.57499300 -0.00604500
v -0.00753100 0.57499300 -0.00604500
v -0.00753100 0.57499300 -0.00604500
v -0.00753100 0.57499300 -0.00604500
v -0.00880700 0.57491300 -0.00449800
v -0.00880700 0.57491300 -0.00449800
v -0.00864300 0.56991400 -0.00411900
v -0.00978300 0.56512000 -0.00509400
v -0.00978300 0.56512000 -0.00509400
v -0.00832500 0.56992600 -0.00486100
v -0.00930200 0.56512000 -0.00592700
v -0.00930200 0.56512000 -0.00592700
v -0.00735000 0.56918700 -0.00596800
v -0.00735000 0.56918700 -0.00596800
v -0.00859800 0.56501300 -0.00657400
v -0.00859800 0.56501300 -0.00657400
v -0.00726600 0.57354500 -0.00592700
v -0.00726600 0.57354500 -0.00592700
v -0.00860700 0.56499300 -0.00657900
v -0.00860700 0.56499300 -0.00657900
v -0.00860700 0.56499300 -0.00657900
v -0.00860700 0.56499300 -0.00657900
v -0.01134900 0.56021200 -0.00570200
v -0.01103600 0.56023400 -0.00642400
v -0.00949000 0.56231000 -0.00714200
v -0.00949000 0.56231000 -0.00714200
v -0.01050000 0.55499300 -0.00779500
v -0.01050000 0.55499300 -0.00779500
v -0.01050000 0.55499300 -0.00779500
v -0.01050000 0.55499300 -0.00779500
v -0.01112100 0.55499300 -0.00731800
v -0.01112100 0.55499300 -0.00731800
v -0.01159800 0.55499300 -0.00669700
v -0.01159800 0.55499300 -0.00669700
v -0.01189700 0.55499300 -0.00597400
v -0.01189700 0.55499300 -0.00597400
v -0.01350000 0.69599500 -0.00952700
v -0.01350000 0.69599500 -0.00952700
v -0.01350000 0.69599500 -0.00952700
v -0.01412000 0.69581900 -0.00905000
v -0.01412000 0.69581900 -0.00905000
v -0.01459800 0.66399400 -0.00842900
v -0.01459800 0.69575900 -0.00842900
v -0.01459800 0.69575900 -0.00842900
v -0.01489700 0.69581900 -0.00770500
v -0.01489700 0.69581900 -0.00770500
v -0.01459800 0.63199300 -0.00842900
v -0.00146900 0.56013900 -0.01239600
v -0.00146900 0.56013900 -0.01239600
v -0.00150000 0.55499300 -0.01299100
v -0.00150000 0.55499300 -0.01299100
v -0.00150000 0.55499300 -0.01299100
v -0.00150000 0.55499300 -0.01299100
v -0.00577300 0.55975800 -0.01000000
v -0.00139300 0.56499300 -0.01074400
v -0.00139300 0.56499300 -0.01074400
v -0.00139300 0.56499300 -0.01074400
v -0.00139300 0.56499300 -0.01074400
v -0.00150200 0.56987600 -0.00924100
v -0.00150200 0.56987600 -0.00924100
v -0.00428600 0.57063900 -0.00754900
v -0.00146900 0.57499300 -0.00954500
v -0.00146900 0.57499300 -0.00954500
v -0.00146900 0.57499300 -0.00954500
v -0.00146900 0.57499300 -0.00954500
v -0.00150000 0.58499200 -0.01068200
v -0.00150000 0.58499200 -0.01068200
v -0.00150000 0.58499200 -0.01068200
v -0.00150000 0.58499200 -0.01068200
v -0.00489200 0.58014300 -0.00849100
v -0.00150200 0.58530800 -0.01068500
v -0.00150200 0.58530800 -0.01068500
v -0.00336900 0.59007700 -0.01106600
v -0.00563100 0.59007700 -0.00975400
v -0.00661700 0.59396400 -0.01146300
v -0.00738200 0.59792900 -0.01278800
v -0.00150000 0.59999200 -0.01645500
v -0.00150000 0.59999200 -0.01645500
v -0.00150000 0.59999200 -0.01645500
v -0.00150000 0.59999200 -0.01645500
v -0.00442200 0.59792900 -0.01449800
v -0.00140800 0.59618000 -0.01562600
v -0.00140800 0.59618000 -0.01562600
v -0.00396200 0.59396400 -0.01300000
v -0.00134400 0.59262100 -0.01372500
v -0.00134400 0.59262100 -0.01372500
v -0.00141300 0.58908600 -0.01171900
v -0.00141300 0.58908600 -0.01171900
v -0.00750000 0.69707100 -0.01299100
v -0.00750000 0.69707100 -0.01299100
v -0.00463800 0.69681700 -0.01464400
v -0.00463800 0.69681700 -0.01464400
v -0.00150000 0.69599500 -0.01645500
v -0.00150000 0.69599500 -0.01645500
v -0.00150000 0.69599500 -0.01645500
v -0.01036200 0.69681700 -0.01133900
v -0.01036200 0.69681700 -0.01133900
v 0.01412000 0.69581900 -0.00905000
v 0.01412000 0.69581900 -0.00905000
v 0.01350000 0.69599500 -0.00952700
v 0.01350000 0.69599500 -0.00952700
v 0.01350000 0.69599500 -0.00952700
v 0.00928400 0.69999100 -0.00565700
v 0.00928400 0.69999100 -0.00565700
v 0.00750000 0.69707100 -0.01299100
v 0.00750000 0.69707100 -0.01299100
v 0.00521200 0.69999100 -0.00954100
v 0.00521200 0.69999100 -0.00954100
v 0.00150000 0.69599500 -0.01645500
v 0.00150000 0.69599500 -0.01645500
v 0.00150000 0.69599500 -0.01645500
v -0.00025700 0.69999100 -0.01086900
v -0.00025700 0.69999100 -0.01086900
v 0.00077600 0.69581900 -0.01675400
v 0.00077600 0.69581900 -0.01675400
v 0.00000000 0.69575900 -0.01685700
v 0.00000000 0.69575900 -0.01685700
v -0.00077600 0.69581900 -0.01675400
v -0.00077600 0.69581900 -0.01675400
v -0.00565600 0.69999100 -0.00928500
v -0.00565600 0.69999100 -0.00928500
v -0.00954000 0.69999100 -0.00521300
v -0.00954000 0.69999100 -0.00521300
v -0.01086800 0.69999100 0.00025500
v -0.01086800 0.69999100 0.00025500
v -0.00928400 0.69999100 0.00565500
v -0.00928400 0.69999100 0.00565500
v -0.00521200 0.69999100 0.00953900
v -0.00521200 0.69999100 0.00953900
v -0.00521200 0.69999100 0.00953900
v 0.00025700 0.69999100 0.01086700
v 0.00025700 0.69999100 0.01086700
v 0.00463800 0.69681700 0.01464200
v 0.00463800 0.69681700 0.01464200
v 0.00565600 0.69999100 0.00928300
v 0.00565600 0.69999100 0.00928300
v 0.00750000 0.69707100 0.01298900
v 0.00750000 0.69707100 0.01298900
v 0.01036200 0.69681700 0.01133700
v 0.01036200 0.69681700 0.01133700
v 0.00954000 0.69999100 0.00521100
v 0.00954000 0.69999100 0.00521100
v 0.01350000 0.69599500 0.00952500
v 0.01350000 0.69599500 0.00952500
v 0.01350000 0.69599500 0.00952500
v 0.01412000 0.69581900 0.00904800
v 0.01412000 0.69581900 0.00904800
v 0.01459800 0.69575900 0.00842700
v 0.01459800 0.69575900 0.00842700
v 0.01489700 0.69581900 0.00770300
v 0.01489700 0.69581900 0.00770300
v 0.01500000 0.69599500 0.00692700
v 0.01500000 0.69599500 0.00692700
v 0.01500000 0.69599500 0.00692700
v 0.01500000 0.69681700 0.00330400
v 0.01500000 0.69681700 0.00330400
v 0.01086800 0.69999100 -0.00025800
v 0.01086800 0.69999100 -0.00025800
v 0.01500000 0.69707100 -0.00000100
v 0.01500000 0.69707100 -0.00000100
v 0.01500000 0.69681700 -0.00330600
v 0.01500000 0.69681700 -0.00330600
v 0.01500000 0.69599500 -0.00692900
v 0.01500000 0.69599500 -0.00692900
v 0.01500000 0.69599500 -0.00692900
v 0.01489700 0.69581900 -0.00770500
v 0.01489700 0.69581900 -0.00770500
v 0.01459800 0.69575900 -0.00842900
v 0.01459800 0.69575900 -0.00842900
v -0.00074000 0.59814300 -0.01655500
v -0.00077600 0.59999200 -0.01675500
v -0.00077600 0.59999200 -0.01675500
v 0.00000000 0.59999200 -0.01685700
v 0.00000000 0.59999200 -0.01685700
v 0.00004500 0.59812300 -0.01664500
v 0.00077600 0.59999200 -0.01675500
v 0.00077600 0.59999200 -0.01675500
v 0.00140500 0.59610600 -0.01559500
v 0.00140500 0.59610600 -0.01559500
v 0.00150000 0.59999200 -0.01645500
v 0.00150000 0.59999200 -0.01645500
v 0.00150000 0.59999200 -0.01645500
v 0.00150000 0.59999200 -0.01645500
v 0.00004100 0.59389800 -0.01485000
v 0.00134300 0.59248000 -0.01364000
v 0.00134300 0.59248000 -0.01364000
v 0.00004100 0.59308400 -0.01437300
v 0.00004100 0.59186300 -0.01363900
v -0.00067100 0.59312300 -0.01430800
v -0.00067200 0.59190200 -0.01357400
v -0.00069800 0.58948900 -0.01221200
v -0.00052100 0.58499500 -0.01103800
v -0.00052100 0.58499500 -0.01103800
v 0.00142000 0.58887100 -0.01161900
v 0.00142000 0.58887100 -0.01161900
v 0.00004200 0.58945200 -0.01228600
v 0.00150000 0.58499200 -0.01068200
v 0.00150000 0.58499200 -0.01068200
v 0.00150000 0.58499200 -0.01068200
v 0.00150000 0.58499200 -0.01068200
v 0.00052100 0.58499500 -0.01103800
v 0.00052100 0.58499500 -0.01103800
v -0.00067600 0.59393600 -0.01478300
v -0.00073700 0.57991500 -0.01071600
v 0.00004700 0.57990500 -0.01080700
v 0.00148200 0.58246200 -0.01063400
v 0.00148200 0.58246200 -0.01063400
v 0.00147000 0.57994900 -0.01042500
v 0.00147000 0.57994900 -0.01042500
v 0.00146600 0.57746100 -0.01006200
v 0.00146600 0.57746100 -0.01006200
v 0.00050900 0.57491300 -0.00987700
v 0.00050900 0.57491300 -0.00987700
v 0.00146900 0.57499300 -0.00954500
v 0.00146900 0.57499300 -0.00954500
v 0.00146900 0.57499300 -0.00954500
v 0.00146900 0.57499300 -0.00954500
v -0.00050900 0.57491300 -0.00987700
v -0.00050900 0.57491300 -0.00987700
v -0.00075500 0.56991400 -0.00954500
v -0.00048100 0.56512000 -0.01102000
v -0.00048100 0.56512000 -0.01102000
v 0.00004600 0.56992600 -0.00964000
v 0.00048100 0.56512000 -0.01102000
v 0.00048100 0.56512000 -0.01102000
v 0.00149200 0.56918700 -0.00935000
v 0.00149200 0.56918700 -0.00935000
v 0.00139300 0.56501300 -0.01073400
v 0.00139300 0.56501300 -0.01073400
v 0.00149900 0.57354500 -0.00925700
v 0.00149900 0.57354500 -0.00925700
v 0.00139300 0.56499300 -0.01074400
v 0.00139300 0.56499300 -0.01074400
v 0.00139300 0.56499300 -0.01074400
v 0.00139300 0.56499300 -0.01074400
v -0.00073800 0.56021200 -0.01268000
v 0.00004500 0.56023400 -0.01277000
v 0.00144000 0.56231000 -0.01179000
v 0.00144000 0.56231000 -0.01179000
v 0.00150000 0.55499300 -0.01299100
v 0.00150000 0.55499300 -0.01299100
v 0.00150000 0.55499300 -0.01299100
v 0.00150000 0.55499300 -0.01299100
v 0.00077600 0.55499300 -0.01329100
v 0.00077600 0.55499300 -0.01329100
v 0.00000000 0.55499300 -0.01339300
v 0.00000000 0.55499300 -0.01339300
v -0.00077600 0.55499300 -0.01329100
v -0.00077600 0.55499300 -0.01329100
v 0.00000000 0.66399400 -0.01685700
v 0.00000000 0.63199300 -0.01685700
v 0.01000000 0.56013900 -0.00747100
v 0.01000000 0.56013900 -0.00747100
v 0.01050000 0.55499300 -0.00779500
v 0.01050000 0.55499300 -0.00779500
v 0.01050000 0.55499300 -0.00779500
v 0.01050000 0.55499300 -0.00779500
v 0.00577300 0.55975800 -0.01000000
v 0.00860700 0.56499300 -0.00657900
v 0.00860700 0.56499300 -0.00657900
v 0.00860700 0.56499300 -0.00657900
v 0.00860700 0.56499300 -0.00657900
v 0.00725100 0.56987600 -0.00592200
v 0.00725100 0.56987600 -0.00592200
v 0.00439300 0.57063900 -0.00748700
v 0.00753100 0.57499300 -0.00604500
v 0.00753100 0.57499300 -0.00604500
v 0.00753100 0.57499300 -0.00604500
v 0.00753100 0.57499300 -0.00604500
v 0.00850000 0.58499200 -0.00664100
v 0.00850000 0.58499200 -0.00664100
v 0.00850000 0.58499200 -0.00664100
v 0.00850000 0.58499200 -0.00664100
v 0.00490600 0.58014300 -0.00848300
v 0.00850100 0.58530800 -0.00664400
v 0.00850100 0.58530800 -0.00664400
v 0.00789800 0.59007700 -0.00845100
v 0.00563100 0.59007700 -0.00975400
v 0.00661800 0.59396400 -0.01146300
v 0.00738300 0.59792900 -0.01278800
v 0.01350000 0.59999200 -0.00952700
v 0.01350000 0.59999200 -0.00952700
v 0.01350000 0.59999200 -0.00952700
v 0.01350000 0.59999200 -0.00952700
v 0.01034300 0.59792900 -0.01107900
v 0.01282700 0.59618000 -0.00903300
v 0.01282700 0.59618000 -0.00903300
v 0.00927700 0.59396400 -0.00993100
v 0.01121300 0.59262100 -0.00802700
v 0.01121300 0.59262100 -0.00802700
v 0.00944200 0.58908600 -0.00708400
v 0.00944200 0.58908600 -0.00708400
v 0.01396600 0.59814300 -0.00891900
v 0.01412100 0.59999200 -0.00905000
v 0.01412100 0.59999200 -0.00905000
v 0.01459800 0.59999200 -0.00842900
v 0.01459800 0.59999200 -0.00842900
v 0.01443700 0.59812300 -0.00828400
v 0.01500000 0.59999200 -0.00692900
v 0.01500000 0.59999200 -0.00692900
v 0.01500000 0.59999200 -0.00692900
v 0.01500000 0.59999200 -0.00692900
v 0.01420800 0.59610600 -0.00658100
v 0.01420800 0.59610600 -0.00658100
v 0.01288000 0.59389800 -0.00739000
v 0.01248300 0.59248000 -0.00565700
v 0.01248300 0.59248000 -0.00565700
v 0.01246700 0.59308400 -0.00715200
v 0.01183100 0.59186300 -0.00678500
v 0.01205500 0.59312300 -0.00773600
v 0.01141900 0.59190200 -0.00736900
v 0.01022600 0.58948900 -0.00671200
v 0.00929800 0.58499500 -0.00597100
v 0.00929800 0.58499500 -0.00597100
v 0.01077100 0.58887100 -0.00458000
v 0.01077100 0.58887100 -0.00458000
v 0.01066000 0.58945200 -0.00610700
v 0.01000000 0.58499200 -0.00404300
v 0.01000000 0.58499200 -0.00404300
v 0.01000000 0.58499200 -0.00404300
v 0.01000000 0.58499200 -0.00404300
v 0.00981900 0.58499500 -0.00506800
v 0.00981900 0.58499500 -0.00506800
v 0.01246400 0.59393600 -0.00797700
v 0.00891100 0.57991500 -0.00599700
v 0.00938200 0.57990500 -0.00536400
v 0.00994900 0.58246200 -0.00403400
v 0.00994900 0.58246200 -0.00403400
v 0.00976300 0.57994900 -0.00394000
v 0.00976300 0.57994900 -0.00394000
v 0.00944600 0.57746100 -0.00376200
v 0.00944600 0.57746100 -0.00376200
v 0.00880700 0.57491300 -0.00449800
v 0.00880700 0.57491300 -0.00449800
v 0.00900000 0.57499300 -0.00350100
v 0.00900000 0.57499300 -0.00350100
v 0.00900000 0.57499300 -0.00350100
v 0.00900000 0.57499300 -0.00350100
v 0.00829800 0.57491300 -0.00538000
v 0.00829800 0.57491300 -0.00538000
v 0.00788800 0.56991400 -0.00542700
v 0.00930200 0.56512000 -0.00592700
v 0.00930200 0.56512000 -0.00592700
v 0.00837100 0.56992600 -0.00478100
v 0.00978300 0.56512000 -0.00509400
v 0.00978300 0.56512000 -0.00509400
v 0.00884400 0.56917600 -0.00338500
v 0.00884400 0.56917600 -0.00338500
v 0.01000000 0.56499300 -0.00416600
v 0.01000000 0.56499300 -0.00416600
v 0.01000000 0.56499300 -0.00416600
v 0.01000000 0.56499300 -0.00416600
v 0.00876500 0.57354500 -0.00333000
v 0.00876500 0.57354500 -0.00333000
v 0.01061200 0.56021200 -0.00698000
v 0.01108000 0.56023400 -0.00634700
v 0.01092900 0.56231000 -0.00464900
v 0.01092900 0.56231000 -0.00464900
v 0.01200000 0.55499300 -0.00519700
v 0.01200000 0.55499300 -0.00519700
v 0.01200000 0.55499300 -0.00519700
v 0.01200000 0.55499300 -0.00519700
v 0.01189700 0.55499300 -0.00597400
v 0.01189700 0.55499300 -0.00597400
v 0.01159800 0.55499300 -0.00669700
v 0.01159800 0.55499300 -0.00669700
v 0.01112100 0.55499300 -0.00731800
v 0.01112100 0.55499300 -0.00731800
v 0.01459800 0.66399400 -0.00842900
v 0.01459800 0.63199300 -0.00842900
v 0.01000000 0.56013900 0.00746900
v 0.01000000 0.56013900 0.00746900
v 0.00860700 0.56499300 0.00657600
v 0.00860700 0.56499300 0.00657600
v 0.00860700 0.56499300 0.00657600
v 0.00860700 0.56499300 0.00657600
v 0.00577300 0.55975800 0.00999800
v 0.01050000 0.55499300 0.00779300
v 0.01050000 0.55499300 0.00779300
v 0.01050000 0.55499300 0.00779300
v 0.01050000 0.55499300 0.00779300
v 0.00725100 0.56987600 0.00592000
v 0.00725100 0.56987600 0.00592000
v 0.00753100 0.57499300 0.00604300
v 0.00753100 0.57499300 0.00604300
v 0.00753100 0.57499300 0.00604300
v 0.00753100 0.57499300 0.00604300
v 0.00428600 0.57063900 0.00754700
v 0.00489200 0.58014300 0.00848900
v 0.00850000 0.58499200 0.00663800
v 0.00850000 0.58499200 0.00663800
v 0.00850000 0.58499200 0.00663800
v 0.00850000 0.58499200 0.00663800
v 0.01282700 0.59618000 0.00903100
v 0.01282700 0.59618000 0.00903100
v 0.01350000 0.59999200 0.00952500
v 0.01350000 0.59999200 0.00952500
v 0.01350000 0.59999200 0.00952500
v 0.01350000 0.59999200 0.00952500
v 0.00738200 0.59792900 0.01278600
v 0.00442200 0.59792900 0.01449500
v 0.00396200 0.59396400 0.01299800
v 0.00336900 0.59007700 0.01106400
v 0.00850100 0.58530800 0.00664100
v 0.00850100 0.58530800 0.00664100
v 0.00944200 0.58908600 0.00708200
v 0.00944200 0.58908600 0.00708200
v 0.00563100 0.59007700 0.00975200
v 0.00661700 0.59396400 0.01146100
v 0.01121300 0.59262100 0.00802400
v 0.01121300 0.59262100 0.00802400
v 0.01146900 0.56013900 0.00492400
v 0.01146900 0.56013900 0.00492400
v 0.01200000 0.55499300 0.00519500
v 0.01200000 0.55499300 0.00519500
v 0.01200000 0.55499300 0.00519500
v 0.01200000 0.55499300 0.00519500
v 0.01154600 0.55975800 -0.00000100
v 0.01000000 0.56499300 0.00416400
v 0.01000000 0.56499300 0.00416400
v 0.01000000 0.56499300 0.00416400
v 0.01000000 0.56499300 0.00416400
v 0.00875300 0.56987600 0.00331800
v 0.00875300 0.56987600 0.00331800
v 0.00868000 0.57063900 0.00006100
v 0.00900000 0.57499300 0.00349900
v 0.00900000 0.57499300 0.00349900
v 0.00900000 0.57499300 0.00349900
v 0.00900000 0.57499300 0.00349900
v 0.01000000 0.58499200 0.00404000
v 0.01000000 0.58499200 0.00404000
v 0.01000000 0.58499200 0.00404000
v 0.01000000 0.58499200 0.00404000
v 0.00979900 0.58014300 0.00000700
v 0.01000300 0.58530800 0.00404000
v 0.01000300 0.58530800 0.00404000
v 0.01126700 0.59007700 0.00261400
v 0.01126200 0.59007700 -0.00000100
v 0.01323500 0.59396400 -0.00000100
v 0.01476500 0.59792900 -0.00000100
v 0.01500000 0.59999200 0.00692700
v 0.01500000 0.59999200 0.00692700
v 0.01500000 0.59999200 0.00692700
v 0.01500000 0.59999200 0.00692700
v 0.01476500 0.59792900 0.00341800
v 0.01423500 0.59618000 0.00659200
v 0.01423500 0.59618000 0.00659200
v 0.01323800 0.59396400 0.00306800
v 0.01255700 0.59262100 0.00569700
v 0.01255700 0.59262100 0.00569700
v 0.01085500 0.58908600 0.00463400
v 0.01085500 0.58908600 0.00463400
v 0.01470600 0.59814300 0.00763500
v 0.01459800 0.59999200 0.00842700
v 0.01459800 0.59999200 0.00842700
v 0.01439200 0.59812300 0.00836000
v 0.01412100 0.59999200 0.00904800
v 0.01412100 0.59999200 0.00904800
v 0.01283900 0.59389800 0.00745900
v 0.01242600 0.59308400 0.00722000
v 0.01179000 0.59186300 0.00685300
v 0.01061800 0.58945200 0.00617800
v 0.01209000 0.59190200 0.00620400
v 0.01092500 0.58948900 0.00550000
v 0.00981900 0.58499500 0.00506600
v 0.00981900 0.58499500 0.00506600
v 0.00929800 0.58499500 0.00596900
v 0.00929800 0.58499500 0.00596900
v 0.01272600 0.59312300 0.00657100
v 0.01313900 0.59393600 0.00680500
v 0.00964800 0.57991500 0.00471800
v 0.00933500 0.57990500 0.00544200
v 0.00829800 0.57491300 0.00537800
v 0.00829800 0.57491300 0.00537800
v 0.00880700 0.57491300 0.00449600
v 0.00880700 0.57491300 0.00449600
v 0.00864300 0.56991400 0.00411700
v 0.00978300 0.56512000 0.00509200
v 0.00978300 0.56512000 0.00509200
v 0.00832500 0.56992600 0.00485800
v 0.00930200 0.56512000 0.00592500
v 0.00930200 0.56512000 0.00592500
v 0.01134900 0.56021200 0.00570000
v 0.01103600 0.56023400 0.00642200
v 0.01112100 0.55499300 0.00731600
v 0.01112100 0.55499300 0.00731600
v 0.01159800 0.55499300 0.00669500
v 0.01159800 0.55499300 0.00669500
v 0.01189700 0.55499300 0.00597200
v 0.01189700 0.55499300 0.00597200
v 0.01459800 0.66399400 0.00842700
v 0.01459800 0.63199300 0.00842700
v 0.00150000 0.55199300 0.01298900
v 0.00150000 0.55199300 0.01298900
v 0.00150000 0.55199300 0.01298900
v 0.00150000 0.55199300 0.01298900
v 0.00052100 0.55199300 0.01334500
v 0.00052100 0.55199300 0.01334500
v -0.00052100 0.55199300 0.01334500
v -0.00052100 0.55199300 0.01334500
v -0.00150000 0.55199300 0.01298900
v -0.00150000 0.55199300 0.01298900
v -0.00150000 0.55199300 0.01298900
v -0.00150000 0.55199300 0.01298900
v -0.01050000 0.55199300 0.00779300
v -0.01050000 0.55199300 0.00779300
v -0.01050000 0.55199300 0.00779300
v -0.01050000 0.55199300 0.00779300
v -0.01129800 0.55199300 0.00712300
v -0.01129800 0.55199300 0.00712300
v -0.01181900 0.55199300 0.00622100
v -0.01181900 0.55199300 0.00622100
v -0.01200000 0.55199300 0.00519500
v -0.01200000 0.55199300 0.00519500
v -0.01200000 0.55199300 0.00519500
v -0.01200000 0.55199300 0.00519500
v -0.01200000 0.55199300 -0.00519700
v -0.01200000 0.55199300 -0.00519700
v -0.01200000 0.55199300 -0.00519700
v -0.01200000 0.55199300 -0.00519700
v -0.01181900 0.55199300 -0.00622300
v -0.01181900 0.55199300 -0.00622300
v -0.01129800 0.55199300 -0.00712600
v -0.01129800 0.55199300 -0.00712600
v -0.01050000 0.55199300 -0.00779500
v -0.01050000 0.55199300 -0.00779500
v -0.01050000 0.55199300 -0.00779500
v -0.01050000 0.55199300 -0.00779500
v -0.00150000 0.55199300 -0.01299100
v -0.00150000 0.55199300 -0.01299100
v -0.00150000 0.55199300 -0.01299100
v -0.00150000 0.55199300 -0.01299100
v -0.00052100 0.55199300 -0.01334800
v -0.00052100 0.55199300 -0.01334800
v 0.00052100 0.55199300 -0.01334800
v 0.00052100 0.55199300 -0.01334800
v 0.00150000 0.55199300 -0.01299100
v 0.00150000 0.55199300 -0.01299100
v 0.00150000 0.55199300 -0.01299100
v 0.00150000 0.55199300 -0.01299100
v 0.01050000 0.55199300 -0.00779500
v 0.01050000 0.55199300 -0.00779500
v 0.01050000 0.55199300 -0.00779500
v 0.01050000 0.55199300 -0.00779500
v 0.01129800 0.55199300 -0.00712600
v 0.01129800 0.55199300 -0.00712600
v 0.01181900 0.55199300 -0.00622300
v 0.01181900 0.55199300 -0.00622300
v 0.01200000 0.55199300 -0.00519700
v 0.01200000 0.55199300 -0.00519700
v 0.01200000 0.55199300 -0.00519700
v 0.01200000 0.55199300 -0.00519700
v 0.01050000 0.55199300 0.00779300
v 0.01050000 0.55199300 0.00779300
v 0.01050000 0.55199300 0.00779300
v 0.01050000 0.55199300 0.00779300
v 0.01200000 0.55199300 0.00519500
v 0.01200000 0.55199300 0.00519500
v 0.01200000 0.55199300 0.00519500
v 0.01200000 0.55199300 0.00519500
v 0.01181900 0.55199300 0.00622100
v 0.01181900 0.55199300 0.00622100
v 0.01129800 0.55199300 0.00712300
v 0.01129800 0.55199300 0.00712300
v -0.01173200 0.55099300 0.00519500
v -0.01173200 0.55099300 0.00519500
v -0.01173200 0.55099300 -0.00519700
v -0.01173200 0.55099300 -0.00519700
v -0.01100000 0.55026100 0.00519500
v -0.01100000 0.55026100 0.00519500
v -0.01100000 0.55026100 -0.00519700
v -0.01100000 0.55026100 -0.00519700
v -0.01000000 0.54999300 0.00519500
v -0.01000000 0.54999300 0.00519500
v -0.01000000 0.54999300 0.00519500
v -0.01000000 0.54999300 -0.00519700
v -0.01000000 0.54999300 -0.00519700
v -0.01000000 0.54999300 -0.00519700
v -0.01179100 0.55117800 0.00563900
v -0.01130700 0.55050500 0.00556200
v -0.01069400 0.55012500 0.00546500
v -0.00994000 0.54999300 0.00553700
v -0.00994000 0.54999300 0.00553700
v -0.01039700 0.55012500 0.00619000
v -0.00976600 0.54999300 0.00583800
v -0.00976600 0.54999300 0.00583800
v -0.01000000 0.55026100 0.00692700
v -0.01000000 0.55026100 0.00692700
v -0.00950000 0.54999300 0.00606100
v -0.00950000 0.54999300 0.00606100
v -0.00950000 0.54999300 0.00606100
v -0.01090300 0.55050500 0.00654900
v -0.01036600 0.55099300 0.00756100
v -0.01036600 0.55099300 0.00756100
v -0.01130300 0.55117800 0.00683400
v -0.00136600 0.55099300 0.01275700
v -0.00136600 0.55099300 0.01275700
v -0.00100000 0.55026100 0.01212300
v -0.00100000 0.55026100 0.01212300
v -0.00050000 0.54999300 0.01125700
v -0.00050000 0.54999300 0.01125700
v -0.00050000 0.54999300 0.01125700
v -0.00101100 0.55117800 0.01303100
v -0.00083500 0.55050500 0.01257200
v -0.00061300 0.55012500 0.01199300
v -0.00017400 0.54999300 0.01137600
v -0.00017400 0.54999300 0.01137600
v 0.00016300 0.55012500 0.01209900
v 0.00017400 0.54999300 0.01137600
v 0.00017400 0.54999300 0.01137600
v 0.00100000 0.55026100 0.01212300
v 0.00100000 0.55026100 0.01212300
v 0.00050000 0.54999300 0.01125700
v 0.00050000 0.54999300 0.01125700
v 0.00050000 0.54999300 0.01125700
v 0.00022200 0.55050500 0.01271600
v 0.00136600 0.55099300 0.01275700
v 0.00136600 0.55099300 0.01275700
v 0.00026800 0.55117800 0.01320500
v 0.01036600 0.55099300 0.00756100
v 0.01036600 0.55099300 0.00756100
v 0.01000000 0.55026100 0.00692700
v 0.01000000 0.55026100 0.00692700
v 0.00950000 0.54999300 0.00606100
v 0.00950000 0.54999300 0.00606100
v 0.00950000 0.54999300 0.00606100
v 0.01078000 0.55117800 0.00739000
v 0.01047100 0.55050500 0.00700900
v 0.01008000 0.55012500 0.00652700
v 0.00976600 0.54999300 0.00583800
v 0.00976600 0.54999300 0.00583800
v 0.01056000 0.55012500 0.00590800
v 0.00994000 0.54999300 0.00553700
v 0.00994000 0.54999300 0.00553700
v 0.01100000 0.55026100 0.00519500
v 0.01100000 0.55026100 0.00519500
v 0.01000000 0.54999300 0.00519500
v 0.01000000 0.54999300 0.00519500
v 0.01000000 0.54999300 0.00519500
v 0.01112500 0.55050500 0.00616600
v 0.01173200 0.55099300 0.00519500
v 0.01173200 0.55099300 0.00519500
v 0.01157100 0.55117800 0.00637000
v 0.01173200 0.55099300 -0.00519700
v 0.01173200 0.55099300 -0.00519700
v 0.01100000 0.55026100 -0.00519700
v 0.01100000 0.55026100 -0.00519700
v 0.01000000 0.54999300 -0.00519700
v 0.01000000 0.54999300 -0.00519700
v 0.01000000 0.54999300 -0.00519700
v 0.01179100 0.55117800 -0.00564200
v 0.01130700 0.55050500 -0.00556400
v 0.01069400 0.55012500 -0.00546700
v 0.00994000 0.54999300 -0.00553900
v 0.00994000 0.54999300 -0.00553900
v 0.01039700 0.55012500 -0.00619200
v 0.00976600 0.54999300 -0.00584000
v 0.00976600 0.54999300 -0.00584000
v 0.01000000 0.55026100 -0.00692900
v 0.01000000 0.55026100 -0.00692900
v 0.00950000 0.54999300 -0.00606300
v 0.00950000 0.54999300 -0.00606300
v 0.00950000 0.54999300 -0.00606300
v 0.01090300 0.55050500 -0.00655200
v 0.01036600 0.55099300 -0.00756300
v 0.01036600 0.55099300 -0.00756300
v 0.01130300 0.55117800 -0.00683600
v 0.00136600 0.55099300 -0.01275900
v 0.00136600 0.55099300 -0.01275900
v 0.00100000 0.55026100 -0.01212500
v 0.00100000 0.55026100 -0.01212500
v 0.00050000 0.54999300 -0.01125900
v 0.00050000 0.54999300 -0.01125900
v 0.00050000 0.54999300 -0.01125900
v 0.00101100 0.55117800 -0.01303300
v 0.00083500 0.55050500 -0.01257500
v 0.00061300 0.55012500 -0.01199500
v 0.00017400 0.54999300 -0.01137800
v 0.00017400 0.54999300 -0.01137800
v -0.00016300 0.55012500 -0.01210100
v -0.00017400 0.54999300 -0.01137800
v -0.00017400 0.54999300 -0.01137800
v -0.00100000 0.55026100 -0.01212500
v -0.00100000 0.55026100 -0.01212500
v -0.00050000 0.54999300 -0.01125900
v -0.00050000 0.54999300 -0.01125900
v -0.00050000 0.54999300 -0.01125900
v -0.00022200 0.55050500 -0.01271900
v -0.00136600 0.55099300 -0.01275900
v -0.00136600 0.55099300 -0.01275900
v -0.00026800 0.55117800 -0.01320700
v -0.01036600 0.55099300 -0.00756300
v -0.01036600 0.55099300 -0.00756300
v -0.01000000 0.55026100 -0.00692900
v -0.01000000 0.55026100 -0.00692900
v -0.00950000 0.54999300 -0.00606300
v -0.00950000 0.54999300 -0.00606300
v -0.00950000 0.54999300 -0.00606300
v -0.01078000 0.55117800 -0.00739200
v -0.01047100 0.55050500 -0.00701100
v -0.01008000 0.55012500 -0.00652900
v -0.00976600 0.54999300 -0.00584000
v -0.00976600 0.54999300 -0.00584000
v -0.01056000 0.55012500 -0.00591000
v -0.00994000 0.54999300 -0.00553900
v -0.00994000 0.54999300 -0.00553900
v -0.01112500 0.55050500 -0.00616800
v -0.01157100 0.55117800 -0.00637200
v -0.00692800 0.54999300 -0.00400100
v -0.00692800 0.54999300 -0.00400100
v -0.00400000 0.54999300 -0.00692900
v -0.00400000 0.54999300 -0.00692900
v 0.00000000 0.54999300 -0.00800100
v 0.00000000 0.54999300 -0.00800100
v 0.00400000 0.54999300 -0.00692900
v 0.00400000 0.54999300 -0.00692900
v 0.00692800 0.54999300 -0.00400100
v 0.00692800 0.54999300 -0.00400100
v 0.00800000 0.54999300 -0.00000100
v 0.00800000 0.54999300 -0.00000100
v 0.00692800 0.54999300 0.00399900
v 0.00692800 0.54999300 0.00399900
v 0.00400000 0.54999300 0.00692700
v 0.00400000 0.54999300 0.00692700
v 0.00000000 0.54999300 0.00799900
v 0.00000000 0.54999300 0.00799900
v -0.00400000 0.54999300 0.00692700
v -0.00400000 0.54999300 0.00692700
v -0.00692800 0.54999300 0.00399900
v -0.00692800 0.54999300 0.00399900
v -0.00800000 0.54999300 -0.00000100
v -0.00800000 0.54999300 -0.00000100
v -0.00800000 0.54999300 -0.00000100
v -0.00692800 0.69199100 0.00399900
v -0.00692800 0.69199100 0.00399900
v -0.00692800 0.62099200 0.00399900
v -0.00800000 0.69199100 -0.00000100
v -0.00800000 0.69199100 -0.00000100
v -0.00800000 0.69199100 -0.00000100
v -0.00800000 0.62099200 -0.00000100
v -0.00800000 0.62099200 -0.00000100
v -0.00692800 0.69199100 -0.00400100
v -0.00692800 0.69199100 -0.00400100
v -0.00692800 0.62099200 -0.00400100
v -0.00400000 0.69199100 -0.00692900
v -0.00400000 0.69199100 -0.00692900
v -0.00400000 0.62099200 -0.00692900
v 0.00000000 0.69199100 -0.00800100
v 0.00000000 0.69199100 -0.00800100
v 0.00000000 0.62099200 -0.00800100
v 0.00400000 0.69199100 -0.00692900
v 0.00400000 0.69199100 -0.00692900
v 0.00400000 0.62099200 -0.00692900
v 0.00692800 0.69199100 -0.00400100
v 0.00692800 0.69199100 -0.00400100
v 0.00692800 0.62099200 -0.00400100
v 0.00800000 0.69199100 -0.00000100
v 0.00800000 0.69199100 -0.00000100
v 0.00800000 0.62099200 -0.00000100
v 0.00692800 0.69199100 0.00399900
v 0.00692800 0.69199100 0.00399900
v 0.00692800 0.62099200 0.00399900
v 0.00400000 0.69199100 0.00692700
v 0.00400000 0.69199100 0.00692700
v 0.00400000 0.62099200 0.00692700
v 0.00000000 0.69199100 0.00799900
v 0.00000000 0.69199100 0.00799900
v 0.00000000 0.62099200 0.00799900
v -0.00400000 0.69199100 0.00692700
v -0.00400000 0.69199100 0.00692700
v -0.00400000 0.62099200 0.00692700
v 0.00000000 0.69999100 -0.00500100
v 0.00000000 0.69999100 -0.00500100
v 0.00250000 0.69999100 -0.00433100
v 0.00250000 0.69999100 -0.00433100
v 0.00433000 0.69999100 -0.00250100
v 0.00433000 0.69999100 -0.00250100
v 0.00500000 0.69999100 -0.00000100
v 0.00500000 0.69999100 -0.00000100
v 0.00500000 0.69999100 -0.00000100
v 0.00433000 0.69999100 0.00249900
v 0.00433000 0.69999100 0.00249900
v 0.00250000 0.69999100 0.00432900
v 0.00250000 0.69999100 0.00432900
v 0.00000000 0.69999100 0.00499900
v 0.00000000 0.69999100 0.00499900
v -0.00250000 0.69999100 0.00432900
v -0.00250000 0.69999100 0.00432900
v -0.00433000 0.69999100 0.00249900
v -0.00433000 0.69999100 0.00249900
v -0.00500000 0.69999100 -0.00000100
v -0.00500000 0.69999100 -0.00000100
v -0.00433000 0.69999100 -0.00250100
v -0.00433000 0.69999100 -0.00250100
v -0.00250000 0.69999100 -0.00433100
v -0.00250000 0.69999100 -0.00433100
v 0.00433000 0.69499100 0.00249900
v 0.00433000 0.69499100 0.00249900
v 0.00500000 0.69499100 -0.00000100
v 0.00500000 0.69499100 -0.00000100
v 0.00500000 0.69499100 -0.00000100
v 0.00433000 0.69499100 -0.00250100
v 0.00433000 0.69499100 -0.00250100
v 0.00250000 0.69499100 -0.00433100
v 0.00250000 0.69499100 -0.00433100
v 0.00000000 0.69499100 -0.00500100
v 0.00000000 0.69499100 -0.00500100
v -0.00250000 0.69499100 -0.00433100
v -0.00250000 0.69499100 -0.00433100
v -0.00433000 0.69499100 -0.00250100
v -0.00433000 0.69499100 -0.00250100
v -0.00500000 0.69499100 -0.00000100
v -0.00500000 0.69499100 -0.00000100
v -0.00433000 0.69499100 0.00249900
v -0.00433000 0.69499100 0.00249900
v -0.00250000 0.69499100 0.00432900
v -0.00250000 0.69499100 0.00432900
v 0.00000000 0.69499100 0.00499900
v 0.00000000 0.69499100 0.00499900
v 0.00250000 0.69499100 0.00432900
v 0.00250000 0.69499100 0.00432900
v 0.00259800 0.69499100 -0.00150100
v 0.00259800 0.69499100 -0.00150100
v 0.00300000 0.69499100 -0.00000100
v 0.00300000 0.69499100 -0.00000100
v 0.00300000 0.69499100 -0.00000100
v 0.00259800 0.69499100 0.00149900
v 0.00259800 0.69499100 0.00149900
v 0.00150000 0.69499100 -0.00259900
v 0.00150000 0.69499100 -0.00259900
v 0.00000000 0.69499100 -0.00300100
v 0.00000000 0.69499100 -0.00300100
v -0.00150000 0.69499100 -0.00259900
v -0.00150000 0.69499100 -0.00259900
v -0.00259800 0.69499100 -0.00150100
v -0.00259800 0.69499100 -0.00150100
v -0.00300000 0.69499100 -0.00000100
v -0.00300000 0.69499100 -0.00000100
v -0.00259800 0.69499100 0.00149900
v -0.00259800 0.69499100 0.00149900
v -0.00150000 0.69499100 0.00259700
v -0.00150000 0.69499100 0.00259700
v 0.00000000 0.69499100 0.00299900
v 0.00000000 0.69499100 0.00299900
v 0.00150000 0.69499100 0.00259700
v 0.00150000 0.69499100 0.00259700
v -0.00259800 0.69199100 -0.00150100
v -0.00259800 0.69199100 -0.00150100
v -0.00300000 0.69199100 -0.00000100
v -0.00300000 0.69199100 -0.00000100
v -0.00259800 0.69199100 0.00149900
v -0.00259800 0.69199100 0.00149900
v -0.00150000 0.69199100 -0.00259900
v -0.00150000 0.69199100 -0.00259900
v 0.00000000 0.69199100 -0.00300100
v 0.00000000 0.69199100 -0.00300100
v 0.00150000 0.69199100 -0.00259900
v 0.00150000 0.69199100 -0.00259900
v 0.00259800 0.69199100 -0.00150100
v 0.00259800 0.69199100 -0.00150100
v 0.00300000 0.69199100 -0.00000100
v 0.00300000 0.69199100 -0.00000100
v 0.00300000 0.69199100 -0.00000100
v 0.00259800 0.69199100 0.00149900
v 0.00259800 0.69199100 0.00149900
v 0.00150000 0.69199100 0.00259700
v 0.00150000 0.69199100 0.00259700
v 0.00000000 0.69199100 0.00299900
v 0.00000000 0.69199100 0.00299900
v -0.00150000 0.69199100 0.00259700
v -0.00150000 0.69199100 0.00259700
v -0.01200000 0.55499300 -0.00692900
v 0.00000000 0.55499300 -0.01385700
v -0.01200000 0.55499300 0.00692700
v 0.00000000 0.55499300 0.01385500
v 0.01200000 0.55499300 -0.00692900
v 0.01200000 0.55499300 0.00692700
v 0.01000000 0.56499300 -0.00577500
v 0.00000000 0.56499300 0.01154600
v 0.00000000 0.56499300 -0.01154800
v -0.01000000 0.56499300 0.00577200
v -0.01000000 0.56499300 -0.00577500
v 0.01000000 0.56499300 0.00577200
v -0.00900000 0.57499300 -0.00519700
v 0.00000000 0.57499300 -0.01039300
v -0.00900000 0.57499300 0.00519500
v 0.00000000 0.57499300 0.01039100
v 0.00900000 0.57499300 -0.00519700
v 0.00900000 0.57499300 0.00519500
v -0.01000000 0.58499200 0.00577200
v 0.00000000 0.58499200 -0.01154800
v 0.00000000 0.58499200 0.01154600
v 0.01000000 0.58499200 -0.00577500
v 0.01000000 0.58499200 0.00577200
v -0.01000000 0.58499200 -0.00577500
v -0.01500000 0.59999200 0.00865900
v 0.00000000 0.59999200 0.01731900
v -0.01500000 0.59999200 -0.00866100
v 0.00000000 0.59999200 -0.01732100
v 0.01500000 0.59999200 0.00865900
v 0.01500000 0.59999200 -0.00866100
v -0.00779400 -0.51999300 0.00449900
v -0.00779400 -0.51999300 0.00449900
v -0.00692800 -0.51999300 0.00399900
v -0.00692800 -0.51999300 0.00399900
v -0.00900000 -0.51999300 -0.00000100
v -0.00900000 -0.51999300 -0.00000100
v -0.00900000 -0.51999300 -0.00000100
v -0.00800000 -0.51999300 -0.00000100
v -0.00800000 -0.51999300 -0.00000100
v -0.00779400 -0.51999300 -0.00450100
v -0.00779400 -0.51999300 -0.00450100
v -0.00692800 -0.51999300 -0.00400100
v -0.00692800 -0.51999300 -0.00400100
v -0.00400000 -0.51999300 -0.00692900
v -0.00400000 -0.51999300 -0.00692900
v -0.00400000 -0.51999300 0.00692700
v -0.00400000 -0.51999300 0.00692700
v -0.00450000 -0.51999300 0.00779300
v -0.00450000 -0.51999300 0.00779300
v 0.00000000 -0.51999300 0.00799900
v 0.00000000 -0.51999300 0.00799900
v 0.00000000 -0.51999300 0.00899900
v 0.00000000 -0.51999300 0.00899900
v 0.00450000 -0.51999300 0.00779300
v 0.00450000 -0.51999300 0.00779300
v 0.00400000 -0.51999300 0.00692700
v 0.00400000 -0.51999300 0.00692700
v 0.00779400 -0.51999300 0.00449900
v 0.00779400 -0.51999300 0.00449900
v 0.00692800 -0.51999300 0.00399900
v 0.00692800 -0.51999300 0.00399900
v 0.00900000 -0.51999300 -0.00000100
v 0.00900000 -0.51999300 -0.00000100
v 0.00800000 -0.51999300 -0.00000100
v 0.00800000 -0.51999300 -0.00000100
v 0.00800000 -0.51999300 -0.00000100
v 0.00692800 -0.51999300 -0.00400100
v 0.00692800 -0.51999300 -0.00400100
v 0.00779400 -0.51999300 -0.00450100
v 0.00779400 -0.51999300 -0.00450100
v 0.00400000 -0.51999300 -0.00692900
v 0.00400000 -0.51999300 -0.00692900
v 0.00450000 -0.51999300 -0.00779500
v 0.00450000 -0.51999300 -0.00779500
v 0.00000000 -0.51999300 -0.00800100
v 0.00000000 -0.51999300 -0.00800100
v 0.00000000 -0.51999300 -0.00900100
v 0.00000000 -0.51999300 -0.00900100
v -0.00450000 -0.51999300 -0.00779500
v -0.00450000 -0.51999300 -0.00779500
v 0.00692800 -0.53999300 0.00399900
v 0.00692800 -0.53999300 0.00399900
v 0.00800000 -0.53999300 -0.00000100
v 0.00800000 -0.53999300 -0.00000100
v 0.00800000 -0.53999300 -0.00000100
v 0.00692800 -0.53999300 -0.00400100
v 0.00692800 -0.53999300 -0.00400100
v 0.00400000 -0.53999300 -0.00692900
v 0.00400000 -0.53999300 -0.00692900
v 0.00000000 -0.53999300 -0.00800100
v 0.00000000 -0.53999300 -0.00800100
v -0.00400000 -0.53999300 -0.00692900
v -0.00400000 -0.53999300 -0.00692900
v -0.00692800 -0.53999300 -0.00400100
v -0.00692800 -0.53999300 -0.00400100
v -0.00800000 -0.53999300 -0.00000100
v -0.00800000 -0.53999300 -0.00000100
v -0.00692800 -0.53999300 0.00399900
v -0.00692800 -0.53999300 0.00399900
v -0.00400000 -0.53999300 0.00692700
v -0.00400000 -0.53999300 0.00692700
v 0.00000000 -0.53999300 0.00799900
v 0.00000000 -0.53999300 0.00799900
v 0.00400000 -0.53999300 0.00692700
v 0.00400000 -0.53999300 0.00692700
v -0.00779400 -0.53999300 0.00449900
v -0.00779400 -0.53999300 0.00449900
v -0.00900000 -0.53999300 -0.00000100
v -0.00900000 -0.53999300 -0.00000100
v -0.00900000 -0.53999300 -0.00000100
v -0.00900000 -0.53999300 -0.00000100
v -0.00779400 -0.53999300 -0.00450100
v -0.00779400 -0.53999300 -0.00450100
v -0.00450000 -0.53999300 -0.00779500
v -0.00450000 -0.53999300 -0.00779500
v 0.00000000 -0.53999300 -0.00900100
v 0.00000000 -0.53999300 -0.00900100
v 0.00450000 -0.53999300 -0.00779500
v 0.00450000 -0.53999300 -0.00779500
v 0.00779400 -0.53999300 -0.00450100
v 0.00779400 -0.53999300 -0.00450100
v 0.00900000 -0.53999300 -0.00000100
v 0.00900000 -0.53999300 -0.00000100
v 0.00779400 -0.53999300 0.00449900
v 0.00779400 -0.53999300 0.00449900
v 0.00450000 -0.53999300 0.00779300
v 0.00450000 -0.53999300 0.00779300
v 0.00000000 -0.53999300 0.00899900
v 0.00000000 -0.53999300 0.00899900
v -0.00450000 -0.53999300 0.00779300
v -0.00450000 -0.53999300 0.00779300
v -0.00519600 -0.54299300 -0.00300100
v -0.00519600 -0.54299300 -0.00300100
v 0.00519600 -0.54299300 -0.00300100
v 0.00519600 -0.54299300 -0.00300100
v -0.00600000 -0.54299300 -0.00000100
v -0.00600000 -0.54299300 -0.00000100
v -0.00600000 -0.54299300 -0.00000100
v 0.00600000 -0.54299300 -0.00000100
v 0.00600000 -0.54299300 -0.00000100
v -0.00519600 -0.54299300 0.00299900
v -0.00519600 -0.54299300 0.00299900
v 0.00519600 -0.54299300 0.00299900
v 0.00519600 -0.54299300 0.00299900
v -0.00300000 -0.54299300 0.00519500
v -0.00300000 -0.54299300 0.00519500
v 0.00300000 -0.54299300 0.00519500
v 0.00300000 -0.54299300 0.00519500
v -0.00000000 -0.54299300 0.00599900
v -0.00000000 -0.54299300 0.00599900
v 0.00300000 -0.54299300 -0.00519700
v 0.00300000 -0.54299300 -0.00519700
v -0.00300000 -0.54299300 -0.00519700
v -0.00300000 -0.54299300 -0.00519700
v 0.00000000 -0.54299300 -0.00600100
v 0.00000000 -0.54299300 -0.00600100
v -0.00750000 -0.54259100 -0.00000100
v -0.00750000 -0.54259100 -0.00000100
v -0.00649500 -0.54259100 -0.00375100
v -0.00375000 -0.54259100 -0.00649600
v 0.00000000 -0.54259100 -0.00750100
v 0.00375000 -0.54259100 -0.00649600
v 0.00649500 -0.54259100 -0.00375100
v 0.00750000 -0.54259100 -0.00000100
v 0.00649500 -0.54259100 0.00374900
v 0.00375000 -0.54259100 0.00649400
v -0.00000000 -0.54259100 0.00749900
v -0.00375000 -0.54259100 0.00649400
v -0.00649500 -0.54259100 0.00374900
v -0.00859800 -0.54149300 -0.00000100
v -0.00859800 -0.54149300 -0.00000100
v -0.00744600 -0.54149300 0.00429800
v -0.00429900 -0.54149300 0.00744500
v 0.00000000 -0.54149300 0.00859700
v 0.00429900 -0.54149300 0.00744500
v 0.00744600 -0.54149300 0.00429800
v 0.00859800 -0.54149300 -0.00000100
v 0.00744600 -0.54149300 -0.00430000
v 0.00429900 -0.54149300 -0.00744700
v 0.00000000 -0.54149300 -0.00859900
v -0.00429900 -0.54149300 -0.00744700
v -0.00744600 -0.54149300 -0.00430000
v 0.00070000 0.69579100 0.00393700
v 0.00070000 0.69579100 0.00393700
v 0.00070000 0.69579100 0.00393700
v 0.00070000 0.69579100 -0.00393900
v 0.00070000 0.69579100 -0.00393900
v 0.00070000 0.69579100 -0.00393900
v 0.00023400 0.69579100 0.00399200
v 0.00023400 0.69579100 0.00399200
v 0.00023400 0.69579100 -0.00399400
v 0.00023400 0.69579100 -0.00399400
v -0.00023400 0.69579100 -0.00399400
v -0.00023400 0.69579100 -0.00399400
v -0.00023400 0.69579100 0.00399200
v -0.00023400 0.69579100 0.00399200
v -0.00070000 0.69579100 -0.00393900
v -0.00070000 0.69579100 -0.00393900
v -0.00070000 0.69579100 -0.00393900
v -0.00070000 0.69579100 0.00393700
v -0.00070000 0.69579100 0.00393700
v -0.00070000 0.69579100 0.00393700
v -0.00070000 0.69599100 0.00393700
v -0.00070000 0.69599100 0.00393700
v -0.00070000 0.69599100 0.00393700
v -0.00208100 0.69499100 0.00341500
v -0.00208100 0.69499100 0.00341500
v -0.00239200 0.69599100 0.00320500
v -0.00239200 0.69599100 0.00320500
v -0.00351000 0.69499100 0.00191700
v -0.00351000 0.69499100 0.00191700
v -0.00357500 0.69599100 0.00179200
v -0.00357500 0.69599100 0.00179200
v -0.00399900 0.69499100 -0.00009600
v -0.00399900 0.69499100 -0.00009600
v -0.00400000 0.69599100 -0.00000100
v -0.00400000 0.69599100 -0.00000100
v -0.00357500 0.69599100 -0.00179500
v -0.00357500 0.69599100 -0.00179500
v -0.00341600 0.69499100 -0.00208200
v -0.00341600 0.69499100 -0.00208200
v -0.00239200 0.69599100 -0.00320700
v -0.00239200 0.69599100 -0.00320700
v -0.00239200 0.69599100 -0.00320700
v -0.00191800 0.69499100 -0.00351100
v -0.00191800 0.69499100 -0.00351100
v -0.00191800 0.69499100 -0.00351100
v 0.00009400 0.69499100 -0.00400000
v 0.00009400 0.69499100 -0.00400000
v -0.00070000 0.69599100 -0.00393900
v -0.00070000 0.69599100 -0.00393900
v -0.00070000 0.69599100 -0.00393900
v 0.00208100 0.69499100 -0.00341700
v 0.00208100 0.69499100 -0.00341700
v 0.00070000 0.69599100 -0.00393900
v 0.00070000 0.69599100 -0.00393900
v 0.00070000 0.69599100 -0.00393900
v 0.00239200 0.69599100 -0.00320700
v 0.00239200 0.69599100 -0.00320700
v 0.00351000 0.69499100 -0.00191900
v 0.00351000 0.69499100 -0.00191900
v 0.00357500 0.69599100 -0.00179500
v 0.00357500 0.69599100 -0.00179500
v 0.00399900 0.69499100 0.00009300
v 0.00399900 0.69499100 0.00009300
v 0.00400000 0.69599100 -0.00000100
v 0.00400000 0.69599100 -0.00000100
v 0.00357500 0.69599100 0.00179200
v 0.00357500 0.69599100 0.00179200
v 0.00341600 0.69499100 0.00208000
v 0.00341600 0.69499100 0.00208000
v 0.00239200 0.69599100 0.00320500
v 0.00239200 0.69599100 0.00320500
v 0.00191800 0.69499100 0.00350900
v 0.00191800 0.69499100 0.00350900
v -0.00009400 0.69499100 0.00399800
v -0.00009400 0.69499100 0.00399800
v 0.00070000 0.69599100 0.00393700
v 0.00070000 0.69599100 0.00393700
v 0.00070000 0.69599100 0.00393700
v -0.00070000 0.69671000 0.00134400
v -0.00070000 0.69671000 0.00134400
v -0.00070000 0.69671000 -0.00134600
v -0.00070000 0.69671000 -0.00134600
v 0.00070000 0.69671000 -0.00134600
v 0.00070000 0.69671000 -0.00134600
v 0.00070000 0.69671000 0.00134400
v 0.00070000 0.69671000 0.00134400
v 0.00000000 0.69499100 -0.00200100
v 0.00000000 0.69499100 -0.00200100
v -0.00100000 0.69499100 -0.00173300
v -0.00100000 0.69499100 -0.00173300
v -0.00173200 0.69499100 -0.00100100
v -0.00173200 0.69499100 -0.00100100
v -0.00200000 0.69499100 -0.00000100
v -0.00200000 0.69499100 -0.00000100
v -0.00173200 0.69499100 0.00099900
v -0.00173200 0.69499100 0.00099900
v -0.00100000 0.69499100 0.00173100
v -0.00100000 0.69499100 0.00173100
v 0.00000000 0.69499100 0.00199900
v 0.00000000 0.69499100 0.00199900
v 0.00100000 0.69499100 0.00173100
v 0.00100000 0.69499100 0.00173100
v 0.00173200 0.69499100 0.00099900
v 0.00173200 0.69499100 0.00099900
v 0.00200000 0.69499100 -0.00000100
v 0.00200000 0.69499100 -0.00000100
v 0.00200000 0.69499100 -0.00000100
v 0.00173200 0.69499100 -0.00100100
v 0.00173200 0.69499100 -0.00100100
v 0.00100000 0.69499100 -0.00173300
v 0.00100000 0.69499100 -0.00173300
v -0.00173200 0.67599100 0.00099900
v -0.00173200 0.67599100 0.00099900
v -0.00200000 0.67599100 -0.00000100
v -0.00200000 0.67599100 -0.00000100
v -0.00173200 0.67599100 -0.00100100
v -0.00173200 0.67599100 -0.00100100
v -0.00100000 0.67599100 -0.00173300
v -0.00100000 0.67599100 -0.00173300
v -0.00100000 0.67599100 -0.00173300
v 0.00000000 0.67599100 -0.00200100
v 0.00000000 0.67599100 -0.00200100
v 0.00100000 0.67599100 -0.00173300
v 0.00100000 0.67599100 -0.00173300
v 0.00173200 0.67599100 -0.00100100
v 0.00173200 0.67599100 -0.00100100
v 0.00200000 0.67599100 -0.00000100
v 0.00200000 0.67599100 -0.00000100
v 0.00200000 0.67599100 -0.00000100
v 0.00173200 0.67599100 0.00099900
v 0.00173200 0.67599100 0.00099900
v 0.00100000 0.67599100 0.00173100
v 0.00100000 0.67599100 0.00173100
v 0.00000000 0.67599100 0.00199900
v 0.00000000 0.67599100 0.00199900
v -0.00100000 0.67599100 0.00173100
v -0.00100000 0.67599100 0.00173100
v -0.00086600 0.67499100 -0.00050100
v -0.00086600 0.67499100 -0.00050100
v 0.00086600 0.67499100 -0.00050100
v 0.00086600 0.67499100 -0.00050100
v -0.00100000 0.67499100 -0.00000100
v -0.00100000 0.67499100 -0.00000100
v 0.00100000 0.67499100 -0.00000100
v 0.00100000 0.67499100 -0.00000100
v -0.00086600 0.67499100 0.00049900
v -0.00086600 0.67499100 0.00049900
v 0.00086600 0.67499100 0.00049900
v 0.00086600 0.67499100 0.00049900
v -0.00050000 0.67499100 0.00086500
v -0.00050000 0.67499100 0.00086500
v 0.00050000 0.67499100 0.00086500
v 0.00050000 0.67499100 0.00086500
v 0.00000000 0.67499100 0.00099900
v 0.00000000 0.67499100 0.00099900
v 0.00050000 0.67499100 -0.00086700
v 0.00050000 0.67499100 -0.00086700
v -0.00050000 0.67499100 -0.00086700
v -0.00050000 0.67499100 -0.00086700
v -0.00050000 0.67499100 -0.00086700
v 0.00000000 0.67499100 -0.00100100
v 0.00000000 0.67499100 -0.00100100
vn -0.86600000 0.00000000 -0.50000000
vn 0.00000000 -1.00000000 -0.00000000
vn 0.00000000 -1.00000000 -0.00000000
vn 0.86600000 0.00000000 -0.50000000
vn -1.00000000 -0.00000000 -0.00000000
vn 0.00000000 -1.00000000 -0.00000000
vn 1.00000000 -0.00000000 0.00000000
vn 1.00000000 -0.00000000 0.00000000
vn 0.00000000 -1.00000000 -0.00000000
vn -0.86600000 -0.00000000 0.50000000
vn 0.00000000 -1.00000000 -0.00000000
vn 0.86600000 -0.00000000 0.50000000
vn 0.00000000 -1.00000000 -0.00000000
vn 0.00000000 -1.00000000 -0.00000000
vn -0.50000000 -0.00000000 0.86600000
vn 0.00000000 -1.00000000 -0.00000000
vn 0.50000000 -0.00000000 0.86600000
vn -0.00000000 -0.00000000 1.00000000
vn 0.00000000 -1.00000000 -0.00000000
vn 0.50000000 0.00000000 -0.86600000
vn 0.00000000 -1.00000000 -0.00000000
vn 0.00000000 -1.00000000 -0.00000000
vn -0.50000000 0.00000000 -0.86600000
vn 0.00000000 -1.00000000 -0.00000000
vn 0.00000000 0.00000000 -1.00000000
vn 0.00000000 1.00000000 0.00000000
vn 0.86600000 0.00000000 -0.50000000
vn -0.86600000 -0.00000000 0.50000000
vn 0.00000000 1.00000000 0.00000000
vn 0.00000000 1.00000000 0.00000000
vn 1.00000000 0.00010000 -0.00000000
vn 1.00000000 0.00010000 -0.00000000
vn -1.00000000 -0.00000000 -0.00000000
vn 0.00000000 1.00000000 0.00000000
vn -1.00000000 -0.00000000 -0.00000000
vn 0.00000000 1.00000000 0.00000000
vn -0.86600000 0.00000000 -0.50000000
vn -0.50000000 -0.00000000 0.86600000
vn 0.00000000 1.00000000 0.00000000
vn 0.00000000 1.00000000 0.00000000
vn 0.50000000 0.00000000 -0.86600000
vn -0.00000000 -0.00000000 1.00000000
vn 0.00000000 1.00000000 0.00000000
vn 0.00000000 0.00000000 -1.00000000
vn 0.00000000 1.00000000 0.00000000
vn -0.50000000 0.00000000 -0.86600000
vn 0.00000000 1.00000000 0.00000000
vn 0.00000000 1.00000000 0.00000000
vn 0.50000000 -0.00000000 0.86600000
vn 0.00000000 1.00000000 0.00000000
vn -0.86600000 0.00000000 -0.50000000
vn 0.00000000 1.00000000 0.00000000
vn 0.86600000 -0.00000000 0.50000000
vn 0.00000000 1.00000000 0.00000000
vn 1.00000000 -0.00000000 0.00000000
vn 0.00000000 1.00000000 0.00000000
vn -1.00000000 0.00010000 0.00000000
vn 0.86600000 0.00000000 -0.50000000
vn 0.00000000 1.00000000 0.00000000
vn 0.00000000 1.00000000 0.00000000
vn -0.86600000 -0.00000000 0.50000000
vn 0.50000000 0.00000000 -0.86600000
vn 0.00000000 1.00000000 0.00000000
vn -0.50000000 -0.00000000 0.86600000
vn 0.00000000 1.00000000 0.00000000
vn 0.00000000 1.00000000 0.00000000
vn 0.00000000 0.00000000 -1.00000000
vn -0.00000000 -0.00000000 1.00000000
vn 0.00000000 1.00000000 0.00000000
vn 0.00000000 1.00000000 0.00000000
vn 0.50000000 -0.00000000 0.86600000
vn -0.50000000 0.00000000 -0.86600000
vn 0.00000000 1.00000000 0.00000000
vn 0.86610000 -0.00010000 0.49990000
vn 0.00000000 1.00000000 0.00000000
vn 0.00000000 1.00000000 0.00000000
vn -0.86600000 0.00000000 -0.50000000
vn 0.00000000 1.00000000 0.00000000
vn -1.00000000 -0.00000000 -0.00000000
vn -1.00000000 -0.00000000 -0.00000000
vn 0.00000000 1.00000000 0.00000000
vn -0.86600000 -0.00000000 0.50000000
vn 0.00000000 1.00000000 0.00010000
vn -0.50000000 -0.00000000 0.86600000
vn 0.00000000 1.00000000 0.00000000
vn -0.00000000 -0.00000000 1.00000000
vn 0.50000000 -0.00000000 0.86600000
vn 0.00000000 1.00000000 0.00000000
vn 0.86600000 -0.00000000 0.50000000
vn 0.00000000 1.00000000 0.00000000
vn 1.00000000 -0.00000000 0.00000000
vn 0.00000000 1.00000000 0.00000000
vn 0.00000000 1.00000000 0.00000000
vn 0.86600000 0.00000000 -0.50000000
vn 0.00000000 1.00000000 -0.00010000
vn 0.50000000 0.00000000 -0.86600000
vn 0.00000000 0.00000000 -1.00000000
vn 0.00000000 1.00000000 0.00000000
vn -0.50000000 0.00000000 -0.86600000
vn 0.00000000 1.00000000 0.00000000
vn -0.00000000 0.92350000 0.38350000
vn 0.99540000 -0.00000000 -0.09590000
vn 0.00000000 1.00000000 0.00000000
vn 1.00000000 -0.00000000 0.00000000
vn 1.00000000 -0.00000000 0.00000000
vn 0.00000000 1.00000000 0.00000000
vn 1.00000000 -0.00000000 0.00000000
vn 1.00000000 -0.00000000 0.00000000
vn 0.99540000 -0.00000000 0.09590000
vn -0.00000000 0.92360000 -0.38340000
vn 0.96820000 0.00000000 0.25000000
vn 0.98430000 -0.00000000 0.17680000
vn 0.00000000 0.70710000 -0.70710000
vn -0.00000000 0.38340000 -0.92360000
vn 0.97300000 -0.00000000 0.23090000
vn 0.96830000 -0.00000000 0.25000000
vn 0.00000000 0.00000000 -1.00000000
vn 0.86600000 -0.00000000 0.50000000
vn 0.86600000 -0.00000000 0.50000000
vn 0.50000000 -0.00000000 0.86600000
vn 0.50000000 -0.00000000 0.86600000
vn -0.00000000 -0.00000000 1.00000000
vn -0.00000000 -0.00000000 1.00000000
vn -0.50000000 -0.00000000 0.86600000
vn -0.50000000 -0.00000000 0.86600000
vn -0.86600000 -0.00000000 0.50000000
vn -0.86600000 -0.00000000 0.50000000
vn -1.00000000 -0.00000000 -0.00000000
vn -1.00000000 -0.00000000 -0.00000000
vn -0.86600000 0.00000000 -0.50000000
vn -0.50000000 0.00000000 -0.86600000
vn 0.00000000 0.00000000 -1.00000000
vn 0.50000000 0.00000000 -0.86600000
vn 0.86600000 0.00000000 -0.50000000
vn 1.00000000 -0.00000000 0.00000000
vn 1.00000000 -0.00000000 0.00000000
vn 0.86600000 -0.00000000 0.50000000
vn 0.50000000 -0.00000000 0.86600000
vn -0.00000000 -0.00000000 1.00000000
vn -0.50000000 -0.00000000 0.86600000
vn -0.86600000 -0.00000000 0.50000000
vn 0.96410000 -0.00000000 0.26540000
vn 0.00000000 -0.38340000 -0.92360000
vn 0.97300000 -0.00000000 0.23090000
vn 0.98420000 0.00000000 0.17680000
vn 0.00000000 -0.70710000 -0.70710000
vn 0.99540000 -0.00000000 0.09590000
vn 0.00000000 -0.92360000 -0.38340000
vn 1.00000000 -0.00000000 0.00000000
vn 1.00000000 -0.00000000 0.00000000
vn 1.00000000 -0.00000000 0.00000000
vn 1.00000000 -0.00000000 0.00000000
vn 0.86600000 0.00000000 -0.50000000
vn 0.86600000 0.00000000 -0.50000000
vn 0.50000000 0.00000000 -0.86600000
vn 0.50000000 0.00000000 -0.86600000
vn 0.00000000 0.00000000 -1.00000000
vn 0.00000000 0.00000000 -1.00000000
vn -0.50000000 0.00000000 -0.86600000
vn -0.50000000 0.00000000 -0.86600000
vn -0.86600000 0.00000000 -0.50000000
vn -0.88650000 0.00000000 -0.46270000
vn -1.00000000 -0.00000000 -0.00000000
vn -0.86600000 -0.00000000 0.50000000
vn -0.50000000 -0.00000000 0.86600000
vn -0.00000000 -0.00000000 1.00000000
vn 0.50000000 -0.00000000 0.86600000
vn 0.86600000 -0.00000000 0.50000000
vn 0.88650000 0.00000000 0.46270000
vn 0.86600000 -0.00000000 0.50000000
vn 0.90530000 0.00000000 0.42470000
vn 0.86600000 -0.00000000 0.50000000
vn 0.92260000 0.00000000 0.38580000
vn 0.86600000 -0.00000000 0.50000000
vn 0.93810000 0.00000000 0.34630000
vn 0.86600000 -0.00000000 0.50000000
vn 0.95200000 0.00000000 0.30610000
vn 0.86600000 -0.00000000 0.50000000
vn 1.00000000 -0.00000000 0.00000000
vn 1.00000000 -0.00000000 0.00000000
vn 0.00000000 -1.00000000 -0.00000000
vn -0.00000000 -0.92360000 0.38340000
vn 0.99540000 -0.00000000 -0.09590000
vn 0.00000000 -0.70710000 0.70710000
vn 0.98420000 0.00000000 -0.17680000
vn 0.97300000 -0.00000000 -0.23090000
vn -0.00000000 -0.38340000 0.92360000
vn 0.96820000 -0.00000000 -0.25000000
vn -0.00000000 -0.00000000 1.00000000
vn 0.86600000 0.00000000 -0.50000000
vn 0.86600000 0.00000000 -0.50000000
vn 0.50000000 0.00000000 -0.86600000
vn 0.50000000 0.00000000 -0.86600000
vn 0.00000000 0.00000000 -1.00000000
vn 0.00000000 0.00000000 -1.00000000
vn -0.50000000 0.00000000 -0.86600000
vn -0.50000000 0.00000000 -0.86600000
vn -0.86600000 0.00000000 -0.50000000
vn -0.86600000 0.00000000 -0.50000000
vn -0.96420000 0.00000000 -0.26530000
vn -0.00000000 -0.00000000 1.00000000
vn -0.96830000 -0.00000000 -0.25000000
vn -0.97300000 0.00000000 -0.23090000
vn -0.00000000 -0.38340000 0.92360000
vn 0.00000000 0.38340000 0.92360000
vn 0.97300000 -0.00000000 -0.23090000
vn 0.98420000 0.00000000 -0.17680000
vn -0.00000000 0.70710000 0.70720000
vn 1.00000000 -0.00000000 0.00000000
vn 1.00000000 -0.00000000 0.00000000
vn 0.86600000 0.00000000 -0.50000000
vn 0.50000000 0.00000000 -0.86600000
vn 0.00000000 0.00000000 -1.00000000
vn -0.99540000 0.00000000 0.09580000
vn 0.00000000 0.92350000 -0.38350000
vn 0.00000000 1.00000000 0.00000000
vn 0.00000000 1.00000000 0.00000000
vn -1.00000000 -0.00000000 -0.00000000
vn -1.00000000 -0.00000000 -0.00000000
vn -0.99540000 0.00000000 -0.09590000
vn 0.00000000 0.92360000 0.38340000
vn -0.96820000 0.00000000 -0.25000000
vn -0.00000000 0.70710000 0.70710000
vn -0.98430000 0.00000000 -0.17680000
vn -0.97300000 0.00000000 -0.23090000
vn 0.00000000 0.38340000 0.92360000
vn -0.86600000 0.00000000 -0.50000000
vn -0.50000000 0.00000000 -0.86600000
vn -0.50000000 0.00000000 -0.86600000
vn 0.00000000 0.00000000 -1.00000000
vn 0.00000000 0.00000000 -1.00000000
vn 0.50000000 0.00000000 -0.86600000
vn 0.50000000 0.00000000 -0.86600000
vn 0.86600000 0.00000000 -0.50000000
vn 0.86600000 0.00000000 -0.50000000
vn 1.00000000 -0.00000000 0.00000000
vn 1.00000000 -0.00000000 0.00000000
vn -0.98420000 0.00000000 -0.17680000
vn 0.00000000 -0.70710000 0.70710000
vn -0.00000000 -0.92360000 0.38340000
vn -0.99540000 0.00000000 -0.09590000
vn -1.00000000 -0.00000000 -0.00000000
vn -1.00000000 -0.00000000 -0.00000000
vn 0.00000000 -1.00000000 -0.00000000
vn -0.99540000 0.00000000 0.09590000
vn 0.00000000 -0.92360000 -0.38340000
vn -0.98420000 0.00000000 0.17680000
vn 0.00000000 -0.70710000 -0.70710000
vn -0.97300000 -0.00000000 0.23090000
vn 0.00000000 -0.38340000 -0.92360000
vn -0.96820000 -0.00000000 0.25000000
vn 0.00000000 0.00000000 -1.00000000
vn -0.00000000 0.38340000 -0.92360000
vn -0.97300000 -0.00000000 0.23090000
vn -0.86600000 -0.00010000 0.50000000
vn -0.86600000 -0.00000000 0.50000000
vn -0.50000000 -0.00000000 0.86600000
vn -0.50000000 -0.00000000 0.86600000
vn -0.00000000 -0.00000000 1.00000000
vn -0.00000000 -0.00000000 1.00000000
vn 0.50000000 -0.00000000 0.86600000
vn 0.50000000 -0.00000000 0.86600000
vn -0.00000000 0.70710000 -0.70720000
vn -0.98420000 0.00000000 0.17680000
vn -0.00000000 0.92360000 -0.38340000
vn -0.99540000 0.00000000 0.09580000
vn -1.00000000 -0.00000000 -0.00000000
vn 0.00000000 1.00000000 0.00000000
vn 0.00000000 1.00000000 0.00000000
vn -1.00000000 -0.00000000 -0.00000000
vn 0.00000000 0.92360000 0.38350000
vn -0.99540000 0.00000000 -0.09590000
vn -0.98420000 0.00000000 -0.17680000
vn -0.00000000 0.70710000 0.70710000
vn 0.00000000 0.38340000 0.92360000
vn -0.97300000 0.00000000 -0.23090000
vn -0.86600000 0.00000000 -0.50000000
vn -0.86600000 0.00000000 -0.50000000
vn -0.50000000 0.00000000 -0.86600000
vn -0.50000000 0.00000000 -0.86600000
vn 0.00000000 0.00000000 -1.00000000
vn -0.96820000 0.00000000 -0.25000000
vn -0.00000000 -0.00000000 1.00000000
vn -0.86600000 0.00000000 -0.50000000
vn -0.50000000 0.00000000 -0.86600000
vn -0.96820000 0.00000000 -0.25000000
vn -0.00000000 -0.38340000 0.92360000
vn -0.97300000 0.00000000 -0.23090000
vn -0.98420000 0.00000000 -0.17680000
vn 0.00000000 -0.70710000 0.70720000
vn 0.00000000 -0.92350000 0.38350000
vn -0.99540000 0.00000000 -0.09590000
vn -1.00000000 -0.00000000 -0.00000000
vn -1.00000000 -0.00000000 -0.00000000
vn -0.86600000 -0.00000000 0.50000000
vn -0.50000000 -0.00000000 0.86600000
vn -0.00000000 -0.00000000 1.00000000
vn 0.50000000 -0.00000000 0.86600000
vn 0.00000000 -1.00000000 -0.00000000
vn -1.00000000 -0.00000000 -0.00000000
vn -0.99540000 0.00000000 0.09590000
vn 0.00000000 -0.92360000 -0.38340000
vn -0.98420000 0.00000000 0.17680000
vn 0.00000000 -0.70710000 -0.70710000
vn 0.00000000 -0.38340000 -0.92360000
vn -0.97300000 -0.00000000 0.23090000
vn 0.00000000 0.00000000 -1.00000000
vn -0.96820000 -0.00000000 0.25000000
vn -0.86600000 -0.00000000 0.50000000
vn -0.86600000 0.00010000 0.50000000
vn -0.50000000 -0.00000000 0.86600000
vn -0.00000000 0.38340000 -0.92360000
vn -0.97300000 -0.00000000 0.23090000
vn -0.98420000 0.00000000 0.17680000
vn 0.00000000 0.70710000 -0.70710000
vn 0.00000000 0.92360000 0.38340000
vn 0.99540000 0.00000000 -0.09580000
vn 0.00000000 1.00000000 0.00000000
vn 0.00000000 1.00000000 0.00000000
vn 1.00000000 -0.00000000 0.00000000
vn 1.00000000 -0.00000000 0.00000000
vn 1.00000000 -0.00000000 0.00000000
vn 1.00000000 -0.00000000 0.00000000
vn 0.99540000 0.00000000 0.09580000
vn -0.00000000 0.92360000 -0.38340000
vn 0.00000000 0.70710000 -0.70710000
vn 0.98420000 0.00000000 0.17680000
vn 0.97300000 -0.00000000 0.23090000
vn -0.00000000 0.38340000 -0.92360000
vn 0.86600000 0.00010000 0.50000000
vn 0.86600000 -0.00000000 0.50000000
vn 0.50000000 -0.00000000 0.86600000
vn 0.50000000 -0.00000000 0.86600000
vn -0.00000000 -0.00000000 1.00000000
vn 0.96820000 0.00000000 0.25000000
vn 0.00000000 0.00000000 -1.00000000
vn 0.86600000 -0.00000000 0.50000000
vn 0.50000000 -0.00000000 0.86600000
vn 0.96820000 0.00000000 0.25000000
vn 0.97300000 -0.00000000 0.23090000
vn 0.00000000 -0.38340000 -0.92360000
vn 0.00000000 -0.70710000 -0.70720000
vn 0.98420000 0.00000000 0.17680000
vn 0.99540000 -0.00000000 0.09590000
vn -0.00000000 -0.92350000 -0.38350000
vn 1.00000000 -0.00000000 0.00000000
vn 1.00000000 -0.00000000 0.00000000
vn 1.00000000 -0.00000000 0.00000000
vn 1.00000000 -0.00000000 0.00000000
vn 0.86600000 0.00000000 -0.50000000
vn 1.00000000 -0.00000000 0.00000000
vn 0.00000000 -1.00000000 -0.00000000
vn 1.00000000 -0.00000000 0.00000000
vn 0.99540000 -0.00000000 -0.09590000
vn -0.00000000 -0.92360000 0.38340000
vn 0.00000000 -0.70710000 0.70710000
vn 0.98420000 0.00000000 -0.17680000
vn 0.97300000 -0.00000000 -0.23090000
vn -0.00000000 -0.38340000 0.92360000
vn -0.00000000 -0.00000000 1.00000000
vn 0.96820000 -0.00000000 -0.25000000
vn 0.86600000 0.00000000 -0.50000000
vn 0.86600000 0.00000000 -0.50000000
vn 0.50000000 0.00000000 -0.86600000
vn 0.00000000 0.38340000 0.92360000
vn 0.97300000 -0.00000000 -0.23090000
vn -0.00000000 0.70710000 0.70710000
vn 0.98420000 0.00000000 -0.17680000
vn 1.00000000 -0.00000000 0.00000000
vn 1.00000000 -0.00000000 0.00000000
vn 0.86600000 0.00000000 -0.50000000
vn 0.50000000 0.00000000 -0.86600000
vn 1.00000000 -0.00000000 0.00000000
vn 1.00000000 -0.00000000 0.00000000
vn 0.86600000 0.00000000 -0.50000000
vn 1.00000000 -0.00000000 0.00000000
vn 1.00000000 -0.00000000 0.00000000
vn 0.96830000 -0.00000000 0.25000000
vn 1.00000000 -0.00000000 0.00000000
vn 1.00000000 -0.00000000 0.00000000
vn 0.86600000 -0.00000000 0.50000000
vn 0.50000000 0.00000000 -0.86600000
vn 0.50000000 0.00000000 -0.86600000
vn 0.50000000 0.00000000 -0.86600000
vn 0.00000000 0.00000000 -1.00000000
vn -0.50000000 0.00000000 -0.86600000
vn -0.86600000 0.00000000 -0.50000000
vn 0.50000000 -0.00000000 0.86600000
vn -0.00000000 -0.00000000 1.00000000
vn -0.50000000 -0.00000000 0.86600000
vn -0.86600000 -0.00000000 0.50000000
vn -1.00000000 -0.00000000 -0.00000000
vn -0.90530000 -0.00000000 -0.42470000
vn -0.00000000 -0.00000000 1.00000000
vn -0.50000000 -0.00000000 0.86600000
vn -0.86600000 -0.00000000 0.50000000
vn 0.50000000 -0.00000000 0.86600000
vn 0.50000000 -0.00000000 0.86600000
vn -0.00000000 -0.00000000 1.00000000
vn -0.00000000 -0.00000000 1.00000000
vn -0.00000000 -0.00000000 1.00000000
vn -0.50000000 -0.00000000 0.86600000
vn -0.50000000 -0.00000000 0.86600000
vn -0.86600000 -0.00000000 0.50000000
vn -1.00000000 -0.00000000 -0.00000000
vn -0.92260000 -0.00000000 -0.38580000
vn -0.86600000 0.00000000 -0.50000000
vn -0.50000000 -0.00000000 0.86600000
vn -0.86600000 -0.00000000 0.50000000
vn -1.00000000 -0.00000000 -0.00000000
vn -1.00000000 -0.00000000 -0.00000000
vn -0.93810000 -0.00000000 -0.34630000
vn -0.86600000 -0.00010000 -0.50000000
vn -0.50000000 0.00000000 -0.86600000
vn -1.00000000 -0.00000000 -0.00000000
vn -0.95200000 -0.00000000 -0.30610000
vn -0.96830000 -0.00000000 -0.25000000
vn -0.86600000 0.00000000 -0.50000000
vn -0.86600000 -0.00010000 -0.50000000
vn -0.50000000 0.00000000 -0.86600000
vn 0.00000000 0.00000000 -1.00000000
vn 0.00000000 0.00000000 -1.00000000
vn 0.00000000 0.00000000 -1.00000000
vn -0.00000000 -0.92360000 0.38340000
vn -0.99540000 0.00000000 0.09590000
vn -1.00000000 -0.00000000 -0.00000000
vn -1.00000000 -0.00000000 -0.00000000
vn 0.00000000 -1.00000000 -0.00000000
vn -1.00000000 -0.00000000 -0.00000000
vn 0.00000000 1.00000000 0.00000000
vn -1.00000000 -0.00000000 -0.00000000
vn 0.00000000 -0.92360000 -0.38340000
vn -0.99540000 0.00000000 -0.09590000
vn -0.98420000 0.00000000 -0.17680000
vn 0.00000000 -0.70710000 -0.70710000
vn -0.97300000 0.00000000 -0.23090000
vn 0.00000000 -0.38340000 -0.92360000
vn 0.00000000 1.00000000 0.00000000
vn -0.86600000 0.00000000 -0.50000000
vn -0.96820000 0.00000000 -0.25000000
vn 0.00000000 0.00000000 -1.00000000
vn -0.86600000 0.00000000 -0.50000000
vn 0.00000000 -1.00000000 -0.00000000
vn -0.00000000 0.38340000 -0.92360000
vn -0.97300000 0.00000000 -0.23090000
vn -1.00000000 -0.00000000 -0.00000000
vn -1.00000000 -0.00000000 -0.00000000
vn 0.00000000 -1.00000000 -0.00000000
vn -0.98430000 0.00000000 -0.17680000
vn -0.00000000 0.70710000 -0.70720000
vn -0.99540000 0.00000000 -0.09590000
vn -0.00000000 0.92360000 -0.38340000
vn 0.00000000 1.00000000 0.00000000
vn 0.00000000 1.00000000 0.00000000
vn -1.00000000 -0.00000000 -0.00000000
vn -1.00000000 -0.00000000 -0.00000000
vn 0.00000000 0.92360000 0.38340000
vn -0.99540000 0.00000000 0.09590000
vn -0.00000000 0.70710000 0.70720000
vn -0.98420000 0.00000000 0.17680000
vn -0.97300000 -0.00000000 0.23090000
vn 0.00000000 0.38340000 0.92360000
vn -0.96820000 -0.00000000 0.25000000
vn -0.00000000 -0.00000000 1.00000000
vn 0.00000000 -1.00000000 -0.00000000
vn -0.86600000 -0.00000000 0.50000000
vn -0.86600000 -0.00000000 0.50000000
vn 0.00000000 1.00000000 0.00000000
vn -0.50000000 -0.00000000 0.86600000
vn 0.00000000 -1.00000000 -0.00000000
vn 0.00000000 1.00000000 0.00000000
vn -0.50000000 -0.00000000 0.86600000
vn -0.00000000 -0.00000000 1.00000000
vn 0.00000000 -1.00000000 -0.00000000
vn 0.00000000 1.00000000 0.00000000
vn -0.00000000 -0.00000000 1.00000000
vn 0.50000000 -0.00000000 0.86600000
vn 0.00000000 -1.00000000 -0.00000000
vn 0.00000000 1.00000000 0.00000000
vn 0.50000000 -0.00000000 0.86600000
vn 0.86600000 -0.00000000 0.50000000
vn 0.00000000 -1.00000000 -0.00000000
vn 0.00000000 1.00000000 0.00000000
vn 0.86600000 -0.00000000 0.50000000
vn 0.96820000 0.00000000 0.25000000
vn -0.00000000 -0.00000000 1.00000000
vn 0.97300000 -0.00000000 0.23090000
vn -0.00000000 -0.38340000 0.92360000
vn 0.00000000 1.00000000 0.00000000
vn 1.00000000 -0.00000000 0.00000000
vn 0.98420000 0.00000000 0.17680000
vn 0.00000000 -0.70710000 0.70710000
vn -0.00000000 -0.92360000 0.38340000
vn 0.99540000 -0.00000000 0.09590000
vn 0.00000000 -1.00000000 -0.00000000
vn 1.00000000 -0.00000000 0.00000000
vn 0.99540000 -0.00000000 -0.09590000
vn 0.00000000 -0.92360000 -0.38340000
vn 0.98420000 0.00000000 -0.17680000
vn 0.00000000 -0.70710000 -0.70710000
vn 0.00000000 -0.38340000 -0.92360000
vn 0.97300000 -0.00000000 -0.23090000
vn 0.96820000 -0.00000000 -0.25000000
vn 0.00000000 0.00000000 -1.00000000
vn 0.00000000 1.00000000 0.00000000
vn 0.86600000 0.00000000 -0.50000000
vn 0.86600000 0.00000000 -0.50000000
vn 0.00000000 -1.00000000 -0.00000000
vn 0.00000000 -1.00000000 -0.00000000
vn 0.50000000 0.00000000 -0.86600000
vn 0.00000000 1.00000000 0.00000000
vn 0.50000000 0.00000000 -0.86600000
vn 0.00000000 0.00000000 -1.00000000
vn 0.00000000 -1.00000000 -0.00000000
vn 0.00000000 1.00000000 0.00000000
vn 0.00000000 0.00000000 -1.00000000
vn -0.50000000 0.00000000 -0.86600000
vn 0.00000000 -1.00000000 -0.00000000
vn 0.00000000 1.00000000 0.00000000
vn -0.50000000 0.00000000 -0.86600000
vn -0.00000000 -0.38340000 0.92360000
vn -0.97300000 -0.00000000 0.23090000
vn -0.98430000 0.00000000 0.17680000
vn 0.00000000 -0.70710000 0.70710000
vn 1.00000000 -0.00000000 0.00000000
vn 0.00000000 -1.00000000 -0.00000000
vn 0.97300000 -0.00000000 -0.23090000
vn -0.00000000 0.38340000 -0.92360000
vn 0.98420000 0.00000000 -0.17680000
vn -0.00000000 0.70710000 -0.70720000
vn 0.99540000 -0.00000000 -0.09590000
vn -0.00000000 0.92360000 -0.38340000
vn 0.00000000 1.00000000 0.00000000
vn 0.00000000 1.00000000 0.00000000
vn 1.00000000 -0.00000000 0.00000000
vn 0.00000000 0.92360000 0.38340000
vn 0.99540000 -0.00000000 0.09590000
vn 0.98430000 -0.00000000 0.17680000
vn -0.00000000 0.70710000 0.70720000
vn 0.00000000 0.38340000 0.92360000
vn 0.97300000 -0.00000000 0.23090000
vn -0.86600000 0.00000000 -0.50000000
vn 0.00000000 -1.00000000 -0.00000000
vn 0.00000000 0.00000000 -1.00000000
vn 0.00000000 -1.00000000 -0.00000000
vn 0.00000000 0.00000000 -1.00000000
vn -1.00000000 -0.00000000 -0.00000000
vn 0.00000000 -1.00000000 -0.00000000
vn -1.00000000 -0.00000000 -0.00000000
vn -0.50000000 0.00000000 -0.86600000
vn 0.00000000 -1.00000000 -0.00000000
vn 0.00000000 0.00000000 -1.00000000
vn 0.00000000 -1.00000000 -0.00000000
vn 0.00000000 0.00000000 -1.00000000
vn 0.50000000 0.00000000 -0.86600000
vn 0.00000000 -1.00000000 -0.00000000
vn 0.86600000 0.00000000 -0.50000000
vn 0.00000000 -1.00000000 -0.00000000
vn 1.00000000 -0.00000000 0.00000000
vn 0.00000000 -1.00000000 -0.00000000
vn 1.00000000 -0.00000000 0.00000000
vn 1.00000000 -0.00000000 0.00000000
vn 1.00000000 -0.00000000 0.00000000
vn 0.00000000 -1.00000000 -0.00000000
vn -0.00000000 -0.00000000 1.00000000
vn -0.00000000 -0.00000000 1.00000000
vn 0.00000000 -1.00000000 -0.00000000
vn 0.00000000 -1.00000000 -0.00000000
vn -0.00000000 -0.00000000 1.00000000
vn -0.00000000 -0.00000000 1.00000000
vn -1.00000000 -0.00000000 -0.00000000
vn -1.00000000 -0.00000000 -0.00000000
vn 0.00000000 -1.00000000 -0.00000000
vn 0.00000000 -1.00000000 -0.00000000
vn 0.86600000 -0.00000000 0.50000000
vn 0.00000000 -1.00000000 -0.00000000
vn 0.50000000 -0.00000000 0.86600000
vn 0.00000000 -1.00000000 -0.00000000
vn -0.50000000 -0.00000000 0.86600000
vn 0.00000000 -1.00000000 -0.00000000
vn -0.86600000 -0.00000000 0.50000000
vn 0.00000000 0.00000000 -1.00000000
vn 0.00000000 1.00000000 0.00000000
vn 0.00000000 0.00000000 -1.00000000
vn 0.50000000 0.00000000 -0.86600000
vn 0.00000000 1.00000000 0.00000000
vn 0.50000000 0.00000000 -0.86600000
vn 0.86600000 0.00000000 -0.50000000
vn 0.00000000 1.00000000 0.00000000
vn 0.86600000 0.00000000 -0.50000000
vn 1.00000000 -0.00000000 0.00000000
vn 0.00000000 1.00000000 0.00000000
vn 1.00000000 -0.00000000 0.00000000
vn -0.34690000 0.56930000 -0.74530000
vn -0.52030000 0.85400000 0.00000000
vn -0.52030000 0.85400000 0.00000000
vn -0.00000000 -0.00000000 1.00000000
vn -0.58510000 0.31960000 -0.74540000
vn -0.87760000 0.47940000 0.00000000
vn -0.87760000 0.47940000 0.00000000
vn -0.58510000 0.31960000 -0.74540000
vn -0.00000000 -0.00000000 1.00000000
vn -0.87760000 0.47940000 0.00000000
vn -0.87760000 0.47940000 0.00000000
vn -0.99970000 -0.02360000 0.00000000
vn -0.66650000 -0.01570000 -0.74530000
vn -0.99970000 -0.02360000 0.00000000
vn -0.00000000 -0.00000000 1.00000000
vn -0.56930000 -0.34690000 -0.74540000
vn -0.85400000 -0.52030000 0.00000000
vn -0.00000000 -0.00000000 1.00000000
vn -0.85400000 -0.52030000 0.00000000
vn -0.47940000 -0.87760000 0.00000000
vn -0.31960000 -0.58510000 -0.74540000
vn -0.47940000 -0.87760000 0.00000000
vn -0.00000000 -0.00000000 1.00000000
vn 0.02360000 -0.99970000 0.00000000
vn 0.01570000 -0.66650000 -0.74530000
vn 0.02360000 -0.99970000 0.00000000
vn -0.00000000 -0.00000000 1.00000000
vn 0.52030000 -0.85400000 0.00000000
vn 0.34690000 -0.56930000 -0.74530000
vn -0.00000000 -0.00000000 1.00000000
vn 0.52030000 -0.85400000 0.00000000
vn 0.87760000 -0.47940000 0.00000000
vn 0.58510000 -0.31960000 -0.74540000
vn -0.00000000 -0.00000000 1.00000000
vn 0.87760000 -0.47940000 0.00000000
vn 0.99970000 0.02360000 0.00000000
vn 0.66650000 0.01570000 -0.74530000
vn 0.99970000 0.02360000 0.00000000
vn -0.00000000 -0.00000000 1.00000000
vn 0.56930000 0.34690000 -0.74540000
vn 0.85400000 0.52030000 0.00000000
vn 0.85400000 0.52030000 0.00000000
vn -0.00000000 -0.00000000 1.00000000
vn 0.31960000 0.58500000 -0.74540000
vn 0.47940000 0.87760000 0.00000000
vn -0.00000000 -0.00000000 1.00000000
vn 0.47940000 0.87760000 0.00000000
vn -0.02360000 0.99970000 0.00000000
vn -0.01570000 0.66650000 -0.74530000
vn -0.00000000 -0.00000000 1.00000000
vn -0.02360000 0.99970000 0.00000000
vn -0.90400000 0.04630000 -0.42510000
vn -0.79430000 0.43390000 -0.42510000
vn -0.79430000 0.43390000 -0.42510000
vn -0.52740000 0.73560000 -0.42510000
vn -0.87700000 0.47910000 -0.03700000
vn -0.87700000 0.47910000 -0.03700000
vn -0.58230000 0.81220000 -0.03730000
vn -0.81980000 0.44790000 0.35680000
vn -0.81980000 0.44790000 0.35680000
vn -0.54430000 0.75920000 0.35680000
vn -0.63200000 0.34520000 0.69380000
vn -0.63200000 0.34520000 0.69380000
vn -0.41960000 0.58520000 0.69380000
vn -0.34330000 0.18760000 0.92030000
vn -0.34330000 0.18760000 0.92030000
vn -0.22800000 0.31800000 0.92030000
vn -0.00000000 -0.00000000 1.00000000
vn -0.00000000 -0.00000000 1.00000000
vn -0.00000000 -0.00000000 1.00000000
vn -0.00000000 -0.00000000 1.00000000
vn -0.00000000 -0.00000000 1.00000000
vn -0.00000000 -0.00000000 1.00000000
vn -0.00000000 -0.00000000 1.00000000
vn -0.00000000 -0.00000000 1.00000000
vn -0.00000000 -0.00000000 1.00000000
vn -0.00000000 -0.00000000 1.00000000
vn -0.00000000 -0.00000000 1.00000000
vn -0.00000000 -0.00000000 1.00000000
vn -0.00000000 -0.00000000 1.00000000
vn -0.00000000 -0.00000000 1.00000000
vn -0.83450000 -0.35050000 -0.42510000
vn -0.59980000 -0.67790000 -0.42510000
vn -0.24630000 -0.87100000 -0.42510000
vn 0.15600000 -0.89160000 -0.42510000
vn 0.52740000 -0.73560000 -0.42510000
vn 0.79430000 -0.43400000 -0.42510000
vn 0.90400000 -0.04630000 -0.42510000
vn 0.99800000 -0.05110000 -0.03700000
vn 0.92140000 0.38690000 -0.03710000
vn 0.86130000 0.36170000 0.35680000
vn 0.61910000 0.69960000 0.35680000
vn 0.47720000 0.53930000 0.69380000
vn 0.19600000 0.69290000 0.69380000
vn 0.10650000 0.37650000 0.92030000
vn -0.06740000 0.38540000 0.92030000
vn 0.83450000 0.35050000 -0.42510000
vn 0.66220000 0.74840000 -0.03710000
vn 0.25420000 0.89890000 0.35680000
vn -0.12410000 0.70930000 0.69380000
vn 0.59980000 0.67790000 -0.42510000
vn 0.27190000 0.96160000 -0.03710000
vn -0.16100000 0.92020000 0.35680000
vn 0.24630000 0.87100000 -0.42510000
vn -0.17220000 0.98440000 -0.03730000
vn -0.15600000 0.89160000 -0.42510000
vn 0.25930000 0.29300000 0.92030000
vn 0.36070000 0.15150000 0.92030000
vn 0.39070000 -0.02000000 0.92030000
vn 0.34330000 -0.18760000 0.92030000
vn 0.22800000 -0.31800000 0.92030000
vn 0.06740000 -0.38540000 0.92030000
vn -0.10650000 -0.37650000 0.92030000
vn -0.25930000 -0.29300000 0.92030000
vn -0.36070000 -0.15150000 0.92030000
vn -0.39070000 0.02000000 0.92030000
vn -0.99800000 0.05110000 -0.03690000
vn -0.92140000 -0.38690000 -0.03690000
vn -0.66220000 -0.74840000 -0.03710000
vn -0.27190000 -0.96160000 -0.03710000
vn 0.17220000 -0.98440000 -0.03710000
vn 0.58230000 -0.81220000 -0.03720000
vn 0.87700000 -0.47910000 -0.03710000
vn -0.93290000 0.04780000 0.35680000
vn -0.86130000 -0.36170000 0.35680000
vn -0.61910000 -0.69960000 0.35680000
vn -0.25420000 -0.89890000 0.35680000
vn 0.16100000 -0.92020000 0.35680000
vn 0.54430000 -0.75920000 0.35680000
vn 0.81980000 -0.44790000 0.35680000
vn 0.93290000 -0.04780000 0.35680000
vn -0.71920000 0.03690000 0.69380000
vn -0.66390000 -0.27880000 0.69380000
vn -0.47720000 -0.53930000 0.69380000
vn -0.19600000 -0.69290000 0.69390000
vn 0.12410000 -0.70930000 0.69380000
vn 0.41960000 -0.58530000 0.69380000
vn 0.63200000 -0.34520000 0.69380000
vn 0.71920000 -0.03690000 0.69380000
vn 0.66390000 0.27880000 0.69380000
vn 0.00000000 0.99450000 -0.10470000
vn 0.00000000 0.99450000 -0.10470000
vn 0.00000000 0.00000000 -1.00000000
vn 0.00000000 0.99450000 -0.10470000
vn 0.99450000 0.00000000 -0.10470000
vn 0.00000000 0.00000000 -1.00000000
vn 0.00000000 0.99450000 -0.10470000
vn -0.55890000 0.82180000 -0.11070000
vn 0.99450000 0.00000000 -0.10470000
vn -0.00000000 -0.00000000 1.00000000
vn 0.00000000 0.99450000 -0.10470000
vn -0.00000000 -0.00000000 1.00000000
vn -0.99910000 0.00000000 -0.04330000
vn 0.00000000 0.99450000 -0.10470000
vn 0.99450000 0.00000000 -0.10470000
vn 0.00000000 -0.99450000 -0.10470000
vn 0.00000000 0.00000000 -1.00000000
vn 0.00000000 -0.99450000 -0.10470000
vn 0.99450000 0.00000000 -0.10470000
vn -0.00000000 -0.00000000 1.00000000
vn -0.99450000 0.00000000 -0.10470000
vn 0.00000000 0.00000000 -1.00000000
vn 0.00000000 -0.99450000 -0.10470000
vn -0.99450000 0.00000000 -0.10470000
vn -0.00000000 -0.00000000 1.00000000
vn 0.00000000 -0.99450000 -0.10470000
vn -0.99450000 0.00000000 -0.10470000
vn 0.00000000 0.98930000 -0.14580000
vn 0.00000000 0.00000000 -1.00000000
vn -0.99450000 0.00000000 -0.10470000
vn -0.55330000 0.81370000 -0.17820000
vn -0.99450000 0.00000000 -0.10470000
vn -0.88670000 0.43470000 -0.15740000
vn -0.99450000 0.00000000 -0.10470000
vn -0.99450000 0.00000000 -0.10470000
vn -0.00000000 -0.00000000 1.00000000
vn -0.21900000 0.96590000 -0.13820000
vn -0.55640000 0.81820000 -0.14470000
vn -0.89130000 0.43690000 -0.12130000
vn -0.00000000 -0.00000000 1.00000000
vn 0.99720000 -0.00000000 -0.07480000
vn -0.00000000 -0.99720000 -0.07480000
vn -0.00000000 -0.99720000 -0.07480000
vn -0.00000000 -0.00000000 1.00000000
vn -0.99720000 -0.00000000 -0.07480000
vn 0.00000000 0.99720000 -0.07480000
vn -0.00000000 -0.00000000 1.00000000
vn 0.99720000 -0.00000000 -0.07480000
vn -0.00000000 -0.00000000 1.00000000
vn 0.00000000 0.99720000 -0.07480000
vn 0.00000000 0.99720000 -0.07480000
vn -0.99720000 -0.00000000 -0.07480000
vn -0.00000000 0.99370000 -0.11180000
vn -0.00000000 -0.00000000 1.00000000
vn 0.00000000 0.00000000 -1.00000000
vn 0.00000000 0.00000000 -1.00000000
vn 0.00000000 0.00000000 -1.00000000
vn 0.00000000 0.00000000 -1.00000000
vn 0.00000000 0.00000000 -1.00000000
vn 0.00000000 0.00000000 -1.00000000
vn 0.00000000 0.00000000 -1.00000000
vn 0.00000000 0.00000000 -1.00000000
vn 0.00000000 0.00000000 -1.00000000
vn 0.00000000 0.00000000 -1.00000000
vn 0.00000000 0.00000000 -1.00000000
vn 0.00000000 0.00000000 -1.00000000
vn -0.99720000 -0.00000000 -0.07480000
vn -0.97810000 0.18550000 -0.09420000
vn -0.99720000 -0.00000000 -0.07480000
vn -0.98150000 0.16930000 -0.08910000
vn -0.98910000 0.00000000 -0.14760000
vn -0.00000000 -0.99720000 -0.07480000
vn -0.99720000 -0.00000000 -0.07480000
vn -0.99720000 -0.00000000 -0.07480000
vn -0.00000000 -0.99720000 -0.07480000
vn -0.98470000 0.15560000 -0.07800000
vn -0.97760000 -0.00000000 -0.21040000
vn -0.90090000 0.00000000 -0.43390000
vn 0.00000000 -0.90090000 -0.43390000
vn -0.00000000 0.95310000 -0.30280000
vn -0.95310000 0.00000000 -0.30280000
vn -0.98960000 0.13600000 -0.04660000
vn -0.81190000 0.00000000 -0.58380000
vn 0.00000000 0.81190000 -0.58380000
vn 0.00000000 -0.68010000 -0.73310000
vn -0.68010000 0.00000000 -0.73310000
vn -0.59040000 -0.00000000 -0.80710000
vn -0.00000000 0.59040000 -0.80710000
vn -0.00000000 -0.36530000 -0.93090000
vn -0.36530000 0.00000000 -0.93090000
vn 0.00000000 0.99720000 -0.07480000
vn -0.98150000 0.18610000 -0.04430000
vn 0.00000000 0.99720000 -0.07480000
vn 0.99720000 -0.00000000 -0.07480000
vn 0.99720000 -0.00000000 -0.07480000
vn 0.00000000 0.99720000 -0.07480000
vn 0.00000000 0.99720000 -0.07480000
vn 0.00000000 0.90100000 -0.43390000
vn 0.90100000 -0.00000000 -0.43390000
vn 0.00000000 0.68010000 -0.73310000
vn 0.68010000 0.00000000 -0.73310000
vn 0.36530000 -0.00000000 -0.93090000
vn -0.00000000 0.36540000 -0.93090000
vn -0.00000000 -0.99720000 -0.07480000
vn -0.00000000 -0.99720000 -0.07480000
vn 0.99720000 -0.00000000 -0.07480000
vn 0.99720000 -0.00000000 -0.07480000
vn 0.90100000 -0.00000000 -0.43390000
vn -0.00000000 -0.90100000 -0.43390000
vn -0.00000000 -0.68020000 -0.73310000
vn 0.68010000 0.00000000 -0.73310000
vn 0.36530000 -0.00000000 -0.93090000
vn -0.00000000 -0.36530000 -0.93090000
vn -0.53590000 0.83360000 -0.13400000
vn -0.99720000 -0.00000000 -0.07480000
vn -0.53900000 0.83850000 -0.07950000
vn 0.00000000 0.99720000 -0.07480000
vn -0.88740000 0.45230000 -0.08940000
vn -0.64410000 0.75770000 -0.10510000
vn -0.27110000 0.95690000 -0.10400000
vn -1.00000000 -0.00000000 -0.00000000
vn -1.00000000 -0.00000000 -0.00000000
vn 0.00000000 1.00000000 0.00000000
vn -0.86600000 0.00000000 -0.50000000
vn 0.00000000 1.00000000 0.00000000
vn -0.86600000 0.00000000 -0.50000000
vn -0.50000000 0.00000000 -0.86600000
vn -0.50000000 0.00000000 -0.86600000
vn 0.00000000 1.00000000 0.00000000
vn 0.00000000 0.00000000 -1.00000000
vn 0.00000000 0.00000000 -1.00000000
vn 0.00000000 1.00000000 0.00000000
vn -0.00000000 -0.00000000 1.00000000
vn -0.00000000 -0.00000000 1.00000000
vn 0.00000000 1.00000000 0.00000000
vn -0.00000000 -0.00000000 1.00000000
vn -0.00000000 -0.00000000 1.00000000
vn 0.00000000 1.00000000 0.00000000
vn -0.50000000 -0.00000000 0.86600000
vn -0.50000000 -0.00000000 0.86600000
vn 0.00000000 1.00000000 0.00000000
vn -0.86600000 -0.00000000 0.50000000
vn 0.00000000 1.00000000 0.00000000
vn -0.86600000 -0.00000000 0.50000000
vn -1.00000000 -0.00000000 -0.00000000
vn 0.00000000 1.00000000 0.00000000
vn -1.00000000 -0.00000000 -0.00000000
vn 1.00000000 -0.00000000 0.00000000
vn 1.00000000 -0.00000000 0.00000000
vn 0.00000000 1.00000000 0.00000000
vn 0.86600000 -0.00000000 0.50000000
vn 0.86600000 -0.00000000 0.50000000
vn 0.00000000 1.00000000 0.00000000
vn 0.50000000 -0.00000000 0.86600000
vn 0.00000000 1.00000000 0.00000000
vn 0.50000000 -0.00000000 0.86600000
vn 0.00000000 -1.00000000 -0.00000000
vn 1.00000000 -0.00000000 0.00000000
vn -0.00000000 -0.86600000 0.50000000
vn 1.00000000 -0.00000000 0.00000000
vn -0.00000000 -0.50000000 0.86600000
vn 1.00000000 -0.00000000 0.00000000
vn 1.00000000 -0.00000000 0.00000000
vn 0.00000000 0.00000000 -1.00000000
vn -0.00000000 -0.50000000 -0.86600000
vn 1.00000000 -0.00000000 0.00000000
vn 1.00000000 -0.00000000 0.00000000
vn -0.00000000 -0.86600000 -0.50000000
vn 1.00000000 -0.00000000 0.00000000
vn 0.00000000 1.00000000 0.00000000
vn 0.00000000 1.00000000 0.00000000
vn 1.00000000 -0.00000000 0.00000000
vn -0.00000000 0.86600000 -0.50000000
vn -0.00000000 0.50000000 -0.86600000
vn 1.00000000 -0.00000000 0.00000000
vn 1.00000000 -0.00000000 0.00000000
vn -0.00000000 -0.00000000 1.00000000
vn 1.00000000 -0.00000000 0.00000000
vn -0.00000000 0.50000000 0.86600000
vn -0.00000000 0.86600000 0.50000000
vn 1.00000000 -0.00000000 0.00000000
vn 1.00000000 -0.00000000 0.00000000
vn -0.00000000 -0.86600000 -0.50000000
vn 0.00000000 -1.00000000 -0.00000000
vn 1.00000000 -0.00000000 0.00000000
vn 1.00000000 -0.00000000 0.00000000
vn -0.00000000 -0.50000000 -0.86600000
vn 0.00000000 0.00000000 -1.00000000
vn 1.00000000 -0.00000000 0.00000000
vn 1.00000000 -0.00000000 0.00000000
vn -0.00000000 0.50000000 -0.86600000
vn 1.00000000 -0.00000000 0.00000000
vn -0.00000000 0.86600000 -0.50000000
vn 1.00000000 -0.00000000 0.00000000
vn 0.00000000 1.00000000 0.00000000
vn 0.00000000 1.00000000 0.00000000
vn 1.00000000 -0.00000000 0.00000000
vn -0.00000000 0.86600000 0.50000000
vn 1.00000000 -0.00000000 0.00000000
vn -0.00000000 0.50000000 0.86600000
vn -0.00000000 -0.00000000 1.00000000
vn 1.00000000 -0.00000000 0.00000000
vn -0.00000000 -0.50000000 0.86600000
vn 1.00000000 -0.00000000 0.00000000
vn -0.00000000 -0.86600000 0.50000000
vn 1.00000000 -0.00000000 0.00000000
vn -0.00000000 0.86600000 -0.50000000
vn 1.00000000 -0.00000000 0.00000000
vn 1.00000000 -0.00000000 0.00000000
vn 0.00000000 1.00000000 0.00000000
vn 0.00000000 1.00000000 0.00000000
vn 1.00000000 -0.00000000 0.00000000
vn -0.00000000 0.86600000 0.50000000
vn 1.00000000 -0.00000000 0.00000000
vn -0.00000000 0.50000000 0.86600000
vn 1.00000000 -0.00000000 0.00000000
vn -0.00000000 -0.00000000 1.00000000
vn 1.00000000 -0.00000000 0.00000000
vn -0.00000000 -0.50000000 0.86600000
vn 1.00000000 -0.00000000 0.00000000
vn -0.00000000 -0.86600000 0.50000000
vn 0.00000000 -1.00000000 -0.00000000
vn 1.00000000 -0.00000000 0.00000000
vn -0.00000000 -0.86600000 -0.50000000
vn 1.00000000 -0.00000000 0.00000000
vn -0.00000000 -0.50000000 -0.86600000
vn 1.00000000 -0.00000000 0.00000000
vn 0.00000000 0.00000000 -1.00000000
vn 1.00000000 -0.00000000 0.00000000
vn 1.00000000 -0.00000000 0.00000000
vn -0.00000000 0.50000000 -0.86600000
vn -0.00000000 -0.86600000 0.50000000
vn -1.00000000 -0.00000000 -0.00000000
vn -1.00000000 -0.00000000 -0.00000000
vn 0.00000000 -1.00000000 -0.00000000
vn -0.00000000 -0.50000000 0.86600000
vn -1.00000000 -0.00000000 -0.00000000
vn -1.00000000 -0.00000000 -0.00000000
vn -0.00000000 -0.00000000 1.00000000
vn -1.00000000 -0.00000000 -0.00000000
vn -0.00000000 0.50000000 0.86600000
vn -0.00000000 0.86600000 0.50000000
vn -1.00000000 -0.00000000 -0.00000000
vn 0.00000000 1.00000000 0.00000000
vn 0.00000000 1.00000000 0.00000000
vn -1.00000000 -0.00000000 -0.00000000
vn -1.00000000 -0.00000000 -0.00000000
vn -0.00000000 0.86600000 -0.50000000
vn -0.00000000 0.50000000 -0.86600000
vn -1.00000000 -0.00000000 -0.00000000
vn 0.00000000 0.00000000 -1.00000000
vn -1.00000000 -0.00000000 -0.00000000
vn -0.00000000 -0.50000000 -0.86600000
vn -1.00000000 -0.00000000 -0.00000000
vn -0.00000000 -0.86600000 -0.50000000
vn -1.00000000 -0.00000000 -0.00000000
vn 0.00000000 1.00000000 0.00000000
vn -1.00000000 -0.00000000 -0.00000000
vn 0.00000000 1.00000000 0.00000000
vn -1.00000000 -0.00000000 -0.00000000
vn -0.00000000 0.86600000 0.50000000
vn -1.00000000 -0.00000000 -0.00000000
vn -0.00000000 0.50000000 0.86600000
vn -1.00000000 -0.00000000 -0.00000000
vn 0.00000000 0.00000000 -1.00000000
vn -1.00000000 -0.00000000 -0.00000000
vn -0.00000000 0.50000000 -0.86600000
vn -0.00000000 0.86600000 -0.50000000
vn -1.00000000 -0.00000000 -0.00000000
vn 0.00000000 -1.00000000 -0.00000000
vn -1.00000000 -0.00000000 -0.00000000
vn -1.00000000 -0.00000000 -0.00000000
vn -0.00000000 -0.86600000 -0.50000000
vn -0.00000000 -0.50000000 -0.86600000
vn -1.00000000 -0.00000000 -0.00000000
vn -1.00000000 -0.00000000 -0.00000000
vn -0.00000000 -0.00000000 1.00000000
vn -0.00000000 -0.50000000 0.86600000
vn -1.00000000 -0.00000000 -0.00000000
vn -1.00000000 -0.00000000 -0.00000000
vn -0.00000000 -0.86600000 0.50000000
vn -0.00000000 -0.86600000 -0.50000000
vn -1.00000000 -0.00000000 -0.00000000
vn 0.00000000 -1.00000000 -0.00000000
vn -1.00000000 -0.00000000 -0.00000000
vn -1.00000000 -0.00000000 -0.00000000
vn -0.00000000 -0.86600000 0.50000000
vn -0.00000000 -0.50000000 0.86600000
vn -1.00000000 -0.00000000 -0.00000000
vn -1.00000000 -0.00000000 -0.00000000
vn -0.00000000 -0.00000000 1.00000000
vn -0.00000000 0.50000000 0.86600000
vn -1.00000000 -0.00000000 -0.00000000
vn -0.00000000 0.86600000 0.50000000
vn -1.00000000 -0.00000000 -0.00000000
vn 0.00000000 1.00000000 0.00000000
vn -1.00000000 -0.00000000 -0.00000000
vn 0.00000000 1.00000000 0.00000000
vn -1.00000000 -0.00000000 -0.00000000
vn -0.00000000 0.86600000 -0.50000000
vn -0.00000000 0.50000000 -0.86600000
vn -1.00000000 -0.00000000 -0.00000000
vn 0.00000000 0.00000000 -1.00000000
vn -1.00000000 -0.00000000 -0.00000000
vn -1.00000000 -0.00000000 -0.00000000
vn -0.00000000 -0.50000000 -0.86600000
vn 1.00000000 -0.00000000 0.00000000
vn -0.00000000 0.86600000 0.50000000
vn -0.00000000 0.86600000 0.50000000
vn 1.00000000 -0.00000000 0.00000000
vn 1.00000000 -0.00000000 0.00000000
vn 0.00000000 1.00000000 0.00000000
vn 0.00000000 1.00000000 0.00000000
vn 1.00000000 -0.00000000 0.00000000
vn -0.00000000 0.86600000 -0.50000000
vn 1.00000000 -0.00000000 0.00000000
vn -0.00000000 0.86600000 -0.50000000
vn 1.00000000 -0.00000000 0.00000000
vn -0.00000000 0.50000000 -0.86600000
vn 1.00000000 -0.00000000 0.00000000
vn -0.00000000 0.50000000 0.86600000
vn 1.00000000 -0.00000000 0.00000000
vn 1.00000000 -0.00000000 0.00000000
vn -0.00000000 0.50000000 0.86600000
vn -0.00000000 -0.00000000 1.00000000
vn 1.00000000 -0.00000000 0.00000000
vn -0.00000000 -0.00000000 1.00000000
vn 1.00000000 -0.00000000 0.00000000
vn -0.00000000 -0.50000000 0.86600000
vn 1.00000000 -0.00000000 0.00000000
vn 1.00000000 -0.00000000 0.00000000
vn -0.00000000 -0.50000000 0.86600000
vn 1.00000000 -0.00000000 0.00000000
vn -0.00000000 -0.86600000 0.50000000
vn 1.00000000 -0.00000000 0.00000000
vn -0.00000000 -0.86600000 0.50000000
vn 1.00000000 -0.00000000 0.00000000
vn 0.00000000 -1.00000000 -0.00000000
vn 0.00000000 -1.00000000 -0.00000000
vn 1.00000000 -0.00000000 0.00000000
vn 0.00000000 -1.00000000 -0.00000000
vn 0.00000000 -1.00000000 -0.00000000
vn 1.00000000 -0.00000000 0.00000000
vn -0.00000000 -0.86600000 -0.50000000
vn 1.00000000 -0.00000000 0.00000000
vn -0.00000000 -0.86600000 -0.50000000
vn -0.00000000 -0.50000000 -0.86600000
vn 1.00000000 -0.00000000 0.00000000
vn 1.00000000 -0.00000000 0.00000000
vn -0.00000000 -0.50000000 -0.86600000
vn 1.00000000 -0.00000000 0.00000000
vn 0.00000000 0.00000000 -1.00000000
vn 1.00000000 -0.00000000 0.00000000
vn 0.00000000 0.00000000 -1.00000000
vn 1.00000000 -0.00000000 0.00000000
vn -0.00000000 0.50000000 -0.86600000
vn -0.00000000 -0.86600000 0.50000000
vn -1.00000000 -0.00000000 -0.00000000
vn -1.00000000 -0.00000000 -0.00000000
vn -0.00000000 -0.86600000 0.50000000
vn 0.00000000 -1.00000000 -0.00000000
vn -1.00000000 -0.00000000 -0.00000000
vn 0.00000000 -1.00000000 -0.00000000
vn 0.00000000 -1.00000000 -0.00000000
vn -1.00000000 -0.00000000 -0.00000000
vn 0.00000000 -1.00000000 -0.00000000
vn -1.00000000 -0.00000000 -0.00000000
vn -0.00000000 -0.86600000 -0.50000000
vn -0.00000000 -0.86600000 -0.50000000
vn -1.00000000 -0.00000000 -0.00000000
vn -0.00000000 -0.50000000 -0.86600000
vn -1.00000000 -0.00000000 -0.00000000
vn -0.00000000 -0.50000000 0.86600000
vn -1.00000000 -0.00000000 -0.00000000
vn -1.00000000 -0.00000000 -0.00000000
vn -0.00000000 -0.50000000 0.86600000
vn -1.00000000 -0.00000000 -0.00000000
vn -0.00000000 -0.00000000 1.00000000
vn -0.00000000 -0.00000000 1.00000000
vn -1.00000000 -0.00000000 -0.00000000
vn -1.00000000 -0.00000000 -0.00000000
vn -0.00000000 0.50000000 0.86600000
vn -0.00000000 0.50000000 0.86600000
vn -1.00000000 -0.00000000 -0.00000000
vn -1.00000000 -0.00000000 -0.00000000
vn -0.00000000 0.86600000 0.50000000
vn -1.00000000 -0.00000000 -0.00000000
vn -0.00000000 0.86600000 0.50000000
vn -1.00000000 -0.00000000 -0.00000000
vn 0.00000000 1.00000000 0.00000000
vn -1.00000000 -0.00000000 -0.00000000
vn 0.00000000 1.00000000 0.00000000
vn -0.00000000 0.86600000 -0.50000000
vn -1.00000000 -0.00000000 -0.00000000
vn -1.00000000 -0.00000000 -0.00000000
vn -0.00000000 0.86600000 -0.50000000
vn -1.00000000 -0.00000000 -0.00000000
vn -0.00000000 0.50000000 -0.86600000
vn -0.00000000 0.50000000 -0.86600000
vn -1.00000000 -0.00000000 -0.00000000
vn -1.00000000 -0.00000000 -0.00000000
vn 0.00000000 0.00000000 -1.00000000
vn -1.00000000 -0.00000000 -0.00000000
vn 0.00000000 0.00000000 -1.00000000
vn -0.00000000 -0.50000000 -0.86600000
vn -1.00000000 -0.00000000 -0.00000000
vn 1.00000000 -0.00000000 0.00000000
vn 0.00000000 1.00000000 0.00000000
vn -0.00000000 -0.20000000 -0.97980000
vn 0.00000000 1.00000000 0.00000000
vn -0.00000000 -0.20000000 -0.97980000
vn -0.00000000 -0.20000000 -0.97980000
vn 0.00000000 -0.61140000 -0.79130000
vn 0.00000000 -0.61140000 -0.79130000
vn -0.00000000 -0.89760000 -0.44080000
vn -0.00000000 -0.89760000 -0.44080000
vn 0.00000000 -1.00000000 -0.00000000
vn 0.00000000 -1.00000000 -0.00000000
vn 0.00000000 -1.00000000 -0.00000000
vn 0.00000000 -0.89760000 0.44080000
vn 0.00000000 -0.89760000 0.44080000
vn 0.00000000 -0.61140000 0.79130000
vn 0.00000000 -0.61140000 0.79130000
vn 0.00000000 1.00000000 0.00000000
vn 0.00000000 -0.20000000 0.97980000
vn 1.00000000 -0.00000000 0.00000000
vn -0.00000000 -0.06710000 0.99770000
vn 1.00000000 -0.00000000 0.00000000
vn 1.00000000 -0.00000000 0.00000000
vn -0.00000000 0.06710000 0.99770000
vn 0.00000000 -0.20000000 0.97980000
vn 0.00000000 1.00000000 0.00000000
vn 0.00000000 -0.20000000 0.97980000
vn 1.00000000 -0.00000000 0.00000000
vn -0.00000000 0.20000000 0.97980000
vn 0.00000000 -1.00000000 -0.00000000
vn -0.00000000 0.20000000 0.97980000
vn -0.00000000 0.20000000 0.97980000
vn 0.00000000 -1.00000000 -0.00000000
vn 0.00000000 0.61140000 0.79130000
vn 0.00000000 0.61140000 0.79130000
vn 0.00000000 0.89760000 0.44080000
vn 0.00000000 0.89760000 0.44080000
vn 0.00000000 1.00000000 0.00000000
vn 0.00000000 1.00000000 0.00000000
vn 0.00000000 0.89760000 -0.44080000
vn 0.00000000 0.89760000 -0.44080000
vn 0.00000000 0.61140000 -0.79130000
vn 0.00000000 0.61140000 -0.79130000
vn 0.00000000 -1.00000000 -0.00000000
vn 0.00000000 0.20000000 -0.97980000
vn 1.00000000 -0.00000000 0.00000000
vn -0.00000000 0.06710000 -0.99770000
vn 1.00000000 -0.00000000 0.00000000
vn 1.00000000 -0.00000000 0.00000000
vn 0.00000000 -0.06710000 -0.99770000
vn 0.00000000 -1.00000000 -0.00000000
vn 0.00000000 0.20000000 -0.97980000
vn 0.00000000 0.20000000 -0.97980000
vn 0.38750000 -0.18860000 0.90240000
vn 0.00000000 1.00000000 0.00000000
vn 0.50000000 -0.52950000 0.68530000
vn 0.00000000 1.00000000 0.00000000
vn 0.71280000 -0.15340000 0.68440000
vn 0.86600000 -0.30570000 0.39570000
vn 0.00000000 1.00000000 0.00000000
vn 0.92640000 -0.09170000 0.36530000
vn 1.00000000 -0.00000000 0.00000000
vn 1.00000000 -0.00000000 0.00000000
vn 0.00000000 1.00000000 0.00000000
vn 1.00000000 -0.00000000 0.00000000
vn 1.00000000 -0.00000000 0.00000000
vn 0.86600000 -0.44880000 0.22040000
vn 1.00000000 -0.00000000 0.00000000
vn 1.00000000 -0.00000000 0.00000000
vn 0.86600000 -0.50000000 0.00000000
vn 1.00000000 -0.00000000 0.00000000
vn 1.00000000 -0.00000000 0.00000000
vn 0.86600000 -0.44880000 -0.22040000
vn 1.00000000 -0.00000000 0.00000000
vn 1.00000000 -0.00000000 0.00000000
vn 0.86600000 -0.30570000 -0.39570000
vn 1.00000000 -0.00000000 0.00000000
vn 0.00000000 1.00000000 0.00000000
vn 1.00000000 -0.00000000 0.00000000
vn 0.92660000 -0.09150000 -0.36480000
vn 0.00000000 1.00000000 0.00000000
vn 0.71280000 -0.15340000 -0.68440000
vn 0.00000000 1.00000000 0.00000000
vn 0.50000000 -0.52950000 -0.68530000
vn 0.00000000 1.00000000 0.00000000
vn 0.38740000 -0.18860000 -0.90240000
vn 0.50000000 -0.77730000 0.38170000
vn 0.50000000 -0.86600000 0.00000000
vn 0.50000000 -0.77730000 -0.38170000
vn 0.38740000 0.18860000 -0.90240000
vn 0.00000000 -1.00000000 -0.00000000
vn 0.00000000 -1.00000000 -0.00000000
vn 0.38740000 0.18860000 0.90240000
vn 0.00000000 -1.00000000 -0.00000000
vn 0.71280000 0.15340000 -0.68440000
vn 1.00000000 -0.00000000 0.00000000
vn 0.00000000 -1.00000000 -0.00000000
vn 1.00000000 -0.00000000 0.00000000
vn 0.00000000 -1.00000000 -0.00000000
vn 0.71280000 0.15340000 0.68440000
vn 0.00000000 -1.00000000 -0.00000000
vn 0.92660000 0.09150000 -0.36480000
vn 1.00000000 -0.00000000 0.00000000
vn 1.00000000 -0.00000000 0.00000000
vn 0.00000000 -1.00000000 -0.00000000
vn 0.00000000 -1.00000000 -0.00000000
vn 0.92660000 0.09150000 0.36480000
vn 0.86600000 0.30570000 0.39570000
vn 1.00000000 -0.00000000 0.00000000
vn 1.00000000 -0.00000000 0.00000000
vn 0.86600000 0.44880000 0.22040000
vn 1.00000000 -0.00000000 0.00000000
vn 1.00000000 -0.00000000 0.00000000
vn 0.86600000 0.50000000 0.00000000
vn 1.00000000 -0.00000000 0.00000000
vn 1.00000000 -0.00000000 0.00000000
vn 0.86600000 0.44880000 -0.22040000
vn 1.00000000 -0.00000000 0.00000000
vn 1.00000000 -0.00000000 0.00000000
vn 0.86600000 0.30570000 -0.39570000
vn 0.50000000 0.52950000 -0.68530000
vn 0.50000000 0.77740000 -0.38170000
vn 0.50000000 0.86600000 -0.00000000
vn 0.50000000 0.77740000 0.38170000
vn 0.50000000 0.52950000 0.68530000
vn -1.00000000 -0.00000000 -0.00000000
vn 0.00000000 1.00000000 0.00000000
vn 0.00000000 -0.20000000 0.97980000
vn -1.00000000 -0.00000000 -0.00000000
vn -0.00000000 -0.06710000 0.99770000
vn 0.00000000 1.00000000 0.00000000
vn -1.00000000 -0.00000000 -0.00000000
vn -0.00000000 -0.20000000 -0.97980000
vn 0.00000000 -0.06710000 -0.99770000
vn -1.00000000 -0.00000000 -0.00000000
vn -1.00000000 -0.00000000 -0.00000000
vn -0.00000000 0.06710000 0.99770000
vn -1.00000000 -0.00000000 -0.00000000
vn -0.00000000 0.06710000 -0.99770000
vn -1.00000000 -0.00000000 -0.00000000
vn 0.00000000 -1.00000000 -0.00000000
vn 0.00000000 0.20000000 -0.97980000
vn -0.00000000 0.20000000 0.97980000
vn -1.00000000 -0.00000000 -0.00000000
vn 0.00000000 -1.00000000 -0.00000000
vn -1.00000000 -0.00000000 -0.00000000
vn -1.00000000 -0.00000000 -0.00000000
vn 0.00000000 1.00000000 0.00000000
vn 0.00000000 1.00000000 0.00000000
vn -1.00000000 -0.00000000 -0.00000000
vn -1.00000000 -0.00000000 -0.00000000
vn -1.00000000 -0.00000000 -0.00000000
vn -1.00000000 -0.00000000 -0.00000000
vn -1.00000000 -0.00000000 -0.00000000
vn -1.00000000 -0.00000000 -0.00000000
vn -1.00000000 -0.00000000 -0.00000000
vn -1.00000000 -0.00000000 -0.00000000
vn -1.00000000 -0.00000000 -0.00000000
vn -1.00000000 -0.00000000 -0.00000000
vn -0.92660000 -0.09150000 -0.36480000
vn 0.00000000 1.00000000 0.00000000
vn 0.00000000 1.00000000 0.00000000
vn -0.71280000 -0.15340000 -0.68440000
vn 0.00000000 1.00000000 0.00000000
vn -0.38740000 -0.18860000 -0.90240000
vn 0.00000000 1.00000000 0.00000000
vn -0.71280000 -0.15340000 0.68440000
vn -0.38740000 -0.18860000 0.90240000
vn 0.00000000 1.00000000 0.00000000
vn -0.92660000 -0.09150000 0.36480000
vn 0.00000000 1.00000000 0.00000000
vn -0.00000000 -0.20000000 -0.97980000
vn 0.00000000 1.00000000 0.00000000
vn -0.00000000 -0.20000000 -0.97980000
vn 0.00000000 -0.20000000 0.97980000
vn 0.00000000 -0.20000000 0.97980000
vn 0.00000000 1.00000000 0.00000000
vn 0.00000000 -0.61140000 -0.79130000
vn 0.00000000 -0.61140000 -0.79130000
vn -0.50000000 -0.52950000 -0.68530000
vn -0.86600000 -0.30570000 -0.39560000
vn -0.86600000 -0.44880000 -0.22040000
vn -0.86600000 -0.50000000 -0.00000000
vn -0.86600000 -0.44880000 0.22040000
vn -0.86600000 -0.30570000 0.39570000
vn -0.50000000 -0.52950000 0.68530000
vn 0.00000000 -0.61140000 0.79130000
vn 0.00000000 -0.61140000 0.79130000
vn 0.00000000 -0.89760000 0.44080000
vn 0.00000000 -0.89760000 0.44080000
vn -0.50000000 -0.77730000 0.38170000
vn 0.00000000 -1.00000000 -0.00000000
vn 0.00000000 -1.00000000 -0.00000000
vn 0.00000000 -1.00000000 -0.00000000
vn -0.50000000 -0.86600000 -0.00000000
vn -0.00000000 -0.89760000 -0.44080000
vn -0.00000000 -0.89760000 -0.44080000
vn -0.50000000 -0.77730000 -0.38170000
vn -1.00000000 -0.00000000 -0.00000000
vn 0.00000000 -1.00000000 -0.00000000
vn -1.00000000 -0.00000000 -0.00000000
vn -1.00000000 -0.00000000 -0.00000000
vn -1.00000000 -0.00000000 -0.00000000
vn 0.00000000 -1.00000000 -0.00000000
vn -1.00000000 -0.00000000 -0.00000000
vn -1.00000000 -0.00000000 -0.00000000
vn -1.00000000 -0.00000000 -0.00000000
vn -1.00000000 -0.00000000 -0.00000000
vn -1.00000000 -0.00000000 -0.00000000
vn -1.00000000 -0.00000000 -0.00000000
vn -1.00000000 -0.00000000 -0.00000000
vn -1.00000000 -0.00000000 -0.00000000
vn 0.00000000 -1.00000000 -0.00000000
vn -0.92660000 0.09150000 0.36480000
vn -0.71280000 0.15340000 0.68440000
vn 0.00000000 -1.00000000 -0.00000000
vn 0.00000000 -1.00000000 -0.00000000
vn -0.38740000 0.18860000 0.90240000
vn 0.00000000 -1.00000000 -0.00000000
vn -0.71280000 0.15340000 -0.68440000
vn 0.00000000 -1.00000000 -0.00000000
vn -0.38740000 0.18860000 -0.90240000
vn 0.00000000 -1.00000000 -0.00000000
vn -0.92660000 0.09150000 -0.36480000
vn -0.00000000 0.20000000 0.97980000
vn -0.00000000 0.20000000 0.97980000
vn 0.00000000 -1.00000000 -0.00000000
vn 0.00000000 0.20000000 -0.97980000
vn 0.00000000 -1.00000000 -0.00000000
vn 0.00000000 0.20000000 -0.97980000
vn 0.00000000 0.61140000 -0.79130000
vn 0.00000000 0.61140000 -0.79130000
vn 0.00000000 0.89760000 -0.44080000
vn 0.00000000 0.89760000 -0.44080000
vn 0.00000000 1.00000000 0.00000000
vn 0.00000000 1.00000000 0.00000000
vn 0.00000000 0.89760000 0.44080000
vn 0.00000000 0.89760000 0.44080000
vn 0.00000000 0.61140000 0.79130000
vn 0.00000000 0.61140000 0.79130000
vn -0.50000000 0.52950000 0.68530000
vn -0.86600000 0.30570000 0.39560000
vn -0.86600000 0.44880000 0.22040000
vn -0.86600000 0.50000000 -0.00000000
vn -0.86600000 0.44880000 -0.22040000
vn -0.86600000 0.30570000 -0.39570000
vn -0.50000000 0.52950000 -0.68530000
vn -0.50000000 0.77740000 -0.38170000
vn -0.50000000 0.86600000 0.00000000
vn -0.50000000 0.77730000 0.38170000
vn -0.00000000 -0.92360000 0.38340000
vn -0.99540000 0.00000000 0.09590000
vn 0.00000000 -1.00000000 -0.00000000
vn -1.00000000 -0.00000000 -0.00000000
vn -1.00000000 -0.00000000 -0.00000000
vn 0.00000000 1.00000000 0.00000000
vn -1.00000000 -0.00000000 -0.00000000
vn -1.00000000 -0.00000000 -0.00000000
vn 0.00000000 -0.92360000 -0.38340000
vn -0.99540000 0.00000000 -0.09590000
vn 0.00000000 -0.70710000 -0.70720000
vn -0.98420000 0.00000000 -0.17680000
vn -0.97300000 0.00000000 -0.23090000
vn 0.00000000 -0.38340000 -0.92360000
vn 0.00000000 1.00000000 0.00000000
vn -0.86600000 0.00000000 -0.50000000
vn -0.96820000 0.00000000 -0.25000000
vn 0.00000000 0.00000000 -1.00000000
vn -0.86600000 0.00000000 -0.50000000
vn 0.00000000 -1.00000000 -0.00000000
vn -0.00000000 0.38340000 -0.92360000
vn -0.97300000 0.00000000 -0.23090000
vn 0.00000000 -1.00000000 -0.00000000
vn -1.00000000 -0.00000000 -0.00000000
vn -1.00000000 -0.00000000 -0.00000000
vn -0.98430000 0.00000000 -0.17680000
vn 0.00000000 0.70710000 -0.70710000
vn -0.00000000 0.92360000 -0.38340000
vn -0.99540000 0.00000000 -0.09590000
vn -1.00000000 -0.00000000 -0.00000000
vn 0.00000000 1.00000000 0.00000000
vn 0.00000000 1.00000000 0.00000000
vn -1.00000000 -0.00000000 -0.00000000
vn 0.00000000 0.92360000 0.38340000
vn -0.99540000 0.00000000 0.09590000
vn -0.98420000 0.00000000 0.17680000
vn -0.00000000 0.70710000 0.70710000
vn -0.97300000 -0.00000000 0.23090000
vn 0.00000000 0.38340000 0.92360000
vn -0.00000000 -0.00000000 1.00000000
vn -0.96820000 -0.00000000 0.25000000
vn -0.86600000 -0.00000000 0.50000000
vn 0.00000000 -1.00000000 -0.00000000
vn 0.00000000 1.00000000 0.00000000
vn -0.86600000 -0.00000000 0.50000000
vn -0.50000000 -0.00000000 0.86600000
vn 0.00000000 -1.00000000 -0.00000000
vn -0.50000000 -0.00000000 0.86600000
vn 0.00000000 1.00000000 0.00000000
vn 0.00000000 -1.00000000 -0.00000000
vn -0.00000000 -0.00000000 1.00000000
vn -0.00000000 -0.00000000 1.00000000
vn 0.00000000 1.00000000 0.00000000
vn 0.00000000 -1.00000000 -0.00000000
vn 0.50000000 -0.00000000 0.86600000
vn 0.00000000 1.00000000 0.00000000
vn 0.50000000 -0.00000000 0.86600000
vn 0.00000000 -1.00000000 -0.00000000
vn 0.86600000 -0.00000000 0.50000000
vn 0.86600000 -0.00000000 0.50000000
vn 0.00000000 1.00000000 0.00000000
vn -0.00000000 -0.00000000 1.00000000
vn 0.96820000 0.00000000 0.25000000
vn -0.00000000 -0.38340000 0.92360000
vn 0.97300000 -0.00000000 0.23090000
vn 1.00000000 -0.00000000 0.00000000
vn 0.00000000 1.00000000 0.00000000
vn 0.00000000 -0.70710000 0.70720000
vn 0.98420000 0.00000000 0.17680000
vn -0.00000000 -0.92360000 0.38340000
vn 0.99540000 -0.00000000 0.09590000
vn 0.00000000 -1.00000000 -0.00000000
vn 1.00000000 -0.00000000 0.00000000
vn 0.00000000 -0.92360000 -0.38340000
vn 0.99540000 -0.00000000 -0.09590000
vn 0.00000000 -0.70710000 -0.70720000
vn 0.98420000 0.00000000 -0.17680000
vn 0.00000000 -0.38340000 -0.92360000
vn 0.97300000 -0.00000000 -0.23090000
vn 0.96820000 -0.00000000 -0.25000000
vn 0.00000000 0.00000000 -1.00000000
vn 0.00000000 1.00000000 0.00000000
vn 0.86600000 0.00000000 -0.50000000
vn 0.00000000 -1.00000000 -0.00000000
vn 0.86600000 0.00000000 -0.50000000
vn 0.50000000 0.00000000 -0.86600000
vn 0.00000000 -1.00000000 -0.00000000
vn 0.50000000 0.00000000 -0.86600000
vn 0.00000000 1.00000000 0.00000000
vn 0.00000000 0.00000000 -1.00000000
vn 0.00000000 -1.00000000 -0.00000000
vn 0.00000000 0.00000000 -1.00000000
vn 0.00000000 1.00000000 0.00000000
vn -0.50000000 0.00000000 -0.86600000
vn 0.00000000 -1.00000000 -0.00000000
vn 0.00000000 1.00000000 0.00000000
vn -0.50000000 0.00000000 -0.86600000
vn -0.97300000 -0.00000000 0.23090000
vn -0.00000000 -0.38340000 0.92360000
vn -0.98430000 0.00000000 0.17680000
vn 0.00000000 -0.70710000 0.70720000
vn 1.00000000 -0.00000000 0.00000000
vn 0.00000000 -1.00000000 -0.00000000
vn -0.00000000 0.38340000 -0.92360000
vn 0.97300000 -0.00000000 -0.23090000
vn 0.00000000 0.70710000 -0.70710000
vn 0.98420000 0.00000000 -0.17680000
vn -0.00000000 0.92360000 -0.38340000
vn 0.99540000 -0.00000000 -0.09590000
vn 0.00000000 1.00000000 0.00000000
vn 1.00000000 -0.00000000 0.00000000
vn 0.00000000 1.00000000 0.00000000
vn 0.99540000 -0.00000000 0.09590000
vn 0.00000000 0.92360000 0.38340000
vn -0.00000000 0.70710000 0.70710000
vn 0.98420000 0.00000000 0.17680000
vn 0.00000000 0.38340000 0.92360000
vn 0.97300000 -0.00000000 0.23090000
vn -0.86600000 0.00000000 -0.50000000
vn 0.00000000 -1.00000000 -0.00000000
vn 0.00000000 0.00000000 -1.00000000
vn 0.00000000 0.00000000 -1.00000000
vn 0.00000000 -1.00000000 -0.00000000
vn -1.00000000 -0.00000000 -0.00000000
vn 0.00000000 -1.00000000 -0.00000000
vn -1.00000000 -0.00000000 -0.00000000
vn -0.50000000 0.00000000 -0.86600000
vn 0.00000000 -1.00000000 -0.00000000
vn 0.00000000 0.00000000 -1.00000000
vn 0.00000000 0.00000000 -1.00000000
vn 0.00000000 -1.00000000 -0.00000000
vn 0.50000000 0.00000000 -0.86600000
vn 0.00000000 -1.00000000 -0.00000000
vn 0.86600000 0.00000000 -0.50000000
vn 0.00000000 -1.00000000 -0.00000000
vn 0.00000000 -1.00000000 -0.00000000
vn 1.00000000 -0.00000000 0.00000000
vn 1.00000000 -0.00000000 0.00000000
vn 0.00000000 -1.00000000 -0.00000000
vn 1.00000000 -0.00000000 0.00000000
vn 1.00000000 -0.00000000 0.00000000
vn -0.00000000 -0.00000000 1.00000000
vn -0.00000000 -0.00000000 1.00000000
vn 0.00000000 -1.00000000 -0.00000000
vn -0.00000000 -0.00000000 1.00000000
vn 0.00000000 -1.00000000 -0.00000000
vn -0.00000000 -0.00000000 1.00000000
vn -1.00000000 -0.00000000 -0.00000000
vn -1.00000000 -0.00000000 -0.00000000
vn 0.00000000 -1.00000000 -0.00000000
vn 0.86600000 -0.00000000 0.50000000
vn 0.00000000 -1.00000000 -0.00000000
vn 0.00000000 -1.00000000 -0.00000000
vn 0.50000000 -0.00000000 0.86600000
vn 0.00000000 -1.00000000 -0.00000000
vn -0.50000000 -0.00000000 0.86600000
vn -0.86600000 -0.00000000 0.50000000
vn 0.00000000 -1.00000000 -0.00000000
vn 0.00000000 0.00000000 -1.00000000
vn 0.00000000 0.00000000 -1.00000000
vn 0.00000000 1.00000000 0.00000000
vn 0.50000000 0.00000000 -0.86600000
vn 0.00000000 1.00000000 0.00000000
vn 0.50000000 0.00000000 -0.86600000
vn 0.86600000 0.00000000 -0.50000000
vn 0.00000000 1.00000000 0.00000000
vn 0.86600000 0.00000000 -0.50000000
vn 0.00000000 1.00000000 0.00000000
vn 1.00000000 -0.00000000 0.00000000
vn 1.00000000 -0.00000000 0.00000000
vn -0.52030000 0.85400000 0.00000000
vn -0.34690000 0.56930000 -0.74530000
vn -0.52030000 0.85400000 0.00000000
vn -0.00000000 -0.00000000 1.00000000
vn -0.87760000 0.47940000 0.00000000
vn -0.58510000 0.31960000 -0.74540000
vn -0.58510000 0.31960000 -0.74540000
vn -0.87760000 0.47940000 0.00000000
vn -0.87760000 0.47940000 0.00000000
vn -0.00000000 -0.00000000 1.00000000
vn -0.87760000 0.47940000 0.00000000
vn -0.99970000 -0.02360000 0.00000000
vn -0.66650000 -0.01570000 -0.74530000
vn -0.99970000 -0.02360000 0.00000000
vn -0.00000000 -0.00000000 1.00000000
vn -0.56930000 -0.34690000 -0.74540000
vn -0.85400000 -0.52030000 0.00000000
vn -0.00000000 -0.00000000 1.00000000
vn -0.85400000 -0.52030000 0.00000000
vn -0.47940000 -0.87760000 0.00000000
vn -0.31960000 -0.58500000 -0.74540000
vn -0.47940000 -0.87760000 0.00000000
vn -0.00000000 -0.00000000 1.00000000
vn 0.01570000 -0.66650000 -0.74530000
vn 0.02360000 -0.99970000 0.00000000
vn -0.00000000 -0.00000000 1.00000000
vn 0.02360000 -0.99970000 0.00000000
vn 0.52030000 -0.85400000 0.00000000
vn 0.34690000 -0.56930000 -0.74530000
vn 0.52030000 -0.85400000 0.00000000
vn -0.00000000 -0.00000000 1.00000000
vn 0.87760000 -0.47940000 0.00000000
vn 0.58510000 -0.31960000 -0.74540000
vn -0.00000000 -0.00000000 1.00000000
vn 0.87760000 -0.47940000 0.00000000
vn 0.66650000 0.01570000 -0.74530000
vn 0.99970000 0.02360000 0.00000000
vn 0.99970000 0.02360000 0.00000000
vn -0.00000000 -0.00000000 1.00000000
vn 0.85400000 0.52030000 0.00000000
vn 0.56930000 0.34690000 -0.74540000
vn -0.00000000 -0.00000000 1.00000000
vn 0.85400000 0.52030000 0.00000000
vn 0.31960000 0.58510000 -0.74540000
vn 0.47940000 0.87760000 0.00000000
vn 0.47940000 0.87760000 0.00000000
vn -0.00000000 -0.00000000 1.00000000
vn -0.01570000 0.66650000 -0.74530000
vn -0.02360000 0.99970000 0.00000000
vn -0.00000000 -0.00000000 1.00000000
vn -0.02360000 0.99970000 0.00000000
vn -0.90400000 0.04630000 -0.42510000
vn -0.79430000 0.43390000 -0.42510000
vn -0.79430000 0.43390000 -0.42510000
vn -0.52740000 0.73560000 -0.42510000
vn -0.87700000 0.47910000 -0.03710000
vn -0.87700000 0.47910000 -0.03710000
vn -0.58230000 0.81220000 -0.03720000
vn -0.81980000 0.44790000 0.35680000
vn -0.81980000 0.44790000 0.35680000
vn -0.54430000 0.75920000 0.35680000
vn -0.63200000 0.34520000 0.69380000
vn -0.63200000 0.34520000 0.69380000
vn -0.41960000 0.58530000 0.69390000
vn -0.34330000 0.18760000 0.92030000
vn -0.34330000 0.18760000 0.92030000
vn -0.22800000 0.31800000 0.92030000
vn -0.00000000 -0.00000000 1.00000000
vn -0.00000000 -0.00000000 1.00000000
vn -0.00000000 -0.00000000 1.00000000
vn -0.00000000 -0.00000000 1.00000000
vn -0.00000000 -0.00000000 1.00000000
vn -0.00000000 -0.00000000 1.00000000
vn -0.00000000 -0.00000000 1.00000000
vn -0.00000000 -0.00000000 1.00000000
vn -0.00000000 -0.00000000 1.00000000
vn -0.00000000 -0.00000000 1.00000000
vn -0.00000000 -0.00000000 1.00000000
vn -0.00000000 -0.00000000 1.00000000
vn -0.00000000 -0.00000000 1.00000000
vn -0.00000000 -0.00000000 1.00000000
vn -0.83450000 -0.35050000 -0.42510000
vn -0.59980000 -0.67790000 -0.42510000
vn -0.24630000 -0.87100000 -0.42510000
vn 0.15600000 -0.89160000 -0.42510000
vn 0.52740000 -0.73560000 -0.42510000
vn 0.79430000 -0.43400000 -0.42510000
vn 0.90400000 -0.04630000 -0.42510000
vn 0.99800000 -0.05110000 -0.03700000
vn 0.92140000 0.38690000 -0.03690000
vn 0.86130000 0.36170000 0.35680000
vn 0.61910000 0.69960000 0.35680000
vn 0.47720000 0.53930000 0.69380000
vn 0.19600000 0.69290000 0.69390000
vn 0.10650000 0.37650000 0.92030000
vn -0.06740000 0.38540000 0.92030000
vn 0.83450000 0.35050000 -0.42510000
vn 0.66220000 0.74840000 -0.03710000
vn 0.25420000 0.89890000 0.35680000
vn -0.12410000 0.70930000 0.69380000
vn 0.59980000 0.67790000 -0.42510000
vn 0.27190000 0.96160000 -0.03700000
vn -0.16100000 0.92020000 0.35680000
vn 0.24630000 0.87100000 -0.42510000
vn -0.17220000 0.98440000 -0.03710000
vn -0.15600000 0.89160000 -0.42510000
vn 0.25930000 0.29300000 0.92030000
vn 0.36070000 0.15150000 0.92030000
vn 0.39070000 -0.02000000 0.92030000
vn 0.34330000 -0.18760000 0.92030000
vn 0.22800000 -0.31800000 0.92030000
vn 0.06740000 -0.38540000 0.92030000
vn -0.10650000 -0.37650000 0.92030000
vn -0.25930000 -0.29300000 0.92030000
vn -0.36070000 -0.15150000 0.92030000
vn -0.39070000 0.02000000 0.92030000
vn -0.99800000 0.05110000 -0.03700000
vn -0.92140000 -0.38690000 -0.03700000
vn -0.66220000 -0.74840000 -0.03710000
vn -0.27190000 -0.96160000 -0.03710000
vn 0.17220000 -0.98440000 -0.03730000
vn 0.58230000 -0.81220000 -0.03710000
vn 0.87700000 -0.47910000 -0.03700000
vn -0.93290000 0.04780000 0.35680000
vn -0.86130000 -0.36170000 0.35680000
vn -0.61910000 -0.69960000 0.35680000
vn -0.25420000 -0.89890000 0.35680000
vn 0.16100000 -0.92020000 0.35680000
vn 0.54430000 -0.75920000 0.35680000
vn 0.81980000 -0.44790000 0.35680000
vn 0.93290000 -0.04780000 0.35680000
vn -0.71920000 0.03690000 0.69380000
vn -0.66390000 -0.27880000 0.69380000
vn -0.47720000 -0.53930000 0.69380000
vn -0.19600000 -0.69290000 0.69380000
vn 0.12410000 -0.70930000 0.69390000
vn 0.41960000 -0.58530000 0.69380000
vn 0.63200000 -0.34520000 0.69380000
vn 0.71920000 -0.03690000 0.69380000
vn 0.66390000 0.27880000 0.69380000
vn 0.00000000 0.00000000 -1.00000000
vn 0.00000000 0.99450000 -0.10470000
vn 0.00000000 0.99450000 -0.10470000
vn 0.00000000 0.99450000 -0.10470000
vn 0.99450000 0.00000000 -0.10470000
vn 0.00000000 0.00000000 -1.00000000
vn -0.55880000 0.82190000 -0.11070000
vn 0.00000000 0.99450000 -0.10470000
vn 0.00000000 0.99450000 -0.10470000
vn -0.00000000 -0.00000000 1.00000000
vn 0.99450000 0.00000000 -0.10470000
vn 0.00000000 0.99450000 -0.10470000
vn -0.99910000 0.00000000 -0.04330000
vn -0.00000000 -0.00000000 1.00000000
vn 0.99450000 0.00000000 -0.10470000
vn 0.00000000 -0.99450000 -0.10470000
vn 0.00000000 0.00000000 -1.00000000
vn 0.00000000 -0.99450000 -0.10470000
vn -0.00000000 -0.00000000 1.00000000
vn 0.99450000 0.00000000 -0.10470000
vn 0.00000000 -0.99450000 -0.10470000
vn -0.99450000 0.00000000 -0.10470000
vn 0.00000000 0.00000000 -1.00000000
vn -0.00000000 -0.00000000 1.00000000
vn 0.00000000 -0.99450000 -0.10470000
vn -0.99450000 0.00000000 -0.10470000
vn 0.00000000 0.00000000 -1.00000000
vn 0.00000000 0.98930000 -0.14580000
vn -0.99450000 0.00000000 -0.10470000
vn -0.55330000 0.81370000 -0.17820000
vn -0.99450000 0.00000000 -0.10470000
vn -0.99450000 0.00000000 -0.10470000
vn -0.88670000 0.43470000 -0.15740000
vn -0.00000000 -0.00000000 1.00000000
vn -0.99450000 0.00000000 -0.10470000
vn -0.99450000 0.00000000 -0.10470000
vn -0.21900000 0.96590000 -0.13820000
vn -0.55640000 0.81820000 -0.14470000
vn -0.89130000 0.43690000 -0.12130000
vn 0.99720000 -0.00000000 -0.07480000
vn -0.00000000 -0.00000000 1.00000000
vn -0.00000000 -0.99720000 -0.07480000
vn -0.00000000 -0.00000000 1.00000000
vn -0.99720000 -0.00000000 -0.07480000
vn -0.00000000 -0.99720000 -0.07480000
vn 0.99720000 -0.00000000 -0.07480000
vn -0.00000000 -0.00000000 1.00000000
vn 0.00000000 0.99720000 -0.07480000
vn 0.00000000 0.99720000 -0.07480000
vn -0.00000000 -0.00000000 1.00000000
vn 0.00000000 0.99720000 -0.07480000
vn -0.99720000 -0.00000000 -0.07480000
vn -0.00000000 -0.00000000 1.00000000
vn -0.00000000 0.99370000 -0.11180000
vn 0.00000000 0.00000000 -1.00000000
vn 0.00000000 0.00000000 -1.00000000
vn 0.00000000 0.00000000 -1.00000000
vn 0.00000000 0.00000000 -1.00000000
vn 0.00000000 0.00000000 -1.00000000
vn 0.00000000 0.00000000 -1.00000000
vn 0.00000000 0.00000000 -1.00000000
vn 0.00000000 0.00000000 -1.00000000
vn 0.00000000 0.00000000 -1.00000000
vn 0.00000000 0.00000000 -1.00000000
vn 0.00000000 0.00000000 -1.00000000
vn 0.00000000 0.00000000 -1.00000000
vn -0.99720000 -0.00000000 -0.07480000
vn -0.99720000 -0.00000000 -0.07480000
vn -0.97810000 0.18540000 -0.09420000
vn -0.98150000 0.16930000 -0.08910000
vn -0.98910000 0.00000000 -0.14760000
vn -0.00000000 -0.99720000 -0.07480000
vn -0.99720000 -0.00000000 -0.07480000
vn -0.99720000 -0.00000000 -0.07480000
vn -0.00000000 -0.99720000 -0.07480000
vn -0.97760000 -0.00000000 -0.21040000
vn -0.98470000 0.15560000 -0.07810000
vn -0.90090000 0.00000000 -0.43390000
vn -0.00000000 -0.90100000 -0.43390000
vn -0.95310000 0.00000000 -0.30280000
vn -0.98960000 0.13600000 -0.04660000
vn -0.00000000 0.95310000 -0.30270000
vn 0.00000000 0.81190000 -0.58380000
vn -0.81190000 0.00000000 -0.58380000
vn -0.68010000 0.00000000 -0.73310000
vn 0.00000000 -0.68010000 -0.73310000
vn -0.59040000 -0.00000000 -0.80710000
vn -0.00000000 0.59040000 -0.80710000
vn -0.00000000 -0.36530000 -0.93090000
vn -0.36530000 0.00000000 -0.93090000
vn -0.98150000 0.18610000 -0.04430000
vn 0.00000000 0.99720000 -0.07480000
vn 0.00000000 0.99720000 -0.07480000
vn 0.00000000 0.99720000 -0.07480000
vn 0.99720000 -0.00000000 -0.07480000
vn 0.00000000 0.99720000 -0.07480000
vn 0.99720000 -0.00000000 -0.07480000
vn 0.00000000 0.90100000 -0.43390000
vn 0.90100000 -0.00000000 -0.43390000
vn 0.68010000 0.00000000 -0.73310000
vn 0.00000000 0.68010000 -0.73310000
vn -0.00000000 0.36530000 -0.93090000
vn 0.36530000 -0.00000000 -0.93090000
vn 0.99720000 -0.00000000 -0.07480000
vn 0.99720000 -0.00000000 -0.07480000
vn -0.00000000 -0.99720000 -0.07480000
vn -0.00000000 -0.99720000 -0.07480000
vn 0.90100000 -0.00000000 -0.43390000
vn 0.00000000 -0.90090000 -0.43390000
vn 0.00000000 -0.68010000 -0.73310000
vn 0.68010000 0.00000000 -0.73310000
vn 0.36530000 -0.00000000 -0.93090000
vn -0.00000000 -0.36530000 -0.93090000
vn -0.53580000 0.83360000 -0.13400000
vn -0.99720000 -0.00000000 -0.07480000
vn -0.53900000 0.83850000 -0.07960000
vn 0.00000000 0.99720000 -0.07480000
vn -0.88740000 0.45230000 -0.08940000
vn -0.64410000 0.75770000 -0.10510000
vn -0.27110000 0.95690000 -0.10400000
vn 0.00000000 1.00000000 0.00000000
vn -1.00000000 -0.00000000 -0.00000000
vn -1.00000000 -0.00000000 -0.00000000
vn -0.86600000 0.00000000 -0.50000000
vn 0.00000000 1.00000000 0.00000000
vn -0.86600000 0.00000000 -0.50000000
vn -0.50000000 0.00000000 -0.86600000
vn -0.50000000 0.00000000 -0.86600000
vn 0.00000000 1.00000000 0.00000000
vn 0.00000000 1.00000000 0.00000000
vn 0.00000000 0.00000000 -1.00000000
vn 0.00000000 0.00000000 -1.00000000
vn -0.00000000 -0.00000000 1.00000000
vn 0.00000000 1.00000000 0.00000000
vn -0.00000000 -0.00000000 1.00000000
vn -0.00000000 -0.00000000 1.00000000
vn 0.00000000 1.00000000 0.00000000
vn -0.00000000 -0.00000000 1.00000000
vn -0.50000000 -0.00000000 0.86600000
vn -0.50000000 -0.00000000 0.86600000
vn 0.00000000 1.00000000 0.00000000
vn -0.86600000 -0.00000000 0.50000000
vn 0.00000000 1.00000000 0.00000000
vn -0.86600000 -0.00000000 0.50000000
vn -1.00000000 -0.00000000 -0.00000000
vn -1.00000000 -0.00000000 -0.00000000
vn 0.00000000 1.00000000 0.00000000
vn 1.00000000 -0.00000000 0.00000000
vn 1.00000000 -0.00000000 0.00000000
vn 0.00000000 1.00000000 0.00000000
vn 0.86600000 -0.00000000 0.50000000
vn 0.00000000 1.00000000 0.00000000
vn 0.86600000 -0.00000000 0.50000000
vn 0.50000000 -0.00000000 0.86600000
vn 0.00000000 1.00000000 0.00000000
vn 0.50000000 -0.00000000 0.86600000
vn 1.00000000 -0.00000000 0.00000000
vn 0.00000000 -1.00000000 -0.00000000
vn 1.00000000 -0.00000000 0.00000000
vn -0.00000000 -0.86600000 0.50000000
vn 1.00000000 -0.00000000 0.00000000
vn -0.00000000 -0.50000000 0.86600000
vn 0.00000000 0.00000000 -1.00000000
vn 1.00000000 -0.00000000 0.00000000
vn 1.00000000 -0.00000000 0.00000000
vn -0.00000000 -0.50000000 -0.86600000
vn -0.00000000 -0.86600000 -0.50000000
vn 1.00000000 -0.00000000 0.00000000
vn 0.00000000 1.00000000 0.00000000
vn 1.00000000 -0.00000000 0.00000000
vn 0.00000000 1.00000000 0.00000000
vn -0.00000000 0.86600000 -0.50000000
vn 1.00000000 -0.00000000 0.00000000
vn 1.00000000 -0.00000000 0.00000000
vn -0.00000000 0.50000000 -0.86600000
vn 1.00000000 -0.00000000 0.00000000
vn -0.00000000 -0.00000000 1.00000000
vn -0.00000000 0.50000000 0.86600000
vn 1.00000000 -0.00000000 0.00000000
vn 1.00000000 -0.00000000 0.00000000
vn -0.00000000 0.86600000 0.50000000
vn -0.00000000 -0.86600000 -0.50000000
vn 1.00000000 -0.00000000 0.00000000
vn 1.00000000 -0.00000000 0.00000000
vn 0.00000000 -1.00000000 -0.00000000
vn 1.00000000 -0.00000000 0.00000000
vn -0.00000000 -0.50000000 -0.86600000
vn 1.00000000 -0.00000000 0.00000000
vn 0.00000000 0.00000000 -1.00000000
vn 1.00000000 -0.00000000 0.00000000
vn -0.00000000 0.50000000 -0.86600000
vn 1.00000000 -0.00000000 0.00000000
vn -0.00000000 0.86600000 -0.50000000
vn 0.00000000 1.00000000 0.00000000
vn 0.00000000 1.00000000 0.00000000
vn 1.00000000 -0.00000000 0.00000000
vn 1.00000000 -0.00000000 0.00000000
vn -0.00000000 0.86600000 0.50000000
vn -0.00000000 0.50000000 0.86600000
vn 1.00000000 -0.00000000 0.00000000
vn -0.00000000 -0.00000000 1.00000000
vn 1.00000000 -0.00000000 0.00000000
vn -0.00000000 -0.50000000 0.86600000
vn 1.00000000 -0.00000000 0.00000000
vn -0.00000000 -0.86600000 0.50000000
vn 1.00000000 -0.00000000 0.00000000
vn 1.00000000 -0.00000000 0.00000000
vn -0.00000000 0.86600000 -0.50000000
vn 0.00000000 1.00000000 0.00000000
vn 1.00000000 -0.00000000 0.00000000
vn 0.00000000 1.00000000 0.00000000
vn -0.00000000 0.86600000 0.50000000
vn 1.00000000 -0.00000000 0.00000000
vn 1.00000000 -0.00000000 0.00000000
vn -0.00000000 0.50000000 0.86600000
vn -0.00000000 -0.00000000 1.00000000
vn 1.00000000 -0.00000000 0.00000000
vn -0.00000000 -0.50000000 0.86600000
vn 1.00000000 -0.00000000 0.00000000
vn -0.00000000 -0.86600000 0.50000000
vn 1.00000000 -0.00000000 0.00000000
vn 0.00000000 -1.00000000 -0.00000000
vn 1.00000000 -0.00000000 0.00000000
vn -0.00000000 -0.86600000 -0.50000000
vn 1.00000000 -0.00000000 0.00000000
vn 1.00000000 -0.00000000 0.00000000
vn -0.00000000 -0.50000000 -0.86600000
vn 1.00000000 -0.00000000 0.00000000
vn 0.00000000 0.00000000 -1.00000000
vn -0.00000000 0.50000000 -0.86600000
vn 1.00000000 -0.00000000 0.00000000
vn -1.00000000 -0.00000000 -0.00000000
vn -0.00000000 -0.86600000 0.50000000
vn -1.00000000 -0.00000000 -0.00000000
vn 0.00000000 -1.00000000 -0.00000000
vn -1.00000000 -0.00000000 -0.00000000
vn -0.00000000 -0.50000000 0.86600000
vn -1.00000000 -0.00000000 -0.00000000
vn -0.00000000 -0.00000000 1.00000000
vn -1.00000000 -0.00000000 -0.00000000
vn -0.00000000 0.50000000 0.86600000
vn -1.00000000 -0.00000000 -0.00000000
vn -0.00000000 0.86600000 0.50000000
vn 0.00000000 1.00000000 0.00000000
vn 0.00000000 1.00000000 0.00000000
vn -1.00000000 -0.00000000 -0.00000000
vn -1.00000000 -0.00000000 -0.00000000
vn -0.00000000 0.86600000 -0.50000000
vn -1.00000000 -0.00000000 -0.00000000
vn -0.00000000 0.50000000 -0.86600000
vn -1.00000000 -0.00000000 -0.00000000
vn 0.00000000 0.00000000 -1.00000000
vn -1.00000000 -0.00000000 -0.00000000
vn -0.00000000 -0.50000000 -0.86600000
vn -0.00000000 -0.86600000 -0.50000000
vn -1.00000000 -0.00000000 -0.00000000
vn -1.00000000 -0.00000000 -0.00000000
vn 0.00000000 1.00000000 0.00000000
vn 0.00000000 1.00000000 0.00000000
vn -0.00000000 0.86600000 0.50000000
vn -1.00000000 -0.00000000 -0.00000000
vn -1.00000000 -0.00000000 -0.00000000
vn -0.00000000 0.50000000 0.86600000
vn 0.00000000 0.00000000 -1.00000000
vn -1.00000000 -0.00000000 -0.00000000
vn -1.00000000 -0.00000000 -0.00000000
vn -0.00000000 0.50000000 -0.86600000
vn -0.00000000 0.86600000 -0.50000000
vn -1.00000000 -0.00000000 -0.00000000
vn -1.00000000 -0.00000000 -0.00000000
vn 0.00000000 -1.00000000 -0.00000000
vn -0.00000000 -0.86600000 -0.50000000
vn -1.00000000 -0.00000000 -0.00000000
vn -1.00000000 -0.00000000 -0.00000000
vn -0.00000000 -0.50000000 -0.86600000
vn -0.00000000 -0.00000000 1.00000000
vn -1.00000000 -0.00000000 -0.00000000
vn -1.00000000 -0.00000000 -0.00000000
vn -0.00000000 -0.50000000 0.86600000
vn -0.00000000 -0.86600000 0.50000000
vn -1.00000000 -0.00000000 -0.00000000
vn -1.00000000 -0.00000000 -0.00000000
vn -0.00000000 -0.86600000 -0.50000000
vn -1.00000000 -0.00000000 -0.00000000
vn 0.00000000 -1.00000000 -0.00000000
vn -0.00000000 -0.86600000 0.50000000
vn -1.00000000 -0.00000000 -0.00000000
vn -0.00000000 -0.50000000 0.86600000
vn -1.00000000 -0.00000000 -0.00000000
vn -0.00000000 -0.00000000 1.00000000
vn -1.00000000 -0.00000000 -0.00000000
vn -1.00000000 -0.00000000 -0.00000000
vn -0.00000000 0.50000000 0.86600000
vn -0.00000000 0.86600000 0.50000000
vn -1.00000000 -0.00000000 -0.00000000
vn 0.00000000 1.00000000 0.00000000
vn -1.00000000 -0.00000000 -0.00000000
vn 0.00000000 1.00000000 0.00000000
vn -1.00000000 -0.00000000 -0.00000000
vn -0.00000000 0.86600000 -0.50000000
vn -0.00000000 0.50000000 -0.86600000
vn -1.00000000 -0.00000000 -0.00000000
vn -1.00000000 -0.00000000 -0.00000000
vn 0.00000000 0.00000000 -1.00000000
vn -0.00000000 -0.50000000 -0.86600000
vn -1.00000000 -0.00000000 -0.00000000
vn -0.00000000 0.86600000 0.50000000
vn 1.00000000 -0.00000000 0.00000000
vn 1.00000000 -0.00000000 0.00000000
vn -0.00000000 0.86600000 0.50000000
vn 0.00000000 1.00000000 0.00000000
vn 1.00000000 -0.00000000 0.00000000
vn 0.00000000 1.00000000 0.00000000
vn 1.00000000 -0.00000000 0.00000000
vn 1.00000000 -0.00000000 0.00000000
vn -0.00000000 0.86600000 -0.50000000
vn -0.00000000 0.86600000 -0.50000000
vn 1.00000000 -0.00000000 0.00000000
vn -0.00000000 0.50000000 -0.86600000
vn 1.00000000 -0.00000000 0.00000000
vn 1.00000000 -0.00000000 0.00000000
vn -0.00000000 0.50000000 0.86600000
vn -0.00000000 0.50000000 0.86600000
vn 1.00000000 -0.00000000 0.00000000
vn 1.00000000 -0.00000000 0.00000000
vn -0.00000000 -0.00000000 1.00000000
vn 1.00000000 -0.00000000 0.00000000
vn -0.00000000 -0.00000000 1.00000000
vn 1.00000000 -0.00000000 0.00000000
vn -0.00000000 -0.50000000 0.86600000
vn 1.00000000 -0.00000000 0.00000000
vn -0.00000000 -0.50000000 0.86600000
vn -0.00000000 -0.86600000 0.50000000
vn 1.00000000 -0.00000000 0.00000000
vn -0.00000000 -0.86600000 0.50000000
vn 1.00000000 -0.00000000 0.00000000
vn 1.00000000 -0.00000000 0.00000000
vn 0.00000000 -1.00000000 -0.00000000
vn 0.00000000 -1.00000000 -0.00000000
vn 1.00000000 -0.00000000 0.00000000
vn 0.00000000 -1.00000000 -0.00000000
vn 0.00000000 -1.00000000 -0.00000000
vn -0.00000000 -0.86600000 -0.50000000
vn 1.00000000 -0.00000000 0.00000000
vn -0.00000000 -0.86600000 -0.50000000
vn 1.00000000 -0.00000000 0.00000000
vn 1.00000000 -0.00000000 0.00000000
vn -0.00000000 -0.50000000 -0.86600000
vn -0.00000000 -0.50000000 -0.86600000
vn 1.00000000 -0.00000000 0.00000000
vn 0.00000000 0.00000000 -1.00000000
vn 1.00000000 -0.00000000 0.00000000
vn 0.00000000 0.00000000 -1.00000000
vn 1.00000000 -0.00000000 0.00000000
vn -0.00000000 0.50000000 -0.86600000
vn 1.00000000 -0.00000000 0.00000000
vn -0.00000000 -0.86600000 0.50000000
vn -1.00000000 -0.00000000 -0.00000000
vn -1.00000000 -0.00000000 -0.00000000
vn -0.00000000 -0.86600000 0.50000000
vn 0.00000000 -1.00000000 -0.00000000
vn 0.00000000 -1.00000000 -0.00000000
vn -1.00000000 -0.00000000 -0.00000000
vn 0.00000000 -1.00000000 -0.00000000
vn -1.00000000 -0.00000000 -0.00000000
vn 0.00000000 -1.00000000 -0.00000000
vn -0.00000000 -0.86600000 -0.50000000
vn -1.00000000 -0.00000000 -0.00000000
vn -1.00000000 -0.00000000 -0.00000000
vn -0.00000000 -0.86600000 -0.50000000
vn -0.00000000 -0.50000000 -0.86600000
vn -1.00000000 -0.00000000 -0.00000000
vn -0.00000000 -0.50000000 0.86600000
vn -1.00000000 -0.00000000 -0.00000000
vn -1.00000000 -0.00000000 -0.00000000
vn -0.00000000 -0.50000000 0.86600000
vn -1.00000000 -0.00000000 -0.00000000
vn -0.00000000 -0.00000000 1.00000000
vn -0.00000000 -0.00000000 1.00000000
vn -1.00000000 -0.00000000 -0.00000000
vn -1.00000000 -0.00000000 -0.00000000
vn -0.00000000 0.50000000 0.86600000
vn -0.00000000 0.50000000 0.86600000
vn -1.00000000 -0.00000000 -0.00000000
vn -0.00000000 0.86600000 0.50000000
vn -1.00000000 -0.00000000 -0.00000000
vn -1.00000000 -0.00000000 -0.00000000
vn -0.00000000 0.86600000 0.50000000
vn 0.00000000 1.00000000 0.00000000
vn -1.00000000 -0.00000000 -0.00000000
vn 0.00000000 1.00000000 0.00000000
vn -1.00000000 -0.00000000 -0.00000000
vn -1.00000000 -0.00000000 -0.00000000
vn -0.00000000 0.86600000 -0.50000000
vn -1.00000000 -0.00000000 -0.00000000
vn -0.00000000 0.86600000 -0.50000000
vn -1.00000000 -0.00000000 -0.00000000
vn -0.00000000 0.50000000 -0.86600000
vn -1.00000000 -0.00000000 -0.00000000
vn -0.00000000 0.50000000 -0.86600000
vn 0.00000000 0.00000000 -1.00000000
vn -1.00000000 -0.00000000 -0.00000000
vn -1.00000000 -0.00000000 -0.00000000
vn 0.00000000 0.00000000 -1.00000000
vn -1.00000000 -0.00000000 -0.00000000
vn -0.00000000 -0.50000000 -0.86600000
vn 0.00000000 1.00000000 0.00000000
vn 1.00000000 -0.00000000 0.00000000
vn -0.00000000 -0.20000000 -0.97980000
vn -0.00000000 -0.20000000 -0.97980000
vn -0.00000000 -0.20000000 -0.97980000
vn 0.00000000 1.00000000 0.00000000
vn 0.00000000 -0.61140000 -0.79130000
vn 0.00000000 -0.61140000 -0.79130000
vn -0.00000000 -0.89760000 -0.44080000
vn -0.00000000 -0.89760000 -0.44080000
vn 0.00000000 -1.00000000 -0.00000000
vn 0.00000000 -1.00000000 -0.00000000
vn 0.00000000 -1.00000000 -0.00000000
vn 0.00000000 -0.89760000 0.44080000
vn 0.00000000 -0.89760000 0.44080000
vn 0.00000000 -0.61140000 0.79130000
vn 0.00000000 -0.61140000 0.79130000
vn 0.00000000 -0.20000000 0.97980000
vn 0.00000000 1.00000000 0.00000000
vn 1.00000000 -0.00000000 0.00000000
vn -0.00000000 -0.06710000 0.99770000
vn 1.00000000 -0.00000000 0.00000000
vn 1.00000000 -0.00000000 0.00000000
vn -0.00000000 0.06710000 0.99770000
vn 0.00000000 1.00000000 0.00000000
vn 0.00000000 -0.20000000 0.97980000
vn 0.00000000 -0.20000000 0.97980000
vn 0.00000000 -1.00000000 -0.00000000
vn 1.00000000 -0.00000000 0.00000000
vn -0.00000000 0.20000000 0.97980000
vn -0.00000000 0.20000000 0.97980000
vn 0.00000000 -1.00000000 -0.00000000
vn -0.00000000 0.20000000 0.97980000
vn 0.00000000 0.61140000 0.79130000
vn 0.00000000 0.61140000 0.79130000
vn 0.00000000 0.89760000 0.44080000
vn 0.00000000 0.89760000 0.44080000
vn 0.00000000 1.00000000 0.00000000
vn 0.00000000 1.00000000 0.00000000
vn 0.00000000 0.89760000 -0.44080000
vn 0.00000000 0.89760000 -0.44080000
vn 0.00000000 0.61140000 -0.79130000
vn 0.00000000 0.61140000 -0.79130000
vn 0.00000000 -1.00000000 -0.00000000
vn 0.00000000 0.20000000 -0.97980000
vn 1.00000000 -0.00000000 0.00000000
vn 1.00000000 -0.00000000 0.00000000
vn -0.00000000 0.06710000 -0.99770000
vn 1.00000000 -0.00000000 0.00000000
vn 0.00000000 -0.06710000 -0.99770000
vn 0.00000000 0.20000000 -0.97980000
vn 0.00000000 -1.00000000 -0.00000000
vn 0.00000000 0.20000000 -0.97980000
vn 0.00000000 1.00000000 0.00000000
vn 0.38750000 -0.18860000 0.90240000
vn 0.50000000 -0.52950000 0.68530000
vn 0.00000000 1.00000000 0.00000000
vn 0.71280000 -0.15340000 0.68440000
vn 0.86600000 -0.30570000 0.39570000
vn 0.92640000 -0.09170000 0.36530000
vn 0.00000000 1.00000000 0.00010000
vn 1.00000000 -0.00000000 0.00000000
vn 0.00000000 1.00000000 0.00000000
vn 1.00000000 -0.00000000 0.00000000
vn 1.00000000 -0.00000000 0.00000000
vn 1.00000000 -0.00000000 0.00000000
vn 0.86600000 -0.44880000 0.22040000
vn 1.00000000 -0.00000000 0.00000000
vn 1.00000000 -0.00000000 0.00000000
vn 0.86600000 -0.50000000 0.00000000
vn 1.00000000 -0.00000000 0.00000000
vn 1.00000000 -0.00000000 0.00000000
vn 0.86600000 -0.44880000 -0.22040000
vn 1.00000000 -0.00000000 0.00000000
vn 1.00000000 -0.00000000 0.00000000
vn 0.86600000 -0.30570000 -0.39570000
vn 1.00000000 -0.00000000 0.00000000
vn 0.00000000 1.00000000 0.00000000
vn 1.00000000 -0.00000000 0.00000000
vn 0.00000000 1.00000000 0.00000000
vn 0.92660000 -0.09150000 -0.36480000
vn 0.00000000 1.00000000 0.00000000
vn 0.71280000 -0.15340000 -0.68440000
vn 0.50000000 -0.52950000 -0.68530000
vn 0.00000000 1.00000000 0.00000000
vn 0.38740000 -0.18860000 -0.90240000
vn 0.50000000 -0.77730000 0.38170000
vn 0.50000000 -0.86600000 0.00000000
vn 0.50000000 -0.77730000 -0.38170000
vn 0.00000000 -1.00000000 -0.00000000
vn 0.38740000 0.18860000 -0.90240000
vn 0.00000000 -1.00000000 -0.00000000
vn 0.38740000 0.18860000 0.90240000
vn 0.00000000 -1.00000000 -0.00000000
vn 0.71280000 0.15340000 -0.68440000
vn 1.00000000 -0.00000000 0.00000000
vn 1.00000000 -0.00000000 0.00000000
vn 0.00000000 -1.00000000 -0.00000000
vn 0.00000000 -1.00000000 -0.00000000
vn 0.71280000 0.15340000 0.68440000
vn 0.00000000 -1.00000000 0.00010000
vn 0.92660000 0.09150000 -0.36480000
vn 1.00000000 -0.00000000 0.00000000
vn 0.00000000 -1.00000000 -0.00000000
vn 1.00000000 -0.00000000 0.00000000
vn 0.00000000 -1.00000000 -0.00010000
vn 0.92660000 0.09150000 0.36480000
vn 0.86600000 0.30570000 0.39570000
vn 1.00000000 -0.00000000 0.00000000
vn 1.00000000 -0.00000000 0.00000000
vn 0.86600000 0.44880000 0.22040000
vn 1.00000000 -0.00000000 0.00000000
vn 1.00000000 -0.00000000 0.00000000
vn 0.86600000 0.50000000 0.00000000
vn 1.00000000 -0.00000000 0.00000000
vn 1.00000000 -0.00000000 0.00000000
vn 0.86600000 0.44880000 -0.22040000
vn 1.00000000 -0.00000000 0.00000000
vn 1.00000000 -0.00000000 0.00000000
vn 0.86600000 0.30570000 -0.39560000
vn 0.50000000 0.52950000 -0.68530000
vn 0.50000000 0.77730000 -0.38170000
vn 0.50000000 0.86600000 -0.00000000
vn 0.50000000 0.77730000 0.38170000
vn 0.50000000 0.52950000 0.68530000
vn 0.00000000 -0.20000000 0.97980000
vn 0.00000000 1.00000000 0.00000000
vn -1.00000000 -0.00000000 -0.00000000
vn -0.00000000 -0.06710000 0.99770000
vn -1.00000000 -0.00000000 -0.00000000
vn -0.00000000 -0.20000000 -0.97980000
vn -1.00000000 -0.00000000 -0.00000000
vn 0.00000000 1.00000000 0.00000000
vn 0.00000000 -0.06710000 -0.99770000
vn -1.00000000 -0.00000000 -0.00000000
vn -0.00000000 0.06710000 0.99770000
vn -1.00000000 -0.00000000 -0.00000000
vn -0.00000000 0.06710000 -0.99770000
vn -1.00000000 -0.00000000 -0.00000000
vn -1.00000000 -0.00000000 -0.00000000
vn 0.00000000 0.20000000 -0.97980000
vn 0.00000000 -1.00000000 -0.00000000
vn -1.00000000 -0.00000000 -0.00000000
vn 0.00000000 -1.00000000 -0.00000000
vn -0.00000000 0.20000000 0.97980000
vn -1.00000000 -0.00000000 -0.00000000
vn 0.00000000 1.00000000 0.00000000
vn -1.00000000 -0.00000000 -0.00000000
vn -1.00000000 -0.00000000 -0.00000000
vn 0.00000000 1.00000000 0.00000000
vn -1.00000000 -0.00000000 -0.00000000
vn -1.00000000 -0.00000000 -0.00000000
vn -1.00000000 -0.00000000 -0.00000000
vn -1.00000000 -0.00000000 -0.00000000
vn -1.00000000 -0.00000000 -0.00000000
vn -1.00000000 -0.00000000 -0.00000000
vn -1.00000000 -0.00000000 -0.00000000
vn -1.00000000 -0.00000000 -0.00000000
vn -1.00000000 -0.00000000 -0.00000000
vn 0.00000000 1.00000000 0.00000000
vn -0.92660000 -0.09150000 -0.36480000
vn -0.71280000 -0.15340000 -0.68440000
vn 0.00000000 1.00000000 0.00000000
vn -0.38740000 -0.18860000 -0.90240000
vn 0.00000000 1.00000000 0.00000000
vn -0.71280000 -0.15340000 0.68440000
vn 0.00000000 1.00000000 0.00000000
vn -0.38740000 -0.18860000 0.90240000
vn 0.00000000 1.00000000 0.00000000
vn 0.00000000 1.00000000 -0.00010000
vn -0.92660000 -0.09150000 0.36480000
vn -0.00000000 -0.20000000 -0.97980000
vn 0.00000000 1.00000000 0.00000000
vn -0.00000000 -0.20000000 -0.97980000
vn 0.00000000 -0.20000000 0.97980000
vn 0.00000000 1.00000000 0.00000000
vn 0.00000000 -0.20000000 0.97980000
vn 0.00000000 -0.61140000 -0.79130000
vn 0.00000000 -0.61140000 -0.79130000
vn -0.50000000 -0.52950000 -0.68530000
vn -0.86600000 -0.30570000 -0.39570000
vn -0.86600000 -0.44880000 -0.22040000
vn -0.86600000 -0.50000000 -0.00000000
vn -0.86600000 -0.44880000 0.22040000
vn -0.86600000 -0.30570000 0.39570000
vn -0.50000000 -0.52950000 0.68530000
vn 0.00000000 -0.61140000 0.79130000
vn 0.00000000 -0.61140000 0.79130000
vn 0.00000000 -0.89760000 0.44080000
vn 0.00000000 -0.89760000 0.44080000
vn -0.50000000 -0.77740000 0.38170000
vn 0.00000000 -1.00000000 -0.00000000
vn 0.00000000 -1.00000000 -0.00000000
vn 0.00000000 -1.00000000 -0.00000000
vn -0.50000000 -0.86600000 -0.00000000
vn -0.00000000 -0.89760000 -0.44080000
vn -0.00000000 -0.89760000 -0.44080000
vn -0.50000000 -0.77730000 -0.38170000
vn -1.00000000 -0.00000000 -0.00000000
vn 0.00000000 -1.00000000 -0.00000000
vn -1.00000000 -0.00000000 -0.00000000
vn -1.00000000 -0.00000000 -0.00000000
vn -1.00000000 -0.00000000 -0.00000000
vn 0.00000000 -1.00000000 -0.00000000
vn -1.00000000 -0.00000000 -0.00000000
vn -1.00000000 -0.00000000 -0.00000000
vn -1.00000000 -0.00000000 -0.00000000
vn -1.00000000 -0.00000000 -0.00000000
vn -1.00000000 -0.00000000 -0.00000000
vn -1.00000000 -0.00000000 -0.00000000
vn -1.00000000 -0.00000000 -0.00000000
vn -1.00000000 -0.00000000 -0.00000000
vn -0.92660000 0.09150000 0.36480000
vn 0.00000000 -1.00000000 -0.00010000
vn 0.00000000 -1.00000000 -0.00000000
vn -0.71280000 0.15340000 0.68440000
vn 0.00000000 -1.00000000 -0.00000000
vn -0.38740000 0.18860000 0.90240000
vn 0.00000000 -1.00000000 -0.00000000
vn -0.71280000 0.15340000 -0.68440000
vn -0.38740000 0.18870000 -0.90240000
vn 0.00000000 -1.00000000 -0.00000000
vn -0.92660000 0.09150000 -0.36480000
vn 0.00000000 -1.00000000 0.00010000
vn -0.00000000 0.20000000 0.97980000
vn 0.00000000 -1.00000000 -0.00000000
vn -0.00000000 0.20000000 0.97980000
vn 0.00000000 -1.00000000 -0.00000000
vn 0.00000000 0.20000000 -0.97980000
vn 0.00000000 0.20000000 -0.97980000
vn 0.00000000 0.61140000 -0.79130000
vn 0.00000000 0.61140000 -0.79130000
vn 0.00000000 0.89760000 -0.44080000
vn 0.00000000 0.89760000 -0.44080000
vn 0.00000000 1.00000000 0.00000000
vn 0.00000000 1.00000000 0.00000000
vn 0.00000000 0.89760000 0.44080000
vn 0.00000000 0.89760000 0.44080000
vn 0.00000000 0.61140000 0.79130000
vn 0.00000000 0.61140000 0.79130000
vn -0.50000000 0.52950000 0.68530000
vn -0.86600000 0.30570000 0.39560000
vn -0.86600000 0.44880000 0.22040000
vn -0.86600000 0.50000000 -0.00000000
vn -0.86600000 0.44880000 -0.22040000
vn -0.86600000 0.30570000 -0.39570000
vn -0.50000000 0.52950000 -0.68530000
vn -0.50000000 0.77730000 -0.38170000
vn -0.50000000 0.86600000 0.00000000
vn -0.50000000 0.77730000 0.38170000
vn 0.46850000 -0.35740000 0.80790000
vn 0.46850000 -0.35740000 0.80790000
vn 0.50000000 -0.00000000 0.86600000
vn 0.50000000 -0.00000000 0.86600000
vn 0.50000000 -0.00000000 0.86600000
vn 0.50000000 -0.00000000 0.86600000
vn 0.24660000 -0.21160000 0.94570000
vn 0.25870000 -0.00000000 0.96600000
vn 0.25870000 -0.00000000 0.96600000
vn -0.00000000 -0.00000000 1.00000000
vn -0.00000000 -0.00000000 1.00000000
vn -0.01500000 -0.21830000 0.97580000
vn -0.25870000 0.00000000 0.96600000
vn -0.25870000 0.00000000 0.96600000
vn -0.46850000 -0.35740000 0.80800000
vn -0.46850000 -0.35740000 0.80800000
vn -0.50000000 -0.00000000 0.86600000
vn -0.50000000 -0.00000000 0.86600000
vn -0.50000000 -0.00000000 0.86600000
vn -0.50000000 -0.00000000 0.86600000
vn -0.01370000 -0.49690000 0.86770000
vn -0.44780000 -0.46190000 0.76560000
vn -0.44780000 -0.46190000 0.76560000
vn -0.01360000 -0.51190000 0.85890000
vn -0.01360000 -0.51480000 0.85720000
vn 0.22360000 -0.49900000 0.83720000
vn 0.22390000 -0.50170000 0.83560000
vn 0.44780000 -0.46190000 0.76560000
vn 0.44780000 -0.46190000 0.76560000
vn 0.23270000 -0.43310000 0.87080000
vn 0.47350000 -0.35400000 0.80650000
vn 0.47350000 -0.35400000 0.80650000
vn 0.17360000 0.00800000 0.98480000
vn 0.17360000 0.00800000 0.98480000
vn 0.50000000 0.00710000 0.86600000
vn 0.50000000 0.00710000 0.86600000
vn 0.50000000 0.00710000 0.86600000
vn 0.50000000 0.00710000 0.86600000
vn -0.47350000 -0.35400000 0.80650000
vn -0.47350000 -0.35400000 0.80650000
vn -0.01410000 -0.44530000 0.89530000
vn -0.50000000 0.00710000 0.86600000
vn -0.50000000 0.00710000 0.86600000
vn -0.50000000 0.00710000 0.86600000
vn -0.50000000 0.00710000 0.86600000
vn -0.17360000 0.00790000 0.98480000
vn -0.17360000 0.00790000 0.98480000
vn 0.22520000 -0.48420000 0.84550000
vn 0.49390000 -0.04730000 0.86820000
vn 0.49390000 -0.04730000 0.86820000
vn 0.24570000 -0.11220000 0.96280000
vn 0.49020000 -0.10090000 0.86580000
vn 0.49020000 -0.10090000 0.86580000
vn 0.48870000 -0.15280000 0.85890000
vn 0.48870000 -0.15280000 0.85890000
vn 0.16970000 -0.22940000 0.95840000
vn 0.16970000 -0.22940000 0.95840000
vn 0.48960000 -0.20290000 0.84800000
vn 0.48960000 -0.20290000 0.84800000
vn 0.48960000 -0.20290000 0.84800000
vn 0.48960000 -0.20290000 0.84800000
vn -0.01560000 -0.11570000 0.99320000
vn -0.49390000 -0.04730000 0.86820000
vn -0.49390000 -0.04730000 0.86820000
vn -0.49020000 -0.10080000 0.86580000
vn -0.49020000 -0.10080000 0.86580000
vn -0.48870000 -0.15280000 0.85890000
vn -0.48870000 -0.15280000 0.85890000
vn -0.16970000 -0.22940000 0.95840000
vn -0.16970000 -0.22940000 0.95840000
vn -0.48960000 -0.20290000 0.84800000
vn -0.48960000 -0.20290000 0.84800000
vn -0.48960000 -0.20290000 0.84800000
vn -0.48960000 -0.20290000 0.84800000
vn 0.49980000 -0.11580000 0.85830000
vn 0.49980000 -0.11580000 0.85830000
vn 0.25170000 0.12090000 0.96020000
vn 0.49730000 0.14940000 0.85460000
vn 0.49730000 0.14940000 0.85460000
vn 0.16020000 0.41390000 0.89610000
vn 0.16020000 0.41390000 0.89610000
vn 0.46420000 0.37140000 0.80410000
vn 0.46420000 0.37140000 0.80410000
vn 0.46420000 0.37140000 0.80410000
vn 0.46420000 0.37140000 0.80410000
vn -0.01540000 0.12500000 0.99200000
vn -0.49980000 -0.11580000 0.85840000
vn -0.49980000 -0.11580000 0.85840000
vn -0.49730000 0.14940000 0.85460000
vn -0.49730000 0.14940000 0.85460000
vn -0.16020000 0.41390000 0.89610000
vn -0.16020000 0.41390000 0.89610000
vn -0.46420000 0.37140000 0.80410000
vn -0.46420000 0.37140000 0.80410000
vn -0.46420000 0.37140000 0.80410000
vn -0.46420000 0.37140000 0.80410000
vn 0.47990000 0.28090000 0.83110000
vn 0.47990000 0.28090000 0.83110000
vn 0.24580000 0.22440000 0.94300000
vn 0.50000000 -0.00000000 0.86600000
vn 0.50000000 -0.00000000 0.86600000
vn 0.50000000 -0.00000000 0.86600000
vn 0.50000000 -0.00000000 0.86600000
vn 0.25870000 -0.00000000 0.96600000
vn 0.25870000 -0.00000000 0.96600000
vn -0.00000000 -0.00000000 1.00000000
vn -0.00000000 -0.00000000 1.00000000
vn -0.01490000 0.23150000 0.97270000
vn -0.25870000 0.00000000 0.96600000
vn -0.25870000 0.00000000 0.96600000
vn -0.50000000 -0.00000000 0.86600000
vn -0.50000000 -0.00000000 0.86600000
vn -0.50000000 -0.00000000 0.86600000
vn -0.50000000 -0.00000000 0.86600000
vn -0.47990000 0.28090000 0.83110000
vn -0.47990000 0.28090000 0.83110000
vn -0.50000000 -0.00000000 0.86600000
vn -0.50000000 -0.00000000 0.86600000
vn -0.05240000 0.81650000 0.57500000
vn -0.25890000 0.00000000 0.96590000
vn -0.02680000 0.81650000 0.57670000
vn -0.00000000 -0.00000000 1.00000000
vn -0.00000000 -0.00000000 1.00000000
vn 0.00010000 0.81640000 0.57740000
vn 0.25890000 0.00000000 0.96590000
vn 0.02680000 0.81650000 0.57670000
vn -0.00000000 -0.00000000 1.00000000
vn 0.05240000 0.81650000 0.57500000
vn 0.50000000 -0.00000000 0.86600000
vn 0.50000000 -0.00000000 0.86600000
vn -0.48970000 0.20160000 0.84820000
vn -0.48970000 0.20160000 0.84820000
vn -0.50000000 -0.00000000 0.86600000
vn -0.50000000 -0.00000000 0.86600000
vn -0.50000000 -0.00000000 0.86600000
vn -0.50000000 -0.00000000 0.86600000
vn -0.49110000 0.18720000 0.85070000
vn -0.46420000 0.37140000 0.80410000
vn -0.46420000 0.37140000 0.80410000
vn -0.46420000 0.37140000 0.80410000
vn -0.46420000 0.37140000 0.80410000
vn -0.49350000 0.10820000 0.86300000
vn -0.49350000 0.10820000 0.86300000
vn -0.49890000 0.06350000 0.86430000
vn -0.48960000 -0.20290000 0.84800000
vn -0.48960000 -0.20290000 0.84800000
vn -0.48960000 -0.20290000 0.84800000
vn -0.48960000 -0.20290000 0.84800000
vn -0.50000000 0.00710000 0.86600000
vn -0.50000000 0.00710000 0.86600000
vn -0.50000000 0.00710000 0.86600000
vn -0.50000000 0.00710000 0.86600000
vn -0.49770000 -0.09630000 0.86200000
vn -0.49900000 -0.02850000 0.86610000
vn -0.49900000 -0.02850000 0.86610000
vn -0.45170000 -0.41570000 0.78940000
vn -0.45470000 -0.41600000 0.78750000
vn -0.44690000 -0.44850000 0.77410000
vn -0.48790000 -0.21840000 0.84510000
vn -0.50000000 -0.00000000 0.86600000
vn -0.50000000 -0.00000000 0.86600000
vn -0.50000000 -0.00000000 0.86600000
vn -0.50000000 -0.00000000 0.86600000
vn -0.48780000 -0.21800000 0.84530000
vn -0.46640000 -0.35290000 0.81110000
vn -0.46640000 -0.35290000 0.81110000
vn -0.44550000 -0.44780000 0.77530000
vn -0.43930000 -0.46180000 0.77060000
vn -0.43930000 -0.46180000 0.77060000
vn -0.45920000 -0.36680000 0.80900000
vn -0.45920000 -0.36680000 0.80900000
vn -0.50000000 -0.00000000 0.86600000
vn -0.50000000 -0.00000000 0.86600000
vn -0.47170000 0.81650000 0.33290000
vn -0.50000000 -0.00000000 0.86600000
vn -0.28870000 0.81650000 0.50000000
vn -0.28870000 0.81650000 0.50000000
vn -0.69570000 -0.21160000 0.68650000
vn -0.70720000 -0.00000000 0.70700000
vn -0.70720000 -0.00000000 0.70700000
vn -0.86600000 -0.00000000 0.50000000
vn -0.86600000 -0.00000000 0.50000000
vn -0.85260000 -0.21830000 0.47490000
vn -1.00000000 -0.00000000 -0.00000000
vn -1.00000000 -0.00000000 -0.00000000
vn -1.00000000 -0.00000000 -0.00000000
vn -1.00000000 -0.00000000 -0.00000000
vn -0.93390000 -0.35740000 -0.00170000
vn -0.93390000 -0.35740000 -0.00170000
vn -0.75830000 -0.49690000 0.42200000
vn -0.88690000 -0.46190000 -0.00500000
vn -0.88690000 -0.46190000 -0.00500000
vn -0.75060000 -0.51190000 0.41770000
vn -0.74920000 -0.51480000 0.41690000
vn -0.61320000 -0.49900000 0.61230000
vn -0.61170000 -0.50170000 0.61160000
vn -0.63770000 -0.43310000 0.63700000
vn -0.76610000 0.00790000 0.64270000
vn -0.76610000 0.00790000 0.64270000
vn -0.93520000 -0.35400000 -0.00680000
vn -0.93520000 -0.35400000 -0.00680000
vn -0.78240000 -0.44530000 0.43540000
vn -1.00000000 0.00710000 -0.00000000
vn -1.00000000 0.00710000 -0.00000000
vn -1.00000000 0.00710000 -0.00000000
vn -1.00000000 0.00710000 -0.00000000
vn -0.93970000 0.00790000 0.34200000
vn -0.93970000 0.00790000 0.34200000
vn -0.61960000 -0.48420000 0.61780000
vn -0.71100000 -0.11220000 0.69420000
vn -0.86790000 -0.11570000 0.48310000
vn -0.99890000 -0.04730000 0.00640000
vn -0.99890000 -0.04730000 0.00640000
vn -0.99490000 -0.10090000 0.00840000
vn -0.99490000 -0.10090000 0.00840000
vn -0.98820000 -0.15280000 0.00620000
vn -0.98820000 -0.15280000 0.00620000
vn -0.91490000 -0.22940000 0.33230000
vn -0.91490000 -0.22940000 0.33230000
vn -0.97920000 -0.20290000 0.00000000
vn -0.97920000 -0.20290000 0.00000000
vn -0.97920000 -0.20290000 0.00000000
vn -0.97920000 -0.20290000 0.00000000
vn -0.74520000 -0.22940000 0.62620000
vn -0.74520000 -0.22940000 0.62620000
vn -0.70580000 0.12100000 0.69800000
vn -0.69600000 0.41390000 0.58680000
vn -0.69600000 0.41390000 0.58680000
vn -0.86680000 0.12500000 0.48270000
vn -0.85620000 0.41390000 0.30930000
vn -0.85620000 0.41390000 0.30930000
vn -0.98890000 0.14880000 -0.00340000
vn -0.98890000 0.14880000 -0.00340000
vn -0.92880000 0.37050000 0.00020000
vn -0.92880000 0.37050000 0.00020000
vn -0.99330000 -0.11580000 -0.00360000
vn -0.99330000 -0.11580000 -0.00360000
vn -0.92850000 0.37150000 0.00020000
vn -0.92850000 0.37150000 0.00020000
vn -0.92850000 0.37150000 0.00020000
vn -0.92850000 0.37150000 0.00020000
vn -0.69370000 0.22440000 0.68440000
vn -0.84980000 0.23150000 0.47350000
vn -0.95970000 0.28090000 0.00000000
vn -0.95970000 0.28090000 0.00000000
vn -1.00000000 -0.00000000 -0.00000000
vn -1.00000000 -0.00000000 -0.00000000
vn -1.00000000 -0.00000000 -0.00000000
vn -1.00000000 -0.00000000 -0.00000000
vn -0.96590000 0.00000000 0.25890000
vn -0.96590000 0.00000000 0.25890000
vn -0.86600000 -0.00000000 0.50000000
vn -0.86600000 -0.00000000 0.50000000
vn -0.70720000 -0.00000000 0.70700000
vn -0.70720000 -0.00000000 0.70700000
vn -1.00000000 -0.00000000 -0.00000000
vn -0.52420000 0.81650000 0.24210000
vn -1.00000000 -0.00000000 -0.00000000
vn -0.96590000 0.00000000 0.25870000
vn -0.51290000 0.81650000 0.26510000
vn -0.86600000 -0.00000000 0.50000000
vn -0.50000000 0.81660000 0.28830000
vn -0.86600000 -0.00000000 0.50000000
vn -0.48610000 0.81650000 0.31160000
vn -0.70710000 0.00000000 0.70710000
vn -0.86600000 -0.00000000 0.50000000
vn -0.97950000 0.20160000 0.00000000
vn -0.97950000 0.20160000 0.00000000
vn -1.00000000 -0.00000000 -0.00000000
vn -1.00000000 -0.00000000 -0.00000000
vn -1.00000000 -0.00000000 -0.00000000
vn -1.00000000 -0.00000000 -0.00000000
vn -0.98230000 0.18720000 -0.00000000
vn -0.92850000 0.37140000 0.00000000
vn -0.92850000 0.37140000 0.00000000
vn -0.92850000 0.37140000 0.00000000
vn -0.92850000 0.37140000 0.00000000
vn -0.99410000 0.10820000 0.00400000
vn -0.99410000 0.10820000 0.00400000
vn -0.99800000 0.06350000 0.00010000
vn -0.97920000 -0.20290000 0.00000000
vn -0.97920000 -0.20290000 0.00000000
vn -0.97920000 -0.20290000 0.00000000
vn -0.97920000 -0.20290000 0.00000000
vn -1.00000000 0.00710000 -0.00000000
vn -1.00000000 0.00710000 -0.00000000
vn -1.00000000 0.00710000 -0.00000000
vn -1.00000000 0.00710000 -0.00000000
vn -0.99530000 -0.09630000 0.00000000
vn -0.99960000 -0.02850000 0.00100000
vn -0.99960000 -0.02850000 0.00100000
vn -0.90950000 -0.41570000 0.00360000
vn -0.90930000 -0.41610000 -0.00000000
vn -0.89380000 -0.44850000 -0.00000000
vn -0.97590000 -0.21840000 -0.00000000
vn -1.00000000 -0.00000000 -0.00000000
vn -1.00000000 -0.00000000 -0.00000000
vn -1.00000000 -0.00000000 -0.00000000
vn -1.00000000 -0.00000000 -0.00000000
vn -0.97590000 -0.21800000 0.00030000
vn -0.93570000 -0.35290000 0.00170000
vn -0.93570000 -0.35290000 0.00170000
vn -0.89410000 -0.44780000 0.00180000
vn -0.88700000 -0.46180000 0.00490000
vn -0.88700000 -0.46180000 0.00490000
vn -0.93030000 -0.36680000 0.00680000
vn -0.93030000 -0.36680000 0.00680000
vn -0.57740000 0.81650000 0.00000000
vn -1.00000000 -0.00000000 -0.00000000
vn -0.56380000 0.81650000 -0.12430000
vn -1.00000000 -0.00000000 -0.00000000
vn -0.52420000 0.81650000 -0.24210000
vn -1.00000000 -0.00000000 -0.00000000
vn -1.00000000 -0.00000000 -0.00000000
vn -1.00000000 -0.00000000 -0.00000000
vn -0.56380000 0.81650000 0.12430000
vn -0.94230000 -0.21160000 -0.25930000
vn -0.86600000 0.00000000 -0.50000000
vn -0.86600000 0.00000000 -0.50000000
vn -0.83750000 -0.21830000 -0.50090000
vn -0.70720000 0.00000000 -0.70700000
vn -0.70720000 0.00000000 -0.70700000
vn -0.46550000 -0.35740000 -0.80970000
vn -0.46550000 -0.35740000 -0.80970000
vn -0.50000000 0.00000000 -0.86600000
vn -0.50000000 0.00000000 -0.86600000
vn -0.50000000 0.00000000 -0.86600000
vn -0.50000000 0.00000000 -0.86600000
vn -0.74460000 -0.49690000 -0.44570000
vn -0.43910000 -0.46190000 -0.77060000
vn -0.43910000 -0.46190000 -0.77060000
vn -0.73710000 -0.51200000 -0.44120000
vn -0.73560000 -0.51480000 -0.44040000
vn -0.83690000 -0.49900000 -0.22490000
vn -0.83550000 -0.50170000 -0.22400000
vn -0.87050000 -0.43310000 -0.23380000
vn -0.93960000 0.00790000 -0.34210000
vn -0.93960000 0.00790000 -0.34210000
vn -0.46170000 -0.35400000 -0.81330000
vn -0.46170000 -0.35400000 -0.81330000
vn -0.76830000 -0.44530000 -0.45990000
vn -0.50000000 0.00710000 -0.86600000
vn -0.50000000 0.00710000 -0.86600000
vn -0.50000000 0.00710000 -0.86600000
vn -0.50000000 0.00710000 -0.86600000
vn -0.76600000 0.00790000 -0.64270000
vn -0.76600000 0.00790000 -0.64270000
vn -0.84480000 -0.48420000 -0.22770000
vn -0.95670000 -0.11220000 -0.26860000
vn -0.85230000 -0.11570000 -0.51010000
vn -0.50500000 -0.04730000 -0.86180000
vn -0.50500000 -0.04730000 -0.86180000
vn -0.50470000 -0.10090000 -0.85740000
vn -0.50470000 -0.10090000 -0.85740000
vn -0.49950000 -0.15280000 -0.85270000
vn -0.49950000 -0.15280000 -0.85270000
vn -0.74520000 -0.22940000 -0.62620000
vn -0.74520000 -0.22940000 -0.62620000
vn -0.48960000 -0.20290000 -0.84800000
vn -0.48960000 -0.20290000 -0.84800000
vn -0.48960000 -0.20290000 -0.84800000
vn -0.48960000 -0.20290000 -0.84800000
vn -0.91490000 -0.22940000 -0.33230000
vn -0.91490000 -0.22940000 -0.33230000
vn -0.95740000 0.12100000 -0.26220000
vn -0.85620000 0.41390000 -0.30930000
vn -0.85620000 0.41390000 -0.30930000
vn -0.85150000 0.12500000 -0.50930000
vn -0.69600000 0.41390000 -0.58680000
vn -0.69600000 0.41390000 -0.58680000
vn -0.49150000 0.14880000 -0.85810000
vn -0.49150000 0.14880000 -0.85810000
vn -0.46440000 0.37050000 -0.80440000
vn -0.46440000 0.37050000 -0.80440000
vn -0.49350000 -0.11580000 -0.86200000
vn -0.49350000 -0.11580000 -0.86200000
vn -0.46430000 0.37150000 -0.80400000
vn -0.46430000 0.37150000 -0.80400000
vn -0.46430000 0.37150000 -0.80400000
vn -0.46430000 0.37150000 -0.80400000
vn -0.93960000 0.22440000 -0.25860000
vn -0.83500000 0.23150000 -0.49920000
vn -0.47990000 0.28090000 -0.83110000
vn -0.47990000 0.28090000 -0.83110000
vn -0.50000000 0.00000000 -0.86600000
vn -0.50000000 0.00000000 -0.86600000
vn -0.50000000 0.00000000 -0.86600000
vn -0.50000000 0.00000000 -0.86600000
vn -0.70720000 0.00000000 -0.70700000
vn -0.70720000 0.00000000 -0.70700000
vn -0.86600000 0.00000000 -0.50000000
vn -0.86600000 0.00000000 -0.50000000
vn -0.96590000 -0.00000000 -0.25890000
vn -0.96590000 -0.00000000 -0.25890000
vn -0.50000000 0.00000000 -0.86600000
vn -0.50000000 0.00000000 -0.86600000
vn -0.47170000 0.81650000 -0.33290000
vn -0.70710000 0.00000000 -0.70710000
vn -0.48610000 0.81650000 -0.31160000
vn -0.86600000 0.00000000 -0.50000000
vn -0.49970000 0.81660000 -0.28880000
vn -0.86600000 0.00000000 -0.50000000
vn -0.96590000 0.00000000 -0.25870000
vn -0.51290000 0.81650000 -0.26510000
vn -0.86600000 0.00000000 -0.50000000
vn -0.48970000 0.20160000 -0.84820000
vn -0.48970000 0.20160000 -0.84820000
vn -0.50000000 0.00000000 -0.86600000
vn -0.50000000 0.00000000 -0.86600000
vn -0.50000000 0.00000000 -0.86600000
vn -0.50000000 0.00000000 -0.86600000
vn -0.49120000 0.18720000 -0.85070000
vn -0.46420000 0.37140000 -0.80410000
vn -0.46420000 0.37140000 -0.80410000
vn -0.46420000 0.37140000 -0.80410000
vn -0.46420000 0.37140000 -0.80410000
vn -0.50060000 0.10820000 -0.85890000
vn -0.50060000 0.10820000 -0.85890000
vn -0.49910000 0.06350000 -0.86420000
vn -0.48960000 -0.20290000 -0.84800000
vn -0.48960000 -0.20290000 -0.84800000
vn -0.48960000 -0.20290000 -0.84800000
vn -0.48960000 -0.20290000 -0.84800000
vn -0.50010000 0.00710000 -0.86600000
vn -0.50010000 0.00710000 -0.86600000
vn -0.50010000 0.00710000 -0.86600000
vn -0.50010000 0.00710000 -0.86600000
vn -0.49770000 -0.09630000 -0.86200000
vn -0.50080000 -0.02850000 -0.86510000
vn -0.50080000 -0.02850000 -0.86510000
vn -0.45780000 -0.41570000 -0.78590000
vn -0.45470000 -0.41600000 -0.78750000
vn -0.44690000 -0.44850000 -0.77410000
vn -0.48790000 -0.21840000 -0.84510000
vn -0.50000000 0.00000000 -0.86600000
vn -0.50000000 0.00000000 -0.86600000
vn -0.50000000 0.00000000 -0.86600000
vn -0.50000000 0.00000000 -0.86600000
vn -0.48820000 -0.21800000 -0.84510000
vn -0.46930000 -0.35290000 -0.80950000
vn -0.46930000 -0.35290000 -0.80950000
vn -0.44870000 -0.44780000 -0.77340000
vn -0.44770000 -0.46180000 -0.76570000
vn -0.44770000 -0.46180000 -0.76570000
vn -0.47100000 -0.36690000 -0.80220000
vn -0.47100000 -0.36690000 -0.80220000
vn -0.50000000 0.00000000 -0.86600000
vn -0.28860000 0.81650000 -0.50000000
vn -0.50000000 0.00000000 -0.86600000
vn -0.17430000 0.81650000 -0.55040000
vn -0.50000000 0.00000000 -0.86600000
vn -0.05240000 0.81650000 -0.57500000
vn -0.50000000 0.00000000 -0.86600000
vn -0.38950000 0.81650000 -0.42620000
vn -0.50000000 0.00000000 -0.86600000
vn 0.48610000 0.81650000 -0.31160000
vn 0.70710000 0.00000000 -0.70710000
vn 0.50000000 0.00000000 -0.86600000
vn 0.50000000 0.00000000 -0.86600000
vn 0.47170000 0.81650000 -0.33300000
vn 0.00000000 1.00000000 0.00000000
vn 0.49310000 0.81650000 -0.30040000
vn 0.28870000 0.81650000 -0.50000000
vn 0.50000000 0.00000000 -0.86600000
vn 0.00000000 1.00000000 0.00000000
vn 0.27680000 0.81650000 -0.50670000
vn 0.50000000 0.00000000 -0.86600000
vn 0.05240000 0.81650000 -0.57500000
vn 0.50000000 0.00000000 -0.86600000
vn 0.00000000 1.00000000 0.00000000
vn -0.01360000 0.81650000 -0.57720000
vn 0.25890000 0.00000000 -0.96590000
vn 0.02680000 0.81650000 -0.57670000
vn 0.00000000 0.00000000 -1.00000000
vn 0.00030000 0.81660000 -0.57720000
vn -0.02680000 0.81650000 -0.57670000
vn -0.25890000 0.00000000 -0.96590000
vn -0.30040000 0.81650000 -0.49300000
vn 0.00000000 1.00000000 0.00000000
vn 0.00000000 1.00000000 0.00000000
vn -0.50670000 0.81650000 -0.27680000
vn 0.00000000 1.00000000 0.00000000
vn -0.57720000 0.81650000 0.01360000
vn 0.00000000 1.00000000 0.00000000
vn -0.49310000 0.81650000 0.30040000
vn -0.27680000 0.81650000 0.50670000
vn -0.27680000 0.81650000 0.50670000
vn 0.00000000 1.00000000 0.00000000
vn 0.01360000 0.81650000 0.57720000
vn 0.00000000 1.00000000 0.00000000
vn 0.50000000 -0.00000000 0.86600000
vn 0.17430000 0.81650000 0.55040000
vn 0.30040000 0.81650000 0.49300000
vn 0.00000000 1.00000000 0.00000000
vn 0.50000000 -0.00000000 0.86600000
vn 0.28860000 0.81650000 0.50010000
vn 0.50000000 -0.00000000 0.86600000
vn 0.38950000 0.81650000 0.42620000
vn 0.50670000 0.81650000 0.27680000
vn 0.00000000 1.00000000 0.00000000
vn 0.47170000 0.81650000 0.33290000
vn 0.50000000 -0.00000000 0.86600000
vn 0.50000000 -0.00000000 0.86600000
vn 0.48610000 0.81650000 0.31160000
vn 0.70700000 0.00000000 0.70720000
vn 0.86600000 -0.00000000 0.50000000
vn 0.49970000 0.81660000 0.28880000
vn 0.96590000 -0.00000000 0.25870000
vn 0.51290000 0.81650000 0.26520000
vn 1.00000000 -0.00000000 0.00000000
vn 1.00000000 -0.00000000 0.00000000
vn 0.52410000 0.81650000 0.24210000
vn 0.56380000 0.81650000 0.12430000
vn 1.00000000 -0.00000000 0.00000000
vn 0.00000000 1.00000000 0.00000000
vn 0.57720000 0.81650000 -0.01360000
vn 1.00000000 -0.00000000 0.00000000
vn 0.57730000 0.81650000 0.00000000
vn 0.56380000 0.81650000 -0.12430000
vn 1.00000000 -0.00000000 0.00000000
vn 0.52420000 0.81650000 -0.24210000
vn 1.00000000 -0.00000000 0.00000000
vn 1.00000000 -0.00000000 0.00000000
vn 0.51290000 0.81650000 -0.26510000
vn 0.96590000 0.00000000 -0.25880000
vn 0.50000000 0.81660000 -0.28830000
vn 0.86600000 0.00000000 -0.50000000
vn -0.24670000 -0.21160000 -0.94570000
vn -0.25870000 -0.00000000 -0.96600000
vn -0.25870000 -0.00000000 -0.96600000
vn 0.00000000 0.00000000 -1.00000000
vn 0.00000000 0.00000000 -1.00000000
vn 0.01500000 -0.21830000 -0.97580000
vn 0.25870000 0.00000000 -0.96600000
vn 0.25870000 0.00000000 -0.96600000
vn 0.46850000 -0.35740000 -0.80800000
vn 0.46850000 -0.35740000 -0.80800000
vn 0.50000000 0.00000000 -0.86600000
vn 0.50000000 0.00000000 -0.86600000
vn 0.50000000 0.00000000 -0.86600000
vn 0.50000000 0.00000000 -0.86600000
vn 0.01370000 -0.49700000 -0.86770000
vn 0.44780000 -0.46190000 -0.76560000
vn 0.44780000 -0.46190000 -0.76560000
vn 0.01360000 -0.51200000 -0.85890000
vn 0.01360000 -0.51480000 -0.85720000
vn -0.22360000 -0.49900000 -0.83730000
vn -0.22390000 -0.50170000 -0.83550000
vn -0.23280000 -0.43310000 -0.87080000
vn -0.17360000 0.00790000 -0.98480000
vn -0.17360000 0.00790000 -0.98480000
vn 0.47350000 -0.35400000 -0.80650000
vn 0.47350000 -0.35400000 -0.80650000
vn 0.01410000 -0.44530000 -0.89530000
vn 0.50000000 0.00710000 -0.86600000
vn 0.50000000 0.00710000 -0.86600000
vn 0.50000000 0.00710000 -0.86600000
vn 0.50000000 0.00710000 -0.86600000
vn 0.17360000 0.00790000 -0.98480000
vn 0.17360000 0.00790000 -0.98480000
vn -0.22520000 -0.48420000 -0.84550000
vn -0.24570000 -0.11220000 -0.96280000
vn 0.01560000 -0.11570000 -0.99320000
vn 0.49390000 -0.04730000 -0.86820000
vn 0.49390000 -0.04730000 -0.86820000
vn 0.49020000 -0.10080000 -0.86580000
vn 0.49020000 -0.10080000 -0.86580000
vn 0.48870000 -0.15280000 -0.85890000
vn 0.48870000 -0.15280000 -0.85890000
vn 0.16970000 -0.22940000 -0.95840000
vn 0.16970000 -0.22940000 -0.95840000
vn 0.48960000 -0.20290000 -0.84800000
vn 0.48960000 -0.20290000 -0.84800000
vn 0.48960000 -0.20290000 -0.84800000
vn 0.48960000 -0.20290000 -0.84800000
vn -0.16970000 -0.22940000 -0.95840000
vn -0.16970000 -0.22940000 -0.95840000
vn -0.25170000 0.12100000 -0.96020000
vn -0.16020000 0.41390000 -0.89610000
vn -0.16020000 0.41390000 -0.89610000
vn 0.01530000 0.12500000 -0.99200000
vn 0.16020000 0.41390000 -0.89610000
vn 0.16020000 0.41390000 -0.89610000
vn 0.49740000 0.14880000 -0.85470000
vn 0.49740000 0.14880000 -0.85470000
vn 0.46420000 0.37020000 -0.80470000
vn 0.46420000 0.37020000 -0.80470000
vn 0.49980000 -0.11580000 -0.85840000
vn 0.49980000 -0.11580000 -0.85840000
vn 0.46400000 0.37120000 -0.80430000
vn 0.46400000 0.37120000 -0.80430000
vn 0.46400000 0.37120000 -0.80430000
vn 0.46400000 0.37120000 -0.80430000
vn -0.24580000 0.22440000 -0.94300000
vn 0.01490000 0.23150000 -0.97270000
vn 0.47990000 0.28090000 -0.83110000
vn 0.47990000 0.28090000 -0.83110000
vn 0.50000000 0.00000000 -0.86600000
vn 0.50000000 0.00000000 -0.86600000
vn 0.50000000 0.00000000 -0.86600000
vn 0.50000000 0.00000000 -0.86600000
vn 0.25870000 0.00000000 -0.96600000
vn 0.25870000 0.00000000 -0.96600000
vn 0.00000000 0.00000000 -1.00000000
vn 0.00000000 0.00000000 -1.00000000
vn -0.25870000 -0.00000000 -0.96600000
vn -0.25870000 -0.00000000 -0.96600000
vn 0.00000000 0.00000000 -1.00000000
vn 0.00000000 0.00000000 -1.00000000
vn 0.48970000 0.20160000 -0.84820000
vn 0.48970000 0.20160000 -0.84820000
vn 0.50000000 0.00000000 -0.86600000
vn 0.50000000 0.00000000 -0.86600000
vn 0.50000000 0.00000000 -0.86600000
vn 0.50000000 0.00000000 -0.86600000
vn 0.49110000 0.18720000 -0.85070000
vn 0.46420000 0.37140000 -0.80410000
vn 0.46420000 0.37140000 -0.80410000
vn 0.46420000 0.37140000 -0.80410000
vn 0.46420000 0.37140000 -0.80410000
vn 0.49360000 0.10820000 -0.86300000
vn 0.49360000 0.10820000 -0.86300000
vn 0.49890000 0.06350000 -0.86430000
vn 0.48960000 -0.20290000 -0.84800000
vn 0.48960000 -0.20290000 -0.84800000
vn 0.48960000 -0.20290000 -0.84800000
vn 0.48960000 -0.20290000 -0.84800000
vn 0.50000000 0.00710000 -0.86600000
vn 0.50000000 0.00710000 -0.86600000
vn 0.50000000 0.00710000 -0.86600000
vn 0.50000000 0.00710000 -0.86600000
vn 0.49770000 -0.09630000 -0.86200000
vn 0.49900000 -0.02850000 -0.86610000
vn 0.49900000 -0.02850000 -0.86610000
vn 0.45170000 -0.41570000 -0.78940000
vn 0.45470000 -0.41600000 -0.78750000
vn 0.44690000 -0.44850000 -0.77410000
vn 0.48790000 -0.21840000 -0.84510000
vn 0.50000000 0.00000000 -0.86600000
vn 0.50000000 0.00000000 -0.86600000
vn 0.50000000 0.00000000 -0.86600000
vn 0.50000000 0.00000000 -0.86600000
vn 0.48780000 -0.21800000 -0.84530000
vn 0.46640000 -0.35290000 -0.81110000
vn 0.46640000 -0.35290000 -0.81110000
vn 0.44550000 -0.44780000 -0.77530000
vn 0.43930000 -0.46180000 -0.77060000
vn 0.43930000 -0.46180000 -0.77060000
vn 0.45920000 -0.36680000 -0.80900000
vn 0.45920000 -0.36680000 -0.80900000
vn 0.69570000 -0.21160000 -0.68640000
vn 0.70720000 -0.00000000 -0.70700000
vn 0.70720000 -0.00000000 -0.70700000
vn 0.86600000 0.00000000 -0.50000000
vn 0.86600000 0.00000000 -0.50000000
vn 0.85250000 -0.21830000 -0.47490000
vn 1.00000000 -0.00000000 0.00000000
vn 1.00000000 -0.00000000 0.00000000
vn 1.00000000 -0.00000000 0.00000000
vn 1.00000000 -0.00000000 0.00000000
vn 0.93390000 -0.35740000 0.00170000
vn 0.93390000 -0.35740000 0.00170000
vn 0.75830000 -0.49690000 -0.42200000
vn 0.88690000 -0.46190000 0.00500000
vn 0.88690000 -0.46190000 0.00500000
vn 0.75060000 -0.51190000 -0.41770000
vn 0.74920000 -0.51480000 -0.41690000
vn 0.61320000 -0.49900000 -0.61230000
vn 0.61170000 -0.50170000 -0.61160000
vn 0.63770000 -0.43310000 -0.63700000
vn 0.76610000 0.00790000 -0.64270000
vn 0.76610000 0.00790000 -0.64270000
vn 0.93520000 -0.35400000 0.00680000
vn 0.93520000 -0.35400000 0.00680000
vn 0.78240000 -0.44530000 -0.43540000
vn 1.00000000 0.00710000 0.00000000
vn 1.00000000 0.00710000 0.00000000
vn 1.00000000 0.00710000 0.00000000
vn 1.00000000 0.00710000 0.00000000
vn 0.93970000 0.00790000 -0.34200000
vn 0.93970000 0.00790000 -0.34200000
vn 0.61960000 -0.48420000 -0.61780000
vn 0.71100000 -0.11220000 -0.69420000
vn 0.86790000 -0.11570000 -0.48310000
vn 0.99890000 -0.04730000 -0.00640000
vn 0.99890000 -0.04730000 -0.00640000
vn 0.99490000 -0.10090000 -0.00840000
vn 0.99490000 -0.10090000 -0.00840000
vn 0.98820000 -0.15280000 -0.00620000
vn 0.98820000 -0.15280000 -0.00620000
vn 0.91490000 -0.22940000 -0.33230000
vn 0.91490000 -0.22940000 -0.33230000
vn 0.97920000 -0.20290000 -0.00000000
vn 0.97920000 -0.20290000 -0.00000000
vn 0.97920000 -0.20290000 -0.00000000
vn 0.97920000 -0.20290000 -0.00000000
vn 0.74520000 -0.22940000 -0.62620000
vn 0.74520000 -0.22940000 -0.62620000
vn 0.70580000 0.12100000 -0.69800000
vn 0.69600000 0.41390000 -0.58680000
vn 0.69600000 0.41390000 -0.58680000
vn 0.86680000 0.12500000 -0.48270000
vn 0.85620000 0.41390000 -0.30930000
vn 0.85620000 0.41390000 -0.30930000
vn 0.98880000 0.14940000 0.00340000
vn 0.98880000 0.14940000 0.00340000
vn 0.92850000 0.37140000 0.00000000
vn 0.92850000 0.37140000 0.00000000
vn 0.92850000 0.37140000 0.00000000
vn 0.92850000 0.37140000 0.00000000
vn 0.99330000 -0.11580000 0.00360000
vn 0.99330000 -0.11580000 0.00360000
vn 0.69370000 0.22440000 -0.68440000
vn 0.84980000 0.23150000 -0.47350000
vn 0.95970000 0.28090000 -0.00000000
vn 0.95970000 0.28090000 -0.00000000
vn 1.00000000 -0.00000000 0.00000000
vn 1.00000000 -0.00000000 0.00000000
vn 1.00000000 -0.00000000 0.00000000
vn 1.00000000 -0.00000000 0.00000000
vn 0.96590000 0.00000000 -0.25890000
vn 0.96590000 0.00000000 -0.25890000
vn 0.86600000 0.00000000 -0.50000000
vn 0.86600000 0.00000000 -0.50000000
vn 0.70720000 -0.00000000 -0.70700000
vn 0.70720000 -0.00000000 -0.70700000
vn 0.86600000 0.00000000 -0.50000000
vn 0.86600000 0.00000000 -0.50000000
vn 0.48970000 0.20160000 0.84820000
vn 0.48970000 0.20160000 0.84820000
vn 0.46420000 0.37140000 0.80410000
vn 0.46420000 0.37140000 0.80410000
vn 0.46420000 0.37140000 0.80410000
vn 0.46420000 0.37140000 0.80410000
vn 0.49110000 0.18720000 0.85070000
vn 0.50000000 -0.00000000 0.86600000
vn 0.50000000 -0.00000000 0.86600000
vn 0.50000000 -0.00000000 0.86600000
vn 0.50000000 -0.00000000 0.86600000
vn 0.49350000 0.10820000 0.86300000
vn 0.49350000 0.10820000 0.86300000
vn 0.48960000 -0.20290000 0.84800000
vn 0.48960000 -0.20290000 0.84800000
vn 0.48960000 -0.20290000 0.84800000
vn 0.48960000 -0.20290000 0.84800000
vn 0.49910000 0.06350000 0.86420000
vn 0.49760000 -0.09630000 0.86200000
vn 0.50000000 0.00710000 0.86600000
vn 0.50000000 0.00710000 0.86600000
vn 0.50000000 0.00710000 0.86600000
vn 0.50000000 0.00710000 0.86600000
vn 0.46640000 -0.35290000 0.81110000
vn 0.46640000 -0.35290000 0.81110000
vn 0.50000000 -0.00000000 0.86600000
vn 0.50000000 -0.00000000 0.86600000
vn 0.50000000 -0.00000000 0.86600000
vn 0.50000000 -0.00000000 0.86600000
vn 0.48790000 -0.21840000 0.84510000
vn 0.48820000 -0.21800000 0.84510000
vn 0.44870000 -0.44770000 0.77340000
vn 0.45780000 -0.41570000 0.78590000
vn 0.49890000 -0.02850000 0.86620000
vn 0.49890000 -0.02850000 0.86620000
vn 0.45920000 -0.36680000 0.80900000
vn 0.45920000 -0.36680000 0.80900000
vn 0.45460000 -0.41600000 0.78750000
vn 0.44690000 -0.44850000 0.77410000
vn 0.43930000 -0.46180000 0.77060000
vn 0.43930000 -0.46180000 0.77060000
vn 0.97950000 0.20160000 -0.00000000
vn 0.97950000 0.20160000 -0.00000000
vn 1.00000000 -0.00000000 0.00000000
vn 1.00000000 -0.00000000 0.00000000
vn 1.00000000 -0.00000000 0.00000000
vn 1.00000000 -0.00000000 0.00000000
vn 0.98230000 0.18720000 -0.00000000
vn 0.92850000 0.37140000 0.00000000
vn 0.92850000 0.37140000 0.00000000
vn 0.92850000 0.37140000 0.00000000
vn 0.92850000 0.37140000 0.00000000
vn 0.99410000 0.10820000 -0.00410000
vn 0.99410000 0.10820000 -0.00410000
vn 0.99800000 0.06350000 -0.00010000
vn 0.97920000 -0.20290000 -0.00000000
vn 0.97920000 -0.20290000 -0.00000000
vn 0.97920000 -0.20290000 -0.00000000
vn 0.97920000 -0.20290000 -0.00000000
vn 1.00000000 0.00710000 0.00000000
vn 1.00000000 0.00710000 0.00000000
vn 1.00000000 0.00710000 0.00000000
vn 1.00000000 0.00710000 0.00000000
vn 0.99530000 -0.09640000 0.00000000
vn 0.99960000 -0.02850000 -0.00100000
vn 0.99960000 -0.02850000 -0.00100000
vn 0.90950000 -0.41570000 -0.00360000
vn 0.90930000 -0.41610000 0.00000000
vn 0.89380000 -0.44850000 0.00000000
vn 0.97590000 -0.21840000 0.00000000
vn 1.00000000 -0.00000000 0.00000000
vn 1.00000000 -0.00000000 0.00000000
vn 1.00000000 -0.00000000 0.00000000
vn 1.00000000 -0.00000000 0.00000000
vn 0.97590000 -0.21800000 -0.00030000
vn 0.93570000 -0.35290000 -0.00170000
vn 0.93570000 -0.35290000 -0.00170000
vn 0.89410000 -0.44780000 -0.00180000
vn 0.88700000 -0.46180000 -0.00490000
vn 0.88700000 -0.46180000 -0.00490000
vn 0.93030000 -0.36680000 -0.00680000
vn 0.93030000 -0.36680000 -0.00680000
vn 0.94230000 -0.21160000 0.25930000
vn 0.86600000 -0.00000000 0.50000000
vn 0.86600000 -0.00000000 0.50000000
vn 0.83750000 -0.21830000 0.50090000
vn 0.70720000 0.00000000 0.70700000
vn 0.70720000 0.00000000 0.70700000
vn 0.74460000 -0.49690000 0.44570000
vn 0.73710000 -0.51200000 0.44120000
vn 0.73560000 -0.51480000 0.44040000
vn 0.76830000 -0.44530000 0.45990000
vn 0.83550000 -0.50180000 0.22390000
vn 0.87050000 -0.43310000 0.23380000
vn 0.93960000 0.00790000 0.34210000
vn 0.93960000 0.00790000 0.34210000
vn 0.76610000 0.00790000 0.64270000
vn 0.76610000 0.00790000 0.64270000
vn 0.83690000 -0.49910000 0.22490000
vn 0.84480000 -0.48420000 0.22770000
vn 0.95670000 -0.11220000 0.26860000
vn 0.85230000 -0.11570000 0.51010000
vn 0.74520000 -0.22940000 0.62620000
vn 0.74520000 -0.22940000 0.62620000
vn 0.91490000 -0.22940000 0.33230000
vn 0.91490000 -0.22940000 0.33230000
vn 0.95740000 0.12100000 0.26220000
vn 0.85620000 0.41390000 0.30930000
vn 0.85620000 0.41390000 0.30930000
vn 0.85150000 0.12500000 0.50930000
vn 0.69600000 0.41390000 0.58680000
vn 0.69600000 0.41390000 0.58680000
vn 0.93960000 0.22440000 0.25860000
vn 0.83500000 0.23150000 0.49920000
vn 0.70720000 0.00000000 0.70700000
vn 0.70720000 0.00000000 0.70700000
vn 0.86600000 -0.00000000 0.50000000
vn 0.86600000 -0.00000000 0.50000000
vn 0.96590000 -0.00000000 0.25890000
vn 0.96590000 -0.00000000 0.25890000
vn 0.86600000 -0.00000000 0.50000000
vn 0.86600000 -0.00000000 0.50000000
vn 0.49790000 0.00000000 0.86720000
vn 0.49790000 0.00000000 0.86720000
vn 0.49790000 0.00000000 0.86720000
vn 0.49790000 0.00000000 0.86720000
vn 0.17360000 -0.00000000 0.98480000
vn 0.17360000 -0.00000000 0.98480000
vn -0.17360000 0.00000000 0.98480000
vn -0.17360000 0.00000000 0.98480000
vn -0.50000000 -0.00000000 0.86600000
vn -0.50000000 -0.00000000 0.86600000
vn -0.50000000 -0.00000000 0.86600000
vn -0.50000000 -0.00000000 0.86600000
vn -0.50210000 0.00000000 0.86480000
vn -0.50210000 0.00000000 0.86480000
vn -0.50210000 0.00000000 0.86480000
vn -0.50210000 0.00000000 0.86480000
vn -0.76600000 -0.00000000 0.64280000
vn -0.76600000 -0.00000000 0.64280000
vn -0.93970000 0.00000000 0.34200000
vn -0.93970000 0.00000000 0.34200000
vn -1.00000000 -0.00000000 -0.00000000
vn -1.00000000 -0.00000000 -0.00000000
vn -1.00000000 -0.00000000 -0.00000000
vn -1.00000000 -0.00000000 -0.00000000
vn -1.00000000 0.00000000 -0.00240000
vn -1.00000000 0.00000000 -0.00240000
vn -1.00000000 0.00000000 -0.00240000
vn -1.00000000 0.00000000 -0.00240000
vn -0.93970000 -0.00000000 -0.34200000
vn -0.93970000 -0.00000000 -0.34200000
vn -0.76600000 0.00000000 -0.64280000
vn -0.76600000 0.00000000 -0.64280000
vn -0.50000000 0.00000000 -0.86600000
vn -0.50000000 0.00000000 -0.86600000
vn -0.50000000 0.00000000 -0.86600000
vn -0.50000000 0.00000000 -0.86600000
vn -0.49790000 0.00000000 -0.86720000
vn -0.49790000 0.00000000 -0.86720000
vn -0.49790000 0.00000000 -0.86720000
vn -0.49790000 0.00000000 -0.86720000
vn -0.17360000 -0.00000000 -0.98480000
vn -0.17360000 -0.00000000 -0.98480000
vn 0.17360000 0.00000000 -0.98480000
vn 0.17360000 0.00000000 -0.98480000
vn 0.50000000 0.00000000 -0.86600000
vn 0.50000000 0.00000000 -0.86600000
vn 0.50000000 0.00000000 -0.86600000
vn 0.50000000 0.00000000 -0.86600000
vn 0.50210000 0.00000000 -0.86480000
vn 0.50210000 0.00000000 -0.86480000
vn 0.50210000 0.00000000 -0.86480000
vn 0.50210000 0.00000000 -0.86480000
vn 0.76600000 -0.00000000 -0.64280000
vn 0.76600000 -0.00000000 -0.64280000
vn 0.93970000 0.00000000 -0.34200000
vn 0.93970000 0.00000000 -0.34200000
vn 1.00000000 -0.00000000 0.00000000
vn 1.00000000 -0.00000000 0.00000000
vn 1.00000000 -0.00000000 0.00000000
vn 1.00000000 -0.00000000 0.00000000
vn 0.50000000 -0.00000000 0.86600000
vn 0.50000000 -0.00000000 0.86600000
vn 0.50000000 -0.00000000 0.86600000
vn 0.50000000 -0.00000000 0.86600000
vn 1.00000000 0.00000000 0.00240000
vn 1.00000000 0.00000000 0.00240000
vn 1.00000000 0.00000000 0.00240000
vn 1.00000000 0.00000000 0.00240000
vn 0.93970000 -0.00000000 0.34200000
vn 0.93970000 -0.00000000 0.34200000
vn 0.76600000 0.00000000 0.64280000
vn 0.76600000 0.00000000 0.64280000
vn -0.86600000 -0.50010000 0.00000000
vn -0.86600000 -0.50010000 0.00000000
vn -0.86600000 -0.50010000 -0.00360000
vn -0.86600000 -0.50010000 -0.00360000
vn -0.50010000 -0.86600000 -0.00010000
vn -0.50010000 -0.86600000 -0.00010000
vn -0.50010000 -0.86600000 -0.00240000
vn -0.50010000 -0.86600000 -0.00240000
vn 0.00000000 -1.00000000 -0.00010000
vn 0.00000000 -1.00000000 -0.00010000
vn 0.00000000 -1.00000000 -0.00010000
vn 0.00000000 -1.00000000 -0.00000000
vn 0.00000000 -1.00000000 -0.00000000
vn 0.00000000 -1.00000000 -0.00000000
vn -0.90180000 -0.40760000 0.14360000
vn -0.65980000 -0.74410000 0.10510000
vn -0.35330000 -0.93380000 0.05610000
vn 0.00000000 -1.00000000 -0.00020000
vn 0.00000000 -1.00000000 -0.00020000
vn -0.29150000 -0.93380000 0.20750000
vn 0.00000000 -1.00000000 -0.00000000
vn 0.00000000 -1.00000000 -0.00000000
vn -0.25210000 -0.86600000 0.43190000
vn -0.25210000 -0.86600000 0.43190000
vn 0.00000000 -1.00000000 -0.00000000
vn 0.00000000 -1.00000000 -0.00000000
vn 0.00000000 -1.00000000 -0.00000000
vn -0.54430000 -0.74410000 0.38740000
vn -0.43680000 -0.50010000 0.74780000
vn -0.43680000 -0.50010000 0.74780000
vn -0.74400000 -0.40750000 0.52950000
vn -0.43300000 -0.50010000 0.75000000
vn -0.43300000 -0.50010000 0.75000000
vn -0.25000000 -0.86600000 0.43310000
vn -0.25000000 -0.86600000 0.43310000
vn 0.00000000 -1.00000000 -0.00000000
vn 0.00000000 -1.00000000 -0.00000000
vn 0.00000000 -1.00000000 -0.00000000
vn -0.32660000 -0.40760000 0.85280000
vn -0.23890000 -0.74410000 0.62390000
vn -0.12790000 -0.93380000 0.33400000
vn 0.00000000 -1.00000000 -0.00040000
vn 0.00000000 -1.00000000 -0.00040000
vn 0.03390000 -0.93380000 0.35620000
vn 0.00000000 -1.00000000 -0.00000000
vn 0.00000000 -1.00000000 -0.00000000
vn 0.24800000 -0.86600000 0.43420000
vn 0.24800000 -0.86600000 0.43420000
vn 0.00000000 -1.00000000 -0.00000000
vn 0.00000000 -1.00000000 -0.00000000
vn 0.00000000 -1.00000000 -0.00000000
vn 0.06340000 -0.74410000 0.66510000
vn 0.42920000 -0.50010000 0.75210000
vn 0.42920000 -0.50010000 0.75210000
vn 0.08660000 -0.40750000 0.90910000
vn 0.43300000 -0.50010000 0.75000000
vn 0.43300000 -0.50010000 0.75000000
vn 0.25000000 -0.86590000 0.43310000
vn 0.25000000 -0.86590000 0.43310000
vn 0.00000000 -1.00000000 -0.00000000
vn 0.00000000 -1.00000000 -0.00000000
vn 0.00000000 -1.00000000 -0.00000000
vn 0.57530000 -0.40760000 0.70920000
vn 0.42090000 -0.74410000 0.51890000
vn 0.22540000 -0.93380000 0.27790000
vn 0.00000000 -1.00000000 -0.00010000
vn 0.00000000 -1.00000000 -0.00010000
vn 0.32540000 -0.93380000 0.14870000
vn 0.00000000 -1.00000000 -0.00010000
vn 0.00000000 -1.00000000 -0.00010000
vn 0.50010000 -0.86600000 0.00240000
vn 0.50010000 -0.86600000 0.00240000
vn 0.00000000 -1.00000000 -0.00000000
vn 0.00000000 -1.00000000 -0.00000000
vn 0.00000000 -1.00000000 -0.00000000
vn 0.60760000 -0.74410000 0.27770000
vn 0.86600000 -0.50010000 0.00440000
vn 0.86600000 -0.50010000 0.00440000
vn 0.83060000 -0.40750000 0.37960000
vn 0.86600000 -0.50010000 -0.00000000
vn 0.86600000 -0.50010000 -0.00000000
vn 0.50010000 -0.86600000 0.00010000
vn 0.50010000 -0.86600000 0.00010000
vn 0.00000000 -1.00000000 0.00010000
vn 0.00000000 -1.00000000 0.00010000
vn 0.00000000 -1.00000000 0.00010000
vn 0.90180000 -0.40760000 -0.14360000
vn 0.65980000 -0.74410000 -0.10510000
vn 0.35330000 -0.93380000 -0.05610000
vn 0.00000000 -1.00000000 0.00010000
vn 0.00000000 -1.00000000 0.00010000
vn 0.29150000 -0.93380000 -0.20750000
vn 0.00000000 -1.00000000 -0.00000000
vn 0.00000000 -1.00000000 -0.00000000
vn 0.25210000 -0.86600000 -0.43190000
vn 0.25210000 -0.86600000 -0.43190000
vn 0.00000000 -1.00000000 -0.00000000
vn 0.00000000 -1.00000000 -0.00000000
vn 0.00000000 -1.00000000 -0.00000000
vn 0.54430000 -0.74410000 -0.38740000
vn 0.43680000 -0.50010000 -0.74780000
vn 0.43680000 -0.50010000 -0.74780000
vn 0.74400000 -0.40750000 -0.52950000
vn 0.43300000 -0.50010000 -0.75000000
vn 0.43300000 -0.50010000 -0.75000000
vn 0.25000000 -0.86600000 -0.43310000
vn 0.25000000 -0.86600000 -0.43310000
vn 0.00000000 -1.00000000 -0.00000000
vn 0.00000000 -1.00000000 -0.00000000
vn 0.00000000 -1.00000000 -0.00000000
vn 0.32660000 -0.40760000 -0.85280000
vn 0.23890000 -0.74410000 -0.62390000
vn 0.12790000 -0.93380000 -0.33400000
vn -0.00000000 -1.00000000 0.00040000
vn -0.00000000 -1.00000000 0.00040000
vn -0.03390000 -0.93380000 -0.35620000
vn 0.00000000 -1.00000000 -0.00000000
vn 0.00000000 -1.00000000 -0.00000000
vn -0.24800000 -0.86600000 -0.43420000
vn -0.24800000 -0.86600000 -0.43420000
vn 0.00000000 -1.00000000 -0.00000000
vn 0.00000000 -1.00000000 -0.00000000
vn 0.00000000 -1.00000000 -0.00000000
vn -0.06340000 -0.74410000 -0.66510000
vn -0.42920000 -0.50010000 -0.75210000
vn -0.42920000 -0.50010000 -0.75210000
vn -0.08660000 -0.40750000 -0.90910000
vn -0.43300000 -0.50010000 -0.75000000
vn -0.43300000 -0.50010000 -0.75000000
vn -0.25000000 -0.86590000 -0.43310000
vn -0.25000000 -0.86590000 -0.43310000
vn 0.00000000 -1.00000000 -0.00000000
vn 0.00000000 -1.00000000 -0.00000000
vn 0.00000000 -1.00000000 -0.00000000
vn -0.57530000 -0.40760000 -0.70920000
vn -0.42080000 -0.74410000 -0.51890000
vn -0.22540000 -0.93380000 -0.27790000
vn 0.00000000 -1.00000000 0.00010000
vn 0.00000000 -1.00000000 0.00010000
vn -0.32540000 -0.93380000 -0.14860000
vn -0.00000000 -1.00000000 0.00040000
vn -0.00000000 -1.00000000 0.00040000
vn -0.60760000 -0.74410000 -0.27760000
vn -0.83060000 -0.40760000 -0.37950000
vn 0.86600000 -0.00000000 0.50000000
vn 0.00000000 -1.00000000 -0.00000000
vn 0.00000000 -1.00000000 -0.00000000
vn 0.50000000 -0.00000000 0.86600000
vn -0.00000000 -0.00000000 1.00000000
vn 0.00000000 -1.00000000 -0.00000000
vn -0.50000000 -0.00000000 0.86600000
vn 0.00000000 -1.00000000 -0.00000000
vn -0.86600000 -0.00000000 0.50000000
vn 0.00000000 -1.00000000 -0.00000000
vn 0.00000000 -1.00000000 -0.00000000
vn -1.00000000 -0.00000000 -0.00000000
vn -0.86600000 0.00000000 -0.50000000
vn 0.00000000 -1.00000000 -0.00000000
vn 0.00000000 -1.00000000 -0.00000000
vn -0.50000000 0.00000000 -0.86600000
vn 0.00000000 -1.00000000 -0.00000000
vn 0.00000000 0.00000000 -1.00000000
vn 0.50000000 0.00000000 -0.86600000
vn 0.00000000 -1.00000000 -0.00000000
vn 0.86600000 0.00000000 -0.50000000
vn 0.00000000 -1.00000000 -0.00000000
vn 0.00000000 -1.00000000 -0.00000000
vn 1.00000000 -0.00000000 0.00000000
vn 1.00000000 -0.00000000 0.00000000
vn 0.00000000 -1.00000000 -0.00000000
vn 0.86600000 0.00000000 -0.50000000
vn 0.86600000 0.00000000 -0.50000000
vn 1.00000000 -0.00000000 0.00000000
vn 0.00000000 -1.00000000 -0.00000000
vn 1.00000000 -0.00000000 0.00000000
vn 1.00000000 -0.00000000 0.00000000
vn 1.00000000 -0.00000000 0.00000000
vn 0.86600000 -0.00000000 0.50000000
vn 0.00000000 -1.00000000 -0.00000000
vn 0.86600000 -0.00000000 0.50000000
vn 0.00000000 -1.00000000 -0.00000000
vn 0.50000000 -0.00000000 0.86600000
vn 0.50000000 -0.00000000 0.86600000
vn 0.00000000 -1.00000000 -0.00000000
vn -0.00000000 -0.00000000 1.00000000
vn -0.00000000 -0.00000000 1.00000000
vn -0.50000000 -0.00000000 0.86600000
vn 0.00000000 -1.00000000 -0.00000000
vn -0.50000000 -0.00000000 0.86600000
vn 0.00000000 -1.00000000 -0.00000000
vn -0.86600000 -0.00000000 0.50000000
vn -0.86600000 -0.00000000 0.50000000
vn 0.00000000 -1.00000000 -0.00000000
vn -1.00000000 -0.00000000 -0.00000000
vn -1.00000000 -0.00000000 -0.00000000
vn 0.00000000 -1.00000000 -0.00000000
vn -0.86600000 0.00000000 -0.50000000
vn -0.86600000 0.00000000 -0.50000000
vn -0.50000000 0.00000000 -0.86600000
vn 0.00000000 -1.00000000 -0.00000000
vn -0.50000000 0.00000000 -0.86600000
vn 0.00000000 0.00000000 -1.00000000
vn 0.00000000 -1.00000000 -0.00000000
vn 0.00000000 0.00000000 -1.00000000
vn 0.50000000 0.00000000 -0.86600000
vn 0.00000000 -1.00000000 -0.00000000
vn 0.50000000 0.00000000 -0.86600000
vn 0.00000000 1.00000000 0.00000000
vn -0.00000000 -0.00000000 1.00000000
vn -0.50000000 -0.00000000 0.86600000
vn 0.00000000 1.00000000 0.00000000
vn 0.00000000 1.00000000 0.00000000
vn -0.86600000 -0.00000000 0.50000000
vn -1.00000000 -0.00000000 -0.00000000
vn -1.00000000 -0.00000000 -0.00000000
vn 0.00000000 1.00000000 0.00000000
vn 0.00000000 1.00000000 0.00000000
vn -0.86600000 0.00000000 -0.50000000
vn -0.50000000 0.00000000 -0.86600000
vn 0.00000000 1.00000000 0.00000000
vn 0.00000000 1.00000000 0.00000000
vn 0.00000000 0.00000000 -1.00000000
vn 0.50000000 0.00000000 -0.86600000
vn 0.00000000 1.00000000 0.00000000
vn 0.00000000 1.00000000 0.00000000
vn 0.86600000 0.00000000 -0.50000000
vn 0.00000000 1.00000000 0.00000000
vn 1.00000000 -0.00000000 0.00000000
vn 0.86600000 -0.00000000 0.50000000
vn 0.00000000 1.00000000 0.00000000
vn 0.00000000 1.00000000 0.00000000
vn 0.50000000 -0.00000000 0.86600000
vn 0.00000000 1.00000000 0.00000000
vn -0.86600000 0.00000000 -0.50000000
vn 0.00000000 1.00000000 0.00000000
vn -1.00000000 -0.00000000 -0.00000000
vn -1.00000000 -0.00000000 -0.00000000
vn -0.86600000 -0.00000000 0.50000000
vn 0.00000000 1.00000000 0.00000000
vn 0.00000000 1.00000000 0.00000000
vn -0.50000000 -0.00000000 0.86600000
vn -0.00000000 -0.00000000 1.00000000
vn 0.00000000 1.00000000 0.00000000
vn 0.00000000 1.00000000 0.00000000
vn 0.50000000 -0.00000000 0.86600000
vn 0.00000000 1.00000000 0.00000000
vn 0.86600000 -0.00000000 0.50000000
vn 1.00000000 -0.00000000 0.00000000
vn 0.00000000 1.00000000 0.00000000
vn 0.86600000 0.00000000 -0.50000000
vn 0.00000000 1.00000000 0.00000000
vn 0.00000000 1.00000000 0.00000000
vn 0.50000000 0.00000000 -0.86600000
vn 0.00000000 1.00000000 0.00000000
vn 0.00000000 0.00000000 -1.00000000
vn -0.50000000 0.00000000 -0.86600000
vn 0.00000000 1.00000000 0.00000000
vn 0.00000000 1.00000000 0.00000000
vn -0.86600000 -0.00000000 0.50000000
vn -1.00000000 -0.00000000 -0.00000000
vn 0.00000000 1.00000000 0.00000000
vn -1.00000000 -0.00000000 -0.00000000
vn -0.86600000 0.00000000 -0.50000000
vn 0.00000000 1.00000000 0.00000000
vn 0.00000000 1.00000000 0.00000000
vn -0.50000000 -0.00000000 0.86600000
vn 0.00000000 1.00000000 0.00000000
vn -0.00000000 -0.00000000 1.00000000
vn 0.50000000 -0.00000000 0.86600000
vn 0.00000000 1.00000000 0.00000000
vn 0.86600000 -0.00000000 0.50000000
vn 0.00000000 1.00000000 0.00000000
vn 0.00000000 1.00000000 0.00000000
vn 1.00000000 -0.00000000 0.00000000
vn 0.00000000 1.00000000 0.00000000
vn 0.86600000 0.00000000 -0.50000000
vn 0.00000000 1.00000000 0.00000000
vn 0.50000000 0.00000000 -0.86600000
vn 0.00000000 1.00000000 0.00000000
vn 0.00000000 0.00000000 -1.00000000
vn -0.50000000 0.00000000 -0.86600000
vn 0.00000000 1.00000000 0.00000000
vn 0.86600000 -0.00000000 0.50000000
vn 0.00000000 -1.00000000 -0.00000000
vn 0.00000000 -1.00000000 -0.00000000
vn 1.00000000 -0.00000000 0.00000000
vn 0.86600000 0.00000000 -0.50000000
vn 0.00000000 -1.00000000 -0.00000000
vn 0.50000000 -0.00000000 0.86600000
vn 0.00000000 -1.00000000 -0.00000000
vn -0.00000000 -0.00000000 1.00000000
vn 0.00000000 -1.00000000 -0.00000000
vn 0.00000000 -1.00000000 -0.00000000
vn -0.50000000 -0.00000000 0.86600000
vn 0.00000000 -1.00000000 -0.00000000
vn -0.86600000 -0.00000000 0.50000000
vn -1.00000000 -0.00000000 -0.00000000
vn 0.00000000 -1.00000000 -0.00000000
vn -1.00000000 -0.00000000 -0.00000000
vn -0.86600000 0.00000000 -0.50000000
vn 0.00000000 -1.00000000 -0.00000000
vn 0.00000000 -1.00000000 -0.00000000
vn -0.50000000 0.00000000 -0.86600000
vn 0.00000000 -1.00000000 -0.00000000
vn 0.00000000 0.00000000 -1.00000000
vn 0.00000000 -1.00000000 -0.00000000
vn 0.50000000 0.00000000 -0.86600000
vn 0.00000000 -1.00000000 -0.00000000
vn 0.00000000 -1.00000000 -0.00000000
vn 0.00000000 -1.00000000 -0.00000000
vn 0.00000000 -1.00000000 -0.00000000
vn 0.00000000 -1.00000000 -0.00000000
vn 0.00000000 -1.00000000 -0.00000000
vn 0.00000000 -1.00000000 -0.00000000
vn 0.00000000 -1.00000000 -0.00000000
vn 0.00000000 -1.00000000 -0.00000000
vn 0.00000000 -1.00000000 -0.00000000
vn 0.00000000 -1.00000000 -0.00000000
vn 0.00000000 -1.00000000 -0.00000000
vn 0.00000000 -1.00000000 -0.00000000
vn 0.00000000 -1.00000000 -0.00000000
vn 0.00000000 -1.00000000 -0.00000000
vn 0.00000000 -1.00000000 -0.00000000
vn 0.00000000 -1.00000000 -0.00000000
vn 0.00000000 -1.00000000 -0.00000000
vn 0.00000000 -1.00000000 -0.00000000
vn 0.00000000 -1.00000000 -0.00000000
vn 0.00000000 -1.00000000 -0.00000000
vn 0.00000000 -1.00000000 -0.00000000
vn 0.00000000 -1.00000000 -0.00000000
vn 0.00000000 -1.00000000 -0.00000000
vn 0.00000000 1.00000000 0.00000000
vn 0.00000000 1.00000000 0.00000000
vn 0.00000000 1.00000000 0.00000000
vn 0.00000000 1.00000000 0.00000000
vn 0.00000000 1.00000000 0.00000000
vn 0.00000000 1.00000000 0.00000000
vn 0.00000000 1.00000000 0.00000000
vn -0.86600000 -0.00000000 0.50000000
vn 0.86600000 0.00000000 -0.50000000
vn 0.00000000 1.00000000 0.00000000
vn 0.00000000 1.00000000 0.00000000
vn -1.00000000 -0.00000000 -0.00000000
vn -1.00000000 -0.00000000 -0.00000000
vn 1.00000000 -0.00000000 0.00000000
vn 0.00000000 1.00000000 0.00000000
vn -0.86600000 0.00000000 -0.50000000
vn 0.00000000 1.00000000 0.00000000
vn 0.00000000 1.00000000 0.00000000
vn 0.86600000 -0.00000000 0.50000000
vn 0.50000000 -0.00000000 0.86600000
vn 0.00000000 1.00000000 0.00000000
vn 0.50000000 0.00000000 -0.86600000
vn 0.00000000 1.00000000 0.00000000
vn -0.50000000 -0.00000000 0.86600000
vn 0.00000000 1.00000000 0.00000000
vn 0.00000000 0.00000000 -1.00000000
vn 0.00000000 1.00000000 0.00000000
vn -0.00000000 -0.00000000 1.00000000
vn 0.00000000 1.00000000 0.00000000
vn 0.50000000 -0.00000000 0.86600000
vn 0.00000000 1.00000000 0.00000000
vn 0.00000000 1.00000000 0.00000000
vn -0.50000000 0.00000000 -0.86600000
vn 0.86600000 -0.00000000 0.50000000
vn 0.00000000 1.00000000 0.00000000
vn -0.86600000 0.00000000 -0.50000000
vn 0.00000000 1.00000000 0.00000000
vn 1.00000000 -0.00000000 0.00000000
vn 0.00000000 1.00000000 0.00000000
vn -1.00000000 -0.00000000 -0.00000000
vn -1.00000000 -0.00000000 -0.00000000
vn 0.00000000 1.00000000 0.00000000
vn 0.00000000 1.00000000 0.00000000
vn -0.86600000 -0.00000000 0.50000000
vn 0.86600000 0.00000000 -0.50000000
vn 0.00000000 1.00000000 0.00000000
vn 0.00000000 1.00000000 0.00000000
vn -0.50000000 -0.00000000 0.86600000
vn 0.50000000 0.00000000 -0.86600000
vn 0.00000000 1.00000000 0.00000000
vn 0.00000000 1.00000000 0.00000000
vn -0.00000000 -0.00000000 1.00000000
vn 0.00000000 1.00000000 0.00000000
vn 0.00000000 0.00000000 -1.00000000
vn -0.50000000 0.00000000 -0.86600000
vn 0.00000000 1.00000000 0.00000000
vn -0.86600000 0.00000000 -0.50000000
vn 0.00000000 1.00000000 0.00000000
vn -1.00000000 -0.00000000 -0.00000000
vn -1.00000000 -0.00000000 -0.00000000
vn 0.00000000 1.00000000 0.00000000
vn 0.00000000 1.00000000 0.00000000
vn -0.86600000 -0.00000000 0.50000000
vn -0.50000000 -0.00000000 0.86600000
vn 0.00000000 1.00000000 0.00000000
vn 0.00000000 1.00000000 0.00000000
vn -0.00000000 -0.00000000 1.00000000
vn 0.50000000 -0.00000000 0.86600000
vn 0.00000000 1.00000000 0.00000000
vn 0.00000000 1.00000000 0.00000000
vn 0.86600000 -0.00000000 0.50000000
vn 1.00000000 -0.00000000 0.00000000
vn 0.00000000 1.00000000 0.00000000
vn 0.86600000 0.00000000 -0.50000000
vn 0.00000000 1.00000000 0.00000000
vn 0.00000000 1.00000000 0.00000000
vn 0.50000000 0.00000000 -0.86600000
vn 0.00000000 0.00000000 -1.00000000
vn 0.00000000 1.00000000 0.00000000
vn 0.00000000 1.00000000 0.00000000
vn -0.50000000 0.00000000 -0.86600000
vn -0.86600000 -0.00000000 0.50000000
vn -0.86600000 -0.00000000 0.50000000
vn -1.00000000 -0.00000000 -0.00000000
vn -1.00000000 -0.00000000 -0.00000000
vn -1.00000000 -0.00000000 -0.00000000
vn -1.00000000 -0.00000000 -0.00000000
vn -0.86600000 0.00000000 -0.50000000
vn -0.86600000 0.00000000 -0.50000000
vn -0.50000000 0.00000000 -0.86600000
vn -0.50000000 0.00000000 -0.86600000
vn 0.00000000 0.00000000 -1.00000000
vn 0.00000000 0.00000000 -1.00000000
vn 0.50000000 0.00000000 -0.86600000
vn 0.50000000 0.00000000 -0.86600000
vn 0.86600000 0.00000000 -0.50000000
vn 0.86600000 0.00000000 -0.50000000
vn 1.00000000 -0.00000000 0.00000000
vn 1.00000000 -0.00000000 0.00000000
vn 0.86600000 -0.00000000 0.50000000
vn 0.86600000 -0.00000000 0.50000000
vn 0.50000000 -0.00000000 0.86600000
vn 0.50000000 -0.00000000 0.86600000
vn -0.00000000 -0.00000000 1.00000000
vn -0.00000000 -0.00000000 1.00000000
vn -0.50000000 -0.00000000 0.86600000
vn -0.50000000 -0.00000000 0.86600000
vn 0.00000000 -1.00000000 -0.00000000
vn 0.00000000 -1.00000000 -0.00000000
vn 0.00000000 -1.00000000 -0.00000000
vn 0.00000000 -1.00000000 -0.00000000
vn 0.00000000 -1.00000000 -0.00000000
vn 0.00000000 -1.00000000 -0.00000000
vn 0.00000000 -1.00000000 -0.00000000
vn 0.00000000 -1.00000000 -0.00000000
vn 0.00000000 -1.00000000 -0.00000000
vn 0.00000000 -1.00000000 -0.00000000
vn 0.00000000 -1.00000000 -0.00000000
vn 0.00000000 -1.00000000 -0.00000000
vn 0.00000000 -1.00000000 -0.00000000
vn 0.00000000 -1.00000000 -0.00000000
vn 0.00000000 -1.00000000 -0.00000000
vn 0.00000000 -1.00000000 -0.00000000
vn 0.00000000 -1.00000000 -0.00000000
vn 0.00000000 -1.00000000 -0.00000000
vn 0.00000000 -1.00000000 -0.00000000
vn 0.00000000 -1.00000000 -0.00000000
vn 0.00000000 -1.00000000 -0.00000000
vn 0.00000000 -1.00000000 -0.00000000
vn 0.00000000 -1.00000000 -0.00000000
vn 0.00000000 -1.00000000 -0.00000000
vn 0.00000000 -1.00000000 -0.00000000
vn -0.50000000 -0.86600000 -0.00000000
vn -0.50000000 -0.86600000 -0.00000000
vn -0.43300000 -0.86600000 -0.25000000
vn -0.25000000 -0.86600000 -0.43300000
vn -0.00000000 -0.86600000 -0.50000000
vn 0.25000000 -0.86600000 -0.43300000
vn 0.43300000 -0.86600000 -0.25000000
vn 0.50000000 -0.86600000 0.00000000
vn 0.43300000 -0.86600000 0.25000000
vn 0.25000000 -0.86600000 0.43300000
vn -0.00000000 -0.86600000 0.50000000
vn -0.25000000 -0.86600000 0.43300000
vn -0.43300000 -0.86600000 0.25000000
vn -0.86600000 -0.50000000 -0.00000000
vn -0.86600000 -0.50000000 -0.00000000
vn -0.75000000 -0.50000000 0.43300000
vn -0.43300000 -0.50000000 0.75000000
vn -0.00000000 -0.50000000 0.86600000
vn 0.43300000 -0.50000000 0.75000000
vn 0.75000000 -0.50000000 0.43300000
vn 0.86600000 -0.50000000 0.00000000
vn 0.75000000 -0.50000000 -0.43300000
vn 0.43300000 -0.50000000 -0.75000000
vn -0.00000000 -0.50000000 -0.86600000
vn -0.43300000 -0.50000000 -0.75000000
vn -0.75000000 -0.50000000 -0.43300000
vn -1.00000000 -0.00000000 -0.00000000
vn 0.17500000 0.00000000 0.98460000
vn 0.00000000 1.00000000 0.00000000
vn 0.00000000 1.00000000 0.00000000
vn 0.17500000 0.00000000 -0.98460000
vn -1.00000000 -0.00000000 -0.00000000
vn 0.00000000 1.00000000 0.00000000
vn 0.05860000 0.00000000 0.99830000
vn 0.00000000 1.00000000 0.00000000
vn 0.05860000 0.00000000 -0.99830000
vn -0.05860000 0.00000000 -0.99830000
vn 0.00000000 1.00000000 0.00000000
vn 0.00000000 1.00000000 0.00000000
vn -0.05860000 0.00000000 0.99830000
vn 1.00000000 -0.00000000 0.00000000
vn -0.17500000 0.00000000 -0.98460000
vn 0.00000000 1.00000000 0.00000000
vn 0.00000000 1.00000000 0.00000000
vn -0.17500000 0.00000000 0.98460000
vn 1.00000000 -0.00000000 0.00000000
vn -0.07000000 0.91650000 0.39380000
vn 1.00000000 -0.00000000 0.00000000
vn -0.17500000 0.00000000 0.98460000
vn -0.52030000 0.00000000 0.85400000
vn 0.00000000 -1.00000000 -0.00000000
vn -0.59790000 -0.00000000 0.80160000
vn -0.23920000 0.91650000 0.32060000
vn 0.00000000 -1.00000000 -0.00000000
vn -0.87760000 -0.00000000 0.47940000
vn -0.35760000 0.91650000 0.17930000
vn -0.89380000 0.00000000 0.44840000
vn 0.00000000 -1.00000000 -0.00000000
vn -0.99970000 -0.00000000 -0.02360000
vn -1.00000000 -0.00000000 -0.00000000
vn -0.40000000 0.91650000 0.00000000
vn -0.35750000 0.91650000 -0.17940000
vn -0.89380000 -0.00000000 -0.44840000
vn 0.00000000 -1.00000000 -0.00000000
vn -0.85400000 -0.00000000 -0.52030000
vn -0.23920000 0.91650000 -0.32060000
vn -0.59790000 0.00000000 -0.80160000
vn -0.59790000 0.00000000 -0.80160000
vn -0.47940000 0.00000000 -0.87760000
vn 0.00000000 -1.00000000 -0.00000000
vn -0.47940000 0.00000000 -0.87760000
vn 0.00000000 -1.00000000 -0.00000000
vn 0.02360000 0.00000000 -0.99970000
vn 1.00000000 -0.00000000 0.00000000
vn -0.17480000 -0.00000000 -0.98460000
vn -0.07000000 0.91650000 -0.39380000
vn 0.00000000 -1.00000000 -0.00000000
vn 0.52030000 0.00000000 -0.85400000
vn 0.07000000 0.91650000 -0.39380000
vn -1.00000000 -0.00000000 -0.00000000
vn 0.17500000 0.00000000 -0.98460000
vn 0.23920000 0.91650000 -0.32060000
vn 0.59790000 -0.00000000 -0.80160000
vn 0.87760000 -0.00000000 -0.47940000
vn 0.00000000 -1.00000000 -0.00000000
vn 0.89380000 0.00000000 -0.44840000
vn 0.35750000 0.91650000 -0.17940000
vn 0.00000000 -1.00000000 -0.00000000
vn 0.99970000 -0.00000000 0.02360000
vn 1.00000000 -0.00000000 0.00000000
vn 0.40000000 0.91650000 -0.00000000
vn 0.89380000 -0.00000000 0.44840000
vn 0.35760000 0.91650000 0.17930000
vn 0.85400000 -0.00000000 0.52030000
vn 0.00000000 -1.00000000 -0.00000000
vn 0.23920000 0.91650000 0.32060000
vn 0.59790000 0.00000000 0.80160000
vn 0.00000000 -1.00000000 -0.00000000
vn 0.47940000 0.00000000 0.87760000
vn -0.02360000 0.00000000 0.99970000
vn 0.00000000 -1.00000000 -0.00000000
vn -1.00000000 -0.00000000 -0.00000000
vn 0.17480000 -0.00000000 0.98460000
vn 0.07000000 0.91650000 0.39380000
vn 1.00000000 -0.00000000 0.00000000
vn -0.07000000 0.98840000 0.13450000
vn 1.00000000 -0.00000000 0.00000000
vn -0.07000000 0.98840000 -0.13450000
vn 0.07000000 0.98840000 -0.13450000
vn -1.00000000 -0.00000000 -0.00000000
vn -1.00000000 -0.00000000 -0.00000000
vn 0.07000000 0.98840000 0.13450000
vn 0.00000000 -1.00000000 -0.00000000
vn 0.00000000 0.00000000 -1.00000000
vn -0.50000000 0.00000000 -0.86600000
vn 0.00000000 -1.00000000 -0.00000000
vn 0.00000000 -1.00000000 -0.00000000
vn -0.86600000 0.00000000 -0.50000000
vn 0.00000000 -1.00000000 -0.00000000
vn -1.00000000 -0.00000000 -0.00000000
vn -0.86600000 -0.00000000 0.50000000
vn 0.00000000 -1.00000000 -0.00000000
vn 0.00000000 -1.00000000 -0.00000000
vn -0.50000000 -0.00000000 0.86600000
vn 0.00000000 -1.00000000 -0.00000000
vn -0.00000000 -0.00000000 1.00000000
vn 0.50000000 -0.00000000 0.86600000
vn 0.00000000 -1.00000000 -0.00000000
vn 0.86600000 -0.00000000 0.50000000
vn 0.00000000 -1.00000000 -0.00000000
vn 0.00000000 -1.00000000 -0.00000000
vn 1.00000000 -0.00000000 0.00000000
vn 1.00000000 -0.00000000 0.00000000
vn 0.00000000 -1.00000000 -0.00000000
vn 0.86600000 0.00000000 -0.50000000
vn 0.50000000 0.00000000 -0.86600000
vn 0.00000000 -1.00000000 -0.00000000
vn -0.86600000 -0.00000000 0.50000000
vn -0.61240000 -0.70710000 0.35350000
vn -1.00000000 -0.00000000 -0.00000000
vn -0.70710000 -0.70710000 0.00000000
vn -0.86600000 0.00000000 -0.50000000
vn -0.61240000 -0.70710000 -0.35350000
vn -0.35360000 -0.70710000 -0.61240000
vn -0.35360000 -0.70710000 -0.61240000
vn -0.50000000 0.00000000 -0.86600000
vn 0.00000000 -0.70710000 -0.70710000
vn 0.00000000 0.00000000 -1.00000000
vn 0.35360000 -0.70710000 -0.61240000
vn 0.50000000 0.00000000 -0.86600000
vn 0.86600000 0.00000000 -0.50000000
vn 0.61240000 -0.70710000 -0.35350000
vn 1.00000000 -0.00000000 0.00000000
vn 1.00000000 -0.00000000 0.00000000
vn 0.70710000 -0.70710000 -0.00000000
vn 0.86600000 -0.00000000 0.50000000
vn 0.61240000 -0.70710000 0.35350000
vn 0.50000000 -0.00000000 0.86600000
vn 0.35360000 -0.70710000 0.61240000
vn 0.00000000 -0.70710000 0.70710000
vn -0.00000000 -0.00000000 1.00000000
vn -0.50000000 -0.00000000 0.86600000
vn -0.35360000 -0.70710000 0.61240000
vn 0.00000000 -1.00000000 -0.00000000
vn -0.61240000 -0.70710000 -0.35360000
vn 0.61240000 -0.70710000 -0.35360000
vn 0.00000000 -1.00000000 -0.00000000
vn -0.70710000 -0.70710000 0.00000000
vn 0.00000000 -1.00000000 -0.00000000
vn 0.70710000 -0.70710000 -0.00000000
vn 0.00000000 -1.00000000 -0.00000000
vn 0.00000000 -1.00000000 0.00010000
vn -0.61240000 -0.70710000 0.35360000
vn 0.61240000 -0.70710000 0.35360000
vn 0.00000000 -1.00000000 -0.00000000
vn -0.35360000 -0.70710000 0.61240000
vn 0.00000000 -1.00000000 0.00010000
vn 0.35360000 -0.70710000 0.61240000
vn 0.00000000 -1.00000000 -0.00000000
vn 0.00000000 -1.00000000 -0.00000000
vn 0.00000000 -0.70710000 0.70710000
vn 0.35360000 -0.70710000 -0.61240000
vn 0.00000000 -1.00000000 -0.00010000
vn 0.00000000 -1.00000000 -0.00000000
vn -0.35360000 -0.70710000 -0.61240000
vn -0.35360000 -0.70710000 -0.61240000
vn 0.00000000 -0.70710000 -0.70710000
vn 0.00000000 -1.00000000 -0.00000000
f 2//2 3//3 6//6
f 6//6 3//3 9//9
f 6//6 9//9 11//11
f 11//11 9//9 13//13
f 11//11 13//13 14//14
f 14//14 13//13 16//16
f 14//14 16//16 19//19
f 3//3 2//2 21//21
f 21//21 2//2 22//22
f 21//21 22//22 24//24
f 26//26 29//29 30//30
f 30//30 29//29 34//34
f 30//30 34//34 36//36
f 29//29 26//26 39//39
f 39//39 26//26 40//40
f 39//39 40//40 43//43
f 43//43 40//40 45//45
f 43//43 45//45 47//47
f 43//43 47//47 48//48
f 48//48 47//47 50//50
f 48//48 50//50 52//52
f 52//52 50//50 54//54
f 54//54 50//50 56//56
f 54//54 56//56 59//59
f 59//59 56//56 60//60
f 59//59 60//60 63//63
f 63//63 60//60 65//65
f 63//63 65//65 66//66
f 66//66 65//65 69//69
f 66//66 69//69 70//70
f 66//66 70//70 73//73
f 73//73 70//70 75//75
f 73//73 75//75 36//36
f 36//36 75//75 30//30
f 77//77 37//37 79//79
f 79//79 37//37 33//33
f 80//80 35//35 82//82
f 82//82 35//35 28//28
f 82//82 28//28 84//84
f 84//84 28//28 38//38
f 84//84 38//38 86//86
f 86//86 38//38 42//42
f 86//86 42//42 87//87
f 87//87 42//42 49//49
f 87//87 49//49 89//89
f 89//89 49//49 53//53
f 89//89 53//53 91//91
f 91//91 53//53 55//55
f 91//91 55//55 94//94
f 94//94 55//55 58//58
f 94//94 58//58 96//96
f 96//96 58//58 62//62
f 96//96 62//62 97//97
f 97//97 62//62 67//67
f 97//97 67//67 99//99
f 99//99 67//67 72//72
f 99//99 72//72 77//77
f 77//77 72//72 37//37
f 81//81 90//90 78//78
f 78//78 90//90 92//92
f 78//78 92//92 76//76
f 76//76 92//92 93//93
f 76//76 93//93 100//100
f 100//100 93//93 95//95
f 100//100 95//95 98//98
f 90//90 81//81 88//88
f 88//88 81//81 83//83
f 88//88 83//83 85//85
f 102//102 105//105 108//108
f 107//107 104//104 109//109
f 107//107 109//109 111//111
f 111//111 109//109 112//112
f 111//111 112//112 115//115
f 115//115 116//116 111//111
f 111//111 116//116 118//118
f 111//111 118//118 119//119
f 119//119 118//118 120//120
f 119//119 120//120 121//121
f 121//121 120//120 122//122
f 121//121 122//122 123//123
f 123//123 122//122 124//124
f 123//123 124//124 125//125
f 125//125 124//124 126//126
f 125//125 126//126 127//127
f 127//127 126//126 128//128
f 127//127 128//128 129//129
f 129//129 128//128 130//130
f 129//129 130//130 1//1
f 1//1 130//130 23//23
f 23//23 130//130 131//131
f 23//23 131//131 25//25
f 25//25 131//131 132//132
f 25//25 132//132 20//20
f 20//20 132//132 133//133
f 20//20 133//133 4//4
f 4//4 133//133 134//134
f 4//4 134//134 7//7
f 7//7 134//134 136//136
f 8//8 135//135 12//12
f 12//12 135//135 137//137
f 12//12 137//137 17//17
f 17//17 137//137 138//138
f 17//17 138//138 18//18
f 18//18 138//138 139//139
f 18//18 139//139 15//15
f 15//15 139//139 140//140
f 15//15 140//140 10//10
f 10//10 140//140 141//141
f 10//10 141//141 5//5
f 5//5 141//141 129//129
f 5//5 129//129 1//1
f 118//118 116//116 142//142
f 142//142 116//116 144//144
f 142//142 144//144 145//145
f 145//145 147//147 142//142
f 142//142 147//147 150//150
f 142//142 150//150 151//151
f 152//152 149//149 153//153
f 152//152 153//153 154//154
f 154//154 153//153 155//155
f 154//154 155//155 156//156
f 156//156 155//155 157//157
f 156//156 157//157 158//158
f 158//158 157//157 159//159
f 158//158 159//159 160//160
f 160//160 159//159 161//161
f 160//160 161//161 51//51
f 51//51 161//161 162//162
f 51//51 162//162 57//57
f 57//57 162//162 163//163
f 57//57 163//163 61//61
f 61//61 163//163 164//164
f 61//61 164//164 64//64
f 64//64 164//164 165//165
f 64//64 165//165 68//68
f 68//68 165//165 166//166
f 68//68 166//166 71//71
f 71//71 166//166 167//167
f 71//71 167//167 74//74
f 74//74 167//167 168//168
f 74//74 168//168 169//169
f 169//169 168//168 170//170
f 169//169 170//170 171//171
f 171//171 170//170 172//172
f 171//171 172//172 173//173
f 173//173 172//172 174//174
f 173//173 174//174 175//175
f 175//175 174//174 176//176
f 175//175 176//176 177//177
f 177//177 176//176 178//178
f 177//177 178//178 142//142
f 142//142 178//178 118//118
f 147//147 179//179 150//150
f 149//149 180//180 183//183
f 149//149 183//183 185//185
f 185//185 186//186 149//149
f 149//149 186//186 188//188
f 149//149 188//188 190//190
f 190//190 188//188 191//191
f 190//190 191//191 192//192
f 192//192 191//191 193//193
f 192//192 193//193 194//194
f 194//194 193//193 195//195
f 194//194 195//195 196//196
f 196//196 195//195 197//197
f 196//196 197//197 198//198
f 198//198 197//197 199//199
f 198//198 199//199 200//200
f 200//200 199//199 202//202
f 200//200 202//202 203//203
f 191//191 188//188 108//108
f 108//108 188//188 206//206
f 108//108 206//206 207//207
f 207//207 102//102 108//108
f 74//74 169//169 31//31
f 31//31 169//169 210//210
f 32//32 209//209 27//27
f 27//27 209//209 211//211
f 27//27 211//211 41//41
f 41//41 211//211 212//212
f 41//41 212//212 44//44
f 44//44 212//212 213//213
f 44//44 213//213 46//46
f 46//46 213//213 160//160
f 46//46 160//160 51//51
f 214//214 218//218 219//219
f 219//219 218//218 220//220
f 219//219 220//220 222//222
f 222//222 220//220 224//224
f 222//222 224//224 225//225
f 225//225 202//202 222//222
f 222//222 202//202 199//199
f 222//222 199//199 227//227
f 227//227 199//199 228//228
f 227//227 228//228 229//229
f 229//229 228//228 230//230
f 229//229 230//230 231//231
f 231//231 230//230 232//232
f 231//231 232//232 233//233
f 233//233 232//232 234//234
f 233//233 234//234 235//235
f 235//235 234//234 237//237
f 235//235 237//237 136//136
f 135//135 236//236 137//137
f 203//203 238//238 200//200
f 200//200 238//238 241//241
f 200//200 241//241 242//242
f 242//242 241//241 243//243
f 242//242 243//243 245//245
f 245//245 247//247 242//242
f 242//242 247//247 249//249
f 242//242 249//249 251//251
f 254//254 219//219 251//251
f 251//251 219//219 255//255
f 251//251 255//255 256//256
f 256//256 255//255 257//257
f 256//256 257//257 258//258
f 258//258 257//257 259//259
f 258//258 259//259 260//260
f 260//260 259//259 261//261
f 260//260 261//261 262//262
f 262//262 261//261 172//172
f 262//262 172//172 170//170
f 254//254 264//264 219//219
f 219//219 264//264 214//214
f 266//266 267//267 270//270
f 270//270 267//267 272//272
f 270//270 272//272 273//273
f 273//273 276//276 270//270
f 270//270 276//276 277//277
f 270//270 277//277 278//278
f 278//278 277//277 279//279
f 278//278 279//279 280//280
f 280//280 279//279 281//281
f 280//280 281//281 132//132
f 132//132 281//281 133//133
f 276//276 282//282 277//277
f 277//277 282//282 284//284
f 277//277 284//284 285//285
f 285//285 284//284 229//229
f 285//285 229//229 231//231
f 284//284 282//282 286//286
f 286//286 282//282 288//288
f 286//286 288//288 289//289
f 289//289 292//292 286//286
f 286//286 292//292 293//293
f 286//286 293//293 294//294
f 294//294 293//293 295//295
f 294//294 295//295 255//255
f 255//255 295//295 296//296
f 255//255 296//296 257//257
f 257//257 296//296 297//297
f 257//257 297//297 259//259
f 259//259 297//297 298//298
f 259//259 298//298 261//261
f 261//261 298//298 174//174
f 261//261 174//174 172//172
f 292//292 300//300 293//293
f 293//293 300//300 301//301
f 293//293 301//301 303//303
f 303//303 306//306 293//293
f 293//293 306//306 308//308
f 293//293 308//308 309//309
f 309//309 308//308 310//310
f 309//309 310//310 311//311
f 311//311 310//310 124//124
f 311//311 124//124 122//122
f 310//310 308//308 270//270
f 270//270 308//308 313//313
f 270//270 313//313 314//314
f 314//314 266//266 270//270
f 317//317 320//320 323//323
f 322//322 321//321 324//324
f 322//322 324//324 327//327
f 327//327 328//328 322//322
f 322//322 328//328 330//330
f 322//322 330//330 331//331
f 331//331 330//330 332//332
f 331//331 332//332 333//333
f 333//333 332//332 334//334
f 333//333 334//334 139//139
f 139//139 334//334 140//140
f 328//328 335//335 330//330
f 330//330 335//335 337//337
f 330//330 337//337 338//338
f 338//338 337//337 121//121
f 338//338 121//121 123//123
f 337//337 335//335 339//339
f 339//339 335//335 340//340
f 339//339 340//340 343//343
f 343//343 344//344 339//339
f 339//339 344//344 346//346
f 339//339 346//346 349//349
f 348//348 347//347 350//350
f 348//348 350//350 191//191
f 191//191 350//350 193//193
f 344//344 353//353 346//346
f 347//347 351//351 354//354
f 347//347 354//354 357//357
f 357//357 358//358 347//347
f 347//347 358//358 361//361
f 347//347 361//361 362//362
f 362//362 361//361 363//363
f 362//362 363//363 364//364
f 364//364 363//363 232//232
f 364//364 232//232 230//230
f 363//363 361//361 323//323
f 323//323 361//361 366//366
f 323//323 366//366 368//368
f 368//368 317//317 323//323
f 209//209 369//369 211//211
f 211//211 369//369 371//371
f 211//211 371//371 212//212
f 212//212 371//371 372//372
f 212//212 372//372 213//213
f 213//213 372//372 158//158
f 213//213 158//158 160//160
f 369//369 374//374 371//371
f 371//371 374//374 375//375
f 371//371 375//375 372//372
f 372//372 375//375 156//156
f 372//372 156//156 158//158
f 169//169 171//171 210//210
f 210//210 171//171 370//370
f 374//374 376//376 375//375
f 375//375 376//376 154//154
f 375//375 154//154 156//156
f 171//171 173//173 370//370
f 370//370 173//173 373//373
f 154//154 376//376 152//152
f 151//151 377//377 177//177
f 151//151 177//177 142//142
f 173//173 175//175 373//373
f 373//373 175//175 377//377
f 175//175 177//177 377//377
f 191//191 108//108 348//348
f 349//349 107//107 378//378
f 349//349 378//378 339//339
f 339//339 378//378 337//337
f 323//323 380//380 363//363
f 363//363 380//380 234//234
f 363//363 234//234 232//232
f 234//234 380//380 237//237
f 236//236 379//379 381//381
f 236//236 381//381 137//137
f 137//137 381//381 138//138
f 381//381 379//379 331//331
f 331//331 379//379 322//322
f 235//235 136//136 134//134
f 107//107 111//111 378//378
f 378//378 111//111 119//119
f 378//378 119//119 337//337
f 337//337 119//119 121//121
f 235//235 134//134 382//382
f 382//382 134//134 133//133
f 382//382 133//133 281//281
f 347//347 362//362 350//350
f 350//350 362//362 383//383
f 350//350 383//383 193//193
f 193//193 383//383 195//195
f 383//383 362//362 364//364
f 149//149 190//190 153//153
f 153//153 190//190 384//384
f 153//153 384//384 155//155
f 155//155 384//384 385//385
f 155//155 385//385 157//157
f 157//157 385//385 386//386
f 157//157 386//386 159//159
f 159//159 386//386 387//387
f 159//159 387//387 161//161
f 161//161 387//387 162//162
f 384//384 190//190 192//192
f 170//170 168//168 388//388
f 388//388 168//168 167//167
f 388//388 167//167 389//389
f 389//389 167//167 166//166
f 389//389 166//166 390//390
f 390//390 166//166 165//165
f 390//390 165//165 391//391
f 391//391 165//165 164//164
f 391//391 164//164 392//392
f 392//392 164//164 163//163
f 392//392 163//163 393//393
f 393//393 163//163 162//162
f 393//393 162//162 387//387
f 170//170 388//388 262//262
f 262//262 388//388 394//394
f 262//262 394//394 260//260
f 260//260 394//394 395//395
f 260//260 395//395 258//258
f 258//258 395//395 396//396
f 258//258 396//396 256//256
f 256//256 396//396 242//242
f 256//256 242//242 251//251
f 394//394 388//388 389//389
f 176//176 174//174 298//298
f 178//178 176//176 397//397
f 397//397 176//176 298//298
f 397//397 298//298 297//297
f 118//118 178//178 398//398
f 398//398 178//178 397//397
f 398//398 397//397 399//399
f 399//399 397//397 297//297
f 399//399 297//297 296//296
f 118//118 398//398 120//120
f 120//120 398//398 400//400
f 120//120 400//400 122//122
f 122//122 400//400 311//311
f 400//400 398//398 399//399
f 330//330 338//338 332//332
f 332//332 338//338 401//401
f 332//332 401//401 334//334
f 334//334 401//401 402//402
f 334//334 402//402 140//140
f 140//140 402//402 141//141
f 401//401 338//338 123//123
f 381//381 331//331 333//333
f 139//139 138//138 333//333
f 333//333 138//138 381//381
f 394//394 389//389 403//403
f 403//403 389//389 390//390
f 403//403 390//390 404//404
f 404//404 390//390 391//391
f 404//404 391//391 405//405
f 405//405 391//391 392//392
f 405//405 392//392 406//406
f 406//406 392//392 393//393
f 406//406 393//393 407//407
f 407//407 393//393 387//387
f 407//407 387//387 386//386
f 400//400 399//399 408//408
f 408//408 399//399 296//296
f 408//408 296//296 295//295
f 402//402 401//401 125//125
f 125//125 401//401 123//123
f 394//394 403//403 395//395
f 395//395 403//403 409//409
f 395//395 409//409 396//396
f 396//396 409//409 410//410
f 396//396 410//410 242//242
f 242//242 410//410 200//200
f 409//409 403//403 404//404
f 309//309 311//311 408//408
f 408//408 311//311 400//400
f 309//309 408//408 295//295
f 126//126 124//124 310//310
f 141//141 402//402 127//127
f 127//127 402//402 125//125
f 409//409 404//404 411//411
f 411//411 404//404 405//405
f 411//411 405//405 412//412
f 412//412 405//405 406//406
f 412//412 406//406 413//413
f 413//413 406//406 407//407
f 413//413 407//407 414//414
f 414//414 407//407 386//386
f 414//414 386//386 385//385
f 293//293 309//309 295//295
f 126//126 310//310 415//415
f 415//415 310//310 270//270
f 415//415 270//270 278//278
f 129//129 141//141 127//127
f 409//409 411//411 410//410
f 410//410 411//411 416//416
f 410//410 416//416 200//200
f 200//200 416//416 198//198
f 416//416 411//411 412//412
f 255//255 219//219 294//294
f 294//294 219//219 417//417
f 294//294 417//417 286//286
f 286//286 417//417 284//284
f 126//126 415//415 128//128
f 128//128 415//415 418//418
f 128//128 418//418 130//130
f 130//130 418//418 131//131
f 418//418 415//415 278//278
f 416//416 412//412 419//419
f 419//419 412//412 413//413
f 419//419 413//413 420//420
f 420//420 413//413 414//414
f 420//420 414//414 421//421
f 421//421 414//414 385//385
f 421//421 385//385 384//384
f 420//420 196//196 419//419
f 419//419 196//196 198//198
f 419//419 198//198 416//416
f 196//196 420//420 194//194
f 194//194 420//420 421//421
f 194//194 421//421 192//192
f 192//192 421//421 384//384
f 199//199 197//197 228//228
f 228//228 197//197 422//422
f 228//228 422//422 230//230
f 230//230 422//422 364//364
f 422//422 197//197 195//195
f 227//227 229//229 284//284
f 277//277 285//285 279//279
f 279//279 285//285 423//423
f 279//279 423//423 281//281
f 281//281 423//423 382//382
f 423//423 285//285 231//231
f 418//418 278//278 280//280
f 132//132 131//131 280//280
f 280//280 131//131 418//418
f 222//222 227//227 417//417
f 417//417 227//227 284//284
f 364//364 422//422 383//383
f 383//383 422//422 195//195
f 382//382 423//423 233//233
f 233//233 423//423 231//231
f 235//235 382//382 233//233
f 222//222 417//417 219//219
f 101//101 221//221 106//106
f 106//106 221//221 216//216
f 103//103 217//217 110//110
f 110//110 217//217 215//215
f 110//110 215//215 263//263
f 101//101 208//208 221//221
f 221//221 208//208 223//223
f 223//223 208//208 205//205
f 223//223 205//205 226//226
f 226//226 205//205 201//201
f 201//201 205//205 189//189
f 201//201 189//189 204//204
f 204//204 189//189 187//187
f 204//204 187//187 184//184
f 204//204 184//184 239//239
f 239//239 184//184 182//182
f 239//239 182//182 240//240
f 240//240 182//182 244//244
f 244//244 182//182 181//181
f 244//244 181//181 246//246
f 246//246 181//181 148//148
f 246//246 148//148 146//146
f 246//246 146//146 248//248
f 248//248 146//146 143//143
f 248//248 143//143 250//250
f 250//250 143//143 252//252
f 252//252 143//143 117//117
f 252//252 117//117 253//253
f 253//253 117//117 114//114
f 253//253 114//114 113//113
f 253//253 113//113 263//263
f 263//263 113//113 110//110
f 316//316 271//271 319//319
f 319//319 271//271 269//269
f 318//318 268//268 325//325
f 325//325 268//268 265//265
f 325//325 265//265 315//315
f 316//316 367//367 271//271
f 271//271 367//367 274//274
f 274//274 367//367 365//365
f 274//274 365//365 275//275
f 275//275 365//365 283//283
f 283//283 365//365 360//360
f 283//283 360//360 287//287
f 287//287 360//360 359//359
f 287//287 359//359 356//356
f 287//287 356//356 290//290
f 290//290 356//356 355//355
f 290//290 355//355 291//291
f 291//291 355//355 299//299
f 299//299 355//355 352//352
f 299//299 352//352 302//302
f 302//302 352//352 345//345
f 302//302 345//345 342//342
f 302//302 342//342 304//304
f 304//304 342//342 341//341
f 304//304 341//341 305//305
f 305//305 341//341 307//307
f 307//307 341//341 336//336
f 307//307 336//336 312//312
f 312//312 336//336 329//329
f 312//312 329//329 326//326
f 312//312 326//326 315//315
f 315//315 326//326 325//325
f 425//425 426//426 429//429
f 431//431 427//427 433//433
f 431//431 433//433 434//434
f 434//434 436//436 431//431
f 431//431 436//436 439//439
f 439//439 436//436 440//440
f 439//439 440//440 442//442
f 442//442 440//440 445//445
f 442//442 445//445 447//447
f 447//447 445//445 449//449
f 447//447 449//449 451//451
f 451//451 455//455 447//447
f 446//446 456//456 458//458
f 446//446 458//458 460//460
f 460//460 461//461 446//446
f 446//446 461//461 463//463
f 446//446 463//463 466//466
f 466//466 463//463 467//467
f 466//466 467//467 469//469
f 469//469 467//467 472//472
f 469//469 472//472 473//473
f 473//473 472//472 476//476
f 473//473 476//476 477//477
f 477//477 476//476 480//480
f 477//477 480//480 481//481
f 481//481 480//480 484//484
f 481//481 484//484 485//485
f 485//485 484//484 487//487
f 487//487 484//484 490//490
f 487//487 490//490 491//491
f 491//491 490//490 494//494
f 494//494 490//490 496//496
f 496//496 490//490 497//497
f 497//497 490//490 499//499
f 499//499 490//490 502//502
f 502//502 490//490 503//503
f 503//503 490//490 506//506
f 503//503 506//506 507//507
f 507//507 506//506 510//510
f 510//510 506//506 512//512
f 510//510 512//512 513//513
f 513//513 512//512 516//516
f 513//513 516//516 517//517
f 517//517 516//516 520//520
f 517//517 520//520 442//442
f 442//442 520//520 439//439
f 467//467 463//463 429//429
f 429//429 463//463 522//522
f 429//429 522//522 523//523
f 523//523 425//425 429//429
f 507//507 525//525 503//503
f 503//503 525//525 527//527
f 527//527 525//525 529//529
f 529//529 525//525 531//531
f 531//531 525//525 535//535
f 535//535 525//525 537//537
f 537//537 525//525 538//538
f 538//538 525//525 541//541
f 541//541 525//525 481//481
f 541//541 481//481 485//485
f 543//543 545//545 548//548
f 548//548 545//545 482//482
f 548//548 482//482 526//526
f 543//543 551//551 545//545
f 553//553 474//474 545//545
f 545//545 474//474 478//478
f 545//545 478//478 482//482
f 556//556 558//558 553//553
f 553//553 558//558 560//560
f 553//553 560//560 465//465
f 465//465 560//560 448//448
f 448//448 560//560 564//564
f 448//448 564//564 443//443
f 443//443 564//564 567//567
f 443//443 567//567 518//518
f 518//518 567//567 514//514
f 514//514 567//567 568//568
f 514//514 568//568 509//509
f 509//509 568//568 508//508
f 508//508 568//568 573//573
f 508//508 573//573 526//526
f 526//526 573//573 548//548
f 564//564 574//574 567//567
f 567//567 574//574 576//576
f 578//578 580//580 568//568
f 568//568 580//580 573//573
f 465//465 470//470 553//553
f 553//553 470//470 474//474
f 554//554 584//584 585//585
f 585//585 584//584 587//587
f 585//585 587//587 588//588
f 588//588 587//587 590//590
f 588//588 590//590 593//593
f 593//593 561//561 588//588
f 588//588 561//561 557//557
f 588//588 557//557 585//585
f 585//585 557//557 555//555
f 585//585 555//555 554//554
f 595//595 596//596 599//599
f 599//599 596//596 603//603
f 600//600 604//604 605//605
f 605//605 604//604 607//607
f 605//605 607//607 610//610
f 610//610 607//607 612//612
f 610//610 612//612 613//613
f 613//613 612//612 615//615
f 613//613 615//615 617//617
f 617//617 615//615 619//619
f 617//617 619//619 621//621
f 621//621 619//619 624//624
f 621//621 624//624 625//625
f 625//625 624//624 628//628
f 625//625 628//628 629//629
f 629//629 628//628 631//631
f 629//629 631//631 634//634
f 634//634 631//631 635//635
f 634//634 635//635 638//638
f 638//638 635//635 640//640
f 638//638 640//640 641//641
f 641//641 640//640 644//644
f 641//641 644//644 595//595
f 595//595 644//644 596//596
f 606//606 645//645 601//601
f 601//601 645//645 646//646
f 598//598 647//647 648//648
f 648//648 647//647 649//649
f 648//648 649//649 651//651
f 651//651 649//649 652//652
f 651//651 652//652 654//654
f 654//654 652//652 655//655
f 654//654 655//655 657//657
f 657//657 655//655 658//658
f 657//657 658//658 660//660
f 660//660 658//658 665//665
f 645//645 606//606 675//675
f 675//675 606//606 609//609
f 675//675 609//609 676//676
f 676//676 609//609 614//614
f 676//676 614//614 677//677
f 677//677 614//614 618//618
f 677//677 618//618 678//678
f 678//678 618//618 622//622
f 678//678 622//622 679//679
f 679//679 622//622 626//626
f 679//679 626//626 680//680
f 680//680 626//626 681//681
f 680//680 681//681 682//682
f 682//682 681//681 683//683
f 682//682 683//683 684//684
f 684//684 683//683 685//685
f 684//684 685//685 686//686
f 686//686 685//685 687//687
f 686//686 687//687 688//688
f 688//688 687//687 689//689
f 688//688 689//689 670//670
f 626//626 630//630 681//681
f 681//681 630//630 690//690
f 681//681 690//690 683//683
f 683//683 690//690 691//691
f 683//683 691//691 685//685
f 685//685 691//691 692//692
f 685//685 692//692 687//687
f 687//687 692//692 693//693
f 687//687 693//693 689//689
f 689//689 693//693 660//660
f 689//689 660//660 663//663
f 630//630 633//633 690//690
f 690//690 633//633 694//694
f 690//690 694//694 691//691
f 691//691 694//694 695//695
f 691//691 695//695 692//692
f 692//692 695//695 696//696
f 692//692 696//696 693//693
f 693//693 696//696 657//657
f 693//693 657//657 660//660
f 633//633 637//637 694//694
f 694//694 637//637 697//697
f 694//694 697//697 695//695
f 695//695 697//697 698//698
f 695//695 698//698 696//696
f 696//696 698//698 654//654
f 696//696 654//654 657//657
f 637//637 642//642 697//697
f 697//697 642//642 699//699
f 697//697 699//699 698//698
f 698//698 699//699 651//651
f 698//698 651//651 654//654
f 642//642 594//594 699//699
f 699//699 594//594 648//648
f 699//699 648//648 651//651
f 594//594 598//598 648//648
f 688//688 671//671 700//700
f 701//701 664//664 702//702
f 702//702 669//669 703//703
f 703//703 666//666 704//704
f 704//704 674//674 705//705
f 706//706 672//672 707//707
f 707//707 667//667 708//708
f 708//708 668//668 709//709
f 709//709 662//662 659//659
f 650//650 646//646 710//710
f 710//710 646//646 645//645
f 710//710 645//645 711//711
f 711//711 645//645 675//675
f 711//711 675//675 712//712
f 712//712 675//675 676//676
f 712//712 676//676 713//713
f 713//713 676//676 677//677
f 713//713 677//677 714//714
f 714//714 677//677 678//678
f 714//714 678//678 715//715
f 715//715 678//678 679//679
f 715//715 679//679 716//716
f 716//716 679//679 680//680
f 716//716 680//680 682//682
f 653//653 650//650 717//717
f 717//717 650//650 710//710
f 717//717 710//710 718//718
f 718//718 710//710 711//711
f 718//718 711//711 719//719
f 719//719 711//711 712//712
f 719//719 712//712 720//720
f 720//720 712//712 713//713
f 720//720 713//713 721//721
f 721//721 713//713 714//714
f 721//721 714//714 722//722
f 722//722 714//714 715//715
f 722//722 715//715 723//723
f 723//723 715//715 716//716
f 723//723 716//716 724//724
f 724//724 716//716 682//682
f 724//724 682//682 684//684
f 709//709 659//659 656//656
f 656//656 653//653 725//725
f 725//725 653//653 717//717
f 725//725 717//717 726//726
f 726//726 717//717 718//718
f 726//726 718//718 727//727
f 727//727 718//718 719//719
f 727//727 719//719 728//728
f 728//728 719//719 720//720
f 728//728 720//720 729//729
f 729//729 720//720 721//721
f 729//729 721//721 730//730
f 730//730 721//721 722//722
f 730//730 722//722 731//731
f 731//731 722//722 723//723
f 731//731 723//723 732//732
f 732//732 723//723 724//724
f 732//732 724//724 733//733
f 733//733 724//724 684//684
f 733//733 684//684 686//686
f 700//700 673//673 701//701
f 705//705 661//661 706//706
f 708//708 709//709 725//725
f 725//725 709//709 656//656
f 708//708 725//725 726//726
f 707//707 708//708 726//726
f 707//707 726//726 727//727
f 706//706 707//707 727//727
f 706//706 727//727 728//728
f 705//705 706//706 728//728
f 705//705 728//728 729//729
f 704//704 705//705 729//729
f 704//704 729//729 730//730
f 703//703 704//704 730//730
f 703//703 730//730 731//731
f 703//703 731//731 702//702
f 702//702 731//731 732//732
f 702//702 732//732 701//701
f 701//701 732//732 733//733
f 701//701 733//733 700//700
f 700//700 733//733 686//686
f 700//700 686//686 688//688
f 734//734 737//737 740//740
f 740//740 737//737 744//744
f 740//740 744//744 747//747
f 748//748 752//752 738//738
f 738//738 752//752 742//742
f 756//756 759//759 749//749
f 749//749 759//759 751//751
f 760//760 763//763 754//754
f 754//754 763//763 765//765
f 754//754 765//765 757//757
f 757//757 765//765 767//767
f 761//761 735//735 770//770
f 770//770 735//735 741//741
f 770//770 741//741 771//771
f 771//771 741//741 772//772
f 771//771 772//772 764//764
f 764//764 772//772 766//766
f 766//766 772//772 768//768
f 768//768 772//772 746//746
f 746//746 772//772 741//741
f 771//771 764//764 770//770
f 770//770 764//764 761//761
f 773//773 753//753 777//777
f 777//777 753//753 758//758
f 777//777 758//758 769//769
f 773//773 780//780 753//753
f 753//753 780//780 743//743
f 743//743 780//780 782//782
f 743//743 782//782 745//745
f 745//745 782//782 787//787
f 745//745 787//787 769//769
f 769//769 787//787 777//777
f 788//788 791//791 796//796
f 796//796 791//791 797//797
f 800//800 804//804 807//807
f 807//807 804//804 810//810
f 807//807 810//810 811//811
f 811//811 810//810 814//814
f 811//811 814//814 816//816
f 811//811 816//816 819//819
f 819//819 816//816 820//820
f 819//819 820//820 823//823
f 823//823 820//820 792//792
f 823//823 792//792 790//790
f 824//824 830//830 813//813
f 813//813 830//830 831//831
f 813//813 831//831 817//817
f 817//817 831//831 833//833
f 817//817 833//833 821//821
f 821//821 833//833 836//836
f 821//821 836//836 793//793
f 793//793 836//836 799//799
f 828//828 839//839 832//832
f 832//832 839//839 841//841
f 832//832 841//841 844//844
f 832//832 844//844 834//834
f 834//834 844//844 845//845
f 834//834 845//845 835//835
f 835//835 845//845 798//798
f 798//798 845//845 794//794
f 838//838 808//808 842//842
f 842//842 808//808 812//812
f 842//842 812//812 818//818
f 842//842 818//818 843//843
f 843//843 818//818 822//822
f 843//843 822//822 846//846
f 846//846 822//822 795//795
f 795//795 822//822 789//789
f 802//802 806//806 848//848
f 848//848 806//806 778//778
f 848//848 778//778 785//785
f 849//849 825//825 851//851
f 851//851 825//825 815//815
f 851//851 815//815 809//809
f 809//809 803//803 851//851
f 851//851 803//803 847//847
f 851//851 847//847 852//852
f 852//852 847//847 853//853
f 852//852 853//853 849//849
f 849//849 853//853 784//784
f 784//784 853//853 786//786
f 786//786 853//853 847//847
f 803//803 801//801 847//847
f 852//852 849//849 851//851
f 826//826 850//850 829//829
f 829//829 850//850 779//779
f 779//779 850//850 783//783
f 840//840 827//827 774//774
f 774//774 827//827 781//781
f 837//837 775//775 805//805
f 805//805 775//775 776//776
f 549//549 854//854 857//857
f 857//857 854//854 859//859
f 857//857 859//859 860//860
f 860//860 859//859 861//861
f 860//860 861//861 863//863
f 863//863 544//544 860//860
f 860//860 544//544 550//550
f 860//860 550//550 857//857
f 857//857 550//550 542//542
f 857//857 542//542 549//549
f 864//864 762//762 546//546
f 546//546 762//762 755//755
f 546//546 755//755 750//750
f 762//762 864//864 736//736
f 736//736 864//864 582//582
f 736//736 582//582 739//739
f 739//739 582//582 552//552
f 739//739 552//552 750//750
f 750//750 552//552 546//546
f 569//569 608//608 866//866
f 866//866 608//608 602//602
f 866//866 602//602 597//597
f 566//566 620//620 569//569
f 569//569 620//620 616//616
f 569//569 616//616 611//611
f 870//870 632//632 566//566
f 566//566 632//632 627//627
f 566//566 627//627 623//623
f 866//866 643//643 870//870
f 870//870 643//643 639//639
f 870//870 639//639 636//636
f 597//597 643//643 866//866
f 636//636 632//632 870//870
f 623//623 620//620 566//566
f 611//611 608//608 569//569
f 570//570 867//867 872//872
f 872//872 867//867 873//873
f 872//872 873//873 875//875
f 875//875 873//873 877//877
f 875//875 877//877 878//878
f 878//878 571//571 875//875
f 875//875 571//571 581//581
f 875//875 581//581 872//872
f 872//872 581//581 579//579
f 872//872 579//579 570//570
f 563//563 881//881 884//884
f 884//884 881//881 885//885
f 884//884 885//885 887//887
f 887//887 885//885 889//889
f 887//887 889//889 869//869
f 869//869 565//565 887//887
f 887//887 565//565 577//577
f 887//887 577//577 884//884
f 884//884 577//577 575//575
f 884//884 575//575 563//563
f 879//879 489//489 856//856
f 856//856 489//489 483//483
f 856//856 483//483 865//865
f 865//865 483//483 479//479
f 865//865 479//479 475//475
f 876//876 868//868 879//879
f 879//879 868//868 505//505
f 879//879 505//505 489//489
f 876//876 874//874 868//868
f 871//871 515//515 868//868
f 868//868 515//515 511//511
f 868//868 511//511 505//505
f 888//888 886//886 871//871
f 871//871 886//886 883//883
f 871//871 883//883 438//438
f 438//438 883//883 430//430
f 430//430 883//883 592//592
f 430//430 592//592 468//468
f 468//468 592//592 583//583
f 468//468 583//583 471//471
f 471//471 583//583 475//475
f 475//475 583//583 865//865
f 592//592 589//589 583//583
f 583//583 589//589 586//586
f 862//862 858//858 865//865
f 865//865 858//858 856//856
f 438//438 519//519 871//871
f 871//871 519//519 515//515
f 882//882 891//891 591//591
f 591//591 891//891 893//893
f 591//591 893//893 895//895
f 562//562 896//896 882//882
f 882//882 896//896 899//899
f 882//882 899//899 900//900
f 559//559 902//902 562//562
f 562//562 902//902 905//905
f 562//562 905//905 908//908
f 591//591 909//909 559//559
f 559//559 909//909 911//911
f 559//559 911//911 914//914
f 908//908 896//896 562//562
f 900//900 891//891 882//882
f 895//895 909//909 591//591
f 914//914 902//902 559//559
f 916//916 432//432 917//917
f 917//917 432//432 428//428
f 917//917 428//428 424//424
f 432//432 916//916 435//435
f 435//435 916//916 920//920
f 435//435 920//920 437//437
f 437//437 920//920 921//921
f 437//437 921//921 441//441
f 441//441 921//921 444//444
f 444//444 921//921 924//924
f 444//444 924//924 450//450
f 450//450 924//924 926//926
f 450//450 926//926 452//452
f 452//452 926//926 929//929
f 452//452 929//929 454//454
f 453//453 928//928 457//457
f 457//457 928//928 931//931
f 457//457 931//931 459//459
f 459//459 931//931 933//933
f 459//459 933//933 462//462
f 462//462 933//933 934//934
f 462//462 934//934 464//464
f 464//464 934//934 521//521
f 521//521 934//934 936//936
f 521//521 936//936 524//524
f 524//524 936//936 938//938
f 524//524 938//938 424//424
f 424//424 938//938 917//917
f 940//940 906//906 944//944
f 944//944 906//906 904//904
f 943//943 903//903 946//946
f 946//946 903//903 913//913
f 946//946 913//913 948//948
f 948//948 913//913 912//912
f 948//948 912//912 950//950
f 950//950 912//912 910//910
f 950//950 910//910 952//952
f 952//952 910//910 894//894
f 952//952 894//894 954//954
f 954//954 894//894 892//892
f 954//954 892//892 955//955
f 955//955 892//892 890//890
f 955//955 890//890 957//957
f 957//957 890//890 901//901
f 957//957 901//901 959//959
f 959//959 901//901 898//898
f 959//959 898//898 961//961
f 961//961 898//898 897//897
f 961//961 897//897 964//964
f 964//964 897//897 907//907
f 964//964 907//907 940//940
f 940//940 907//907 906//906
f 945//945 930//930 942//942
f 942//942 930//930 927//927
f 942//942 927//927 925//925
f 930//930 945//945 932//932
f 932//932 945//945 947//947
f 932//932 947//947 935//935
f 935//935 947//947 949//949
f 935//935 949//949 951//951
f 935//935 951//951 937//937
f 937//937 951//951 953//953
f 937//937 953//953 939//939
f 939//939 953//953 918//918
f 918//918 953//953 956//956
f 918//918 956//956 915//915
f 915//915 956//956 958//958
f 915//915 958//958 919//919
f 919//919 958//958 960//960
f 919//919 960//960 922//922
f 922//922 960//960 962//962
f 922//922 962//962 963//963
f 922//922 963//963 923//923
f 923//923 963//963 941//941
f 923//923 941//941 925//925
f 925//925 941//941 942//942
f 965//965 493//493 968//968
f 968//968 493//493 495//495
f 968//968 495//495 498//498
f 493//493 965//965 492//492
f 492//492 965//965 969//969
f 492//492 969//969 488//488
f 488//488 969//969 972//972
f 488//488 972//972 486//486
f 486//486 972//972 540//540
f 540//540 972//972 974//974
f 540//540 974//974 539//539
f 539//539 974//974 975//975
f 539//539 975//975 536//536
f 536//536 975//975 977//977
f 536//536 977//977 533//533
f 534//534 978//978 532//532
f 532//532 978//978 981//981
f 532//532 981//981 530//530
f 530//530 981//981 982//982
f 530//530 982//982 528//528
f 528//528 982//982 984//984
f 528//528 984//984 504//504
f 504//504 984//984 501//501
f 501//501 984//984 986//986
f 501//501 986//986 500//500
f 500//500 986//986 988//988
f 500//500 988//988 498//498
f 498//498 988//988 968//968
f 572//572 991//991 547//547
f 547//547 991//991 993//993
f 547//547 993//993 995//995
f 880//880 997//997 572//572
f 572//572 997//997 999//999
f 572//572 999//999 1002//1002
f 855//855 1004//1004 880//880
f 880//880 1004//1004 1005//1005
f 880//880 1005//1005 1008//1008
f 547//547 1009//1009 855//855
f 855//855 1009//1009 1012//1012
f 855//855 1012//1012 1013//1013
f 1008//1008 997//997 880//880
f 1002//1002 991//991 572//572
f 995//995 1009//1009 547//547
f 1013//1013 1004//1004 855//855
f 1015//1015 1006//1006 1017//1017
f 1017//1017 1006//1006 1003//1003
f 1017//1017 1003//1003 1020//1020
f 1020//1020 1003//1003 1014//1014
f 1020//1020 1014//1014 1021//1021
f 1021//1021 1014//1014 1011//1011
f 1021//1021 1011//1011 1024//1024
f 1024//1024 1011//1011 1010//1010
f 1024//1024 1010//1010 1025//1025
f 1025//1025 1010//1010 996//996
f 1025//1025 996//996 1027//1027
f 1027//1027 996//996 994//994
f 1027//1027 994//994 1031//1031
f 1031//1031 994//994 990//990
f 1029//1029 992//992 1033//1033
f 1033//1033 992//992 1001//1001
f 1033//1033 1001//1001 1034//1034
f 1034//1034 1001//1001 1000//1000
f 1034//1034 1000//1000 1036//1036
f 1036//1036 1000//1000 998//998
f 1036//1036 998//998 1039//1039
f 1039//1039 998//998 1007//1007
f 1039//1039 1007//1007 1015//1015
f 1015//1015 1007//1007 1006//1006
f 1019//1019 966//966 1018//1018
f 1018//1018 966//966 967//967
f 1018//1018 967//967 989//989
f 966//966 1019//1019 970//970
f 970//970 1019//1019 1022//1022
f 970//970 1022//1022 971//971
f 971//971 1022//1022 1023//1023
f 971//971 1023//1023 1026//1026
f 971//971 1026//1026 973//973
f 973//973 1026//1026 1028//1028
f 973//973 1028//1028 976//976
f 976//976 1028//1028 979//979
f 979//979 1028//1028 1030//1030
f 979//979 1030//1030 980//980
f 980//980 1030//1030 1032//1032
f 980//980 1032//1032 983//983
f 983//983 1032//1032 1035//1035
f 983//983 1035//1035 985//985
f 985//985 1035//1035 1037//1037
f 985//985 1037//1037 1038//1038
f 985//985 1038//1038 987//987
f 987//987 1038//1038 1016//1016
f 987//987 1016//1016 989//989
f 989//989 1016//1016 1018//1018
f 1040//1040 1043//1043 1044//1044
f 1044//1044 1043//1043 1047//1047
f 1044//1044 1047//1047 1049//1049
f 1049//1049 1047//1047 1051//1051
f 1049//1049 1051//1051 1053//1053
f 1043//1043 1040//1040 1055//1055
f 1055//1055 1040//1040 1056//1056
f 1055//1055 1056//1056 1059//1059
f 1059//1059 1056//1056 1061//1061
f 1059//1059 1061//1061 1063//1063
f 1059//1059 1063//1063 1064//1064
f 1064//1064 1063//1063 1066//1066
f 1064//1064 1066//1066 1068//1068
f 1068//1068 1066//1066 1070//1070
f 1068//1068 1070//1070 1073//1073
f 1073//1073 1070//1070 1076//1076
f 1076//1076 1070//1070 1078//1078
f 1076//1076 1078//1078 1081//1081
f 1081//1081 1078//1078 1082//1082
f 1081//1081 1082//1082 1084//1084
f 1084//1084 1082//1082 1086//1086
f 1084//1084 1086//1086 1088//1088
f 1084//1084 1088//1088 1053//1053
f 1053//1053 1088//1088 1049//1049
f 1091//1091 1092//1092 1095//1095
f 1095//1095 1092//1092 1098//1098
f 1095//1095 1098//1098 1100//1100
f 1100//1100 1098//1098 1103//1103
f 1100//1100 1103//1103 1105//1105
f 1092//1092 1091//1091 1107//1107
f 1107//1107 1091//1091 1108//1108
f 1107//1107 1108//1108 1110//1110
f 1110//1110 1108//1108 1113//1113
f 1110//1110 1113//1113 1114//1114
f 1110//1110 1114//1114 1117//1117
f 1117//1117 1114//1114 1118//1118
f 1117//1117 1118//1118 1120//1120
f 1120//1120 1118//1118 1122//1122
f 1120//1120 1122//1122 1124//1124
f 1124//1124 1122//1122 1127//1127
f 1127//1127 1122//1122 1128//1128
f 1127//1127 1128//1128 1130//1130
f 1130//1130 1128//1128 1133//1133
f 1130//1130 1133//1133 1134//1134
f 1134//1134 1133//1133 1136//1136
f 1134//1134 1136//1136 1139//1139
f 1134//1134 1139//1139 1105//1105
f 1105//1105 1139//1139 1100//1100
f 1142//1142 1145//1145 1138//1138
f 1138//1138 1145//1145 1146//1146
f 1138//1138 1146//1146 1101//1101
f 1101//1101 1146//1146 1148//1148
f 1101//1101 1148//1148 1096//1096
f 1096//1096 1148//1148 1150//1150
f 1094//1094 1151//1151 1153//1153
f 1094//1094 1153//1153 1090//1090
f 1090//1090 1153//1153 1155//1155
f 1090//1090 1155//1155 1109//1109
f 1109//1109 1155//1155 1158//1158
f 1109//1109 1158//1158 1112//1112
f 1112//1112 1158//1158 1160//1160
f 1112//1112 1160//1160 1163//1163
f 1155//1155 1164//1164 1158//1158
f 1163//1163 1168//1168 1112//1112
f 1112//1112 1168//1168 1115//1115
f 1115//1115 1168//1168 1171//1171
f 1115//1115 1171//1171 1173//1173
f 1115//1115 1173//1173 1119//1119
f 1119//1119 1173//1173 1176//1176
f 1119//1119 1176//1176 1123//1123
f 1123//1123 1176//1176 1177//1177
f 1123//1123 1177//1177 1179//1179
f 1123//1123 1179//1179 1129//1129
f 1129//1129 1179//1179 1182//1182
f 1129//1129 1182//1182 1132//1132
f 1132//1132 1182//1182 1184//1184
f 1132//1132 1184//1184 1137//1137
f 1137//1137 1184//1184 1186//1186
f 1137//1137 1186//1186 1189//1189
f 1182//1182 1191//1191 1184//1184
f 1189//1189 1142//1142 1137//1137
f 1137//1137 1142//1142 1138//1138
f 1093//1093 1069//1069 1099//1099
f 1099//1099 1069//1069 1074//1074
f 1097//1097 1075//1075 1102//1102
f 1102//1102 1075//1075 1077//1077
f 1102//1102 1077//1077 1104//1104
f 1104//1104 1077//1077 1080//1080
f 1104//1104 1080//1080 1135//1135
f 1135//1135 1080//1080 1085//1085
f 1135//1135 1085//1085 1131//1131
f 1131//1131 1085//1085 1052//1052
f 1131//1131 1052//1052 1126//1126
f 1126//1126 1052//1052 1050//1050
f 1126//1126 1050//1050 1125//1125
f 1125//1125 1050//1050 1046//1046
f 1125//1125 1046//1046 1121//1121
f 1121//1121 1046//1046 1042//1042
f 1121//1121 1042//1042 1116//1116
f 1116//1116 1042//1042 1054//1054
f 1116//1116 1054//1054 1111//1111
f 1111//1111 1054//1054 1058//1058
f 1111//1111 1058//1058 1106//1106
f 1106//1106 1058//1058 1065//1065
f 1106//1106 1065//1065 1093//1093
f 1093//1093 1065//1065 1069//1069
f 1166//1166 1156//1156 1193//1193
f 1193//1193 1156//1156 1195//1195
f 1193//1193 1195//1195 1197//1197
f 1197//1197 1195//1195 1198//1198
f 1197//1197 1198//1198 1200//1200
f 1200//1200 1198//1198 1202//1202
f 1202//1202 1198//1198 1205//1205
f 1205//1205 1198//1198 1206//1206
f 1205//1205 1206//1206 1207//1207
f 1207//1207 1206//1206 1209//1209
f 1207//1207 1209//1209 1211//1211
f 1211//1211 1209//1209 1212//1212
f 1211//1211 1212//1212 1213//1213
f 1213//1213 1212//1212 1215//1215
f 1213//1213 1215//1215 1218//1218
f 1218//1218 1215//1215 1219//1219
f 1219//1219 1215//1215 1221//1221
f 1221//1221 1215//1215 1223//1223
f 1221//1221 1223//1223 1225//1225
f 1225//1225 1223//1223 1147//1147
f 1225//1225 1147//1147 1144//1144
f 1195//1195 1156//1156 1226//1226
f 1226//1226 1156//1156 1154//1154
f 1226//1226 1154//1154 1227//1227
f 1227//1227 1154//1154 1152//1152
f 1227//1227 1152//1152 1228//1228
f 1228//1228 1152//1152 1149//1149
f 1228//1228 1149//1149 1223//1223
f 1223//1223 1149//1149 1147//1147
f 1206//1206 1198//1198 1195//1195
f 1206//1206 1195//1195 1226//1226
f 1209//1209 1206//1206 1226//1226
f 1209//1209 1226//1226 1227//1227
f 1212//1212 1209//1209 1227//1227
f 1212//1212 1227//1227 1228//1228
f 1215//1215 1212//1212 1228//1228
f 1215//1215 1228//1228 1223//1223
f 1194//1194 1224//1224 1165//1165
f 1165//1165 1224//1224 1143//1143
f 1165//1165 1143//1143 1157//1157
f 1157//1157 1143//1143 1141//1141
f 1194//1194 1196//1196 1224//1224
f 1224//1224 1196//1196 1203//1203
f 1224//1224 1203//1203 1222//1222
f 1222//1222 1203//1203 1217//1217
f 1222//1222 1217//1217 1220//1220
f 1196//1196 1199//1199 1203//1203
f 1159//1159 1140//1140 1161//1161
f 1161//1161 1140//1140 1188//1188
f 1161//1161 1188//1188 1187//1187
f 1161//1161 1187//1187 1162//1162
f 1162//1162 1187//1187 1185//1185
f 1162//1162 1185//1185 1167//1167
f 1230//1230 1231//1231 1190//1190
f 1190//1190 1231//1231 1172//1172
f 1190//1190 1172//1172 1183//1183
f 1183//1183 1172//1172 1169//1169
f 1233//1233 1236//1236 1230//1230
f 1230//1230 1236//1236 1238//1238
f 1230//1230 1238//1238 1231//1231
f 1240//1240 1244//1244 1233//1233
f 1233//1233 1244//1244 1236//1236
f 1236//1236 1245//1245 1238//1238
f 1246//1246 1237//1237 1247//1247
f 1247//1247 1237//1237 1248//1248
f 1247//1247 1248//1248 1250//1250
f 1250//1250 1248//1248 1252//1252
f 1250//1250 1252//1252 1253//1253
f 1253//1253 1252//1252 1254//1254
f 1253//1253 1254//1254 1256//1256
f 1256//1256 1254//1254 1258//1258
f 1256//1256 1258//1258 1259//1259
f 1259//1259 1258//1258 1242//1242
f 1259//1259 1242//1242 1241//1241
f 1241//1241 1234//1234 1259//1259
f 1259//1259 1234//1234 1260//1260
f 1259//1259 1260//1260 1256//1256
f 1256//1256 1260//1260 1261//1261
f 1256//1256 1261//1261 1253//1253
f 1253//1253 1261//1261 1262//1262
f 1253//1253 1262//1262 1250//1250
f 1250//1250 1262//1262 1263//1263
f 1250//1250 1263//1263 1247//1247
f 1247//1247 1263//1263 1264//1264
f 1247//1247 1264//1264 1239//1239
f 1239//1239 1264//1264 1232//1232
f 1232//1232 1264//1264 1174//1174
f 1232//1232 1174//1174 1170//1170
f 1234//1234 1229//1229 1260//1260
f 1260//1260 1229//1229 1181//1181
f 1260//1260 1181//1181 1261//1261
f 1261//1261 1181//1181 1180//1180
f 1261//1261 1180//1180 1262//1262
f 1262//1262 1180//1180 1178//1178
f 1262//1262 1178//1178 1263//1263
f 1263//1263 1178//1178 1175//1175
f 1263//1263 1175//1175 1264//1264
f 1264//1264 1175//1175 1174//1174
f 1229//1229 1192//1192 1181//1181
f 1239//1239 1246//1246 1247//1247
f 1201//1201 1204//1204 1216//1216
f 1216//1216 1204//1204 1214//1214
f 1214//1214 1204//1204 1210//1210
f 1210//1210 1204//1204 1208//1208
f 1235//1235 1243//1243 1249//1249
f 1249//1249 1243//1243 1257//1257
f 1249//1249 1257//1257 1255//1255
f 1255//1255 1251//1251 1249//1249
f 1265//1265 1268//1268 1271//1271
f 1271//1271 1268//1268 1274//1274
f 1274//1274 1268//1268 1275//1275
f 1274//1274 1275//1275 1277//1277
f 1277//1277 1275//1275 1279//1279
f 1279//1279 1275//1275 1283//1283
f 1285//1285 1289//1289 1291//1291
f 1291//1291 1289//1289 1294//1294
f 1291//1291 1294//1294 1295//1295
f 1295//1295 1297//1297 1291//1291
f 1300//1300 1288//1288 1301//1301
f 1301//1301 1288//1288 1287//1287
f 1301//1301 1287//1287 1303//1303
f 1303//1303 1287//1287 1305//1305
f 1303//1303 1305//1305 1308//1308
f 1287//1287 1310//1310 1305//1305
f 1303//1303 1308//1308 1312//1312
f 1312//1312 1308//1308 1316//1316
f 1312//1312 1316//1316 1270//1270
f 1270//1270 1316//1316 1266//1266
f 1311//1311 1317//1317 1304//1304
f 1304//1304 1317//1317 1319//1319
f 1304//1304 1319//1319 1302//1302
f 1302//1302 1319//1319 1320//1320
f 1302//1302 1320//1320 1299//1299
f 1299//1299 1320//1320 1290//1290
f 1290//1290 1320//1320 1293//1293
f 1293//1293 1320//1320 1321//1321
f 1293//1293 1321//1321 1296//1296
f 1296//1296 1321//1321 1322//1322
f 1296//1296 1322//1322 1298//1298
f 1298//1298 1322//1322 1323//1323
f 1298//1298 1323//1323 1292//1292
f 1292//1292 1323//1323 1324//1324
f 1292//1292 1324//1324 1286//1286
f 1286//1286 1324//1324 1309//1309
f 1309//1309 1324//1324 1306//1306
f 1306//1306 1324//1324 1325//1325
f 1306//1306 1325//1325 1315//1315
f 1315//1315 1325//1325 1326//1326
f 1326//1326 1325//1325 1329//1329
f 1329//1329 1325//1325 1330//1330
f 1329//1329 1330//1330 1331//1331
f 1331//1331 1330//1330 1334//1334
f 1331//1331 1334//1334 1336//1336
f 1336//1336 1334//1334 1337//1337
f 1336//1336 1337//1337 1317//1317
f 1317//1317 1337//1337 1319//1319
f 1315//1315 1307//1307 1306//1306
f 1321//1321 1320//1320 1319//1319
f 1321//1321 1319//1319 1337//1337
f 1322//1322 1321//1321 1337//1337
f 1322//1322 1337//1337 1334//1334
f 1323//1323 1322//1322 1334//1334
f 1323//1323 1334//1334 1330//1330
f 1324//1324 1323//1323 1330//1330
f 1324//1324 1330//1330 1325//1325
f 1338//1338 1342//1342 1345//1345
f 1345//1345 1342//1342 1346//1346
f 1346//1346 1342//1342 1348//1348
f 1348//1348 1342//1342 1351//1351
f 1352//1352 1339//1339 1355//1355
f 1355//1355 1339//1339 1343//1343
f 1355//1355 1343//1343 1356//1356
f 1356//1356 1343//1343 1358//1358
f 1356//1356 1358//1358 1360//1360
f 1343//1343 1362//1362 1358//1358
f 1356//1356 1360//1360 1366//1366
f 1366//1366 1360//1360 1368//1368
f 1366//1366 1368//1368 1284//1284
f 1284//1284 1368//1368 1280//1280
f 1281//1281 1369//1369 1089//1089
f 1089//1089 1369//1369 1370//1370
f 1089//1089 1370//1370 1048//1048
f 1048//1048 1370//1370 1372//1372
f 1048//1048 1372//1372 1045//1045
f 1045//1045 1372//1372 1374//1374
f 1045//1045 1374//1374 1376//1376
f 1045//1045 1376//1376 1041//1041
f 1041//1041 1376//1376 1378//1378
f 1041//1041 1378//1378 1057//1057
f 1057//1057 1378//1378 1365//1365
f 1057//1057 1365//1365 1282//1282
f 1057//1057 1282//1282 1060//1060
f 1060//1060 1282//1282 1276//1276
f 1060//1060 1276//1276 1269//1269
f 1269//1269 1267//1267 1060//1060
f 1060//1060 1267//1267 1062//1062
f 1062//1062 1267//1267 1314//1314
f 1062//1062 1314//1314 1327//1327
f 1062//1062 1327//1327 1067//1067
f 1067//1067 1327//1327 1328//1328
f 1067//1067 1328//1328 1072//1072
f 1072//1072 1328//1328 1332//1332
f 1071//1071 1333//1333 1335//1335
f 1071//1071 1335//1335 1079//1079
f 1079//1079 1335//1335 1318//1318
f 1079//1079 1318//1318 1083//1083
f 1083//1083 1318//1318 1313//1313
f 1083//1083 1313//1313 1272//1272
f 1083//1083 1272//1272 1087//1087
f 1087//1087 1272//1272 1273//1273
f 1087//1087 1273//1273 1278//1278
f 1278//1278 1281//1281 1087//1087
f 1087//1087 1281//1281 1089//1089
f 1364//1364 1379//1379 1357//1357
f 1357//1357 1379//1379 1380//1380
f 1357//1357 1380//1380 1354//1354
f 1354//1354 1380//1380 1381//1381
f 1354//1354 1381//1381 1353//1353
f 1353//1353 1381//1381 1340//1340
f 1340//1340 1381//1381 1341//1341
f 1341//1341 1381//1381 1382//1382
f 1341//1341 1382//1382 1350//1350
f 1350//1350 1382//1382 1383//1383
f 1350//1350 1383//1383 1349//1349
f 1349//1349 1383//1383 1384//1384
f 1349//1349 1384//1384 1347//1347
f 1347//1347 1384//1384 1385//1385
f 1347//1347 1385//1385 1344//1344
f 1344//1344 1385//1385 1363//1363
f 1363//1363 1385//1385 1359//1359
f 1359//1359 1385//1385 1386//1386
f 1359//1359 1386//1386 1367//1367
f 1367//1367 1386//1386 1371//1371
f 1371//1371 1386//1386 1373//1373
f 1373//1373 1386//1386 1387//1387
f 1373//1373 1387//1387 1375//1375
f 1375//1375 1387//1387 1388//1388
f 1375//1375 1388//1388 1377//1377
f 1377//1377 1388//1388 1389//1389
f 1377//1377 1389//1389 1379//1379
f 1379//1379 1389//1389 1380//1380
f 1367//1367 1361//1361 1359//1359
f 1382//1382 1381//1381 1380//1380
f 1382//1382 1380//1380 1389//1389
f 1383//1383 1382//1382 1389//1389
f 1383//1383 1389//1389 1388//1388
f 1384//1384 1383//1383 1388//1388
f 1384//1384 1388//1388 1387//1387
f 1385//1385 1384//1384 1387//1387
f 1385//1385 1387//1387 1386//1386
f 1391//1391 1393//1393 1397//1397
f 1396//1396 1394//1394 1399//1399
f 1396//1396 1399//1399 1401//1401
f 1401//1401 1402//1402 1396//1396
f 1396//1396 1402//1402 1405//1405
f 1405//1405 1402//1402 1406//1406
f 1405//1405 1406//1406 1408//1408
f 1408//1408 1406//1406 1411//1411
f 1408//1408 1411//1411 1414//1414
f 1414//1414 1411//1411 1415//1415
f 1414//1414 1415//1415 1418//1418
f 1418//1418 1419//1419 1414//1414
f 1413//1413 1422//1422 1424//1424
f 1413//1413 1424//1424 1425//1425
f 1425//1425 1427//1427 1413//1413
f 1413//1413 1427//1427 1430//1430
f 1413//1413 1430//1430 1431//1431
f 1431//1431 1430//1430 1434//1434
f 1431//1431 1434//1434 1435//1435
f 1435//1435 1434//1434 1437//1437
f 1435//1435 1437//1437 1440//1440
f 1440//1440 1437//1437 1441//1441
f 1440//1440 1441//1441 1444//1444
f 1444//1444 1441//1441 1446//1446
f 1444//1444 1446//1446 1448//1448
f 1448//1448 1446//1446 1449//1449
f 1448//1448 1449//1449 1452//1452
f 1452//1452 1449//1449 1454//1454
f 1454//1454 1449//1449 1455//1455
f 1454//1454 1455//1455 1458//1458
f 1458//1458 1455//1455 1460//1460
f 1460//1460 1455//1455 1462//1462
f 1462//1462 1455//1455 1464//1464
f 1464//1464 1455//1455 1466//1466
f 1466//1466 1455//1455 1468//1468
f 1468//1468 1455//1455 1469//1469
f 1469//1469 1455//1455 1472//1472
f 1469//1469 1472//1472 1474//1474
f 1474//1474 1472//1472 1475//1475
f 1475//1475 1472//1472 1477//1477
f 1475//1475 1477//1477 1479//1479
f 1479//1479 1477//1477 1481//1481
f 1479//1479 1481//1481 1483//1483
f 1483//1483 1481//1481 1486//1486
f 1483//1483 1486//1486 1408//1408
f 1408//1408 1486//1486 1405//1405
f 1434//1434 1430//1430 1397//1397
f 1397//1397 1430//1430 1487//1487
f 1397//1397 1487//1487 1489//1489
f 1489//1489 1391//1391 1397//1397
f 1474//1474 1491//1491 1469//1469
f 1469//1469 1491//1491 1494//1494
f 1494//1494 1491//1491 1496//1496
f 1496//1496 1491//1491 1498//1498
f 1498//1498 1491//1491 1500//1500
f 1500//1500 1491//1491 1502//1502
f 1502//1502 1491//1491 1505//1505
f 1505//1505 1491//1491 1507//1507
f 1507//1507 1491//1491 1448//1448
f 1507//1507 1448//1448 1452//1452
f 1509//1509 1512//1512 1514//1514
f 1514//1514 1512//1512 1447//1447
f 1514//1514 1447//1447 1492//1492
f 1509//1509 1517//1517 1512//1512
f 1520//1520 1439//1439 1512//1512
f 1512//1512 1439//1439 1443//1443
f 1512//1512 1443//1443 1447//1447
f 1522//1522 1524//1524 1520//1520
f 1520//1520 1524//1524 1525//1525
f 1520//1520 1525//1525 1432//1432
f 1432//1432 1525//1525 1412//1412
f 1412//1412 1525//1525 1528//1528
f 1412//1412 1528//1528 1409//1409
f 1409//1409 1528//1528 1533//1533
f 1409//1409 1533//1533 1484//1484
f 1484//1484 1533//1533 1480//1480
f 1480//1480 1533//1533 1535//1535
f 1480//1480 1535//1535 1476//1476
f 1476//1476 1535//1535 1473//1473
f 1473//1473 1535//1535 1539//1539
f 1473//1473 1539//1539 1492//1492
f 1492//1492 1539//1539 1514//1514
f 1528//1528 1541//1541 1533//1533
f 1533//1533 1541//1541 1542//1542
f 1544//1544 1547//1547 1535//1535
f 1535//1535 1547//1547 1539//1539
f 1432//1432 1436//1436 1520//1520
f 1520//1520 1436//1436 1439//1439
f 1518//1518 1548//1548 1551//1551
f 1551//1551 1548//1548 1553//1553
f 1551//1551 1553//1553 1554//1554
f 1554//1554 1553//1553 1556//1556
f 1554//1554 1556//1556 1559//1559
f 1559//1559 1527//1527 1554//1554
f 1554//1554 1527//1527 1523//1523
f 1554//1554 1523//1523 1551//1551
f 1551//1551 1523//1523 1521//1521
f 1551//1551 1521//1521 1518//1518
f 1560//1560 1562//1562 1564//1564
f 1564//1564 1562//1562 1570//1570
f 1567//1567 1568//1568 1571//1571
f 1571//1571 1568//1568 1573//1573
f 1571//1571 1573//1573 1576//1576
f 1576//1576 1573//1573 1578//1578
f 1576//1576 1578//1578 1579//1579
f 1579//1579 1578//1578 1581//1581
f 1579//1579 1581//1581 1584//1584
f 1584//1584 1581//1581 1586//1586
f 1584//1584 1586//1586 1587//1587
f 1587//1587 1586//1586 1589//1589
f 1587//1587 1589//1589 1591//1591
f 1591//1591 1589//1589 1594//1594
f 1591//1591 1594//1594 1596//1596
f 1596//1596 1594//1594 1597//1597
f 1596//1596 1597//1597 1599//1599
f 1599//1599 1597//1597 1602//1602
f 1599//1599 1602//1602 1604//1604
f 1604//1604 1602//1602 1605//1605
f 1604//1604 1605//1605 1608//1608
f 1608//1608 1605//1605 1610//1610
f 1608//1608 1610//1610 1560//1560
f 1560//1560 1610//1610 1562//1562
f 1572//1572 1611//1611 1565//1565
f 1565//1565 1611//1611 1613//1613
f 1566//1566 1612//1612 1614//1614
f 1614//1614 1612//1612 1615//1615
f 1614//1614 1615//1615 1617//1617
f 1617//1617 1615//1615 1619//1619
f 1617//1617 1619//1619 1620//1620
f 1620//1620 1619//1619 1622//1622
f 1620//1620 1622//1622 1623//1623
f 1623//1623 1622//1622 1625//1625
f 1623//1623 1625//1625 1626//1626
f 1626//1626 1625//1625 1630//1630
f 1611//1611 1572//1572 1641//1641
f 1641//1641 1572//1572 1575//1575
f 1641//1641 1575//1575 1642//1642
f 1642//1642 1575//1575 1580//1580
f 1642//1642 1580//1580 1643//1643
f 1643//1643 1580//1580 1583//1583
f 1643//1643 1583//1583 1644//1644
f 1644//1644 1583//1583 1588//1588
f 1644//1644 1588//1588 1645//1645
f 1645//1645 1588//1588 1592//1592
f 1645//1645 1592//1592 1646//1646
f 1646//1646 1592//1592 1647//1647
f 1646//1646 1647//1647 1648//1648
f 1648//1648 1647//1647 1649//1649
f 1648//1648 1649//1649 1650//1650
f 1650//1650 1649//1649 1651//1651
f 1650//1650 1651//1651 1652//1652
f 1652//1652 1651//1651 1653//1653
f 1652//1652 1653//1653 1654//1654
f 1654//1654 1653//1653 1655//1655
f 1654//1654 1655//1655 1632//1632
f 1592//1592 1595//1595 1647//1647
f 1647//1647 1595//1595 1656//1656
f 1647//1647 1656//1656 1649//1649
f 1649//1649 1656//1656 1657//1657
f 1649//1649 1657//1657 1651//1651
f 1651//1651 1657//1657 1658//1658
f 1651//1651 1658//1658 1653//1653
f 1653//1653 1658//1658 1659//1659
f 1653//1653 1659//1659 1655//1655
f 1655//1655 1659//1659 1626//1626
f 1655//1655 1626//1626 1636//1636
f 1595//1595 1600//1600 1656//1656
f 1656//1656 1600//1600 1660//1660
f 1656//1656 1660//1660 1657//1657
f 1657//1657 1660//1660 1661//1661
f 1657//1657 1661//1661 1658//1658
f 1658//1658 1661//1661 1662//1662
f 1658//1658 1662//1662 1659//1659
f 1659//1659 1662//1662 1623//1623
f 1659//1659 1623//1623 1626//1626
f 1600//1600 1603//1603 1660//1660
f 1660//1660 1603//1603 1663//1663
f 1660//1660 1663//1663 1661//1661
f 1661//1661 1663//1663 1664//1664
f 1661//1661 1664//1664 1662//1662
f 1662//1662 1664//1664 1620//1620
f 1662//1662 1620//1620 1623//1623
f 1603//1603 1607//1607 1663//1663
f 1663//1663 1607//1607 1665//1665
f 1663//1663 1665//1665 1664//1664
f 1664//1664 1665//1665 1617//1617
f 1664//1664 1617//1617 1620//1620
f 1607//1607 1561//1561 1665//1665
f 1665//1665 1561//1561 1614//1614
f 1665//1665 1614//1614 1617//1617
f 1561//1561 1566//1566 1614//1614
f 1654//1654 1627//1627 1666//1666
f 1667//1667 1635//1635 1668//1668
f 1668//1668 1628//1628 1669//1669
f 1669//1669 1638//1638 1670//1670
f 1670//1670 1634//1634 1671//1671
f 1672//1672 1637//1637 1673//1673
f 1673//1673 1629//1629 1674//1674
f 1674//1674 1633//1633 1675//1675
f 1675//1675 1631//1631 1624//1624
f 1616//1616 1613//1613 1676//1676
f 1676//1676 1613//1613 1611//1611
f 1676//1676 1611//1611 1677//1677
f 1677//1677 1611//1611 1641//1641
f 1677//1677 1641//1641 1678//1678
f 1678//1678 1641//1641 1642//1642
f 1678//1678 1642//1642 1679//1679
f 1679//1679 1642//1642 1643//1643
f 1679//1679 1643//1643 1680//1680
f 1680//1680 1643//1643 1644//1644
f 1680//1680 1644//1644 1681//1681
f 1681//1681 1644//1644 1645//1645
f 1681//1681 1645//1645 1682//1682
f 1682//1682 1645//1645 1646//1646
f 1682//1682 1646//1646 1648//1648
f 1618//1618 1616//1616 1683//1683
f 1683//1683 1616//1616 1676//1676
f 1683//1683 1676//1676 1684//1684
f 1684//1684 1676//1676 1677//1677
f 1684//1684 1677//1677 1685//1685
f 1685//1685 1677//1677 1678//1678
f 1685//1685 1678//1678 1686//1686
f 1686//1686 1678//1678 1679//1679
f 1686//1686 1679//1679 1687//1687
f 1687//1687 1679//1679 1680//1680
f 1687//1687 1680//1680 1688//1688
f 1688//1688 1680//1680 1681//1681
f 1688//1688 1681//1681 1689//1689
f 1689//1689 1681//1681 1682//1682
f 1689//1689 1682//1682 1690//1690
f 1690//1690 1682//1682 1648//1648
f 1690//1690 1648//1648 1650//1650
f 1675//1675 1624//1624 1621//1621
f 1621//1621 1618//1618 1691//1691
f 1691//1691 1618//1618 1683//1683
f 1691//1691 1683//1683 1692//1692
f 1692//1692 1683//1683 1684//1684
f 1692//1692 1684//1684 1693//1693
f 1693//1693 1684//1684 1685//1685
f 1693//1693 1685//1685 1694//1694
f 1694//1694 1685//1685 1686//1686
f 1694//1694 1686//1686 1695//1695
f 1695//1695 1686//1686 1687//1687
f 1695//1695 1687//1687 1696//1696
f 1696//1696 1687//1687 1688//1688
f 1696//1696 1688//1688 1697//1697
f 1697//1697 1688//1688 1689//1689
f 1697//1697 1689//1689 1698//1698
f 1698//1698 1689//1689 1690//1690
f 1698//1698 1690//1690 1699//1699
f 1699//1699 1690//1690 1650//1650
f 1699//1699 1650//1650 1652//1652
f 1666//1666 1639//1639 1667//1667
f 1671//1671 1640//1640 1672//1672
f 1674//1674 1675//1675 1691//1691
f 1691//1691 1675//1675 1621//1621
f 1674//1674 1691//1691 1692//1692
f 1673//1673 1674//1674 1692//1692
f 1673//1673 1692//1692 1693//1693
f 1672//1672 1673//1673 1693//1693
f 1672//1672 1693//1693 1694//1694
f 1671//1671 1672//1672 1694//1694
f 1671//1671 1694//1694 1695//1695
f 1670//1670 1671//1671 1695//1695
f 1670//1670 1695//1695 1696//1696
f 1669//1669 1670//1670 1696//1696
f 1669//1669 1696//1696 1697//1697
f 1669//1669 1697//1697 1668//1668
f 1668//1668 1697//1697 1698//1698
f 1668//1668 1698//1698 1667//1667
f 1667//1667 1698//1698 1699//1699
f 1667//1667 1699//1699 1666//1666
f 1666//1666 1699//1699 1652//1652
f 1666//1666 1652//1652 1654//1654
f 1701//1701 1703//1703 1707//1707
f 1707//1707 1703//1703 1708//1708
f 1707//1707 1708//1708 1711//1711
f 1714//1714 1719//1719 1704//1704
f 1704//1704 1719//1719 1710//1710
f 1720//1720 1724//1724 1715//1715
f 1715//1715 1724//1724 1717//1717
f 1728//1728 1730//1730 1721//1721
f 1721//1721 1730//1730 1731//1731
f 1721//1721 1731//1731 1725//1725
f 1725//1725 1731//1731 1734//1734
f 1727//1727 1702//1702 1736//1736
f 1736//1736 1702//1702 1706//1706
f 1736//1736 1706//1706 1737//1737
f 1737//1737 1706//1706 1738//1738
f 1737//1737 1738//1738 1729//1729
f 1729//1729 1738//1738 1732//1732
f 1732//1732 1738//1738 1735//1735
f 1735//1735 1738//1738 1712//1712
f 1712//1712 1738//1738 1706//1706
f 1737//1737 1729//1729 1736//1736
f 1736//1736 1729//1729 1727//1727
f 1740//1740 1718//1718 1742//1742
f 1742//1742 1718//1718 1723//1723
f 1742//1742 1723//1723 1733//1733
f 1740//1740 1746//1746 1718//1718
f 1718//1718 1746//1746 1709//1709
f 1709//1709 1746//1746 1749//1749
f 1709//1709 1749//1749 1713//1713
f 1713//1713 1749//1749 1752//1752
f 1713//1713 1752//1752 1733//1733
f 1733//1733 1752//1752 1742//1742
f 1754//1754 1759//1759 1760//1760
f 1760//1760 1759//1759 1763//1763
f 1767//1767 1770//1770 1772//1772
f 1772//1772 1770//1770 1775//1775
f 1772//1772 1775//1775 1777//1777
f 1777//1777 1775//1775 1779//1779
f 1777//1777 1779//1779 1783//1783
f 1777//1777 1783//1783 1784//1784
f 1784//1784 1783//1783 1786//1786
f 1784//1784 1786//1786 1789//1789
f 1789//1789 1786//1786 1757//1757
f 1789//1789 1757//1757 1756//1756
f 1791//1791 1793//1793 1781//1781
f 1781//1781 1793//1793 1797//1797
f 1781//1781 1797//1797 1782//1782
f 1782//1782 1797//1797 1800//1800
f 1782//1782 1800//1800 1787//1787
f 1787//1787 1800//1800 1801//1801
f 1787//1787 1801//1801 1758//1758
f 1758//1758 1801//1801 1765//1765
f 1796//1796 1804//1804 1798//1798
f 1798//1798 1804//1804 1807//1807
f 1798//1798 1807//1807 1810//1810
f 1798//1798 1810//1810 1799//1799
f 1799//1799 1810//1810 1811//1811
f 1799//1799 1811//1811 1802//1802
f 1802//1802 1811//1811 1764//1764
f 1764//1764 1811//1811 1762//1762
f 1805//1805 1771//1771 1808//1808
f 1808//1808 1771//1771 1778//1778
f 1808//1808 1778//1778 1785//1785
f 1808//1808 1785//1785 1809//1809
f 1809//1809 1785//1785 1788//1788
f 1809//1809 1788//1788 1812//1812
f 1812//1812 1788//1788 1761//1761
f 1761//1761 1788//1788 1755//1755
f 1766//1766 1773//1773 1814//1814
f 1814//1814 1773//1773 1743//1743
f 1814//1814 1743//1743 1751//1751
f 1815//1815 1790//1790 1817//1817
f 1817//1817 1790//1790 1780//1780
f 1817//1817 1780//1780 1776//1776
f 1776//1776 1769//1769 1817//1817
f 1817//1817 1769//1769 1813//1813
f 1817//1817 1813//1813 1818//1818
f 1818//1818 1813//1813 1819//1819
f 1818//1818 1819//1819 1815//1815
f 1815//1815 1819//1819 1748//1748
f 1748//1748 1819//1819 1753//1753
f 1753//1753 1819//1819 1813//1813
f 1769//1769 1768//1768 1813//1813
f 1818//1818 1815//1815 1817//1817
f 1792//1792 1816//1816 1795//1795
f 1795//1795 1816//1816 1747//1747
f 1747//1747 1816//1816 1750//1750
f 1803//1803 1794//1794 1739//1739
f 1739//1739 1794//1794 1745//1745
f 1806//1806 1741//1741 1774//1774
f 1774//1774 1741//1741 1744//1744
f 1513//1513 1822//1822 1823//1823
f 1823//1823 1822//1822 1825//1825
f 1823//1823 1825//1825 1826//1826
f 1826//1826 1825//1825 1827//1827
f 1826//1826 1827//1827 1830//1830
f 1830//1830 1511//1511 1826//1826
f 1826//1826 1511//1511 1516//1516
f 1826//1826 1516//1516 1823//1823
f 1823//1823 1516//1516 1508//1508
f 1823//1823 1508//1508 1513//1513
f 1831//1831 1726//1726 1510//1510
f 1510//1510 1726//1726 1722//1722
f 1510//1510 1722//1722 1716//1716
f 1726//1726 1831//1831 1700//1700
f 1700//1700 1831//1831 1549//1549
f 1700//1700 1549//1549 1705//1705
f 1705//1705 1549//1549 1519//1519
f 1705//1705 1519//1519 1716//1716
f 1716//1716 1519//1519 1510//1510
f 1536//1536 1574//1574 1832//1832
f 1832//1832 1574//1574 1569//1569
f 1832//1832 1569//1569 1563//1563
f 1532//1532 1585//1585 1536//1536
f 1536//1536 1585//1585 1582//1582
f 1536//1536 1582//1582 1577//1577
f 1835//1835 1598//1598 1532//1532
f 1532//1532 1598//1598 1593//1593
f 1532//1532 1593//1593 1590//1590
f 1832//1832 1609//1609 1835//1835
f 1835//1835 1609//1609 1606//1606
f 1835//1835 1606//1606 1601//1601
f 1563//1563 1609//1609 1832//1832
f 1601//1601 1598//1598 1835//1835
f 1590//1590 1585//1585 1532//1532
f 1577//1577 1574//1574 1536//1536
f 1534//1534 1834//1834 1838//1838
f 1838//1838 1834//1834 1839//1839
f 1838//1838 1839//1839 1841//1841
f 1841//1841 1839//1839 1843//1843
f 1841//1841 1843//1843 1844//1844
f 1844//1844 1537//1537 1841//1841
f 1841//1841 1537//1537 1546//1546
f 1841//1841 1546//1546 1838//1838
f 1838//1838 1546//1546 1545//1545
f 1838//1838 1545//1545 1534//1534
f 1530//1530 1848//1848 1850//1850
f 1850//1850 1848//1848 1852//1852
f 1850//1850 1852//1852 1853//1853
f 1853//1853 1852//1852 1855//1855
f 1853//1853 1855//1855 1837//1837
f 1837//1837 1531//1531 1853//1853
f 1853//1853 1531//1531 1543//1543
f 1853//1853 1543//1543 1850//1850
f 1850//1850 1543//1543 1540//1540
f 1850//1850 1540//1540 1530//1530
f 1846//1846 1456//1456 1820//1820
f 1820//1820 1456//1456 1450//1450
f 1820//1820 1450//1450 1829//1829
f 1829//1829 1450//1450 1445//1445
f 1829//1829 1445//1445 1442//1442
f 1842//1842 1833//1833 1846//1846
f 1846//1846 1833//1833 1471//1471
f 1846//1846 1471//1471 1456//1456
f 1842//1842 1840//1840 1833//1833
f 1836//1836 1482//1482 1833//1833
f 1833//1833 1482//1482 1478//1478
f 1833//1833 1478//1478 1471//1471
f 1854//1854 1851//1851 1836//1836
f 1836//1836 1851//1851 1849//1849
f 1836//1836 1849//1849 1404//1404
f 1404//1404 1849//1849 1395//1395
f 1395//1395 1849//1849 1557//1557
f 1395//1395 1557//1557 1433//1433
f 1433//1433 1557//1557 1550//1550
f 1433//1433 1550//1550 1438//1438
f 1438//1438 1550//1550 1442//1442
f 1442//1442 1550//1550 1829//1829
f 1557//1557 1555//1555 1550//1550
f 1550//1550 1555//1555 1552//1552
f 1828//1828 1824//1824 1829//1829
f 1829//1829 1824//1824 1820//1820
f 1404//1404 1485//1485 1836//1836
f 1836//1836 1485//1485 1482//1482
f 1847//1847 1856//1856 1558//1558
f 1558//1558 1856//1856 1858//1858
f 1558//1558 1858//1858 1860//1860
f 1529//1529 1863//1863 1847//1847
f 1847//1847 1863//1863 1864//1864
f 1847//1847 1864//1864 1867//1867
f 1526//1526 1869//1869 1529//1529
f 1529//1529 1869//1869 1872//1872
f 1529//1529 1872//1872 1873//1873
f 1558//1558 1875//1875 1526//1526
f 1526//1526 1875//1875 1878//1878
f 1526//1526 1878//1878 1879//1879
f 1873//1873 1863//1863 1529//1529
f 1867//1867 1856//1856 1847//1847
f 1860//1860 1875//1875 1558//1558
f 1879//1879 1869//1869 1526//1526
f 1881//1881 1398//1398 1884//1884
f 1884//1884 1398//1398 1392//1392
f 1884//1884 1392//1392 1390//1390
f 1398//1398 1881//1881 1400//1400
f 1400//1400 1881//1881 1886//1886
f 1400//1400 1886//1886 1403//1403
f 1403//1403 1886//1886 1888//1888
f 1403//1403 1888//1888 1407//1407
f 1407//1407 1888//1888 1410//1410
f 1410//1410 1888//1888 1890//1890
f 1410//1410 1890//1890 1416//1416
f 1416//1416 1890//1890 1892//1892
f 1416//1416 1892//1892 1417//1417
f 1417//1417 1892//1892 1893//1893
f 1417//1417 1893//1893 1420//1420
f 1421//1421 1894//1894 1423//1423
f 1423//1423 1894//1894 1897//1897
f 1423//1423 1897//1897 1426//1426
f 1426//1426 1897//1897 1898//1898
f 1426//1426 1898//1898 1428//1428
f 1428//1428 1898//1898 1900//1900
f 1428//1428 1900//1900 1429//1429
f 1429//1429 1900//1900 1488//1488
f 1488//1488 1900//1900 1902//1902
f 1488//1488 1902//1902 1490//1490
f 1490//1490 1902//1902 1904//1904
f 1490//1490 1904//1904 1390//1390
f 1390//1390 1904//1904 1884//1884
f 1907//1907 1871//1871 1910//1910
f 1910//1910 1871//1871 1870//1870
f 1908//1908 1868//1868 1911//1911
f 1911//1911 1868//1868 1880//1880
f 1911//1911 1880//1880 1914//1914
f 1914//1914 1880//1880 1877//1877
f 1914//1914 1877//1877 1915//1915
f 1915//1915 1877//1877 1876//1876
f 1915//1915 1876//1876 1917//1917
f 1917//1917 1876//1876 1861//1861
f 1917//1917 1861//1861 1919//1919
f 1919//1919 1861//1861 1859//1859
f 1919//1919 1859//1859 1921//1921
f 1921//1921 1859//1859 1857//1857
f 1921//1921 1857//1857 1923//1923
f 1923//1923 1857//1857 1866//1866
f 1923//1923 1866//1866 1926//1926
f 1926//1926 1866//1866 1865//1865
f 1926//1926 1865//1865 1928//1928
f 1928//1928 1865//1865 1862//1862
f 1928//1928 1862//1862 1929//1929
f 1929//1929 1862//1862 1874//1874
f 1929//1929 1874//1874 1907//1907
f 1907//1907 1874//1874 1871//1871
f 1912//1912 1896//1896 1909//1909
f 1909//1909 1896//1896 1895//1895
f 1909//1909 1895//1895 1891//1891
f 1896//1896 1912//1912 1899//1899
f 1899//1899 1912//1912 1913//1913
f 1899//1899 1913//1913 1901//1901
f 1901//1901 1913//1913 1916//1916
f 1901//1901 1916//1916 1918//1918
f 1901//1901 1918//1918 1903//1903
f 1903//1903 1918//1918 1920//1920
f 1903//1903 1920//1920 1905//1905
f 1905//1905 1920//1920 1883//1883
f 1883//1883 1920//1920 1922//1922
f 1883//1883 1922//1922 1882//1882
f 1882//1882 1922//1922 1924//1924
f 1882//1882 1924//1924 1885//1885
f 1885//1885 1924//1924 1925//1925
f 1885//1885 1925//1925 1887//1887
f 1887//1887 1925//1925 1927//1927
f 1887//1887 1927//1927 1930//1930
f 1887//1887 1930//1930 1889//1889
f 1889//1889 1930//1930 1906//1906
f 1889//1889 1906//1906 1891//1891
f 1891//1891 1906//1906 1909//1909
f 1932//1932 1459//1459 1934//1934
f 1934//1934 1459//1459 1461//1461
f 1934//1934 1461//1461 1463//1463
f 1459//1459 1932//1932 1457//1457
f 1457//1457 1932//1932 1936//1936
f 1457//1457 1936//1936 1453//1453
f 1453//1453 1936//1936 1938//1938
f 1453//1453 1938//1938 1451//1451
f 1451//1451 1938//1938 1506//1506
f 1506//1506 1938//1938 1940//1940
f 1506//1506 1940//1940 1504//1504
f 1504//1504 1940//1940 1942//1942
f 1504//1504 1942//1942 1503//1503
f 1503//1503 1942//1942 1943//1943
f 1503//1503 1943//1943 1501//1501
f 1499//1499 1944//1944 1497//1497
f 1497//1497 1944//1944 1947//1947
f 1497//1497 1947//1947 1495//1495
f 1495//1495 1947//1947 1949//1949
f 1495//1495 1949//1949 1493//1493
f 1493//1493 1949//1949 1951//1951
f 1493//1493 1951//1951 1470//1470
f 1470//1470 1951//1951 1467//1467
f 1467//1467 1951//1951 1953//1953
f 1467//1467 1953//1953 1465//1465
f 1465//1465 1953//1953 1954//1954
f 1465//1465 1954//1954 1463//1463
f 1463//1463 1954//1954 1934//1934
f 1538//1538 1956//1956 1515//1515
f 1515//1515 1956//1956 1960//1960
f 1515//1515 1960//1960 1961//1961
f 1845//1845 1964//1964 1538//1538
f 1538//1538 1964//1964 1965//1965
f 1538//1538 1965//1965 1968//1968
f 1821//1821 1969//1969 1845//1845
f 1845//1845 1969//1969 1972//1972
f 1845//1845 1972//1972 1973//1973
f 1515//1515 1976//1976 1821//1821
f 1821//1821 1976//1976 1977//1977
f 1821//1821 1977//1977 1980//1980
f 1973//1973 1964//1964 1845//1845
f 1968//1968 1956//1956 1538//1538
f 1961//1961 1976//1976 1515//1515
f 1980//1980 1969//1969 1821//1821
f 1982//1982 1971//1971 1984//1984
f 1984//1984 1971//1971 1970//1970
f 1984//1984 1970//1970 1985//1985
f 1985//1985 1970//1970 1979//1979
f 1985//1985 1979//1979 1987//1987
f 1987//1987 1979//1979 1978//1978
f 1987//1987 1978//1978 1989//1989
f 1989//1989 1978//1978 1975//1975
f 1989//1989 1975//1975 1992//1992
f 1992//1992 1975//1975 1962//1962
f 1992//1992 1962//1962 1993//1993
f 1993//1993 1962//1962 1959//1959
f 1993//1993 1959//1959 1995//1995
f 1995//1995 1959//1959 1957//1957
f 1997//1997 1958//1958 1999//1999
f 1999//1999 1958//1958 1967//1967
f 1999//1999 1967//1967 2000//2000
f 2000//2000 1967//1967 1966//1966
f 2000//2000 1966//1966 2003//2003
f 2003//2003 1966//1966 1963//1963
f 2003//2003 1963//1963 2004//2004
f 2004//2004 1963//1963 1974//1974
f 2004//2004 1974//1974 1982//1982
f 1982//1982 1974//1974 1971//1971
f 1986//1986 1931//1931 1983//1983
f 1983//1983 1931//1931 1933//1933
f 1983//1983 1933//1933 1955//1955
f 1931//1931 1986//1986 1935//1935
f 1935//1935 1986//1986 1988//1988
f 1935//1935 1988//1988 1937//1937
f 1937//1937 1988//1988 1990//1990
f 1937//1937 1990//1990 1991//1991
f 1937//1937 1991//1991 1939//1939
f 1939//1939 1991//1991 1994//1994
f 1939//1939 1994//1994 1941//1941
f 1941//1941 1994//1994 1945//1945
f 1945//1945 1994//1994 1996//1996
f 1945//1945 1996//1996 1946//1946
f 1946//1946 1996//1996 1998//1998
f 1946//1946 1998//1998 1948//1948
f 1948//1948 1998//1998 2001//2001
f 1948//1948 2001//2001 1950//1950
f 1950//1950 2001//2001 2002//2002
f 1950//1950 2002//2002 2005//2005
f 1950//1950 2005//2005 1952//1952
f 1952//1952 2005//2005 1981//1981
f 1952//1952 1981//1981 1955//1955
f 1955//1955 1981//1981 1983//1983
f 2007//2007 2008//2008 2011//2011
f 2011//2011 2008//2008 2013//2013
f 2011//2011 2013//2013 2014//2014
f 2014//2014 2013//2013 2017//2017
f 2014//2014 2017//2017 2019//2019
f 2008//2008 2007//2007 2020//2020
f 2020//2020 2007//2007 2023//2023
f 2020//2020 2023//2023 2024//2024
f 2024//2024 2023//2023 2026//2026
f 2024//2024 2026//2026 2028//2028
f 2024//2024 2028//2028 2030//2030
f 2030//2030 2028//2028 2033//2033
f 2030//2030 2033//2033 2035//2035
f 2035//2035 2033//2033 2036//2036
f 2035//2035 2036//2036 2039//2039
f 2039//2039 2036//2036 2043//2043
f 2043//2043 2036//2036 2045//2045
f 2043//2043 2045//2045 2046//2046
f 2046//2046 2045//2045 2049//2049
f 2046//2046 2049//2049 2051//2051
f 2051//2051 2049//2049 2053//2053
f 2051//2051 2053//2053 2055//2055
f 2051//2051 2055//2055 2019//2019
f 2019//2019 2055//2055 2014//2014
f 2057//2057 2058//2058 2062//2062
f 2062//2062 2058//2058 2064//2064
f 2062//2062 2064//2064 2067//2067
f 2067//2067 2064//2064 2068//2068
f 2067//2067 2068//2068 2071//2071
f 2058//2058 2057//2057 2073//2073
f 2073//2073 2057//2057 2074//2074
f 2073//2073 2074//2074 2076//2076
f 2076//2076 2074//2074 2079//2079
f 2076//2076 2079//2079 2080//2080
f 2076//2076 2080//2080 2083//2083
f 2083//2083 2080//2080 2085//2085
f 2083//2083 2085//2085 2086//2086
f 2086//2086 2085//2085 2089//2089
f 2086//2086 2089//2089 2091//2091
f 2091//2091 2089//2089 2092//2092
f 2092//2092 2089//2089 2094//2094
f 2092//2092 2094//2094 2096//2096
f 2096//2096 2094//2094 2098//2098
f 2096//2096 2098//2098 2101//2101
f 2101//2101 2098//2098 2102//2102
f 2101//2101 2102//2102 2104//2104
f 2101//2101 2104//2104 2071//2071
f 2071//2071 2104//2104 2067//2067
f 2108//2108 2109//2109 2105//2105
f 2105//2105 2109//2109 2113//2113
f 2105//2105 2113//2113 2066//2066
f 2066//2066 2113//2113 2115//2115
f 2066//2066 2115//2115 2060//2060
f 2060//2060 2115//2115 2116//2116
f 2061//2061 2118//2118 2120//2120
f 2061//2061 2120//2120 2056//2056
f 2056//2056 2120//2120 2121//2121
f 2056//2056 2121//2121 2075//2075
f 2075//2075 2121//2121 2123//2123
f 2075//2075 2123//2123 2078//2078
f 2078//2078 2123//2123 2126//2126
f 2078//2078 2126//2126 2129//2129
f 2121//2121 2131//2131 2123//2123
f 2129//2129 2135//2135 2078//2078
f 2078//2078 2135//2135 2081//2081
f 2081//2081 2135//2135 2138//2138
f 2081//2081 2138//2138 2139//2139
f 2081//2081 2139//2139 2084//2084
f 2084//2084 2139//2139 2142//2142
f 2084//2084 2142//2142 2088//2088
f 2088//2088 2142//2142 2144//2144
f 2088//2088 2144//2144 2146//2146
f 2088//2088 2146//2146 2095//2095
f 2095//2095 2146//2146 2147//2147
f 2095//2095 2147//2147 2099//2099
f 2099//2099 2147//2147 2150//2150
f 2099//2099 2150//2150 2103//2103
f 2103//2103 2150//2150 2153//2153
f 2103//2103 2153//2153 2155//2155
f 2147//2147 2158//2158 2150//2150
f 2155//2155 2108//2108 2103//2103
f 2103//2103 2108//2108 2105//2105
f 2059//2059 2034//2034 2065//2065
f 2065//2065 2034//2034 2040//2040
f 2063//2063 2041//2041 2069//2069
f 2069//2069 2041//2041 2042//2042
f 2069//2069 2042//2042 2070//2070
f 2070//2070 2042//2042 2047//2047
f 2070//2070 2047//2047 2100//2100
f 2100//2100 2047//2047 2050//2050
f 2100//2100 2050//2050 2097//2097
f 2097//2097 2050//2050 2018//2018
f 2097//2097 2018//2018 2093//2093
f 2093//2093 2018//2018 2016//2016
f 2093//2093 2016//2016 2090//2090
f 2090//2090 2016//2016 2012//2012
f 2090//2090 2012//2012 2087//2087
f 2087//2087 2012//2012 2009//2009
f 2087//2087 2009//2009 2082//2082
f 2082//2082 2009//2009 2021//2021
f 2082//2082 2021//2021 2077//2077
f 2077//2077 2021//2021 2025//2025
f 2077//2077 2025//2025 2072//2072
f 2072//2072 2025//2025 2031//2031
f 2072//2072 2031//2031 2059//2059
f 2059//2059 2031//2031 2034//2034
f 2132//2132 2122//2122 2160//2160
f 2160//2160 2122//2122 2161//2161
f 2160//2160 2161//2161 2163//2163
f 2163//2163 2161//2161 2164//2164
f 2163//2163 2164//2164 2165//2165
f 2165//2165 2164//2164 2167//2167
f 2167//2167 2164//2164 2171//2171
f 2171//2171 2164//2164 2172//2172
f 2171//2171 2172//2172 2174//2174
f 2174//2174 2172//2172 2175//2175
f 2174//2174 2175//2175 2176//2176
f 2176//2176 2175//2175 2178//2178
f 2176//2176 2178//2178 2179//2179
f 2179//2179 2178//2178 2181//2181
f 2179//2179 2181//2181 2184//2184
f 2184//2184 2181//2181 2186//2186
f 2186//2186 2181//2181 2188//2188
f 2188//2188 2181//2181 2189//2189
f 2188//2188 2189//2189 2191//2191
f 2191//2191 2189//2189 2112//2112
f 2191//2191 2112//2112 2110//2110
f 2161//2161 2122//2122 2192//2192
f 2192//2192 2122//2122 2119//2119
f 2192//2192 2119//2119 2193//2193
f 2193//2193 2119//2119 2117//2117
f 2193//2193 2117//2117 2194//2194
f 2194//2194 2117//2117 2114//2114
f 2194//2194 2114//2114 2189//2189
f 2189//2189 2114//2114 2112//2112
f 2172//2172 2164//2164 2161//2161
f 2172//2172 2161//2161 2192//2192
f 2175//2175 2172//2172 2192//2192
f 2175//2175 2192//2192 2193//2193
f 2178//2178 2175//2175 2193//2193
f 2178//2178 2193//2193 2194//2194
f 2181//2181 2178//2178 2194//2194
f 2181//2181 2194//2194 2189//2189
f 2159//2159 2190//2190 2130//2130
f 2130//2130 2190//2190 2111//2111
f 2130//2130 2111//2111 2124//2124
f 2124//2124 2111//2111 2106//2106
f 2159//2159 2162//2162 2190//2190
f 2190//2190 2162//2162 2168//2168
f 2190//2190 2168//2168 2187//2187
f 2187//2187 2168//2168 2183//2183
f 2187//2187 2183//2183 2185//2185
f 2162//2162 2166//2166 2168//2168
f 2125//2125 2107//2107 2127//2127
f 2127//2127 2107//2107 2154//2154
f 2127//2127 2154//2154 2152//2152
f 2127//2127 2152//2152 2128//2128
f 2128//2128 2152//2152 2151//2151
f 2128//2128 2151//2151 2134//2134
f 2195//2195 2197//2197 2157//2157
f 2157//2157 2197//2197 2137//2137
f 2157//2157 2137//2137 2149//2149
f 2149//2149 2137//2137 2133//2133
f 2199//2199 2203//2203 2195//2195
f 2195//2195 2203//2203 2204//2204
f 2195//2195 2204//2204 2197//2197
f 2206//2206 2209//2209 2199//2199
f 2199//2199 2209//2209 2203//2203
f 2203//2203 2211//2211 2204//2204
f 2212//2212 2201//2201 2213//2213
f 2213//2213 2201//2201 2214//2214
f 2213//2213 2214//2214 2216//2216
f 2216//2216 2214//2214 2218//2218
f 2216//2216 2218//2218 2219//2219
f 2219//2219 2218//2218 2221//2221
f 2219//2219 2221//2221 2222//2222
f 2222//2222 2221//2221 2224//2224
f 2222//2222 2224//2224 2225//2225
f 2225//2225 2224//2224 2208//2208
f 2225//2225 2208//2208 2207//2207
f 2207//2207 2200//2200 2225//2225
f 2225//2225 2200//2200 2226//2226
f 2225//2225 2226//2226 2222//2222
f 2222//2222 2226//2226 2227//2227
f 2222//2222 2227//2227 2219//2219
f 2219//2219 2227//2227 2228//2228
f 2219//2219 2228//2228 2216//2216
f 2216//2216 2228//2228 2229//2229
f 2216//2216 2229//2229 2213//2213
f 2213//2213 2229//2229 2230//2230
f 2213//2213 2230//2230 2205//2205
f 2205//2205 2230//2230 2198//2198
f 2198//2198 2230//2230 2140//2140
f 2198//2198 2140//2140 2136//2136
f 2200//2200 2196//2196 2226//2226
f 2226//2226 2196//2196 2148//2148
f 2226//2226 2148//2148 2227//2227
f 2227//2227 2148//2148 2145//2145
f 2227//2227 2145//2145 2228//2228
f 2228//2228 2145//2145 2143//2143
f 2228//2228 2143//2143 2229//2229
f 2229//2229 2143//2143 2141//2141
f 2229//2229 2141//2141 2230//2230
f 2230//2230 2141//2141 2140//2140
f 2196//2196 2156//2156 2148//2148
f 2205//2205 2212//2212 2213//2213
f 2169//2169 2170//2170 2182//2182
f 2182//2182 2170//2170 2180//2180
f 2180//2180 2170//2170 2177//2177
f 2177//2177 2170//2170 2173//2173
f 2202//2202 2210//2210 2215//2215
f 2215//2215 2210//2210 2223//2223
f 2215//2215 2223//2223 2220//2220
f 2220//2220 2217//2217 2215//2215
f 2233//2233 2235//2235 2237//2237
f 2237//2237 2235//2235 2240//2240
f 2240//2240 2235//2235 2242//2242
f 2240//2240 2242//2242 2244//2244
f 2244//2244 2242//2242 2245//2245
f 2245//2245 2242//2242 2248//2248
f 2253//2253 2256//2256 2257//2257
f 2257//2257 2256//2256 2259//2259
f 2257//2257 2259//2259 2262//2262
f 2262//2262 2264//2264 2257//2257
f 2265//2265 2255//2255 2268//2268
f 2268//2268 2255//2255 2252//2252
f 2268//2268 2252//2252 2270//2270
f 2270//2270 2252//2252 2272//2272
f 2270//2270 2272//2272 2274//2274
f 2252//2252 2275//2275 2272//2272
f 2270//2270 2274//2274 2278//2278
f 2278//2278 2274//2274 2281//2281
f 2278//2278 2281//2281 2238//2238
f 2238//2238 2281//2281 2232//2232
f 2279//2279 2283//2283 2269//2269
f 2269//2269 2283//2283 2285//2285
f 2269//2269 2285//2285 2267//2267
f 2267//2267 2285//2285 2286//2286
f 2267//2267 2286//2286 2266//2266
f 2266//2266 2286//2286 2254//2254
f 2254//2254 2286//2286 2260//2260
f 2260//2260 2286//2286 2287//2287
f 2260//2260 2287//2287 2261//2261
f 2261//2261 2287//2287 2288//2288
f 2261//2261 2288//2288 2263//2263
f 2263//2263 2288//2288 2289//2289
f 2263//2263 2289//2289 2258//2258
f 2258//2258 2289//2289 2290//2290
f 2258//2258 2290//2290 2251//2251
f 2251//2251 2290//2290 2276//2276
f 2276//2276 2290//2290 2271//2271
f 2271//2271 2290//2290 2291//2291
f 2271//2271 2291//2291 2280//2280
f 2280//2280 2291//2291 2292//2292
f 2292//2292 2291//2291 2294//2294
f 2294//2294 2291//2291 2296//2296
f 2294//2294 2296//2296 2297//2297
f 2297//2297 2296//2296 2300//2300
f 2297//2297 2300//2300 2301//2301
f 2301//2301 2300//2300 2303//2303
f 2301//2301 2303//2303 2283//2283
f 2283//2283 2303//2303 2285//2285
f 2280//2280 2273//2273 2271//2271
f 2287//2287 2286//2286 2285//2285
f 2287//2287 2285//2285 2303//2303
f 2288//2288 2287//2287 2303//2303
f 2288//2288 2303//2303 2300//2300
f 2289//2289 2288//2288 2300//2300
f 2289//2289 2300//2300 2296//2296
f 2290//2290 2289//2289 2296//2296
f 2290//2290 2296//2296 2291//2291
f 2304//2304 2308//2308 2311//2311
f 2311//2311 2308//2308 2312//2312
f 2312//2312 2308//2308 2314//2314
f 2314//2314 2308//2308 2317//2317
f 2319//2319 2305//2305 2320//2320
f 2320//2320 2305//2305 2309//2309
f 2320//2320 2309//2309 2322//2322
f 2322//2322 2309//2309 2324//2324
f 2322//2322 2324//2324 2327//2327
f 2309//2309 2329//2329 2324//2324
f 2322//2322 2327//2327 2331//2331
f 2331//2331 2327//2327 2333//2333
f 2331//2331 2333//2333 2249//2249
f 2249//2249 2333//2333 2247//2247
f 2246//2246 2335//2335 2054//2054
f 2054//2054 2335//2335 2337//2337
f 2054//2054 2337//2337 2015//2015
f 2015//2015 2337//2337 2338//2338
f 2015//2015 2338//2338 2010//2010
f 2010//2010 2338//2338 2340//2340
f 2010//2010 2340//2340 2342//2342
f 2010//2010 2342//2342 2006//2006
f 2006//2006 2342//2342 2344//2344
f 2006//2006 2344//2344 2022//2022
f 2022//2022 2344//2344 2332//2332
f 2022//2022 2332//2332 2250//2250
f 2022//2022 2250//2250 2027//2027
f 2027//2027 2250//2250 2241//2241
f 2027//2027 2241//2241 2234//2234
f 2234//2234 2231//2231 2027//2027
f 2027//2027 2231//2231 2029//2029
f 2029//2029 2231//2231 2282//2282
f 2029//2029 2282//2282 2293//2293
f 2029//2029 2293//2293 2032//2032
f 2032//2032 2293//2293 2295//2295
f 2032//2032 2295//2295 2038//2038
f 2038//2038 2295//2295 2299//2299
f 2037//2037 2298//2298 2302//2302
f 2037//2037 2302//2302 2044//2044
f 2044//2044 2302//2302 2284//2284
f 2044//2044 2284//2284 2048//2048
f 2048//2048 2284//2284 2277//2277
f 2048//2048 2277//2277 2236//2236
f 2048//2048 2236//2236 2052//2052
f 2052//2052 2236//2236 2239//2239
f 2052//2052 2239//2239 2243//2243
f 2243//2243 2246//2246 2052//2052
f 2052//2052 2246//2246 2054//2054
f 2330//2330 2345//2345 2323//2323
f 2323//2323 2345//2345 2346//2346
f 2323//2323 2346//2346 2321//2321
f 2321//2321 2346//2346 2347//2347
f 2321//2321 2347//2347 2318//2318
f 2318//2318 2347//2347 2306//2306
f 2306//2306 2347//2347 2307//2307
f 2307//2307 2347//2347 2348//2348
f 2307//2307 2348//2348 2316//2316
f 2316//2316 2348//2348 2349//2349
f 2316//2316 2349//2349 2315//2315
f 2315//2315 2349//2349 2350//2350
f 2315//2315 2350//2350 2313//2313
f 2313//2313 2350//2350 2351//2351
f 2313//2313 2351//2351 2310//2310
f 2310//2310 2351//2351 2328//2328
f 2328//2328 2351//2351 2325//2325
f 2325//2325 2351//2351 2352//2352
f 2325//2325 2352//2352 2334//2334
f 2334//2334 2352//2352 2336//2336
f 2336//2336 2352//2352 2339//2339
f 2339//2339 2352//2352 2353//2353
f 2339//2339 2353//2353 2341//2341
f 2341//2341 2353//2353 2354//2354
f 2341//2341 2354//2354 2343//2343
f 2343//2343 2354//2354 2355//2355
f 2343//2343 2355//2355 2345//2345
f 2345//2345 2355//2355 2346//2346
f 2334//2334 2326//2326 2325//2325
f 2348//2348 2347//2347 2346//2346
f 2348//2348 2346//2346 2355//2355
f 2349//2349 2348//2348 2355//2355
f 2349//2349 2355//2355 2354//2354
f 2350//2350 2349//2349 2354//2354
f 2350//2350 2354//2354 2353//2353
f 2351//2351 2350//2350 2353//2353
f 2351//2351 2353//2353 2352//2352
f 2356//2356 2358//2358 2362//2362
f 2362//2362 2358//2358 2364//2364
f 2362//2362 2364//2364 2365//2365
f 2362//2362 2365//2365 2367//2367
f 2367//2367 2365//2365 2368//2368
f 2367//2367 2368//2368 2371//2371
f 2371//2371 2368//2368 2374//2374
f 2367//2367 2371//2371 2376//2376
f 2376//2376 2371//2371 2377//2377
f 2376//2376 2377//2377 2379//2379
f 2379//2379 2377//2377 2380//2380
f 2379//2379 2380//2380 2381//2381
f 2381//2381 2380//2380 2382//2382
f 2381//2381 2382//2382 2383//2383
f 2383//2383 2382//2382 2385//2385
f 2383//2383 2385//2385 2386//2386
f 2386//2386 2385//2385 2388//2388
f 2386//2386 2388//2388 2390//2390
f 2377//2377 2395//2395 2380//2380
f 2380//2380 2395//2395 2396//2396
f 2380//2380 2396//2396 2382//2382
f 2382//2382 2396//2396 2385//2385
f 2400//2400 2401//2401 2395//2395
f 2395//2395 2401//2401 2396//2396
f 2401//2401 2388//2388 2396//2396
f 2396//2396 2388//2388 2385//2385
f 2381//2381 2383//2383 2403//2403
f 2403//2403 2383//2383 2356//2356
f 2403//2403 2356//2356 2362//2362
f 2379//2379 2381//2381 2403//2403
f 2367//2367 2376//2376 2362//2362
f 2362//2362 2376//2376 2403//2403
f 2376//2376 2379//2379 2403//2403
f 2392//2392 2389//2389 2405//2405
f 2405//2405 2389//2389 2406//2406
f 2405//2405 2406//2406 2407//2407
f 2407//2407 2406//2406 2409//2409
f 2409//2409 2406//2406 2411//2411
f 2409//2409 2411//2411 2414//2414
f 2406//2406 2389//2389 2417//2417
f 2417//2417 2389//2389 2402//2402
f 2417//2417 2402//2402 2419//2419
f 2419//2419 2402//2402 2397//2397
f 2419//2419 2420//2420 2417//2417
f 2417//2417 2420//2420 2423//2423
f 2417//2417 2423//2423 2424//2424
f 2424//2424 2423//2423 2426//2426
f 2424//2424 2411//2411 2417//2417
f 2417//2417 2411//2411 2406//2406
f 2416//2416 2412//2412 2430//2430
f 2430//2430 2412//2412 2432//2432
f 2430//2430 2432//2432 2434//2434
f 2434//2434 2432//2432 2436//2436
f 2434//2434 2436//2436 2439//2439
f 2432//2432 2412//2412 2441//2441
f 2441//2441 2412//2412 2425//2425
f 2441//2441 2425//2425 2443//2443
f 2443//2443 2425//2425 2427//2427
f 2443//2443 2445//2445 2441//2441
f 2441//2441 2445//2445 2446//2446
f 2441//2441 2446//2446 2436//2436
f 2445//2445 2451//2451 2446//2446
f 2432//2432 2441//2441 2436//2436
f 2437//2437 2435//2435 2453//2453
f 2453//2453 2435//2435 2454//2454
f 2453//2453 2454//2454 2455//2455
f 2455//2455 2454//2454 2460//2460
f 2460//2460 2454//2454 2462//2462
f 2462//2462 2454//2454 2463//2463
f 2462//2462 2463//2463 2465//2465
f 2465//2465 2463//2463 2466//2466
f 2466//2466 2463//2463 2471//2471
f 2471//2471 2463//2463 2447//2447
f 2471//2471 2447//2447 2450//2450
f 2454//2454 2435//2435 2463//2463
f 2463//2463 2435//2435 2447//2447
f 2473//2473 2375//2375 2475//2475
f 2475//2475 2375//2375 2477//2477
f 2475//2475 2477//2477 2478//2478
f 2478//2478 2477//2477 2480//2480
f 2480//2480 2477//2477 2482//2482
f 2480//2480 2482//2482 2363//2363
f 2363//2363 2482//2482 2366//2366
f 2366//2366 2482//2482 2369//2369
f 2369//2369 2482//2482 2375//2375
f 2375//2375 2482//2482 2477//2477
f 2363//2363 2361//2361 2480//2480
f 2480//2480 2361//2361 2484//2484
f 2486//2486 2488//2488 2492//2492
f 2492//2492 2488//2488 2469//2469
f 2492//2492 2469//2469 2470//2470
f 2470//2470 2448//2448 2492//2492
f 2492//2492 2448//2448 2494//2494
f 2492//2492 2494//2494 2486//2486
f 2449//2449 2444//2444 2495//2495
f 2495//2495 2444//2444 2498//2498
f 2498//2498 2444//2444 2499//2499
f 2498//2498 2499//2499 2503//2503
f 2503//2503 2499//2499 2442//2442
f 2503//2503 2442//2442 2429//2429
f 2444//2444 2442//2442 2499//2499
f 2399//2399 2506//2506 2508//2508
f 2508//2508 2506//2506 2502//2502
f 2508//2508 2502//2502 2428//2428
f 2428//2428 2422//2422 2508//2508
f 2508//2508 2422//2422 2421//2421
f 2508//2508 2421//2421 2418//2418
f 2418//2418 2399//2399 2508//2508
f 2507//2507 2398//2398 2510//2510
f 2510//2510 2398//2398 2394//2394
f 2510//2510 2394//2394 2511//2511
f 2511//2511 2394//2394 2512//2512
f 2511//2511 2512//2512 2513//2513
f 2513//2513 2512//2512 2378//2378
f 2513//2513 2378//2378 2370//2370
f 2394//2394 2378//2378 2512//2512
f 2513//2513 2370//2370 2514//2514
f 2514//2514 2370//2370 2372//2372
f 2514//2514 2372//2372 2515//2515
f 2514//2514 2515//2515 2519//2519
f 2519//2519 2515//2515 2520//2520
f 2519//2519 2520//2520 2522//2522
f 2522//2522 2520//2520 2524//2524
f 2522//2522 2524//2524 2511//2511
f 2511//2511 2524//2524 2526//2526
f 2511//2511 2526//2526 2510//2510
f 2514//2514 2519//2519 2522//2522
f 2514//2514 2522//2522 2513//2513
f 2513//2513 2522//2522 2511//2511
f 2528//2528 2517//2517 2530//2530
f 2530//2530 2517//2517 2373//2373
f 2530//2530 2373//2373 2472//2472
f 2521//2521 2516//2516 2533//2533
f 2533//2533 2516//2516 2534//2534
f 2533//2533 2534//2534 2537//2537
f 2533//2533 2537//2537 2538//2538
f 2538//2538 2537//2537 2541//2541
f 2538//2538 2541//2541 2543//2543
f 2538//2538 2543//2543 2545//2545
f 2545//2545 2543//2543 2546//2546
f 2545//2545 2546//2546 2548//2548
f 2548//2548 2546//2546 2549//2549
f 2548//2548 2549//2549 2550//2550
f 2550//2550 2549//2549 2551//2551
f 2550//2550 2551//2551 2523//2523
f 2523//2523 2551//2551 2525//2525
f 2525//2525 2551//2551 2552//2552
f 2525//2525 2552//2552 2509//2509
f 2509//2509 2552//2552 2554//2554
f 2509//2509 2554//2554 2504//2504
f 2546//2546 2555//2555 2549//2549
f 2549//2549 2555//2555 2557//2557
f 2549//2549 2557//2557 2551//2551
f 2551//2551 2557//2557 2552//2552
f 2559//2559 2562//2562 2555//2555
f 2555//2555 2562//2562 2557//2557
f 2562//2562 2554//2554 2557//2557
f 2557//2557 2554//2554 2552//2552
f 2550//2550 2523//2523 2564//2564
f 2564//2564 2523//2523 2521//2521
f 2564//2564 2521//2521 2533//2533
f 2548//2548 2550//2550 2564//2564
f 2538//2538 2545//2545 2533//2533
f 2533//2533 2545//2545 2564//2564
f 2545//2545 2548//2548 2564//2564
f 2500//2500 2505//2505 2565//2565
f 2565//2565 2505//2505 2553//2553
f 2565//2565 2553//2553 2566//2566
f 2566//2566 2553//2553 2563//2563
f 2566//2566 2563//2563 2568//2568
f 2568//2568 2563//2563 2558//2558
f 2568//2568 2570//2570 2566//2566
f 2566//2566 2570//2570 2571//2571
f 2566//2566 2571//2571 2573//2573
f 2573//2573 2571//2571 2575//2575
f 2573//2573 2579//2579 2566//2566
f 2566//2566 2579//2579 2565//2565
f 2579//2579 2500//2500 2565//2565
f 2501//2501 2580//2580 2497//2497
f 2497//2497 2580//2580 2581//2581
f 2497//2497 2581//2581 2493//2493
f 2493//2493 2581//2581 2583//2583
f 2583//2583 2581//2581 2584//2584
f 2583//2583 2584//2584 2585//2585
f 2585//2585 2584//2584 2587//2587
f 2585//2585 2587//2587 2590//2590
f 2581//2581 2580//2580 2584//2584
f 2584//2584 2580//2580 2574//2574
f 2584//2584 2574//2574 2592//2592
f 2592//2592 2574//2574 2576//2576
f 2592//2592 2587//2587 2584//2584
f 2590//2590 2596//2596 2585//2585
f 2487//2487 2496//2496 2597//2597
f 2597//2597 2496//2496 2582//2582
f 2597//2597 2582//2582 2598//2598
f 2598//2598 2582//2582 2586//2586
f 2598//2598 2586//2586 2599//2599
f 2599//2599 2586//2586 2595//2595
f 2599//2599 2604//2604 2598//2598
f 2598//2598 2604//2604 2606//2606
f 2598//2598 2606//2606 2607//2607
f 2598//2598 2607//2607 2597//2597
f 2597//2597 2607//2607 2609//2609
f 2597//2597 2609//2609 2487//2487
f 2487//2487 2609//2609 2491//2491
f 2613//2613 2542//2542 2614//2614
f 2614//2614 2542//2542 2616//2616
f 2614//2614 2616//2616 2618//2618
f 2618//2618 2616//2616 2620//2620
f 2620//2620 2616//2616 2527//2527
f 2527//2527 2616//2616 2621//2621
f 2527//2527 2621//2621 2535//2535
f 2535//2535 2621//2621 2536//2536
f 2536//2536 2621//2621 2542//2542
f 2542//2542 2621//2621 2616//2616
f 2535//2535 2518//2518 2527//2527
f 2622//2622 2624//2624 2628//2628
f 2628//2628 2624//2624 2601//2601
f 2628//2628 2601//2601 2600//2600
f 2600//2600 2593//2593 2628//2628
f 2628//2628 2593//2593 2630//2630
f 2628//2628 2630//2630 2622//2622
f 2594//2594 2589//2589 2631//2631
f 2631//2631 2589//2589 2588//2588
f 2631//2631 2588//2588 2633//2633
f 2633//2633 2588//2588 2635//2635
f 2633//2633 2635//2635 2639//2639
f 2639//2639 2635//2635 2591//2591
f 2639//2639 2591//2591 2578//2578
f 2588//2588 2591//2591 2635//2635
f 2560//2560 2640//2640 2644//2644
f 2644//2644 2640//2640 2637//2637
f 2644//2644 2637//2637 2577//2577
f 2577//2577 2572//2572 2644//2644
f 2644//2644 2572//2572 2569//2569
f 2644//2644 2569//2569 2567//2567
f 2567//2567 2560//2560 2644//2644
f 2642//2642 2561//2561 2645//2645
f 2645//2645 2561//2561 2556//2556
f 2645//2645 2556//2556 2647//2647
f 2647//2647 2556//2556 2648//2648
f 2647//2647 2648//2648 2649//2649
f 2649//2649 2648//2648 2547//2547
f 2649//2649 2547//2547 2544//2544
f 2556//2556 2547//2547 2648//2648
f 2649//2649 2544//2544 2650//2650
f 2650//2650 2544//2544 2540//2540
f 2650//2650 2540//2540 2652//2652
f 2650//2650 2652//2652 2655//2655
f 2655//2655 2652//2652 2656//2656
f 2655//2655 2656//2656 2658//2658
f 2658//2658 2656//2656 2659//2659
f 2658//2658 2659//2659 2647//2647
f 2647//2647 2659//2659 2661//2661
f 2647//2647 2661//2661 2645//2645
f 2650//2650 2655//2655 2658//2658
f 2650//2650 2658//2658 2649//2649
f 2649//2649 2658//2658 2647//2647
f 2539//2539 2664//2664 2654//2654
f 2654//2654 2664//2664 2666//2666
f 2654//2654 2666//2666 2669//2669
f 2611//2611 2670//2670 2539//2539
f 2539//2539 2670//2670 2664//2664
f 2657//2657 2651//2651 2672//2672
f 2672//2672 2651//2651 2673//2673
f 2672//2672 2673//2673 2675//2675
f 2675//2675 2673//2673 2677//2677
f 2675//2675 2677//2677 2678//2678
f 2678//2678 2677//2677 2683//2683
f 2675//2675 2678//2678 2684//2684
f 2684//2684 2678//2678 2685//2685
f 2684//2684 2685//2685 2687//2687
f 2687//2687 2685//2685 2688//2688
f 2687//2687 2688//2688 2689//2689
f 2689//2689 2688//2688 2690//2690
f 2689//2689 2690//2690 2660//2660
f 2660//2660 2690//2690 2662//2662
f 2662//2662 2690//2690 2691//2691
f 2662//2662 2691//2691 2646//2646
f 2646//2646 2691//2691 2692//2692
f 2646//2646 2692//2692 2641//2641
f 2685//2685 2694//2694 2688//2688
f 2688//2688 2694//2694 2696//2696
f 2688//2688 2696//2696 2690//2690
f 2690//2690 2696//2696 2691//2691
f 2699//2699 2701//2701 2694//2694
f 2694//2694 2701//2701 2696//2696
f 2701//2701 2692//2692 2696//2696
f 2696//2696 2692//2692 2691//2691
f 2689//2689 2660//2660 2703//2703
f 2703//2703 2660//2660 2657//2657
f 2703//2703 2657//2657 2672//2672
f 2687//2687 2689//2689 2703//2703
f 2675//2675 2684//2684 2672//2672
f 2672//2672 2684//2684 2703//2703
f 2684//2684 2687//2687 2703//2703
f 2638//2638 2643//2643 2704//2704
f 2704//2704 2643//2643 2693//2693
f 2704//2704 2693//2693 2705//2705
f 2705//2705 2693//2693 2702//2702
f 2705//2705 2702//2702 2707//2707
f 2707//2707 2702//2702 2697//2697
f 2707//2707 2708//2708 2705//2705
f 2705//2705 2708//2708 2710//2710
f 2705//2705 2710//2710 2712//2712
f 2712//2712 2710//2710 2715//2715
f 2712//2712 2718//2718 2705//2705
f 2705//2705 2718//2718 2704//2704
f 2718//2718 2638//2638 2704//2704
f 2636//2636 2719//2719 2634//2634
f 2634//2634 2719//2719 2720//2720
f 2634//2634 2720//2720 2629//2629
f 2629//2629 2720//2720 2722//2722
f 2722//2722 2720//2720 2723//2723
f 2722//2722 2723//2723 2724//2724
f 2724//2724 2723//2723 2726//2726
f 2724//2724 2726//2726 2728//2728
f 2720//2720 2719//2719 2723//2723
f 2723//2723 2719//2719 2713//2713
f 2723//2723 2713//2713 2730//2730
f 2730//2730 2713//2713 2714//2714
f 2730//2730 2726//2726 2723//2723
f 2728//2728 2735//2735 2724//2724
f 2623//2623 2632//2632 2736//2736
f 2736//2736 2632//2632 2721//2721
f 2736//2736 2721//2721 2737//2737
f 2737//2737 2721//2721 2725//2725
f 2737//2737 2725//2725 2739//2739
f 2739//2739 2725//2725 2734//2734
f 2739//2739 2740//2740 2737//2737
f 2737//2737 2740//2740 2744//2744
f 2737//2737 2744//2744 2746//2746
f 2737//2737 2746//2746 2736//2736
f 2736//2736 2746//2746 2748//2748
f 2736//2736 2748//2748 2623//2623
f 2623//2623 2748//2748 2625//2625
f 2751//2751 2680//2680 2753//2753
f 2753//2753 2680//2680 2755//2755
f 2753//2753 2755//2755 2757//2757
f 2757//2757 2755//2755 2758//2758
f 2758//2758 2755//2755 2760//2760
f 2758//2758 2760//2760 2653//2653
f 2653//2653 2760//2760 2674//2674
f 2674//2674 2760//2760 2676//2676
f 2676//2676 2760//2760 2680//2680
f 2680//2680 2760//2760 2755//2755
f 2653//2653 2668//2668 2758//2758
f 2762//2762 2764//2764 2767//2767
f 2767//2767 2764//2764 2741//2741
f 2767//2767 2741//2741 2738//2738
f 2738//2738 2732//2732 2767//2767
f 2767//2767 2732//2732 2769//2769
f 2767//2767 2769//2769 2762//2762
f 2733//2733 2729//2729 2770//2770
f 2770//2770 2729//2729 2727//2727
f 2770//2770 2727//2727 2772//2772
f 2772//2772 2727//2727 2774//2774
f 2772//2772 2774//2774 2776//2776
f 2776//2776 2774//2774 2731//2731
f 2776//2776 2731//2731 2717//2717
f 2727//2727 2731//2731 2774//2774
f 2698//2698 2780//2780 2783//2783
f 2783//2783 2780//2780 2775//2775
f 2783//2783 2775//2775 2716//2716
f 2716//2716 2711//2711 2783//2783
f 2783//2783 2711//2711 2709//2709
f 2783//2783 2709//2709 2706//2706
f 2706//2706 2698//2698 2783//2783
f 2781//2781 2700//2700 2785//2785
f 2785//2785 2700//2700 2695//2695
f 2785//2785 2695//2695 2786//2786
f 2786//2786 2695//2695 2787//2787
f 2786//2786 2787//2787 2788//2788
f 2788//2788 2787//2787 2686//2686
f 2788//2788 2686//2686 2679//2679
f 2695//2695 2686//2686 2787//2787
f 2788//2788 2679//2679 2789//2789
f 2789//2789 2679//2679 2682//2682
f 2789//2789 2682//2682 2791//2791
f 2789//2789 2791//2791 2794//2794
f 2794//2794 2791//2791 2795//2795
f 2794//2794 2795//2795 2797//2797
f 2797//2797 2795//2795 2798//2798
f 2797//2797 2798//2798 2786//2786
f 2786//2786 2798//2798 2800//2800
f 2786//2786 2800//2800 2785//2785
f 2789//2789 2794//2794 2797//2797
f 2789//2789 2797//2797 2788//2788
f 2788//2788 2797//2797 2786//2786
f 2681//2681 2802//2802 2793//2793
f 2793//2793 2802//2802 2804//2804
f 2793//2793 2804//2804 2808//2808
f 2750//2750 2810//2810 2681//2681
f 2681//2681 2810//2810 2802//2802
f 2811//2811 2815//2815 2817//2817
f 2817//2817 2815//2815 2818//2818
f 2817//2817 2818//2818 2821//2821
f 2821//2821 2818//2818 2823//2823
f 2821//2821 2823//2823 2826//2826
f 2826//2826 2823//2823 2828//2828
f 2826//2826 2828//2828 2830//2830
f 2830//2830 2831//2831 2826//2826
f 2826//2826 2831//2831 2807//2807
f 2826//2826 2807//2807 2805//2805
f 2826//2826 2805//2805 2833//2833
f 2833//2833 2805//2805 2803//2803
f 2833//2833 2803//2803 2809//2809
f 2833//2833 2809//2809 2836//2836
f 2836//2836 2809//2809 2752//2752
f 2836//2836 2752//2752 2754//2754
f 2754//2754 2756//2756 2836//2836
f 2836//2836 2756//2756 2759//2759
f 2836//2836 2759//2759 2667//2667
f 2667//2667 2665//2665 2836//2836
f 2836//2836 2665//2665 2838//2838
f 2838//2838 2665//2665 2663//2663
f 2838//2838 2663//2663 2671//2671
f 2838//2838 2671//2671 2840//2840
f 2840//2840 2671//2671 2612//2612
f 2840//2840 2612//2612 2615//2615
f 2615//2615 2617//2617 2840//2840
f 2840//2840 2617//2617 2619//2619
f 2840//2840 2619//2619 2529//2529
f 2529//2529 2531//2531 2840//2840
f 2840//2840 2531//2531 2842//2842
f 2841//2841 2532//2532 2474//2474
f 2841//2841 2474//2474 2844//2844
f 2844//2844 2474//2474 2476//2476
f 2844//2844 2476//2476 2479//2479
f 2479//2479 2481//2481 2844//2844
f 2844//2844 2481//2481 2483//2483
f 2844//2844 2483//2483 2847//2847
f 2844//2844 2847//2847 2848//2848
f 2848//2848 2847//2847 2851//2851
f 2848//2848 2851//2851 2853//2853
f 2848//2848 2853//2853 2854//2854
f 2854//2854 2853//2853 2856//2856
f 2854//2854 2856//2856 2859//2859
f 2859//2859 2862//2862 2854//2854
f 2854//2854 2862//2862 2864//2864
f 2854//2854 2864//2864 2867//2867
f 2867//2867 2868//2868 2854//2854
f 2854//2854 2868//2868 2871//2871
f 2871//2871 2868//2868 2873//2873
f 2871//2871 2873//2873 2874//2874
f 2871//2871 2874//2874 2817//2817
f 2817//2817 2874//2874 2876//2876
f 2817//2817 2876//2876 2879//2879
f 2879//2879 2881//2881 2817//2817
f 2817//2817 2881//2881 2811//2811
f 2796//2796 2792//2792 2883//2883
f 2883//2883 2792//2792 2884//2884
f 2883//2883 2884//2884 2887//2887
f 2883//2883 2887//2887 2888//2888
f 2888//2888 2887//2887 2889//2889
f 2888//2888 2889//2889 2891//2891
f 2891//2891 2889//2889 2896//2896
f 2888//2888 2891//2891 2897//2897
f 2897//2897 2891//2891 2899//2899
f 2897//2897 2899//2899 2900//2900
f 2900//2900 2899//2899 2901//2901
f 2900//2900 2901//2901 2902//2902
f 2902//2902 2901//2901 2903//2903
f 2902//2902 2903//2903 2799//2799
f 2799//2799 2903//2903 2801//2801
f 2801//2801 2903//2903 2904//2904
f 2801//2801 2904//2904 2784//2784
f 2784//2784 2904//2904 2905//2905
f 2784//2784 2905//2905 2779//2779
f 2899//2899 2907//2907 2901//2901
f 2901//2901 2907//2907 2909//2909
f 2901//2901 2909//2909 2903//2903
f 2903//2903 2909//2909 2904//2904
f 2912//2912 2914//2914 2907//2907
f 2907//2907 2914//2914 2909//2909
f 2914//2914 2905//2905 2909//2909
f 2909//2909 2905//2905 2904//2904
f 2902//2902 2799//2799 2916//2916
f 2916//2916 2799//2799 2796//2796
f 2916//2916 2796//2796 2883//2883
f 2900//2900 2902//2902 2916//2916
f 2888//2888 2897//2897 2883//2883
f 2883//2883 2897//2897 2916//2916
f 2897//2897 2900//2900 2916//2916
f 2777//2777 2782//2782 2917//2917
f 2917//2917 2782//2782 2906//2906
f 2917//2917 2906//2906 2918//2918
f 2918//2918 2906//2906 2915//2915
f 2918//2918 2915//2915 2919//2919
f 2919//2919 2915//2915 2913//2913
f 2919//2919 2921//2921 2918//2918
f 2918//2918 2921//2921 2924//2924
f 2918//2918 2924//2924 2926//2926
f 2926//2926 2924//2924 2927//2927
f 2926//2926 2931//2931 2918//2918
f 2918//2918 2931//2931 2917//2917
f 2931//2931 2777//2777 2917//2917
f 2778//2778 2932//2932 2773//2773
f 2773//2773 2932//2932 2933//2933
f 2773//2773 2933//2933 2768//2768
f 2768//2768 2933//2933 2935//2935
f 2935//2935 2933//2933 2936//2936
f 2935//2935 2936//2936 2937//2937
f 2937//2937 2936//2936 2940//2940
f 2937//2937 2940//2940 2941//2941
f 2933//2933 2932//2932 2936//2936
f 2936//2936 2932//2932 2925//2925
f 2936//2936 2925//2925 2944//2944
f 2944//2944 2925//2925 2929//2929
f 2944//2944 2940//2940 2936//2936
f 2941//2941 2946//2946 2937//2937
f 2761//2761 2771//2771 2949//2949
f 2949//2949 2771//2771 2934//2934
f 2949//2949 2934//2934 2950//2950
f 2950//2950 2934//2934 2938//2938
f 2950//2950 2938//2938 2951//2951
f 2951//2951 2938//2938 2945//2945
f 2951//2951 2956//2956 2950//2950
f 2950//2950 2956//2956 2957//2957
f 2950//2950 2957//2957 2959//2959
f 2950//2950 2959//2959 2949//2949
f 2949//2949 2959//2959 2962//2962
f 2949//2949 2962//2962 2761//2761
f 2761//2761 2962//2962 2766//2766
f 2822//2822 2895//2895 2827//2827
f 2827//2827 2895//2895 2963//2963
f 2827//2827 2963//2963 2829//2829
f 2829//2829 2963//2963 2832//2832
f 2832//2832 2963//2963 2964//2964
f 2832//2832 2964//2964 2885//2885
f 2885//2885 2964//2964 2886//2886
f 2886//2886 2964//2964 2890//2890
f 2890//2890 2964//2964 2895//2895
f 2895//2895 2964//2964 2963//2963
f 2885//2885 2790//2790 2832//2832
f 2832//2832 2790//2790 2806//2806
f 2965//2965 2967//2967 2971//2971
f 2971//2971 2967//2967 2953//2953
f 2971//2971 2953//2953 2952//2952
f 2952//2952 2947//2947 2971//2971
f 2971//2971 2947//2947 2972//2972
f 2971//2971 2972//2972 2965//2965
f 2948//2948 2942//2942 2973//2973
f 2973//2973 2942//2942 2939//2939
f 2973//2973 2939//2939 2976//2976
f 2976//2976 2939//2939 2978//2978
f 2976//2976 2978//2978 2982//2982
f 2982//2982 2978//2978 2943//2943
f 2982//2982 2943//2943 2930//2930
f 2939//2939 2943//2943 2978//2978
f 2910//2910 2986//2986 2987//2987
f 2987//2987 2986//2986 2980//2980
f 2987//2987 2980//2980 2928//2928
f 2928//2928 2923//2923 2987//2987
f 2987//2987 2923//2923 2922//2922
f 2987//2987 2922//2922 2920//2920
f 2920//2920 2910//2910 2987//2987
f 2983//2983 2911//2911 2989//2989
f 2989//2989 2911//2911 2908//2908
f 2989//2989 2908//2908 2990//2990
f 2990//2990 2908//2908 2991//2991
f 2990//2990 2991//2991 2992//2992
f 2992//2992 2991//2991 2898//2898
f 2992//2992 2898//2898 2892//2892
f 2908//2908 2898//2898 2991//2991
f 2992//2992 2892//2892 2993//2993
f 2993//2993 2892//2892 2894//2894
f 2993//2993 2894//2894 2997//2997
f 2993//2993 2997//2997 2998//2998
f 2998//2998 2997//2997 2999//2999
f 2998//2998 2999//2999 3001//3001
f 3001//3001 2999//2999 3003//3003
f 3001//3001 3003//3003 2990//2990
f 2990//2990 3003//3003 3004//3004
f 2990//2990 3004//3004 2989//2989
f 2993//2993 2998//2998 3001//3001
f 2993//2993 3001//3001 2992//2992
f 2992//2992 3001//3001 2990//2990
f 2813//2813 2995//2995 2819//2819
f 2819//2819 2995//2995 2893//2893
f 2819//2819 2893//2893 2824//2824
f 3000//3000 2994//2994 3006//3006
f 3006//3006 2994//2994 3008//3008
f 3006//3006 3008//3008 3009//3009
f 3006//3006 3009//3009 3011//3011
f 3011//3011 3009//3009 3014//3014
f 3011//3011 3014//3014 3016//3016
f 3011//3011 3016//3016 3018//3018
f 3018//3018 3016//3016 3020//3020
f 3018//3018 3020//3020 3021//3021
f 3021//3021 3020//3020 3022//3022
f 3021//3021 3022//3022 3023//3023
f 3023//3023 3022//3022 3024//3024
f 3023//3023 3024//3024 3002//3002
f 3002//3002 3024//3024 3005//3005
f 3005//3005 3024//3024 3025//3025
f 3005//3005 3025//3025 2988//2988
f 2988//2988 3025//3025 3026//3026
f 2988//2988 3026//3026 2985//2985
f 3020//3020 3028//3028 3022//3022
f 3022//3022 3028//3028 3030//3030
f 3022//3022 3030//3030 3024//3024
f 3024//3024 3030//3030 3025//3025
f 3031//3031 3036//3036 3028//3028
f 3028//3028 3036//3036 3030//3030
f 3036//3036 3026//3026 3030//3030
f 3030//3030 3026//3026 3025//3025
f 3023//3023 3002//3002 3037//3037
f 3037//3037 3002//3002 3000//3000
f 3037//3037 3000//3000 3006//3006
f 3021//3021 3023//3023 3037//3037
f 3011//3011 3018//3018 3006//3006
f 3006//3006 3018//3018 3037//3037
f 3018//3018 3021//3021 3037//3037
f 2979//2979 2984//2984 3038//3038
f 3038//3038 2984//2984 3027//3027
f 3038//3038 3027//3027 3039//3039
f 3039//3039 3027//3027 3035//3035
f 3039//3039 3035//3035 3041//3041
f 3041//3041 3035//3035 3034//3034
f 3041//3041 3043//3043 3039//3039
f 3039//3039 3043//3043 3045//3045
f 3039//3039 3045//3045 3047//3047
f 3047//3047 3045//3045 3050//3050
f 3047//3047 3053//3053 3039//3039
f 3039//3039 3053//3053 3038//3038
f 3053//3053 2979//2979 3038//3038
f 2981//2981 3052//3052 2977//2977
f 2977//2977 3052//3052 3054//3054
f 2977//2977 3054//3054 2974//2974
f 2974//2974 3054//3054 3055//3055
f 3055//3055 3054//3054 3057//3057
f 3055//3055 3057//3057 3058//3058
f 3058//3058 3057//3057 3060//3060
f 3058//3058 3060//3060 3064//3064
f 3054//3054 3052//3052 3057//3057
f 3057//3057 3052//3052 3046//3046
f 3057//3057 3046//3046 3066//3066
f 3066//3066 3046//3046 3048//3048
f 3066//3066 3060//3060 3057//3057
f 2966//2966 2975//2975 3068//3068
f 3068//3068 2975//2975 3056//3056
f 3068//3068 3056//3056 3069//3069
f 3069//3069 3056//3056 3059//3059
f 3069//3069 3059//3059 3070//3070
f 3070//3070 3059//3059 3065//3065
f 3070//3070 3072//3072 3069//3069
f 3069//3069 3072//3072 3076//3076
f 3069//3069 3076//3076 3078//3078
f 3069//3069 3078//3078 3068//3068
f 3068//3068 3078//3078 3081//3081
f 3068//3068 3081//3081 2966//2966
f 2966//2966 3081//3081 2968//2968
f 2878//2878 3012//3012 2880//2880
f 2880//2880 3012//3012 3082//3082
f 2880//2880 3082//3082 2882//2882
f 2882//2882 3082//3082 2812//2812
f 2812//2812 3082//3082 2814//2814
f 2814//2814 3082//3082 3083//3083
f 2814//2814 3083//3083 3007//3007
f 3007//3007 3083//3083 3010//3010
f 3010//3010 3083//3083 3012//3012
f 3012//3012 3083//3083 3082//3082
f 3007//3007 2996//2996 2814//2814
f 3084//3084 3089//3089 3090//3090
f 3090//3090 3089//3089 2440//2440
f 3090//3090 2440//2440 2452//2452
f 2452//2452 2457//2457 3090//3090
f 3090//3090 2457//2457 3093//3093
f 3090//3090 3093//3093 3084//3084
f 3095//3095 3099//3099 3101//3101
f 3101//3101 3099//3099 2415//2415
f 3101//3101 2415//2415 2431//2431
f 2431//2431 2433//2433 3101//3101
f 3101//3101 2433//2433 3088//3088
f 3101//3101 3088//3088 3095//3095
f 2433//2433 2438//2438 3088//3088
f 2413//2413 3097//3097 3102//3102
f 3102//3102 3097//3097 3106//3106
f 3102//3102 3106//3106 2391//2391
f 2391//2391 2404//2404 3102//3102
f 3102//3102 2404//2404 2408//2408
f 3102//3102 2408//2408 2410//2410
f 2410//2410 2413//2413 3102//3102
f 3107//3107 3109//3109 3113//3113
f 3113//3113 3109//3109 2360//2360
f 3113//3113 2360//2360 3114//3114
f 3114//3114 2360//2360 2357//2357
f 3114//3114 2357//2357 3115//3115
f 3115//3115 2357//2357 2384//2384
f 3115//3115 2384//2384 3116//3116
f 3116//3116 2384//2384 2387//2387
f 3116//3116 2387//2387 2393//2393
f 3103//3103 3117//3117 2393//2393
f 2393//2393 3117//3117 3119//3119
f 2393//2393 3119//3119 3116//3116
f 3116//3116 3119//3119 3121//3121
f 3116//3116 3121//3121 3122//3122
f 3122//3122 3121//3121 3124//3124
f 3122//3122 3124//3124 3107//3107
f 3119//3119 3124//3124 3121//3121
f 3122//3122 3107//3107 3113//3113
f 3114//3114 3115//3115 3113//3113
f 3113//3113 3115//3115 3122//3122
f 3115//3115 3116//3116 3122//3122
f 2858//2858 2852//2852 3110//3110
f 3110//3110 2852//2852 2850//2850
f 3110//3110 2850//2850 2359//2359
f 2359//2359 2850//2850 2846//2846
f 2359//2359 2846//2846 2485//2485
f 3125//3125 3130//3130 3131//3131
f 3131//3131 3130//3130 3074//3074
f 3131//3131 3074//3074 3071//3071
f 3071//3071 3062//3062 3131//3131
f 3131//3131 3062//3062 3134//3134
f 3131//3131 3134//3134 3125//3125
f 3063//3063 3061//3061 3132//3132
f 3132//3132 3061//3061 3137//3137
f 3137//3137 3061//3061 3138//3138
f 3137//3137 3138//3138 3139//3139
f 3139//3139 3138//3138 3067//3067
f 3139//3139 3067//3067 3049//3049
f 3061//3061 3067//3067 3138//3138
f 3033//3033 3143//3143 3147//3147
f 3147//3147 3143//3143 3141//3141
f 3147//3147 3141//3141 3051//3051
f 3051//3051 3044//3044 3147//3147
f 3147//3147 3044//3044 3042//3042
f 3147//3147 3042//3042 3040//3040
f 3040//3040 3033//3033 3147//3147
f 3146//3146 3032//3032 3148//3148
f 3148//3148 3032//3032 3029//3029
f 3148//3148 3029//3029 3150//3150
f 3150//3150 3029//3029 3151//3151
f 3150//3150 3151//3151 3152//3152
f 3152//3152 3151//3151 3019//3019
f 3152//3152 3019//3019 3017//3017
f 3029//3029 3019//3019 3151//3151
f 3152//3152 3017//3017 3153//3153
f 3153//3153 3017//3017 3013//3013
f 3153//3153 3013//3013 3156//3156
f 3153//3153 3156//3156 3158//3158
f 3158//3158 3156//3156 3159//3159
f 3158//3158 3159//3159 3161//3161
f 3161//3161 3159//3159 3163//3163
f 3161//3161 3163//3163 3150//3150
f 3150//3150 3163//3163 3164//3164
f 3150//3150 3164//3164 3148//3148
f 3153//3153 3158//3158 3161//3161
f 3153//3153 3161//3161 3152//3152
f 3152//3152 3161//3161 3150//3150
f 3015//3015 2872//2872 3157//3157
f 3157//3157 2872//2872 2869//2869
f 3157//3157 2869//2869 2865//2865
f 2877//2877 2875//2875 3015//3015
f 3015//3015 2875//2875 2872//2872
f 3160//3160 3155//3155 3166//3166
f 3166//3166 3155//3155 3168//3168
f 3166//3166 3168//3168 3169//3169
f 3169//3169 3168//3168 3170//3170
f 3169//3169 3170//3170 3108//3108
f 3108//3108 3170//3170 3112//3112
f 3169//3169 3108//3108 3172//3172
f 3172//3172 3108//3108 3123//3123
f 3172//3172 3123//3123 3173//3173
f 3173//3173 3123//3123 3120//3120
f 3173//3173 3120//3120 3174//3174
f 3174//3174 3120//3120 3175//3175
f 3174//3174 3175//3175 3176//3176
f 3176//3176 3175//3175 3177//3177
f 3176//3176 3177//3177 3165//3165
f 3165//3165 3177//3177 3149//3149
f 3149//3149 3177//3177 3179//3179
f 3149//3149 3179//3179 3145//3145
f 3175//3175 3120//3120 3181//3181
f 3181//3181 3120//3120 3118//3118
f 3181//3181 3118//3118 3105//3105
f 3181//3181 3179//3179 3175//3175
f 3175//3175 3179//3179 3177//3177
f 3165//3165 3162//3162 3176//3176
f 3176//3176 3162//3162 3182//3182
f 3176//3176 3182//3182 3174//3174
f 3174//3174 3182//3182 3173//3173
f 3182//3182 3162//3162 3183//3183
f 3183//3183 3162//3162 3160//3160
f 3183//3183 3160//3160 3166//3166
f 3173//3173 3182//3182 3183//3183
f 3169//3169 3172//3172 3166//3166
f 3166//3166 3172//3172 3183//3183
f 3172//3172 3173//3173 3183//3183
f 3140//3140 3144//3144 3184//3184
f 3184//3184 3144//3144 3178//3178
f 3184//3184 3178//3178 3185//3185
f 3185//3185 3178//3178 3180//3180
f 3185//3185 3180//3180 3100//3100
f 3100//3100 3180//3180 3104//3104
f 3100//3100 3186//3186 3185//3185
f 3185//3185 3186//3186 3188//3188
f 3185//3185 3188//3188 3184//3184
f 3184//3184 3188//3188 3140//3140
f 3142//3142 3189//3189 3136//3136
f 3136//3136 3189//3189 3190//3190
f 3136//3136 3190//3190 3133//3133
f 3133//3133 3190//3190 3192//3192
f 3192//3192 3190//3190 3193//3193
f 3192//3192 3193//3193 3194//3194
f 3194//3194 3193//3193 3096//3096
f 3194//3194 3096//3096 3086//3086
f 3190//3190 3189//3189 3193//3193
f 3193//3193 3189//3189 3187//3187
f 3193//3193 3187//3187 3096//3096
f 3096//3096 3187//3187 3098//3098
f 3126//3126 3135//3135 3196//3196
f 3196//3196 3135//3135 3191//3191
f 3196//3196 3191//3191 3197//3197
f 3197//3197 3191//3191 3195//3195
f 3197//3197 3195//3195 3085//3085
f 3085//3085 3195//3195 3087//3087
f 3094//3094 3198//3198 3085//3085
f 3085//3085 3198//3198 3197//3197
f 3198//3198 3201//3201 3197//3197
f 3197//3197 3201//3201 3196//3196
f 3201//3201 3203//3203 3196//3196
f 3196//3196 3203//3203 3126//3126
f 3203//3203 3128//3128 3126//3126
f 2857//2857 3111//3111 2860//2860
f 2860//2860 3111//3111 3204//3204
f 2860//2860 3204//3204 2861//2861
f 2861//2861 3204//3204 2863//2863
f 2863//2863 3204//3204 3205//3205
f 2863//2863 3205//3205 3154//3154
f 3154//3154 3205//3205 3167//3167
f 3167//3167 3205//3205 3171//3171
f 3171//3171 3205//3205 3111//3111
f 3111//3111 3205//3205 3204//3204
f 3154//3154 2866//2866 2863//2863
f 2456//2456 2459//2459 3209//3209
f 3209//3209 2459//2459 3211//3211
f 3211//3211 2459//2459 2461//2461
f 3211//3211 2461//2461 3213//3213
f 3213//3213 2461//2461 2464//2464
f 3213//3213 2464//2464 3216//3216
f 3216//3216 2464//2464 2467//2467
f 2468//2468 2489//2489 3217//3217
f 3217//3217 2489//2489 3219//3219
f 2490//2490 2610//2610 3221//3221
f 3221//3221 2610//2610 3222//3222
f 3222//3222 2610//2610 2608//2608
f 3222//3222 2608//2608 3225//3225
f 3225//3225 2608//2608 2605//2605
f 3225//3225 2605//2605 3229//3229
f 3229//3229 2605//2605 2602//2602
f 2603//2603 2626//2626 3226//3226
f 3226//3226 2626//2626 3230//3230
f 2627//2627 2749//2749 3233//3233
f 3233//3233 2749//2749 3234//3234
f 3234//3234 2749//2749 2747//2747
f 3234//3234 2747//2747 3237//3237
f 3237//3237 2747//2747 2745//2745
f 3237//3237 2745//2745 3239//3239
f 3239//3239 2745//2745 2743//2743
f 2742//2742 2765//2765 3240//3240
f 3240//3240 2765//2765 3243//3243
f 2763//2763 2961//2961 3242//3242
f 3242//3242 2961//2961 3247//3247
f 3247//3247 2961//2961 2960//2960
f 3247//3247 2960//2960 3248//3248
f 3248//3248 2960//2960 2958//2958
f 3248//3248 2958//2958 3250//3250
f 3250//3250 2958//2958 2954//2954
f 2955//2955 2969//2969 3251//3251
f 3251//3251 2969//2969 3257//3257
f 2970//2970 3080//3080 3254//3254
f 3254//3254 3080//3080 3259//3259
f 3259//3259 3080//3080 3079//3079
f 3259//3259 3079//3079 3261//3261
f 3261//3261 3079//3079 3077//3077
f 3261//3261 3077//3077 3264//3264
f 3264//3264 3077//3077 3075//3075
f 3092//3092 2458//2458 3267//3267
f 3267//3267 2458//2458 3208//3208
f 3073//3073 3127//3127 3265//3265
f 3265//3265 3127//3127 3270//3270
f 3129//3129 3202//3202 3272//3272
f 3272//3272 3202//3202 3275//3275
f 3275//3275 3202//3202 3200//3200
f 3275//3275 3200//3200 3277//3277
f 3277//3277 3200//3200 3199//3199
f 3277//3277 3199//3199 3268//3268
f 3268//3268 3199//3199 3091//3091
f 3227//3227 3232//3232 3279//3279
f 3279//3279 3232//3232 3281//3281
f 3279//3279 3281//3281 3283//3283
f 3283//3283 3281//3281 3284//3284
f 3283//3283 3284//3284 3287//3287
f 3287//3287 3284//3284 3290//3290
f 3224//3224 3228//3228 3292//3292
f 3292//3292 3228//3228 3278//3278
f 3292//3292 3278//3278 3293//3293
f 3293//3293 3278//3278 3282//3282
f 3293//3293 3282//3282 3294//3294
f 3294//3294 3282//3282 3286//3286
f 3294//3294 3286//3286 3296//3296
f 3294//3294 3296//3296 3297//3297
f 3297//3297 3296//3296 3299//3299
f 3297//3297 3299//3299 3301//3301
f 3301//3301 3299//3299 3303//3303
f 3297//3297 3301//3301 3305//3305
f 3305//3305 3301//3301 3307//3307
f 3305//3305 3307//3307 3308//3308
f 3308//3308 3307//3307 3220//3220
f 3308//3308 3220//3220 3223//3223
f 3223//3223 3224//3224 3308//3308
f 3308//3308 3224//3224 3292//3292
f 3308//3308 3292//3292 3293//3293
f 3297//3297 3305//3305 3294//3294
f 3294//3294 3305//3305 3293//3293
f 3305//3305 3308//3308 3293//3293
f 3214//3214 3218//3218 3309//3309
f 3309//3309 3218//3218 3306//3306
f 3309//3309 3306//3306 3300//3300
f 3309//3309 3300//3300 3311//3311
f 3311//3311 3300//3300 3302//3302
f 3311//3311 3302//3302 3313//3313
f 3212//3212 3215//3215 3316//3316
f 3316//3316 3215//3215 3310//3310
f 3316//3316 3310//3310 3317//3317
f 3317//3317 3310//3310 3312//3312
f 3317//3317 3312//3312 3318//3318
f 3318//3318 3312//3312 3314//3314
f 3318//3318 3314//3314 3319//3319
f 3318//3318 3319//3319 3321//3321
f 3321//3321 3319//3319 3323//3323
f 3321//3321 3323//3323 3325//3325
f 3325//3325 3323//3323 3327//3327
f 3321//3321 3325//3325 3329//3329
f 3329//3329 3325//3325 3330//3330
f 3329//3329 3330//3330 3332//3332
f 3332//3332 3330//3330 3207//3207
f 3332//3332 3207//3207 3210//3210
f 3210//3210 3212//3212 3332//3332
f 3332//3332 3212//3212 3316//3316
f 3332//3332 3316//3316 3317//3317
f 3321//3321 3329//3329 3318//3318
f 3318//3318 3329//3329 3317//3317
f 3329//3329 3332//3332 3317//3317
f 3269//3269 3206//3206 3334//3334
f 3334//3334 3206//3206 3331//3331
f 3334//3334 3331//3331 3324//3324
f 3334//3334 3324//3324 3335//3335
f 3335//3335 3324//3324 3328//3328
f 3335//3335 3328//3328 3338//3338
f 3276//3276 3266//3266 3340//3340
f 3340//3340 3266//3266 3333//3333
f 3340//3340 3333//3333 3341//3341
f 3341//3341 3333//3333 3336//3336
f 3341//3341 3336//3336 3342//3342
f 3342//3342 3336//3336 3337//3337
f 3342//3342 3337//3337 3344//3344
f 3342//3342 3344//3344 3345//3345
f 3345//3345 3344//3344 3346//3346
f 3345//3345 3346//3346 3348//3348
f 3348//3348 3346//3346 3352//3352
f 3345//3345 3348//3348 3353//3353
f 3353//3353 3348//3348 3354//3354
f 3353//3353 3354//3354 3356//3356
f 3356//3356 3354//3354 3273//3273
f 3356//3356 3273//3273 3274//3274
f 3274//3274 3276//3276 3356//3356
f 3356//3356 3276//3276 3340//3340
f 3356//3356 3340//3340 3341//3341
f 3345//3345 3353//3353 3342//3342
f 3342//3342 3353//3353 3341//3341
f 3353//3353 3356//3356 3341//3341
f 3263//3263 3271//3271 3357//3357
f 3357//3357 3271//3271 3355//3355
f 3357//3357 3355//3355 3349//3349
f 3357//3357 3349//3349 3359//3359
f 3359//3359 3349//3349 3350//3350
f 3359//3359 3350//3350 3362//3362
f 3260//3260 3262//3262 3364//3364
f 3364//3364 3262//3262 3358//3358
f 3364//3364 3358//3358 3365//3365
f 3365//3365 3358//3358 3360//3360
f 3365//3365 3360//3360 3366//3366
f 3366//3366 3360//3360 3361//3361
f 3366//3366 3361//3361 3367//3367
f 3366//3366 3367//3367 3369//3369
f 3369//3369 3367//3367 3370//3370
f 3369//3369 3370//3370 3373//3373
f 3373//3373 3370//3370 3374//3374
f 3369//3369 3373//3373 3377//3377
f 3377//3377 3373//3373 3379//3379
f 3377//3377 3379//3379 3380//3380
f 3380//3380 3379//3379 3256//3256
f 3380//3380 3256//3256 3258//3258
f 3258//3258 3260//3260 3380//3380
f 3380//3380 3260//3260 3364//3364
f 3380//3380 3364//3364 3365//3365
f 3369//3369 3377//3377 3366//3366
f 3366//3366 3377//3377 3365//3365
f 3377//3377 3380//3380 3365//3365
f 3252//3252 3255//3255 3382//3382
f 3382//3382 3255//3255 3378//3378
f 3382//3382 3378//3378 3372//3372
f 3382//3382 3372//3372 3384//3384
f 3384//3384 3372//3372 3376//3376
f 3384//3384 3376//3376 3387//3387
f 3249//3249 3253//3253 3388//3388
f 3388//3388 3253//3253 3381//3381
f 3388//3388 3381//3381 3389//3389
f 3389//3389 3381//3381 3383//3383
f 3389//3389 3383//3383 3390//3390
f 3390//3390 3383//3383 3386//3386
f 3390//3390 3386//3386 3392//3392
f 3390//3390 3392//3392 3393//3393
f 3393//3393 3392//3392 3395//3395
f 3393//3393 3395//3395 3397//3397
f 3397//3397 3395//3395 3399//3399
f 3393//3393 3397//3397 3401//3401
f 3401//3401 3397//3397 3402//3402
f 3401//3401 3402//3402 3404//3404
f 3404//3404 3402//3402 3244//3244
f 3404//3404 3244//3244 3246//3246
f 3246//3246 3249//3249 3404//3404
f 3404//3404 3249//3249 3388//3388
f 3404//3404 3388//3388 3389//3389
f 3393//3393 3401//3401 3390//3390
f 3390//3390 3401//3401 3389//3389
f 3401//3401 3404//3404 3389//3389
f 3241//3241 3245//3245 3405//3405
f 3405//3405 3245//3245 3403//3403
f 3405//3405 3403//3403 3396//3396
f 3405//3405 3396//3396 3407//3407
f 3407//3407 3396//3396 3400//3400
f 3407//3407 3400//3400 3411//3411
f 3236//3236 3238//3238 3412//3412
f 3412//3412 3238//3238 3406//3406
f 3412//3412 3406//3406 3413//3413
f 3413//3413 3406//3406 3408//3408
f 3413//3413 3408//3408 3414//3414
f 3414//3414 3408//3408 3409//3409
f 3414//3414 3409//3409 3416//3416
f 3414//3414 3416//3416 3417//3417
f 3417//3417 3416//3416 3419//3419
f 3417//3417 3419//3419 3285//3285
f 3285//3285 3419//3419 3291//3291
f 3417//3417 3285//3285 3420//3420
f 3420//3420 3285//3285 3280//3280
f 3420//3420 3280//3280 3421//3421
f 3421//3421 3280//3280 3231//3231
f 3421//3421 3231//3231 3235//3235
f 3235//3235 3236//3236 3421//3421
f 3421//3421 3236//3236 3412//3412
f 3421//3421 3412//3412 3413//3413
f 3417//3417 3420//3420 3414//3414
f 3414//3414 3420//3420 3413//3413
f 3420//3420 3421//3421 3413//3413
f 3418//3418 3415//3415 3289//3289
f 3289//3289 3415//3415 3410//3410
f 3289//3289 3410//3410 3423//3423
f 3423//3423 3410//3410 3424//3424
f 3424//3424 3410//3410 3398//3398
f 3424//3424 3398//3398 3427//3427
f 3427//3427 3398//3398 3385//3385
f 3427//3427 3385//3385 3429//3429
f 3429//3429 3385//3385 3375//3375
f 3429//3429 3375//3375 3431//3431
f 3431//3431 3375//3375 3363//3363
f 3431//3431 3363//3363 3432//3432
f 3432//3432 3363//3363 3351//3351
f 3432//3432 3351//3351 3435//3435
f 3435//3435 3351//3351 3339//3339
f 3435//3435 3339//3339 3436//3436
f 3436//3436 3339//3339 3326//3326
f 3436//3436 3326//3326 3438//3438
f 3438//3438 3326//3326 3315//3315
f 3438//3438 3315//3315 3441//3441
f 3441//3441 3315//3315 3304//3304
f 3441//3441 3304//3304 3443//3443
f 3443//3443 3304//3304 3288//3288
f 3443//3443 3288//3288 3444//3444
f 3444//3444 3288//3288 3289//3289
f 3444//3444 3289//3289 3423//3423
f 3398//3398 3394//3394 3385//3385
f 3385//3385 3394//3394 3391//3391
f 3375//3375 3371//3371 3363//3363
f 3363//3363 3371//3371 3368//3368
f 3347//3347 3343//3343 3351//3351
f 3351//3351 3343//3343 3339//3339
f 3326//3326 3322//3322 3315//3315
f 3315//3315 3322//3322 3320//3320
f 3304//3304 3298//3298 3288//3288
f 3288//3288 3298//3298 3295//3295
f 3448//3448 3449//3449 3452//3452
f 3452//3452 3449//3449 3454//3454
f 3450//3450 3453//3453 3455//3455
f 3455//3455 3453//3453 3457//3457
f 3455//3455 3457//3457 3459//3459
f 3459//3459 3457//3457 3460//3460
f 3459//3459 3460//3460 3462//3462
f 3462//3462 3460//3460 3463//3463
f 3462//3462 3463//3463 3464//3464
f 3464//3464 3463//3463 3466//3466
f 3464//3464 3466//3466 3468//3468
f 3468//3468 3466//3466 3469//3469
f 3468//3468 3469//3469 3471//3471
f 3471//3471 3469//3469 3472//3472
f 3471//3471 3472//3472 3474//3474
f 3474//3474 3472//3472 3475//3475
f 3474//3474 3475//3475 3476//3476
f 3476//3476 3475//3475 3478//3478
f 3476//3476 3478//3478 3479//3479
f 3479//3479 3478//3478 3481//3481
f 3479//3479 3481//3481 3482//3482
f 3482//3482 3481//3481 3484//3484
f 3482//3482 3484//3484 3448//3448
f 3448//3448 3484//3484 3449//3449
f 3422//3422 3457//3457 3445//3445
f 3445//3445 3457//3457 3453//3453
f 3446//3446 3454//3454 3442//3442
f 3442//3442 3454//3454 3449//3449
f 3442//3442 3449//3449 3440//3440
f 3440//3440 3449//3449 3484//3484
f 3440//3440 3484//3484 3439//3439
f 3439//3439 3484//3484 3481//3481
f 3439//3439 3481//3481 3437//3437
f 3437//3437 3481//3481 3478//3478
f 3437//3437 3478//3478 3434//3434
f 3434//3434 3478//3478 3475//3475
f 3434//3434 3475//3475 3433//3433
f 3433//3433 3475//3475 3472//3472
f 3433//3433 3472//3472 3430//3430
f 3430//3430 3472//3472 3469//3469
f 3430//3430 3469//3469 3428//3428
f 3428//3428 3469//3469 3466//3466
f 3428//3428 3466//3466 3426//3426
f 3426//3426 3466//3466 3463//3463
f 3426//3426 3463//3463 3425//3425
f 3425//3425 3463//3463 3460//3460
f 3425//3425 3460//3460 3422//3422
f 3422//3422 3460//3460 3457//3457
f 2825//2825 3485//3485 2820//2820
f 2820//2820 3485//3485 3488//3488
f 2820//2820 3488//3488 2816//2816
f 2816//2816 3488//3488 3489//3489
f 2816//2816 3489//3489 2870//2870
f 2870//2870 3489//3489 3493//3493
f 2870//2870 3493//3493 2855//2855
f 2855//2855 3493//3493 3494//3494
f 2855//2855 3494//3494 2849//2849
f 2849//2849 3494//3494 3497//3497
f 2849//2849 3497//3497 2845//2845
f 2845//2845 3497//3497 3498//3498
f 2845//2845 3498//3498 2843//2843
f 2843//2843 3498//3498 3501//3501
f 2843//2843 3501//3501 2839//2839
f 2839//2839 3501//3501 3502//3502
f 2839//2839 3502//3502 2837//2837
f 2837//2837 3502//3502 3504//3504
f 2837//2837 3504//3504 2835//2835
f 2835//2835 3504//3504 3507//3507
f 2835//2835 3507//3507 2834//2834
f 2834//2834 3507//3507 3508//3508
f 2834//2834 3508//3508 2825//2825
f 2825//2825 3508//3508 3485//3485
f 3511//3511 3495//3495 3514//3514
f 3514//3514 3495//3495 3491//3491
f 3513//3513 3492//3492 3515//3515
f 3515//3515 3492//3492 3490//3490
f 3515//3515 3490//3490 3518//3518
f 3518//3518 3490//3490 3487//3487
f 3518//3518 3487//3487 3519//3519
f 3519//3519 3487//3487 3486//3486
f 3519//3519 3486//3486 3522//3522
f 3522//3522 3486//3486 3509//3509
f 3522//3522 3509//3509 3524//3524
f 3524//3524 3509//3509 3506//3506
f 3524//3524 3506//3506 3525//3525
f 3525//3525 3506//3506 3505//3505
f 3525//3525 3505//3505 3527//3527
f 3527//3527 3505//3505 3503//3503
f 3527//3527 3503//3503 3530//3530
f 3530//3530 3503//3503 3500//3500
f 3530//3530 3500//3500 3532//3532
f 3532//3532 3500//3500 3499//3499
f 3532//3532 3499//3499 3533//3533
f 3533//3533 3499//3499 3496//3496
f 3533//3533 3496//3496 3511//3511
f 3511//3511 3496//3496 3495//3495
f 3516//3516 3535//3535 3512//3512
f 3512//3512 3535//3535 3538//3538
f 3512//3512 3538//3538 3541//3541
f 3535//3535 3516//3516 3542//3542
f 3542//3542 3516//3516 3517//3517
f 3542//3542 3517//3517 3544//3544
f 3544//3544 3517//3517 3520//3520
f 3544//3544 3520//3520 3521//3521
f 3544//3544 3521//3521 3547//3547
f 3547//3547 3521//3521 3523//3523
f 3547//3547 3523//3523 3549//3549
f 3549//3549 3523//3523 3550//3550
f 3550//3550 3523//3523 3526//3526
f 3550//3550 3526//3526 3552//3552
f 3552//3552 3526//3526 3528//3528
f 3552//3552 3528//3528 3554//3554
f 3554//3554 3528//3528 3529//3529
f 3554//3554 3529//3529 3556//3556
f 3556//3556 3529//3529 3531//3531
f 3556//3556 3531//3531 3534//3534
f 3556//3556 3534//3534 3559//3559
f 3559//3559 3534//3534 3510//3510
f 3559//3559 3510//3510 3541//3541
f 3541//3541 3510//3510 3512//3512
f 3456//3456 3561//3561 3451//3451
f 3451//3451 3561//3561 3562//3562
f 3451//3451 3562//3562 3565//3565
f 3561//3561 3456//3456 3567//3567
f 3567//3567 3456//3456 3458//3458
f 3567//3567 3458//3458 3569//3569
f 3569//3569 3458//3458 3461//3461
f 3569//3569 3461//3461 3465//3465
f 3569//3569 3465//3465 3570//3570
f 3570//3570 3465//3465 3467//3467
f 3570//3570 3467//3467 3572//3572
f 3572//3572 3467//3467 3575//3575
f 3575//3575 3467//3467 3470//3470
f 3575//3575 3470//3470 3578//3578
f 3578//3578 3470//3470 3473//3473
f 3578//3578 3473//3473 3579//3579
f 3579//3579 3473//3473 3477//3477
f 3579//3579 3477//3477 3581//3581
f 3581//3581 3477//3477 3480//3480
f 3581//3581 3480//3480 3483//3483
f 3581//3581 3483//3483 3583//3583
f 3583//3583 3483//3483 3447//3447
f 3583//3583 3447//3447 3565//3565
f 3565//3565 3447//3447 3451//3451
f 3560//3560 3548//3548 3563//3563
f 3563//3563 3548//3548 3551//3551
f 3563//3563 3551//3551 3564//3564
f 3564//3564 3551//3551 3553//3553
f 3564//3564 3553//3553 3584//3584
f 3584//3584 3553//3553 3555//3555
f 3584//3584 3555//3555 3582//3582
f 3582//3582 3555//3555 3557//3557
f 3582//3582 3557//3557 3580//3580
f 3580//3580 3557//3557 3558//3558
f 3580//3580 3558//3558 3577//3577
f 3577//3577 3558//3558 3540//3540
f 3577//3577 3540//3540 3574//3574
f 3574//3574 3540//3540 3537//3537
f 3576//3576 3539//3539 3573//3573
f 3573//3573 3539//3539 3536//3536
f 3573//3573 3536//3536 3571//3571
f 3571//3571 3536//3536 3543//3543
f 3571//3571 3543//3543 3568//3568
f 3568//3568 3543//3543 3545//3545
f 3568//3568 3545//3545 3566//3566
f 3566//3566 3545//3545 3546//3546
f 3566//3566 3546//3546 3560//3560
f 3560//3560 3546//3546 3548//3548
f 3585//3585 3586//3586 3587//3587
f 3587//3587 3586//3586 3588//3588
f 3588//3588 3586//3586 3589//3589
f 3588//3588 3589//3589 3590//3590
f 3591//3591 3592//3592 3593//3593
f 3593//3593 3592//3592 3594//3594
f 3593//3593 3594//3594 3595//3595
f 3591//3591 3596//3596 3592//3592
f 3597//3597 3598//3598 3599//3599
f 3599//3599 3598//3598 3600//3600
f 3600//3600 3598//3598 3601//3601
f 3600//3600 3601//3601 3602//3602
f 3603//3603 3604//3604 3605//3605
f 3605//3605 3604//3604 3606//3606
f 3605//3605 3606//3606 3607//3607
f 3603//3603 3608//3608 3604//3604
f 3609//3609 3610//3610 3611//3611
f 3611//3611 3610//3610 3612//3612
f 3612//3612 3610//3610 3613//3613
f 3612//3612 3613//3613 3614//3614
f 3615//3615 3618//3618 3619//3619
f 3619//3619 3618//3618 3623//3623
f 3619//3619 3623//3623 3625//3625
f 3625//3625 3623//3623 3626//3626
f 3625//3625 3626//3626 3629//3629
f 3618//3618 3615//3615 3631//3631
f 3631//3631 3615//3615 3633//3633
f 3631//3631 3633//3633 3635//3635
f 3635//3635 3633//3633 3637//3637
f 3635//3635 3637//3637 3639//3639
f 3635//3635 3639//3639 3640//3640
f 3640//3640 3639//3639 3643//3643
f 3640//3640 3643//3643 3645//3645
f 3645//3645 3643//3643 3647//3647
f 3645//3645 3647//3647 3650//3650
f 3650//3650 3647//3647 3651//3651
f 3651//3651 3647//3647 3654//3654
f 3651//3651 3654//3654 3655//3655
f 3655//3655 3654//3654 3658//3658
f 3655//3655 3658//3658 3659//3659
f 3659//3659 3658//3658 3661//3661
f 3659//3659 3661//3661 3664//3664
f 3659//3659 3664//3664 3629//3629
f 3629//3629 3664//3664 3625//3625
f 3665//3665 3644//3644 3667//3667
f 3667//3667 3644//3644 3648//3648
f 3668//3668 3649//3649 3671//3671
f 3671//3671 3649//3649 3652//3652
f 3671//3671 3652//3652 3672//3672
f 3672//3672 3652//3652 3656//3656
f 3672//3672 3656//3656 3675//3675
f 3675//3675 3656//3656 3660//3660
f 3675//3675 3660//3660 3676//3676
f 3676//3676 3660//3660 3628//3628
f 3676//3676 3628//3628 3679//3679
f 3679//3679 3628//3628 3627//3627
f 3679//3679 3627//3627 3680//3680
f 3680//3680 3627//3627 3622//3622
f 3680//3680 3622//3622 3682//3682
f 3682//3682 3622//3622 3617//3617
f 3682//3682 3617//3617 3685//3685
f 3685//3685 3617//3617 3630//3630
f 3685//3685 3630//3630 3686//3686
f 3686//3686 3630//3630 3634//3634
f 3686//3686 3634//3634 3689//3689
f 3689//3689 3634//3634 3641//3641
f 3689//3689 3641//3641 3665//3665
f 3665//3665 3641//3641 3644//3644
f 3670//3670 3678//3678 3669//3669
f 3669//3669 3678//3678 3681//3681
f 3669//3669 3681//3681 3666//3666
f 3666//3666 3681//3681 3683//3683
f 3666//3666 3683//3683 3688//3688
f 3688//3688 3683//3683 3684//3684
f 3688//3688 3684//3684 3687//3687
f 3678//3678 3670//3670 3677//3677
f 3677//3677 3670//3670 3673//3673
f 3677//3677 3673//3673 3674//3674
f 3690//3690 3616//3616 3694//3694
f 3694//3694 3616//3616 3620//3620
f 3695//3695 3621//3621 3696//3696
f 3696//3696 3621//3621 3624//3624
f 3696//3696 3624//3624 3699//3699
f 3699//3699 3624//3624 3663//3663
f 3699//3699 3663//3663 3701//3701
f 3701//3701 3663//3663 3662//3662
f 3701//3701 3662//3662 3702//3702
f 3702//3702 3662//3662 3657//3657
f 3702//3702 3657//3657 3705//3705
f 3705//3705 3657//3657 3653//3653
f 3705//3705 3653//3653 3707//3707
f 3707//3707 3653//3653 3646//3646
f 3707//3707 3646//3646 3708//3708
f 3708//3708 3646//3646 3642//3642
f 3708//3708 3642//3642 3711//3711
f 3711//3711 3642//3642 3638//3638
f 3711//3711 3638//3638 3713//3713
f 3713//3713 3638//3638 3636//3636
f 3713//3713 3636//3636 3714//3714
f 3714//3714 3636//3636 3632//3632
f 3714//3714 3632//3632 3690//3690
f 3690//3690 3632//3632 3616//3616
f 3716//3716 3719//3719 3720//3720
f 3720//3720 3719//3719 3723//3723
f 3720//3720 3723//3723 3725//3725
f 3725//3725 3723//3723 3727//3727
f 3725//3725 3727//3727 3729//3729
f 3729//3729 3727//3727 3731//3731
f 3729//3729 3731//3731 3734//3734
f 3719//3719 3716//3716 3736//3736
f 3736//3736 3716//3716 3737//3737
f 3736//3736 3737//3737 3739//3739
f 3726//3726 3741//3741 3721//3721
f 3722//3722 3742//3742 3743//3743
f 3722//3722 3743//3743 3717//3717
f 3717//3717 3743//3743 3744//3744
f 3717//3717 3744//3744 3738//3738
f 3738//3738 3744//3744 3745//3745
f 3738//3738 3745//3745 3740//3740
f 3740//3740 3745//3745 3746//3746
f 3740//3740 3746//3746 3735//3735
f 3735//3735 3746//3746 3747//3747
f 3735//3735 3747//3747 3718//3718
f 3718//3718 3747//3747 3748//3748
f 3718//3718 3748//3748 3724//3724
f 3724//3724 3748//3748 3749//3749
f 3724//3724 3749//3749 3728//3728
f 3728//3728 3749//3749 3750//3750
f 3728//3728 3750//3750 3732//3732
f 3732//3732 3750//3750 3751//3751
f 3732//3732 3751//3751 3733//3733
f 3733//3733 3751//3751 3752//3752
f 3733//3733 3752//3752 3730//3730
f 3730//3730 3752//3752 3753//3753
f 3730//3730 3753//3753 3726//3726
f 3726//3726 3753//3753 3741//3741
f 3697//3697 3755//3755 3693//3693
f 3692//3692 3754//3754 3756//3756
f 3692//3692 3756//3756 3691//3691
f 3691//3691 3756//3756 3757//3757
f 3691//3691 3757//3757 3715//3715
f 3715//3715 3757//3757 3758//3758
f 3715//3715 3758//3758 3712//3712
f 3712//3712 3758//3758 3759//3759
f 3712//3712 3759//3759 3710//3710
f 3710//3710 3759//3759 3760//3760
f 3710//3710 3760//3760 3709//3709
f 3709//3709 3760//3760 3761//3761
f 3709//3709 3761//3761 3706//3706
f 3706//3706 3761//3761 3762//3762
f 3706//3706 3762//3762 3704//3704
f 3704//3704 3762//3762 3763//3763
f 3704//3704 3763//3763 3703//3703
f 3703//3703 3763//3763 3764//3764
f 3703//3703 3764//3764 3700//3700
f 3700//3700 3764//3764 3765//3765
f 3700//3700 3765//3765 3698//3698
f 3698//3698 3765//3765 3766//3766
f 3698//3698 3766//3766 3697//3697
f 3697//3697 3766//3766 3755//3755
f 3743//3743 3742//3742 3766//3766
f 3766//3766 3742//3742 3755//3755
f 3756//3756 3754//3754 3753//3753
f 3753//3753 3754//3754 3741//3741
f 3743//3743 3766//3766 3765//3765
f 3756//3756 3753//3753 3752//3752
f 3757//3757 3756//3756 3752//3752
f 3758//3758 3757//3757 3751//3751
f 3751//3751 3757//3757 3752//3752
f 3759//3759 3758//3758 3750//3750
f 3750//3750 3758//3758 3751//3751
f 3760//3760 3759//3759 3749//3749
f 3749//3749 3759//3759 3750//3750
f 3761//3761 3760//3760 3748//3748
f 3748//3748 3760//3760 3749//3749
f 3762//3762 3761//3761 3747//3747
f 3747//3747 3761//3761 3748//3748
f 3763//3763 3762//3762 3746//3746
f 3746//3746 3762//3762 3747//3747
f 3764//3764 3763//3763 3745//3745
f 3745//3745 3763//3763 3746//3746
f 3765//3765 3764//3764 3744//3744
f 3744//3744 3764//3764 3745//3745
f 3743//3743 3765//3765 3744//3744
f 3769//3769 3770//3770 3773//3773
f 3773//3773 3770//3770 3775//3775
f 3773//3773 3775//3775 3778//3778
f 3773//3773 3778//3778 3779//3779
f 3779//3779 3778//3778 3783//3783
f 3779//3779 3783//3783 3784//3784
f 3785//3785 3789//3789 3790//3790
f 3790//3790 3789//3789 3792//3792
f 3790//3790 3792//3792 3795//3795
f 3795//3795 3792//3792 3797//3797
f 3795//3795 3797//3797 3799//3799
f 3799//3799 3797//3797 3800//3800
f 3799//3799 3800//3800 3803//3803
f 3799//3799 3803//3803 3805//3805
f 3805//3805 3803//3803 3807//3807
f 3805//3805 3807//3807 3811//3811
f 3809//3809 3808//3808 3782//3782
f 3809//3809 3782//3782 3813//3813
f 3813//3813 3782//3782 3777//3777
f 3813//3813 3777//3777 3776//3776
f 3808//3808 3815//3815 3782//3782
f 3776//3776 3771//3771 3813//3813
f 3813//3813 3771//3771 3818//3818
f 3818//3818 3771//3771 3821//3821
f 3818//3818 3821//3821 3823//3823
f 3818//3818 3823//3823 3824//3824
f 3824//3824 3823//3823 3826//3826
f 3824//3824 3826//3826 3829//3829
f 3829//3829 3826//3826 3830//3830
f 3829//3829 3830//3830 3832//3832
f 3829//3829 3832//3832 3834//3834
f 3834//3834 3832//3832 3837//3837
f 3834//3834 3837//3837 3839//3839
f 3839//3839 3837//3837 3768//3768
f 3839//3839 3768//3768 3840//3840
f 3840//3840 3768//3768 3774//3774
f 3840//3840 3774//3774 3780//3780
f 3837//3837 3843//3843 3768//3768
f 3780//3780 3785//3785 3840//3840
f 3840//3840 3785//3785 3790//3790
f 3786//3786 3781//3781 3788//3788
f 3788//3788 3781//3781 3814//3814
f 3788//3788 3814//3814 3845//3845
f 3845//3845 3814//3814 3847//3847
f 3772//3772 3767//3767 3820//3820
f 3820//3820 3767//3767 3842//3842
f 3820//3820 3842//3842 3850//3850
f 3850//3850 3842//3842 3851//3851
f 3812//3812 3853//3853 3810//3810
f 3810//3810 3853//3853 3856//3856
f 3810//3810 3856//3856 3804//3804
f 3804//3804 3856//3856 3857//3857
f 3804//3804 3857//3857 3798//3798
f 3798//3798 3857//3857 3859//3859
f 3798//3798 3859//3859 3794//3794
f 3794//3794 3859//3859 3862//3862
f 3794//3794 3862//3862 3791//3791
f 3791//3791 3862//3862 3863//3863
f 3791//3791 3863//3863 3841//3841
f 3841//3841 3863//3863 3865//3865
f 3841//3841 3865//3865 3838//3838
f 3838//3838 3865//3865 3868//3868
f 3838//3838 3868//3868 3835//3835
f 3835//3835 3868//3868 3870//3870
f 3835//3835 3870//3870 3828//3828
f 3828//3828 3870//3870 3871//3871
f 3828//3828 3871//3871 3825//3825
f 3825//3825 3871//3871 3874//3874
f 3825//3825 3874//3874 3817//3817
f 3817//3817 3874//3874 3877//3877
f 3817//3817 3877//3877 3812//3812
f 3812//3812 3877//3877 3853//3853
f 3816//3816 3806//3806 3848//3848
f 3848//3848 3806//3806 3802//3802
f 3848//3848 3802//3802 3801//3801
f 3848//3848 3801//3801 3846//3846
f 3846//3846 3801//3801 3796//3796
f 3846//3846 3796//3796 3793//3793
f 3793//3793 3787//3787 3846//3846
f 3844//3844 3836//3836 3852//3852
f 3852//3852 3836//3836 3833//3833
f 3852//3852 3833//3833 3831//3831
f 3852//3852 3831//3831 3849//3849
f 3849//3849 3831//3831 3827//3827
f 3849//3849 3827//3827 3822//3822
f 3822//3822 3819//3819 3849//3849
f 3878//3878 3861//3861 3880//3880
f 3880//3880 3861//3861 3860//3860
f 3880//3880 3860//3860 3882//3882
f 3882//3882 3860//3860 3858//3858
f 3882//3882 3858//3858 3886//3886
f 3886//3886 3858//3858 3855//3855
f 3886//3886 3855//3855 3888//3888
f 3888//3888 3855//3855 3854//3854
f 3888//3888 3854//3854 3890//3890
f 3890//3890 3854//3854 3876//3876
f 3890//3890 3876//3876 3891//3891
f 3891//3891 3876//3876 3875//3875
f 3891//3891 3875//3875 3893//3893
f 3893//3893 3875//3875 3873//3873
f 3894//3894 3872//3872 3896//3896
f 3896//3896 3872//3872 3869//3869
f 3896//3896 3869//3869 3898//3898
f 3898//3898 3869//3869 3867//3867
f 3898//3898 3867//3867 3901//3901
f 3901//3901 3867//3867 3866//3866
f 3901//3901 3866//3866 3902//3902
f 3902//3902 3866//3866 3864//3864
f 3902//3902 3864//3864 3878//3878
f 3878//3878 3864//3864 3861//3861
f 3904//3904 3907//3907 3909//3909
f 3909//3909 3907//3907 3911//3911
f 3909//3909 3911//3911 3912//3912
f 3912//3912 3911//3911 3915//3915
f 3912//3912 3915//3915 3917//3917
f 3917//3917 3915//3915 3919//3919
f 3917//3917 3919//3919 3920//3920
f 3907//3907 3904//3904 3923//3923
f 3923//3923 3904//3904 3924//3924
f 3923//3923 3924//3924 3928//3928
f 3883//3883 3908//3908 3881//3881
f 3881//3881 3908//3908 3913//3913
f 3881//3881 3913//3913 3879//3879
f 3879//3879 3913//3913 3916//3916
f 3879//3879 3916//3916 3903//3903
f 3903//3903 3916//3916 3921//3921
f 3903//3903 3921//3921 3900//3900
f 3900//3900 3921//3921 3918//3918
f 3900//3900 3918//3918 3899//3899
f 3899//3899 3918//3918 3914//3914
f 3899//3899 3914//3914 3897//3897
f 3897//3897 3914//3914 3910//3910
f 3897//3897 3910//3910 3895//3895
f 3895//3895 3910//3910 3906//3906
f 3895//3895 3906//3906 3892//3892
f 3892//3892 3906//3906 3922//3922
f 3892//3892 3922//3922 3889//3889
f 3889//3889 3922//3922 3927//3927
f 3889//3889 3927//3927 3887//3887
f 3887//3887 3927//3927 3925//3925
f 3887//3887 3925//3925 3885//3885
f 3884//3884 3926//3926 3905//3905
f 3884//3884 3905//3905 3883//3883
f 3883//3883 3905//3905 3908//3908

