# https://github.com/mikedh/trimesh
v -0.00692800 -0.54000000 -0.00400000
v -0.00692800 -0.54000000 -0.00400000
v 0.00692900 -0.54000000 -0.00400000
v 0.00692900 -0.54000000 -0.00400000
v -0.00800000 -0.54000000 -0.00000000
v -0.00800000 -0.54000000 -0.00000000
v 0.00800000 -0.54000000 -0.00000000
v 0.00800000 -0.54000000 -0.00000000
v 0.00800000 -0.54000000 -0.00000000
v -0.00692800 -0.54000000 0.00400000
v -0.00692800 -0.54000000 0.00400000
v 0.00692900 -0.54000000 0.00400000
v 0.00692900 -0.54000000 0.00400000
v -0.00400000 -0.54000000 0.00692800
v -0.00400000 -0.54000000 0.00692800
v 0.00400000 -0.54000000 0.00692800
v 0.00400000 -0.54000000 0.00692800
v 0.00000000 -0.54000000 0.00800000
v 0.00000000 -0.54000000 0.00800000
v 0.00400000 -0.54000000 -0.00692900
v 0.00400000 -0.54000000 -0.00692900
v -0.00400000 -0.54000000 -0.00692900
v -0.00400000 -0.54000000 -0.00692900
v 0.00000000 -0.54000000 -0.00800000
v 0.00000000 -0.54000000 -0.00800000
v 0.00692900 0.69000000 -0.00400000
v 0.00692900 0.69000000 -0.00400000
v 0.00173200 0.69000000 -0.00100000
v 0.00173200 0.69000000 -0.00100000
v 0.00800000 0.69000000 -0.00000000
v 0.00800000 0.69000000 -0.00000000
v 0.00800000 0.69000000 -0.00000000
v 0.00200000 0.69000000 -0.00000000
v 0.00200000 0.69000000 -0.00000000
v 0.00200000 0.69000000 -0.00000000
v 0.00173200 0.69000000 0.00100000
v 0.00173200 0.69000000 0.00100000
v 0.00100000 0.69000000 -0.00173200
v 0.00100000 0.69000000 -0.00173200
v 0.00400000 0.69000000 -0.00692800
v 0.00400000 0.69000000 -0.00692800
v 0.00000000 0.69000000 -0.00200000
v 0.00000000 0.69000000 -0.00200000
v 0.00000000 0.69000000 -0.00800000
v 0.00000000 0.69000000 -0.00800000
v -0.00400000 0.69000000 -0.00692800
v -0.00400000 0.69000000 -0.00692800
v -0.00100000 0.69000000 -0.00173200
v -0.00100000 0.69000000 -0.00173200
v -0.00692800 0.69000000 -0.00400000
v -0.00692800 0.69000000 -0.00400000
v -0.00173200 0.69000000 -0.00100000
v -0.00173200 0.69000000 -0.00100000
v -0.00200000 0.69000000 -0.00000000
v -0.00200000 0.69000000 -0.00000000
v -0.00800000 0.69000000 -0.00000000
v -0.00800000 0.69000000 -0.00000000
v -0.00173200 0.69000000 0.00100000
v -0.00173200 0.69000000 0.00100000
v -0.00692800 0.69000000 0.00400000
v -0.00692800 0.69000000 0.00400000
v -0.00100000 0.69000000 0.00173200
v -0.00100000 0.69000000 0.00173200
v -0.00400000 0.69000000 0.00692800
v -0.00400000 0.69000000 0.00692800
v 0.00000000 0.69000000 0.00200000
v 0.00000000 0.69000000 0.00200000
v 0.00000000 0.69000000 0.00800000
v 0.00000000 0.69000000 0.00800000
v 0.00400000 0.69000000 0.00692800
v 0.00400000 0.69000000 0.00692800
v 0.00100000 0.69000000 0.00173200
v 0.00100000 0.69000000 0.00173200
v 0.00692900 0.69000000 0.00400000
v 0.00692900 0.69000000 0.00400000
v 0.00173200 0.67500000 0.00100000
v 0.00173200 0.67500000 0.00100000
v 0.00200000 0.67500000 -0.00000000
v 0.00200000 0.67500000 -0.00000000
v 0.00200000 0.67500000 -0.00000000
v 0.00173200 0.67500000 -0.00100000
v 0.00173200 0.67500000 -0.00100000
v 0.00100000 0.67500000 -0.00173200
v 0.00100000 0.67500000 -0.00173200
v 0.00000000 0.67500000 -0.00200000
v 0.00000000 0.67500000 -0.00200000
v -0.00100000 0.67500000 -0.00173200
v -0.00100000 0.67500000 -0.00173200
v -0.00173200 0.67500000 -0.00100000
v -0.00173200 0.67500000 -0.00100000
v -0.00200000 0.67500000 -0.00000000
v -0.00200000 0.67500000 -0.00000000
v -0.00173200 0.67500000 0.00100000
v -0.00173200 0.67500000 0.00100000
v -0.00100000 0.67500000 0.00173200
v -0.00100000 0.67500000 0.00173200
v 0.00000000 0.67500000 0.00200000
v 0.00000000 0.67500000 0.00200000
v 0.00100000 0.67500000 0.00173200
v 0.00100000 0.67500000 0.00173200
v 0.00796400 -0.00184700 -0.00076700
v 0.00796400 -0.00184700 -0.00076700
v 0.00800000 -0.00200000 -0.00000000
v 0.00800000 -0.00200000 -0.00000000
v 0.00800000 -0.00200000 -0.00000000
v 0.00800000 -0.00200000 -0.00000000
v 0.00800000 -0.01285700 -0.00000000
v 0.00800000 -0.01285700 -0.00000000
v 0.00796400 -0.00184700 0.00076700
v 0.00796400 -0.00184700 0.00076700
v 0.00773300 -0.01285700 0.00205000
v 0.00787400 -0.00141400 0.00141400
v 0.00787400 -0.00141400 0.00141400
v 0.00778400 -0.00076700 0.00184700
v 0.00778400 -0.00076700 0.00184700
v 0.00774600 -0.00000000 0.00200000
v 0.00774600 -0.00000000 0.00200000
v 0.00692900 0.07500000 0.00400000
v 0.00692900 -0.01285700 0.00400000
v 0.00400000 -0.01285700 0.00692800
v 0.00400000 -0.10071400 0.00692800
v 0.00000000 -0.10071400 0.00800000
v 0.00000000 -0.18857200 0.00800000
v -0.00400000 -0.18857200 0.00692800
v -0.00400000 -0.27642900 0.00692800
v -0.00692800 -0.27642900 0.00400000
v -0.00692800 -0.36428600 0.00400000
v -0.00800000 -0.36428600 -0.00000000
v -0.00800000 -0.45214300 -0.00000000
v -0.00725300 -0.36428600 -0.00337500
v -0.00709700 -0.45214300 -0.00369100
v -0.00692800 -0.36428600 -0.00400000
v -0.00692800 -0.45214300 -0.00400000
v -0.00400000 -0.45214300 -0.00692800
v 0.00000000 -0.45214300 -0.00800000
v 0.00400000 -0.45214300 -0.00692800
v 0.00692900 -0.45214300 -0.00400000
v 0.00800000 -0.45214300 -0.00000000
v 0.00800000 -0.45214300 -0.00000000
v 0.00709800 -0.45214300 0.00369100
v 0.00725400 -0.36428600 0.00337400
v 0.00692900 -0.36428600 0.00400000
v 0.00692900 -0.27642900 0.00400000
v 0.00400000 -0.36428600 0.00692800
v 0.00400000 -0.27642900 0.00692800
v 0.00000000 -0.36428600 0.00800000
v 0.00000000 -0.27642900 0.00800000
v -0.00400000 -0.36428600 0.00692800
v 0.00778400 0.00076700 0.00184700
v 0.00778400 0.00076700 0.00184700
v 0.00800000 0.07500000 -0.00000000
v 0.00800000 0.07500000 -0.00000000
v 0.00800000 0.16285700 -0.00000000
v 0.00800000 0.16285700 -0.00000000
v 0.00692900 0.16285700 -0.00400000
v 0.00692900 0.25071400 -0.00400000
v 0.00400000 0.25071400 -0.00692800
v 0.00400000 0.33857200 -0.00692800
v 0.00000000 0.33857200 -0.00800000
v 0.00000000 0.42642900 -0.00800000
v -0.00400000 0.42642900 -0.00692800
v -0.00400000 0.51428600 -0.00692800
v -0.00692800 0.51428600 -0.00400000
v -0.00692800 0.60214300 -0.00400000
v -0.00800000 0.60214300 -0.00000000
v -0.00692800 0.60214300 0.00400000
v -0.00400000 0.60214300 0.00692800
v 0.00000000 0.60214300 0.00800000
v 0.00400000 0.60214300 0.00692800
v 0.00692900 0.60214300 0.00400000
v 0.00800000 0.60214300 -0.00000000
v 0.00800000 0.60214300 -0.00000000
v 0.00692900 0.60214300 -0.00400000
v 0.00400000 0.60214300 -0.00692800
v 0.00000000 0.60214300 -0.00800000
v -0.00400000 0.60214300 -0.00692800
v 0.00787400 0.00141400 0.00141400
v 0.00787400 0.00141400 0.00141400
v 0.00796400 0.00184700 0.00076700
v 0.00796400 0.00184700 0.00076700
v 0.00800000 0.00200000 -0.00000000
v 0.00800000 0.00200000 -0.00000000
v 0.00800000 0.00200000 -0.00000000
v 0.00796400 0.00184700 -0.00076700
v 0.00796400 0.00184700 -0.00076700
v 0.00787400 0.00141400 -0.00141400
v 0.00787400 0.00141400 -0.00141400
v 0.00778400 0.00076700 -0.00184700
v 0.00778400 0.00076700 -0.00184700
v 0.00774600 -0.00000000 -0.00200000
v 0.00774600 -0.00000000 -0.00200000
v 0.00692900 0.07500000 -0.00400000
v 0.00400000 0.16285700 -0.00692800
v 0.00000000 0.25071400 -0.00800000
v -0.00400000 0.33857200 -0.00692800
v -0.00692800 0.42642900 -0.00400000
v -0.00800000 0.51428600 -0.00000000
v 0.00778400 -0.00076700 -0.00184700
v 0.00778400 -0.00076700 -0.00184700
v 0.00800000 -0.10071400 -0.00000000
v 0.00800000 -0.10071400 -0.00000000
v 0.00692900 -0.10071400 -0.00400000
v 0.00692900 -0.01285700 -0.00400000
v 0.00400000 -0.01285700 -0.00692800
v 0.00400000 0.07500000 -0.00692800
v 0.00000000 0.07500000 -0.00800000
v 0.00000000 0.16285700 -0.00800000
v -0.00400000 0.16285700 -0.00692800
v -0.00400000 0.25071400 -0.00692800
v -0.00692800 0.25071400 -0.00400000
v -0.00692800 0.33857200 -0.00400000
v -0.00800000 0.33857200 -0.00000000
v -0.00800000 0.42642900 -0.00000000
v -0.00692800 0.42642900 0.00400000
v -0.00692800 0.51428600 0.00400000
v -0.00400000 0.51428600 0.00692800
v 0.00787400 -0.00141400 -0.00141400
v 0.00787400 -0.00141400 -0.00141400
v -0.00796300 -0.00184700 0.00076700
v -0.00796300 -0.00184700 0.00076700
v -0.00800000 -0.00200000 -0.00000000
v -0.00800000 -0.00200000 -0.00000000
v -0.00800000 -0.00200000 -0.00000000
v -0.00800000 -0.01285700 -0.00000000
v -0.00796300 -0.00184700 -0.00076700
v -0.00796300 -0.00184700 -0.00076700
v -0.00773200 -0.01285700 -0.00205000
v -0.00787400 -0.00141400 -0.00141400
v -0.00787400 -0.00141400 -0.00141400
v -0.00778300 -0.00076700 -0.00184700
v -0.00778300 -0.00076700 -0.00184700
v -0.00774600 -0.00000000 -0.00200000
v -0.00774600 -0.00000000 -0.00200000
v -0.00692800 0.07500000 -0.00400000
v -0.00692800 -0.01285700 -0.00400000
v -0.00400000 -0.01285700 -0.00692800
v -0.00400000 -0.10071400 -0.00692800
v 0.00000000 -0.10071400 -0.00800000
v 0.00000000 -0.18857200 -0.00800000
v 0.00400000 -0.18857200 -0.00692800
v 0.00400000 -0.27642900 -0.00692800
v 0.00692900 -0.27642900 -0.00400000
v 0.00692900 -0.36428600 -0.00400000
v 0.00800000 -0.36428600 -0.00000000
v 0.00800000 -0.36428600 -0.00000000
v -0.00778300 0.00076700 -0.00184700
v -0.00778300 0.00076700 -0.00184700
v -0.00800000 0.07500000 -0.00000000
v -0.00800000 0.16285700 -0.00000000
v -0.00692800 0.16285700 0.00400000
v -0.00692800 0.25071400 0.00400000
v -0.00400000 0.25071400 0.00692800
v -0.00400000 0.33857200 0.00692800
v 0.00000000 0.33857200 0.00800000
v 0.00000000 0.42642900 0.00800000
v 0.00400000 0.42642900 0.00692800
v 0.00400000 0.51428600 0.00692800
v 0.00692900 0.51428600 0.00400000
v -0.00787400 0.00141400 -0.00141400
v -0.00787400 0.00141400 -0.00141400
v -0.00796300 0.00184700 -0.00076700
v -0.00796300 0.00184700 -0.00076700
v -0.00800000 0.00200000 -0.00000000
v -0.00800000 0.00200000 -0.00000000
v -0.00796300 0.00184700 0.00076700
v -0.00796300 0.00184700 0.00076700
v -0.00787400 0.00141400 0.00141400
v -0.00787400 0.00141400 0.00141400
v -0.00778300 0.00076700 0.00184700
v -0.00778300 0.00076700 0.00184700
v -0.00774600 -0.00000000 0.00200000
v -0.00774600 -0.00000000 0.00200000
v -0.00692800 0.07500000 0.00400000
v -0.00400000 0.16285700 0.00692800
v 0.00000000 0.25071400 0.00800000
v 0.00400000 0.33857200 0.00692800
v 0.00692900 0.42642900 0.00400000
v 0.00800000 0.51428600 -0.00000000
v 0.00800000 0.51428600 -0.00000000
v -0.00778300 -0.00076700 0.00184700
v -0.00778300 -0.00076700 0.00184700
v -0.00800000 -0.10071400 -0.00000000
v -0.00692800 -0.10071400 0.00400000
v -0.00692800 -0.01285700 0.00400000
v -0.00400000 -0.01285700 0.00692800
v -0.00400000 0.07500000 0.00692800
v 0.00000000 0.07500000 0.00800000
v 0.00000000 0.16285700 0.00800000
v 0.00400000 0.16285700 0.00692800
v 0.00400000 0.25071400 0.00692800
v 0.00692900 0.25071400 0.00400000
v 0.00692900 0.33857200 0.00400000
v 0.00800000 0.33857200 -0.00000000
v 0.00800000 0.33857200 -0.00000000
v 0.00800000 0.42642900 -0.00000000
v 0.00800000 0.42642900 -0.00000000
v 0.00692900 0.42642900 -0.00400000
v 0.00692900 0.51428600 -0.00400000
v 0.00400000 0.51428600 -0.00692800
v -0.00787400 -0.00141400 0.00141400
v -0.00787400 -0.00141400 0.00141400
v -0.00692800 -0.45214300 0.00400000
v -0.00400000 -0.45214300 0.00692800
v 0.00000000 -0.45214300 0.00800000
v 0.00400000 -0.45214300 0.00692800
v 0.00692900 -0.45214300 0.00400000
v 0.00800000 0.25071400 -0.00000000
v 0.00800000 0.25071400 -0.00000000
v 0.00692900 0.33857200 -0.00400000
v 0.00692900 0.16285700 0.00400000
v 0.00400000 0.07500000 0.00692800
v 0.00000000 -0.01285700 0.00800000
v -0.00400000 -0.10071400 0.00692800
v -0.00692800 -0.18857200 0.00400000
v -0.00800000 -0.27642900 -0.00000000
v -0.00739500 -0.27642900 -0.00305200
v -0.00692800 -0.27642900 -0.00400000
v -0.00400000 -0.36428600 -0.00692800
v 0.00800000 -0.18857200 -0.00000000
v 0.00800000 -0.18857200 -0.00000000
v 0.00692900 -0.18857200 -0.00400000
v 0.00400000 -0.10071400 -0.00692800
v 0.00800000 -0.27642900 -0.00000000
v 0.00800000 -0.27642900 -0.00000000
v 0.00763500 -0.10071400 0.00238800
v 0.00739600 -0.27642900 0.00305100
v 0.00752300 -0.18857200 0.00272300
v 0.00692900 -0.10071400 0.00400000
v 0.00692900 -0.18857200 0.00400000
v 0.00400000 -0.18857200 0.00692800
v 0.00400000 -0.36428600 -0.00692800
v 0.00000000 -0.36428600 -0.00800000
v 0.00400000 0.42642900 -0.00692800
v 0.00000000 0.51428600 -0.00800000
v 0.00000000 0.51428600 0.00800000
v -0.00400000 0.42642900 0.00692800
v -0.00692800 0.33857200 0.00400000
v -0.00800000 0.25071400 -0.00000000
v -0.00692800 0.16285700 -0.00400000
v -0.00400000 0.07500000 -0.00692800
v 0.00000000 -0.01285700 -0.00800000
v -0.00800000 -0.18857200 -0.00000000
v -0.00763500 -0.10071400 -0.00238900
v -0.00752200 -0.18857200 -0.00272300
v -0.00692800 -0.18857200 -0.00400000
v -0.00400000 -0.27642900 -0.00692800
v -0.00692800 -0.10071400 -0.00400000
v -0.00400000 -0.18857200 -0.00692800
v 0.00000000 -0.27642900 -0.00800000
v 0.00796400 0.00184700 -0.00076700
v 0.00796400 0.00184700 -0.00076700
v 0.00800000 0.00200000 -0.00000000
v 0.00800000 0.00200000 -0.00000000
v 0.00800000 0.00200000 -0.00000000
v 0.00800000 0.02000000 -0.00000000
v 0.00800000 0.02000000 -0.00000000
v 0.00800000 0.02000000 -0.00000000
v 0.00796400 0.00184700 0.00076700
v 0.00796400 0.00184700 0.00076700
v 0.00787400 0.00141400 0.00141400
v 0.00787400 0.00141400 0.00141400
v 0.00778400 0.00076700 0.00184700
v 0.00778400 0.00076700 0.00184700
v 0.00692900 0.02000000 0.00400000
v 0.00692900 0.02000000 0.00400000
v 0.00774600 -0.00000000 0.00200000
v 0.00774600 -0.00000000 0.00200000
v 0.00692900 -0.02000000 0.00400000
v 0.00692900 -0.02000000 0.00400000
v 0.00778400 -0.00076700 0.00184700
v 0.00778400 -0.00076700 0.00184700
v 0.00800000 -0.02000000 -0.00000000
v 0.00800000 -0.02000000 -0.00000000
v 0.00800000 -0.02000000 -0.00000000
v 0.00787400 -0.00141400 0.00141400
v 0.00787400 -0.00141400 0.00141400
v 0.00796400 -0.00184700 0.00076700
v 0.00796400 -0.00184700 0.00076700
v 0.00800000 -0.00200000 -0.00000000
v 0.00800000 -0.00200000 -0.00000000
v 0.00800000 -0.00200000 -0.00000000
v 0.00800000 -0.00200000 -0.00000000
v 0.00796400 -0.00184700 -0.00076700
v 0.00796400 -0.00184700 -0.00076700
v 0.00787400 -0.00141400 -0.00141400
v 0.00787400 -0.00141400 -0.00141400
v 0.00778400 -0.00076700 -0.00184700
v 0.00778400 -0.00076700 -0.00184700
v 0.00774600 -0.00000000 -0.00200000
v 0.00774600 -0.00000000 -0.00200000
v 0.00692900 -0.02000000 -0.00400000
v 0.00692900 -0.02000000 -0.00400000
v 0.00692900 0.02000000 -0.00400000
v 0.00692900 0.02000000 -0.00400000
v 0.00400000 -0.02000000 -0.00692800
v 0.00400000 -0.02000000 -0.00692800
v 0.00400000 0.02000000 -0.00692800
v 0.00400000 0.02000000 -0.00692800
v 0.00000000 -0.02000000 -0.00800000
v 0.00000000 -0.02000000 -0.00800000
v 0.00000000 0.02000000 -0.00800000
v 0.00000000 0.02000000 -0.00800000
v -0.00400000 -0.02000000 -0.00692800
v -0.00400000 -0.02000000 -0.00692800
v -0.00400000 0.02000000 -0.00692800
v -0.00400000 0.02000000 -0.00692800
v -0.00692800 -0.02000000 -0.00400000
v -0.00692800 -0.02000000 -0.00400000
v -0.00692800 0.02000000 -0.00400000
v -0.00692800 0.02000000 -0.00400000
v -0.00774600 -0.00000000 -0.00200000
v -0.00774600 -0.00000000 -0.00200000
v -0.00778300 0.00076700 -0.00184700
v -0.00778300 0.00076700 -0.00184700
v -0.00800000 0.02000000 -0.00000000
v -0.00800000 0.02000000 -0.00000000
v -0.00787400 0.00141400 -0.00141400
v -0.00787400 0.00141400 -0.00141400
v -0.00796300 0.00184700 -0.00076700
v -0.00796300 0.00184700 -0.00076700
v -0.00800000 0.00200000 -0.00000000
v -0.00800000 0.00200000 -0.00000000
v -0.00796300 0.00184700 0.00076700
v -0.00796300 0.00184700 0.00076700
v -0.00787400 0.00141400 0.00141400
v -0.00787400 0.00141400 0.00141400
v -0.00778300 0.00076700 0.00184700
v -0.00778300 0.00076700 0.00184700
v -0.00774600 -0.00000000 0.00200000
v -0.00774600 -0.00000000 0.00200000
v -0.00692800 0.02000000 0.00400000
v -0.00692800 0.02000000 0.00400000
v -0.00692800 -0.02000000 0.00400000
v -0.00692800 -0.02000000 0.00400000
v -0.00400000 -0.02000000 0.00692800
v -0.00400000 -0.02000000 0.00692800
v -0.00400000 0.02000000 0.00692800
v -0.00400000 0.02000000 0.00692800
v 0.00000000 -0.02000000 0.00800000
v 0.00000000 -0.02000000 0.00800000
v 0.00000000 0.02000000 0.00800000
v 0.00000000 0.02000000 0.00800000
v 0.00400000 -0.02000000 0.00692800
v 0.00400000 -0.02000000 0.00692800
v 0.00400000 0.02000000 0.00692800
v 0.00400000 0.02000000 0.00692800
v 0.00778400 0.00076700 -0.00184700
v 0.00778400 0.00076700 -0.00184700
v 0.00787400 0.00141400 -0.00141400
v 0.00787400 0.00141400 -0.00141400
v -0.00800000 -0.02000000 -0.00000000
v -0.00800000 -0.02000000 -0.00000000
v -0.00778300 -0.00076700 0.00184700
v -0.00778300 -0.00076700 0.00184700
v -0.00787400 -0.00141400 0.00141400
v -0.00787400 -0.00141400 0.00141400
v -0.00796300 -0.00184700 0.00076700
v -0.00796300 -0.00184700 0.00076700
v -0.00800000 -0.00200000 -0.00000000
v -0.00800000 -0.00200000 -0.00000000
v -0.00800000 -0.00200000 -0.00000000
v -0.00796300 -0.00184700 -0.00076700
v -0.00796300 -0.00184700 -0.00076700
v -0.00787400 -0.00141400 -0.00141400
v -0.00787400 -0.00141400 -0.00141400
v -0.00778300 -0.00076700 -0.00184700
v -0.00778300 -0.00076700 -0.00184700
v -0.01559800 -0.02000000 -0.01050000
v -0.01559800 -0.02000000 -0.01050000
v -0.01300000 -0.02000000 -0.01200000
v -0.01300000 -0.02000000 -0.01200000
v -0.01300000 -0.02000000 -0.01200000
v -0.01600000 -0.02000000 -0.00900000
v -0.01600000 -0.02000000 -0.00900000
v -0.01600000 -0.02000000 -0.00900000
v -0.01450000 -0.02000000 -0.01159800
v -0.01450000 -0.02000000 -0.01159800
v 0.01300000 -0.02000000 -0.01200000
v 0.01300000 -0.02000000 -0.01200000
v 0.01300000 -0.02000000 -0.01200000
v 0.01450000 -0.02000000 -0.01159800
v 0.01450000 -0.02000000 -0.01159800
v 0.01559900 -0.02000000 -0.01050000
v 0.01559900 -0.02000000 -0.01050000
v 0.01600000 -0.02000000 -0.00900000
v 0.01600000 -0.02000000 -0.00900000
v 0.01600000 -0.02000000 -0.00900000
v 0.01600000 -0.02000000 0.00900000
v 0.01600000 -0.02000000 0.00900000
v 0.01600000 -0.02000000 0.00900000
v 0.01300000 -0.02000000 0.01200000
v 0.01300000 -0.02000000 0.01200000
v 0.01300000 -0.02000000 0.01200000
v -0.01300000 -0.02000000 0.01200000
v -0.01300000 -0.02000000 0.01200000
v -0.01300000 -0.02000000 0.01200000
v -0.01600000 -0.02000000 0.00900000
v -0.01600000 -0.02000000 0.00900000
v -0.01600000 -0.02000000 0.00900000
v 0.01559900 -0.02000000 0.01050000
v 0.01559900 -0.02000000 0.01050000
v 0.01450000 -0.02000000 0.01159800
v 0.01450000 -0.02000000 0.01159800
v -0.01450000 -0.02000000 0.01159800
v -0.01450000 -0.02000000 0.01159800
v -0.01559800 -0.02000000 0.01050000
v -0.01559800 -0.02000000 0.01050000
v 0.01300000 0.02000000 -0.01200000
v 0.01300000 0.02000000 -0.01200000
v 0.01300000 0.02000000 -0.01200000
v 0.01450000 -0.00000000 -0.01159800
v 0.01450000 0.02000000 -0.01159800
v 0.01450000 0.02000000 -0.01159800
v 0.01559900 -0.00000000 -0.01050000
v 0.01559900 0.02000000 -0.01050000
v 0.01559900 0.02000000 -0.01050000
v 0.01600000 0.02000000 -0.00900000
v 0.01600000 0.02000000 -0.00900000
v 0.01600000 0.02000000 -0.00900000
v -0.00520300 0.00854000 0.01881900
v -0.00520300 0.00854000 0.01881900
v -0.00520300 0.00854000 0.01200000
v -0.00520300 0.00854000 0.01200000
v -0.00877500 0.00479400 0.01881900
v -0.00877500 0.00479400 0.01881900
v -0.00877500 0.00479400 0.01881900
v -0.00877500 0.00479400 0.01881900
v -0.00877500 0.00479400 0.01200000
v -0.00877500 0.00479400 0.01200000
v -0.00877500 0.00479400 0.01200000
v -0.00999700 -0.00023600 0.01881900
v -0.00999700 -0.00023600 0.01881900
v -0.00999700 -0.00023600 0.01200000
v -0.00999700 -0.00023600 0.01200000
v -0.00853900 -0.00520300 0.01881900
v -0.00853900 -0.00520300 0.01881900
v -0.00853900 -0.00520300 0.01200000
v -0.00853900 -0.00520300 0.01200000
v -0.00479400 -0.00877600 0.01881900
v -0.00479400 -0.00877600 0.01881900
v -0.00479400 -0.00877600 0.01200000
v -0.00479400 -0.00877600 0.01200000
v 0.00023600 -0.00999700 0.01881900
v 0.00023600 -0.00999700 0.01881900
v 0.00023600 -0.00999700 0.01200000
v 0.00023600 -0.00999700 0.01200000
v 0.00520300 -0.00854000 0.01881900
v 0.00520300 -0.00854000 0.01881900
v 0.00520300 -0.00854000 0.01200000
v 0.00520300 -0.00854000 0.01200000
v 0.00877600 -0.00479400 0.01881900
v 0.00877600 -0.00479400 0.01881900
v 0.00877600 -0.00479400 0.01200000
v 0.00877600 -0.00479400 0.01200000
v 0.00999800 0.00023600 0.01881900
v 0.00999800 0.00023600 0.01881900
v 0.00999800 0.00023600 0.01200000
v 0.00999800 0.00023600 0.01200000
v 0.00854000 0.00520300 0.01881900
v 0.00854000 0.00520300 0.01881900
v 0.00854000 0.00520300 0.01200000
v 0.00854000 0.00520300 0.01200000
v 0.00479500 0.00877600 0.01881900
v 0.00479500 0.00877600 0.01881900
v 0.00479500 0.00877600 0.01200000
v 0.00479500 0.00877600 0.01200000
v -0.00023600 0.00999700 0.01881900
v -0.00023600 0.00999700 0.01881900
v -0.00023600 0.00999700 0.01200000
v -0.00023600 0.00999700 0.01200000
v -0.01355900 0.00069500 0.02362300
v -0.01191500 0.00650900 0.02362300
v -0.01191500 0.00650900 0.02362300
v -0.00791000 0.01103400 0.02362300
v -0.01315400 0.00718600 0.02944300
v -0.01315400 0.00718600 0.02944300
v -0.00873300 0.01218200 0.02944300
v -0.01229700 0.00671800 0.03535200
v -0.01229700 0.00671800 0.03535200
v -0.00816400 0.01138800 0.03535200
v -0.00947900 0.00517900 0.04040800
v -0.00947900 0.00517900 0.04040800
v -0.00629300 0.00877900 0.04040800
v -0.00515000 0.00281400 0.04380400
v -0.00515000 0.00281400 0.04380400
v -0.00341900 0.00476900 0.04380400
v 0.00000000 -0.00000000 0.04500000
v 0.00000000 -0.00000000 0.04500000
v 0.00000000 -0.00000000 0.04500000
v 0.00000000 -0.00000000 0.04500000
v 0.00000000 -0.00000000 0.04500000
v 0.00000000 -0.00000000 0.04500000
v 0.00000000 -0.00000000 0.04500000
v 0.00000000 -0.00000000 0.04500000
v 0.00000000 -0.00000000 0.04500000
v 0.00000000 -0.00000000 0.04500000
v 0.00000000 -0.00000000 0.04500000
v 0.00000000 -0.00000000 0.04500000
v 0.00000000 -0.00000000 0.04500000
v 0.00000000 -0.00000000 0.04500000
v -0.01251800 -0.00525700 0.02362300
v -0.00899700 -0.01016800 0.02362300
v -0.00369400 -0.01306500 0.02362300
v 0.00234000 -0.01337400 0.02362300
v 0.00791100 -0.01103400 0.02362300
v 0.01191500 -0.00650900 0.02362300
v 0.01356000 -0.00069500 0.02362300
v 0.01497000 -0.00076700 0.02944300
v 0.01382100 0.00580400 0.02944300
v 0.01292000 0.00542600 0.03535200
v 0.00928600 0.01049400 0.03535200
v 0.00715800 0.00808900 0.04040800
v 0.00294000 0.01039400 0.04040800
v 0.00159700 0.00564700 0.04380400
v -0.00101100 0.00578100 0.04380400
v 0.01251800 0.00525700 0.02362300
v 0.00993400 0.01122600 0.02944300
v 0.00381400 0.01348400 0.03535200
v -0.00186100 0.01064000 0.04040800
v 0.00899800 0.01016800 0.02362300
v 0.00407900 0.01442400 0.02944300
v -0.00241400 0.01380300 0.03535200
v 0.00369500 0.01306500 0.02362300
v -0.00258300 0.01476500 0.02944300
v -0.00233900 0.01337400 0.02362300
v 0.00388900 0.00439500 0.04380400
v 0.00541100 0.00227200 0.04380400
v 0.00586100 -0.00030000 0.04380400
v 0.00515100 -0.00281400 0.04380400
v 0.00342000 -0.00477000 0.04380400
v 0.00101200 -0.00578100 0.04380400
v -0.00159700 -0.00564700 0.04380400
v -0.00388900 -0.00439500 0.04380400
v -0.00541000 -0.00227200 0.04380400
v -0.00586000 0.00030000 0.04380400
v -0.01497000 0.00076700 0.02944300
v -0.01382000 -0.00580400 0.02944300
v -0.00993300 -0.01122600 0.02944300
v -0.00407900 -0.01442400 0.02944300
v 0.00258400 -0.01476500 0.02944300
v 0.00873400 -0.01218200 0.02944300
v 0.01315500 -0.00718600 0.02944300
v -0.01399400 0.00071700 0.03535200
v -0.01291900 -0.00542600 0.03535200
v -0.00928600 -0.01049400 0.03535200
v -0.00381300 -0.01348400 0.03535200
v 0.00241500 -0.01380300 0.03535200
v 0.00816500 -0.01138800 0.03535200
v 0.01229800 -0.00671800 0.03535200
v 0.01399500 -0.00071700 0.03535200
v -0.01078700 0.00055300 0.04040800
v -0.00995900 -0.00418200 0.04040800
v -0.00715800 -0.00808900 0.04040800
v -0.00293900 -0.01039400 0.04040800
v 0.00186200 -0.01064000 0.04040800
v 0.00629400 -0.00877900 0.04040800
v 0.00948000 -0.00517900 0.04040800
v 0.01078800 -0.00055300 0.04040800
v 0.00995900 0.00418200 0.04040800
v -0.00764700 0.01500000 -0.01200000
v -0.00764700 0.01500000 -0.01200000
v -0.00764700 0.01500000 -0.01200000
v 0.01000000 0.01500000 -0.01200000
v 0.01000000 0.01500000 -0.01200000
v 0.01000000 0.01500000 -0.01200000
v -0.00682300 0.01300000 -0.03100000
v -0.00682300 0.01300000 -0.03100000
v 0.00600000 0.01100000 -0.05000000
v 0.00600000 0.01100000 -0.05000000
v 0.00600000 0.01100000 -0.05000000
v -0.00600000 0.01100000 -0.05000000
v -0.00600000 0.01100000 -0.05000000
v -0.00600000 0.01100000 -0.05000000
v 0.01000000 -0.01500000 -0.01200000
v 0.01000000 -0.01500000 -0.01200000
v 0.01000000 -0.01500000 -0.01200000
v 0.00600000 -0.01100000 -0.05000000
v 0.00600000 -0.01100000 -0.05000000
v 0.00600000 -0.01100000 -0.05000000
v -0.01000000 -0.01500000 -0.01200000
v -0.01000000 -0.01500000 -0.01200000
v -0.01000000 -0.01500000 -0.01200000
v -0.00600000 -0.01100000 -0.05000000
v -0.00600000 -0.01100000 -0.05000000
v -0.00600000 -0.01100000 -0.05000000
v -0.01000000 0.01500000 -0.01200000
v -0.01000000 0.01500000 -0.01200000
v -0.01000000 0.01500000 -0.01200000
v -0.00800000 0.01220000 -0.03100000
v -0.00800000 0.01220000 -0.03100000
v -0.00700000 0.01080000 -0.04050000
v -0.00700000 0.01080000 -0.04050000
v -0.00600000 0.00940000 -0.05000000
v -0.00600000 0.00940000 -0.05000000
v -0.00600000 0.00940000 -0.05000000
v -0.00811700 0.01380000 -0.02150000
v -0.00741100 0.01260000 -0.03100000
v -0.00670500 0.01140000 -0.04050000
v 0.00750000 -0.01250000 -0.05000000
v 0.00750000 -0.01250000 -0.05000000
v 0.00750000 -0.01250000 -0.05000000
v -0.00750000 -0.01250000 -0.05000000
v -0.00750000 -0.01250000 -0.05000000
v -0.00750000 -0.01250000 -0.05000000
v 0.00750000 0.01250000 -0.05000000
v 0.00750000 0.01250000 -0.05000000
v 0.00750000 0.01250000 -0.05000000
v -0.00661700 0.01250000 -0.05000000
v -0.00661700 0.01250000 -0.05000000
v -0.00661700 0.01250000 -0.05000000
v -0.00750000 0.01250000 -0.05000000
v -0.00750000 0.01250000 -0.05000000
v -0.00750000 0.01250000 -0.05000000
v -0.00321600 -0.00821700 -0.07000000
v -0.00321600 -0.00821700 -0.07000000
v -0.00321600 -0.00821700 -0.07000000
v -0.00321600 0.00821700 -0.07000000
v -0.00321600 0.00821700 -0.07000000
v -0.00321600 0.00821700 -0.07000000
v 0.00321700 -0.00821700 -0.07000000
v 0.00321700 -0.00821700 -0.07000000
v 0.00321700 -0.00821700 -0.07000000
v 0.00321700 0.00821700 -0.07000000
v 0.00321700 0.00821700 -0.07000000
v 0.00321700 0.00821700 -0.07000000
v -0.00620800 0.01056200 -0.06722500
v -0.00620800 0.01056200 -0.06722500
v -0.00620800 0.01056200 -0.06722500
v -0.00618300 0.01058400 -0.06744300
v -0.00618300 0.01058400 -0.06744300
v -0.00620800 -0.01120800 -0.06722500
v -0.00620800 -0.01120800 -0.06722500
v -0.00620800 -0.01120800 -0.06722500
v -0.00620800 -0.01120800 -0.06722500
v -0.00614900 0.01069500 -0.06763200
v -0.00614900 0.01069500 -0.06763200
v -0.00591900 -0.01091900 -0.06830200
v -0.00591900 -0.01091900 -0.06830200
v -0.00607500 0.01107600 -0.06790900
v -0.00607500 0.01107600 -0.06790900
v -0.00607500 0.01107600 -0.06790900
v -0.00565200 0.01065200 -0.06875200
v -0.00565200 0.01065200 -0.06875200
v -0.00525700 -0.01025700 -0.06919900
v -0.00525700 -0.01025700 -0.06919900
v -0.00498700 0.00998800 -0.06942200
v -0.00498700 0.00998800 -0.06942200
v -0.00431200 -0.00931300 -0.06979300
v -0.00431200 -0.00931300 -0.06979300
v -0.00608500 0.01120800 -0.06722500
v -0.00608500 0.01120800 -0.06722500
v -0.00608500 0.01120800 -0.06722500
v 0.00620900 0.01120800 -0.06722500
v 0.00620900 0.01120800 -0.06722500
v 0.00620900 0.01120800 -0.06722500
v 0.00620900 0.01120800 -0.06722500
v 0.00592000 0.01091900 -0.06830200
v 0.00592000 0.01091900 -0.06830200
v 0.00525700 0.01025700 -0.06919900
v 0.00525700 0.01025700 -0.06919900
v 0.00431300 0.00931300 -0.06979300
v 0.00431300 0.00931300 -0.06979300
v 0.00620900 -0.01120800 -0.06722500
v 0.00620900 -0.01120800 -0.06722500
v 0.00620900 -0.01120800 -0.06722500
v 0.00620900 -0.01120800 -0.06722500
v 0.00592000 -0.01091900 -0.06830200
v 0.00592000 -0.01091900 -0.06830200
v 0.00525700 -0.01025700 -0.06919900
v 0.00525700 -0.01025700 -0.06919900
v 0.00431300 -0.00931300 -0.06979300
v 0.00431300 -0.00931300 -0.06979300
v -0.00685400 0.01153100 -0.05861200
v -0.00685400 0.01153100 -0.05861200
v -0.00635100 0.01185400 -0.05861200
v -0.00635100 0.01185400 -0.05861200
v -0.00632000 0.01119200 -0.06395400
v -0.00652900 0.01156300 -0.06000000
v -0.00679400 0.01203100 -0.05500000
v -0.01600000 0.02000000 -0.00900000
v -0.01600000 0.02000000 -0.00900000
v -0.01600000 0.02000000 -0.00900000
v -0.01559800 -0.00000000 -0.01050000
v -0.01559800 0.02000000 -0.01050000
v -0.01559800 0.02000000 -0.01050000
v -0.01450000 -0.00000000 -0.01159800
v -0.01450000 0.02000000 -0.01159800
v -0.01450000 0.02000000 -0.01159800
v -0.01300000 0.02000000 -0.01200000
v -0.01300000 0.02000000 -0.01200000
v -0.01300000 0.02000000 -0.01200000
v -0.01300000 0.02000000 0.01200000
v -0.01300000 0.02000000 0.01200000
v -0.01300000 0.02000000 0.01200000
v 0.01300000 0.02000000 0.01200000
v 0.01300000 0.02000000 0.01200000
v 0.01300000 0.02000000 0.01200000
v -0.01450000 -0.00000000 0.01159800
v -0.01450000 0.02000000 0.01159800
v -0.01450000 0.02000000 0.01159800
v -0.01559800 -0.00000000 0.01050000
v -0.01559800 0.02000000 0.01050000
v -0.01559800 0.02000000 0.01050000
v -0.01600000 0.02000000 0.00900000
v -0.01600000 0.02000000 0.00900000
v -0.01600000 0.02000000 0.00900000
v 0.01600000 0.02000000 0.00900000
v 0.01600000 0.02000000 0.00900000
v 0.01600000 0.02000000 0.00900000
v 0.01559900 -0.00000000 0.01050000
v 0.01559900 0.02000000 0.01050000
v 0.01559900 0.02000000 0.01050000
v 0.01450000 -0.00000000 0.01159800
v 0.01450000 0.02000000 0.01159800
v 0.01450000 0.02000000 0.01159800
v 0.01600000 0.00400000 -0.00000000
v 0.01600000 0.00400000 -0.00000000
v 0.01600000 0.00346400 -0.00200000
v 0.01600000 0.00346400 -0.00200000
v 0.01600000 0.00200000 -0.00346400
v 0.01600000 0.00200000 -0.00346400
v 0.01600000 -0.00000000 0.00400000
v 0.01600000 -0.00000000 0.00400000
v 0.01600000 0.00200000 0.00346400
v 0.01600000 0.00200000 0.00346400
v 0.01600000 0.00346400 0.00200000
v 0.01600000 0.00346400 0.00200000
v 0.01600000 -0.00400000 -0.00000000
v 0.01600000 -0.00400000 -0.00000000
v 0.01600000 -0.00400000 -0.00000000
v 0.01600000 -0.00346400 0.00200000
v 0.01600000 -0.00346400 0.00200000
v 0.01600000 -0.00200000 0.00346400
v 0.01600000 -0.00200000 0.00346400
v 0.01600000 -0.00000000 -0.00400000
v 0.01600000 -0.00000000 -0.00400000
v 0.01600000 -0.00200000 -0.00346400
v 0.01600000 -0.00200000 -0.00346400
v 0.01600000 -0.00346400 -0.00200000
v 0.01600000 -0.00346400 -0.00200000
v 0.01100000 0.00173200 0.00100000
v 0.01100000 0.00173200 0.00100000
v 0.01100000 0.00200000 -0.00000000
v 0.01100000 0.00200000 -0.00000000
v 0.01100000 0.00100000 0.00173200
v 0.01100000 0.00100000 0.00173200
v 0.01100000 -0.00000000 0.00200000
v 0.01100000 -0.00000000 0.00200000
v 0.01100000 -0.00100000 0.00173200
v 0.01100000 -0.00100000 0.00173200
v 0.01100000 -0.00173200 0.00100000
v 0.01100000 -0.00173200 0.00100000
v 0.01100000 -0.00200000 -0.00000000
v 0.01100000 -0.00200000 -0.00000000
v 0.01100000 -0.00200000 -0.00000000
v 0.01100000 -0.00173200 -0.00100000
v 0.01100000 -0.00173200 -0.00100000
v 0.01100000 -0.00100000 -0.00173200
v 0.01100000 -0.00100000 -0.00173200
v 0.01100000 -0.00000000 -0.00200000
v 0.01100000 -0.00000000 -0.00200000
v 0.01100000 0.00100000 -0.00173200
v 0.01100000 0.00100000 -0.00173200
v 0.01100000 0.00173200 -0.00100000
v 0.01100000 0.00173200 -0.00100000
v 0.01100000 -0.00346400 0.00200000
v 0.01100000 -0.00346400 0.00200000
v 0.01100000 -0.00400000 -0.00000000
v 0.01100000 -0.00400000 -0.00000000
v 0.01100000 -0.00400000 -0.00000000
v 0.01100000 -0.00346400 -0.00200000
v 0.01100000 -0.00346400 -0.00200000
v 0.01100000 -0.00200000 -0.00346400
v 0.01100000 -0.00200000 -0.00346400
v 0.01100000 -0.00000000 -0.00400000
v 0.01100000 -0.00000000 -0.00400000
v 0.01100000 0.00200000 -0.00346400
v 0.01100000 0.00200000 -0.00346400
v 0.01100000 0.00346400 -0.00200000
v 0.01100000 0.00346400 -0.00200000
v 0.01100000 0.00400000 -0.00000000
v 0.01100000 0.00400000 -0.00000000
v 0.01100000 0.00346400 0.00200000
v 0.01100000 0.00346400 0.00200000
v 0.01100000 0.00200000 0.00346400
v 0.01100000 0.00200000 0.00346400
v 0.01100000 -0.00000000 0.00400000
v 0.01100000 -0.00000000 0.00400000
v 0.01100000 -0.00200000 0.00346400
v 0.01100000 -0.00200000 0.00346400
v -0.01100000 0.00173200 -0.00100000
v -0.01100000 0.00173200 -0.00100000
v -0.01100000 0.00200000 -0.00000000
v -0.01100000 0.00200000 -0.00000000
v -0.01100000 0.00100000 -0.00173200
v -0.01100000 0.00100000 -0.00173200
v -0.01100000 -0.00000000 -0.00200000
v -0.01100000 -0.00000000 -0.00200000
v -0.01100000 -0.00100000 -0.00173200
v -0.01100000 -0.00100000 -0.00173200
v -0.01100000 -0.00173200 -0.00100000
v -0.01100000 -0.00173200 -0.00100000
v -0.01100000 -0.00200000 -0.00000000
v -0.01100000 -0.00200000 -0.00000000
v -0.01100000 -0.00200000 -0.00000000
v -0.01100000 -0.00173200 0.00100000
v -0.01100000 -0.00173200 0.00100000
v -0.01100000 -0.00100000 0.00173200
v -0.01100000 -0.00100000 0.00173200
v -0.01100000 -0.00000000 0.00200000
v -0.01100000 -0.00000000 0.00200000
v -0.01100000 0.00100000 0.00173200
v -0.01100000 0.00100000 0.00173200
v -0.01100000 0.00173200 0.00100000
v -0.01100000 0.00173200 0.00100000
v -0.01600000 -0.00400000 -0.00000000
v -0.01600000 -0.00400000 -0.00000000
v -0.01600000 -0.00400000 -0.00000000
v -0.01600000 -0.00346400 -0.00200000
v -0.01600000 -0.00346400 -0.00200000
v -0.01600000 -0.00200000 -0.00346400
v -0.01600000 -0.00200000 -0.00346400
v -0.01600000 -0.00000000 0.00400000
v -0.01600000 -0.00000000 0.00400000
v -0.01600000 -0.00200000 0.00346400
v -0.01600000 -0.00200000 0.00346400
v -0.01600000 -0.00346400 0.00200000
v -0.01600000 -0.00346400 0.00200000
v -0.01600000 0.00400000 -0.00000000
v -0.01600000 0.00400000 -0.00000000
v -0.01600000 0.00346400 0.00200000
v -0.01600000 0.00346400 0.00200000
v -0.01600000 0.00200000 0.00346400
v -0.01600000 0.00200000 0.00346400
v -0.01600000 -0.00000000 -0.00400000
v -0.01600000 -0.00000000 -0.00400000
v -0.01600000 0.00200000 -0.00346400
v -0.01600000 0.00200000 -0.00346400
v -0.01600000 0.00346400 -0.00200000
v -0.01600000 0.00346400 -0.00200000
v -0.01100000 0.00346400 0.00200000
v -0.01100000 0.00346400 0.00200000
v -0.01100000 0.00400000 -0.00000000
v -0.01100000 0.00400000 -0.00000000
v -0.01100000 0.00346400 -0.00200000
v -0.01100000 0.00346400 -0.00200000
v -0.01100000 0.00200000 -0.00346400
v -0.01100000 0.00200000 -0.00346400
v -0.01100000 -0.00000000 -0.00400000
v -0.01100000 -0.00000000 -0.00400000
v -0.01100000 -0.00200000 -0.00346400
v -0.01100000 -0.00200000 -0.00346400
v -0.01100000 -0.00346400 -0.00200000
v -0.01100000 -0.00346400 -0.00200000
v -0.01100000 -0.00400000 -0.00000000
v -0.01100000 -0.00400000 -0.00000000
v -0.01100000 -0.00400000 -0.00000000
v -0.01100000 -0.00346400 0.00200000
v -0.01100000 -0.00346400 0.00200000
v -0.01100000 -0.00200000 0.00346400
v -0.01100000 -0.00200000 0.00346400
v -0.01100000 -0.00000000 0.00400000
v -0.01100000 -0.00000000 0.00400000
v -0.01100000 0.00200000 0.00346400
v -0.01100000 0.00200000 0.00346400
v 0.01100000 0.00303100 -0.00175000
v 0.01100000 0.00303100 -0.00175000
v 0.01100000 0.00173200 -0.00100000
v 0.01100000 0.00173200 -0.00100000
v 0.01100000 0.00350000 -0.00000000
v 0.01100000 0.00350000 -0.00000000
v 0.01100000 0.00200000 -0.00000000
v 0.01100000 0.00200000 -0.00000000
v 0.01100000 0.00303100 0.00175000
v 0.01100000 0.00303100 0.00175000
v 0.01100000 0.00173200 0.00100000
v 0.01100000 0.00173200 0.00100000
v 0.01100000 0.00100000 0.00173200
v 0.01100000 0.00100000 0.00173200
v 0.01100000 0.00100000 -0.00173200
v 0.01100000 0.00100000 -0.00173200
v 0.01100000 0.00175000 -0.00303100
v 0.01100000 0.00175000 -0.00303100
v 0.01100000 -0.00000000 -0.00200000
v 0.01100000 -0.00000000 -0.00200000
v 0.01100000 -0.00000000 -0.00350000
v 0.01100000 -0.00000000 -0.00350000
v 0.01100000 -0.00175000 -0.00303100
v 0.01100000 -0.00175000 -0.00303100
v 0.01100000 -0.00100000 -0.00173200
v 0.01100000 -0.00100000 -0.00173200
v 0.01100000 -0.00303100 -0.00175000
v 0.01100000 -0.00303100 -0.00175000
v 0.01100000 -0.00173200 -0.00100000
v 0.01100000 -0.00173200 -0.00100000
v 0.01100000 -0.00350000 -0.00000000
v 0.01100000 -0.00350000 -0.00000000
v 0.01100000 -0.00350000 -0.00000000
v 0.01100000 -0.00200000 -0.00000000
v 0.01100000 -0.00200000 -0.00000000
v 0.01100000 -0.00200000 -0.00000000
v 0.01100000 -0.00173200 0.00100000
v 0.01100000 -0.00173200 0.00100000
v 0.01100000 -0.00303100 0.00175000
v 0.01100000 -0.00303100 0.00175000
v 0.01100000 -0.00100000 0.00173200
v 0.01100000 -0.00100000 0.00173200
v 0.01100000 -0.00175000 0.00303100
v 0.01100000 -0.00175000 0.00303100
v 0.01100000 -0.00000000 0.00200000
v 0.01100000 -0.00000000 0.00200000
v 0.01100000 -0.00000000 0.00350000
v 0.01100000 -0.00000000 0.00350000
v 0.01100000 0.00175000 0.00303100
v 0.01100000 0.00175000 0.00303100
v -0.01100000 -0.00303100 -0.00175000
v -0.01100000 -0.00303100 -0.00175000
v -0.01100000 -0.00173200 -0.00100000
v -0.01100000 -0.00173200 -0.00100000
v -0.01100000 -0.00350000 -0.00000000
v -0.01100000 -0.00350000 -0.00000000
v -0.01100000 -0.00350000 -0.00000000
v -0.01100000 -0.00200000 -0.00000000
v -0.01100000 -0.00200000 -0.00000000
v -0.01100000 -0.00200000 -0.00000000
v -0.01100000 -0.00303100 0.00175000
v -0.01100000 -0.00303100 0.00175000
v -0.01100000 -0.00173200 0.00100000
v -0.01100000 -0.00173200 0.00100000
v -0.01100000 -0.00100000 0.00173200
v -0.01100000 -0.00100000 0.00173200
v -0.01100000 -0.00100000 -0.00173200
v -0.01100000 -0.00100000 -0.00173200
v -0.01100000 -0.00175000 -0.00303100
v -0.01100000 -0.00175000 -0.00303100
v -0.01100000 -0.00000000 -0.00200000
v -0.01100000 -0.00000000 -0.00200000
v -0.01100000 -0.00000000 -0.00350000
v -0.01100000 -0.00000000 -0.00350000
v -0.01100000 0.00175000 -0.00303100
v -0.01100000 0.00175000 -0.00303100
v -0.01100000 0.00100000 -0.00173200
v -0.01100000 0.00100000 -0.00173200
v -0.01100000 0.00303100 -0.00175000
v -0.01100000 0.00303100 -0.00175000
v -0.01100000 0.00173200 -0.00100000
v -0.01100000 0.00173200 -0.00100000
v -0.01100000 0.00350000 -0.00000000
v -0.01100000 0.00350000 -0.00000000
v -0.01100000 0.00200000 -0.00000000
v -0.01100000 0.00200000 -0.00000000
v -0.01100000 0.00173200 0.00100000
v -0.01100000 0.00173200 0.00100000
v -0.01100000 0.00303100 0.00175000
v -0.01100000 0.00303100 0.00175000
v -0.01100000 0.00100000 0.00173200
v -0.01100000 0.00100000 0.00173200
v -0.01100000 0.00175000 0.00303100
v -0.01100000 0.00175000 0.00303100
v -0.01100000 -0.00000000 0.00200000
v -0.01100000 -0.00000000 0.00200000
v -0.01100000 -0.00000000 0.00350000
v -0.01100000 -0.00000000 0.00350000
v -0.01100000 -0.00175000 0.00303100
v -0.01100000 -0.00175000 0.00303100
v -0.01300000 -0.00070000 0.00342900
v -0.01300000 -0.00070000 0.00342900
v -0.01300000 -0.00070000 0.00342900
v -0.01400000 -0.00070000 0.00342900
v -0.01400000 -0.00070000 0.00342900
v -0.01400000 -0.00070000 0.00342900
v -0.01400000 -0.00214000 0.00276900
v -0.01400000 -0.00214000 0.00276900
v -0.01400000 -0.00314200 0.00154300
v -0.01400000 -0.00314200 0.00154300
v -0.01400000 -0.00350000 -0.00000000
v -0.01400000 -0.00350000 -0.00000000
v -0.01400000 -0.00350000 -0.00000000
v -0.01400000 -0.00314200 -0.00154300
v -0.01400000 -0.00314200 -0.00154300
v -0.01400000 -0.00214000 -0.00277000
v -0.01400000 -0.00214000 -0.00277000
v -0.01300000 -0.00070000 -0.00342900
v -0.01300000 -0.00070000 -0.00342900
v -0.01300000 -0.00070000 -0.00342900
v -0.01300000 -0.00023500 -0.00349200
v -0.01300000 -0.00023500 -0.00349200
v -0.01300000 0.00023500 -0.00349200
v -0.01300000 0.00023500 -0.00349200
v -0.01400000 -0.00070000 -0.00342900
v -0.01400000 -0.00070000 -0.00342900
v -0.01400000 -0.00070000 -0.00342900
v -0.01300000 0.00070000 -0.00342900
v -0.01300000 0.00070000 -0.00342900
v -0.01300000 0.00070000 -0.00342900
v -0.01400000 0.00070000 -0.00342900
v -0.01400000 0.00070000 -0.00342900
v -0.01400000 0.00070000 -0.00342900
v -0.01400000 0.00214000 -0.00277000
v -0.01400000 0.00214000 -0.00277000
v -0.01400000 0.00314200 -0.00154300
v -0.01400000 0.00314200 -0.00154300
v -0.01400000 0.00350000 -0.00000000
v -0.01400000 0.00350000 -0.00000000
v -0.01400000 0.00314200 0.00154300
v -0.01400000 0.00314200 0.00154300
v -0.01400000 0.00214000 0.00276900
v -0.01400000 0.00214000 0.00276900
v -0.01300000 0.00070000 0.00342900
v -0.01300000 0.00070000 0.00342900
v -0.01300000 0.00070000 0.00342900
v -0.01300000 0.00023500 0.00349200
v -0.01300000 0.00023500 0.00349200
v -0.01300000 -0.00023500 0.00349200
v -0.01300000 -0.00023500 0.00349200
v -0.01400000 0.00070000 0.00342900
v -0.01400000 0.00070000 0.00342900
v -0.01400000 0.00070000 0.00342900
v -0.01438700 -0.00070000 -0.00335000
v -0.01438700 -0.00070000 -0.00335000
v -0.01450000 -0.00205800 -0.00266400
v -0.01471200 -0.00070000 -0.00312400
v -0.01471200 -0.00070000 -0.00312400
v -0.01486600 -0.00183400 -0.00237400
v -0.01492600 -0.00070000 -0.00279000
v -0.01492600 -0.00070000 -0.00279000
v -0.01500000 -0.00070000 -0.00240000
v -0.01500000 -0.00070000 -0.00240000
v -0.01500000 -0.00070000 -0.00240000
v -0.01500000 -0.00179100 -0.00174400
v -0.01500000 -0.00179100 -0.00174400
v -0.01486600 -0.00269300 -0.00132300
v -0.01500000 -0.00241800 -0.00063700
v -0.01500000 -0.00241800 -0.00063700
v -0.01486600 -0.00300000 -0.00000000
v -0.01500000 -0.00241800 0.00063600
v -0.01500000 -0.00241800 0.00063600
v -0.01486600 -0.00269300 0.00132200
v -0.01500000 -0.00179100 0.00174400
v -0.01500000 -0.00179100 0.00174400
v -0.01486600 -0.00183400 0.00237400
v -0.01500000 -0.00070000 0.00240000
v -0.01500000 -0.00070000 0.00240000
v -0.01500000 -0.00070000 0.00240000
v -0.01492600 -0.00070000 0.00278900
v -0.01492600 -0.00070000 0.00278900
v -0.01471200 -0.00070000 0.00312400
v -0.01471200 -0.00070000 0.00312400
v -0.01450000 -0.00205800 0.00266300
v -0.01438700 -0.00070000 0.00334900
v -0.01438700 -0.00070000 0.00334900
v -0.01450000 -0.00302100 -0.00148400
v -0.01450000 -0.00336600 -0.00000000
v -0.01450000 -0.00302100 0.00148400
v -0.01438700 0.00070000 0.00334900
v -0.01438700 0.00070000 0.00334900
v -0.01438700 0.00070000 -0.00335000
v -0.01438700 0.00070000 -0.00335000
v -0.01471200 0.00070000 0.00312400
v -0.01471200 0.00070000 0.00312400
v -0.01500000 0.00070000 -0.00240000
v -0.01500000 0.00070000 -0.00240000
v -0.01500000 0.00070000 -0.00240000
v -0.01471200 0.00070000 -0.00312400
v -0.01471200 0.00070000 -0.00312400
v -0.01492600 0.00070000 0.00278900
v -0.01492600 0.00070000 0.00278900
v -0.01500000 0.00070000 0.00240000
v -0.01500000 0.00070000 0.00240000
v -0.01500000 0.00070000 0.00240000
v -0.01492600 0.00070000 -0.00279000
v -0.01492600 0.00070000 -0.00279000
v -0.01486600 0.00183400 -0.00237400
v -0.01500000 0.00179100 -0.00174400
v -0.01500000 0.00179100 -0.00174400
v -0.01486600 0.00269300 -0.00132300
v -0.01500000 0.00241800 -0.00063700
v -0.01500000 0.00241800 -0.00063700
v -0.01486600 0.00300000 -0.00000000
v -0.01500000 0.00241800 0.00063600
v -0.01500000 0.00241800 0.00063600
v -0.01486600 0.00269300 0.00132200
v -0.01500000 0.00179100 0.00174400
v -0.01500000 0.00179100 0.00174400
v -0.01486600 0.00183400 0.00237400
v -0.01450000 0.00205800 0.00266300
v -0.01450000 0.00302100 0.00148400
v -0.01450000 0.00336600 -0.00000000
v -0.01450000 0.00302100 -0.00148400
v -0.01450000 0.00205800 -0.00266400
v 0.01300000 -0.00070000 -0.00342900
v 0.01300000 -0.00070000 -0.00342900
v 0.01300000 -0.00070000 -0.00342900
v 0.01300000 -0.00023500 -0.00349200
v 0.01300000 -0.00023500 -0.00349200
v 0.01300000 -0.00070000 0.00342900
v 0.01300000 -0.00070000 0.00342900
v 0.01300000 -0.00070000 0.00342900
v 0.01300000 -0.00023500 0.00349200
v 0.01300000 -0.00023500 0.00349200
v 0.01300000 0.00023500 -0.00349200
v 0.01300000 0.00023500 -0.00349200
v 0.01300000 0.00023500 0.00349200
v 0.01300000 0.00023500 0.00349200
v 0.01300000 0.00070000 0.00342900
v 0.01300000 0.00070000 0.00342900
v 0.01300000 0.00070000 0.00342900
v 0.01300000 0.00070000 -0.00342900
v 0.01300000 0.00070000 -0.00342900
v 0.01300000 0.00070000 -0.00342900
v 0.01500000 -0.00070000 -0.00240000
v 0.01500000 -0.00070000 -0.00240000
v 0.01500000 -0.00070000 -0.00240000
v 0.01500000 -0.00070000 0.00240000
v 0.01500000 -0.00070000 0.00240000
v 0.01500000 -0.00070000 0.00240000
v 0.01500000 -0.00179100 -0.00174400
v 0.01500000 -0.00179100 -0.00174400
v 0.01500000 -0.00179100 0.00174400
v 0.01500000 -0.00179100 0.00174400
v 0.01500000 -0.00241800 0.00063600
v 0.01500000 -0.00241800 0.00063600
v 0.01500000 -0.00241800 -0.00063700
v 0.01500000 -0.00241800 -0.00063700
v 0.01492700 -0.00070000 0.00278900
v 0.01492700 -0.00070000 0.00278900
v 0.01471300 -0.00070000 0.00312400
v 0.01471300 -0.00070000 0.00312400
v 0.01438800 -0.00070000 0.00334900
v 0.01438800 -0.00070000 0.00334900
v 0.01471300 -0.00070000 -0.00312400
v 0.01471300 -0.00070000 -0.00312400
v 0.01438800 -0.00070000 -0.00335000
v 0.01438800 -0.00070000 -0.00335000
v 0.01492700 -0.00070000 -0.00279000
v 0.01492700 -0.00070000 -0.00279000
v 0.01400000 -0.00070000 0.00342900
v 0.01400000 -0.00070000 0.00342900
v 0.01400000 -0.00070000 0.00342900
v 0.01400000 -0.00070000 -0.00342900
v 0.01400000 -0.00070000 -0.00342900
v 0.01400000 -0.00070000 -0.00342900
v 0.01400000 -0.00214000 0.00276900
v 0.01400000 -0.00214000 0.00276900
v 0.01450000 -0.00205800 0.00266300
v 0.01486600 -0.00183400 0.00237400
v 0.01486600 -0.00269300 0.00132200
v 0.01486600 -0.00300000 -0.00000000
v 0.01486600 -0.00269300 -0.00132300
v 0.01486600 -0.00183400 -0.00237400
v 0.01450000 -0.00205800 -0.00266400
v 0.01400000 -0.00214000 -0.00277000
v 0.01400000 -0.00214000 -0.00277000
v 0.01400000 -0.00314200 -0.00154300
v 0.01400000 -0.00314200 -0.00154300
v 0.01450000 -0.00302100 -0.00148400
v 0.01400000 -0.00350000 -0.00000000
v 0.01400000 -0.00350000 -0.00000000
v 0.01400000 -0.00350000 -0.00000000
v 0.01450000 -0.00336600 -0.00000000
v 0.01400000 -0.00314200 0.00154300
v 0.01400000 -0.00314200 0.00154300
v 0.01450000 -0.00302100 0.00148400
v 0.01500000 0.00070000 -0.00240000
v 0.01500000 0.00070000 -0.00240000
v 0.01500000 0.00070000 -0.00240000
v 0.01500000 0.00179100 -0.00174400
v 0.01500000 0.00179100 -0.00174400
v 0.01500000 0.00070000 0.00240000
v 0.01500000 0.00070000 0.00240000
v 0.01500000 0.00070000 0.00240000
v 0.01500000 0.00179100 0.00174400
v 0.01500000 0.00179100 0.00174400
v 0.01500000 0.00241800 0.00063600
v 0.01500000 0.00241800 0.00063600
v 0.01500000 0.00241800 -0.00063700
v 0.01500000 0.00241800 -0.00063700
v 0.01492700 0.00070000 -0.00279000
v 0.01492700 0.00070000 -0.00279000
v 0.01471300 0.00070000 -0.00312400
v 0.01471300 0.00070000 -0.00312400
v 0.01438800 0.00070000 -0.00335000
v 0.01438800 0.00070000 -0.00335000
v 0.01471300 0.00070000 0.00312400
v 0.01471300 0.00070000 0.00312400
v 0.01438800 0.00070000 0.00334900
v 0.01438800 0.00070000 0.00334900
v 0.01492700 0.00070000 0.00278900
v 0.01492700 0.00070000 0.00278900
v 0.01400000 0.00070000 -0.00342900
v 0.01400000 0.00070000 -0.00342900
v 0.01400000 0.00070000 -0.00342900
v 0.01400000 0.00070000 0.00342900
v 0.01400000 0.00070000 0.00342900
v 0.01400000 0.00070000 0.00342900
v 0.01400000 0.00214000 0.00276900
v 0.01400000 0.00214000 0.00276900
v 0.01400000 0.00314200 0.00154300
v 0.01400000 0.00314200 0.00154300
v 0.01400000 0.00350000 -0.00000000
v 0.01400000 0.00350000 -0.00000000
v 0.01400000 0.00314200 -0.00154300
v 0.01400000 0.00314200 -0.00154300
v 0.01400000 0.00214000 -0.00277000
v 0.01400000 0.00214000 -0.00277000
v 0.01450000 0.00205800 -0.00266400
v 0.01486600 0.00183400 -0.00237400
v 0.01486600 0.00269300 -0.00132300
v 0.01486600 0.00300000 -0.00000000
v 0.01486600 0.00269300 0.00132200
v 0.01486600 0.00183400 0.00237400
v 0.01450000 0.00205800 0.00266300
v 0.01450000 0.00302100 0.00148400
v 0.01450000 0.00336600 -0.00000000
v 0.01450000 0.00302100 -0.00148400
v 0.00140600 0.59611400 0.01559400
v 0.00140600 0.59611400 0.01559400
v 0.00150000 0.60000000 0.01645400
v 0.00150000 0.60000000 0.01645400
v 0.00150000 0.60000000 0.01645400
v 0.00150000 0.60000000 0.01645400
v 0.00074000 0.59815100 0.01655400
v 0.00077700 0.60000000 0.01675400
v 0.00077700 0.60000000 0.01675400
v 0.00000000 0.60000000 0.01685600
v 0.00000000 0.60000000 0.01685600
v -0.00004500 0.59813100 0.01664400
v -0.00077600 0.60000000 0.01675400
v -0.00077600 0.60000000 0.01675400
v -0.00140500 0.59611400 0.01559400
v -0.00140500 0.59611400 0.01559400
v -0.00150000 0.60000000 0.01645400
v -0.00150000 0.60000000 0.01645400
v -0.00150000 0.60000000 0.01645400
v -0.00150000 0.60000000 0.01645400
v -0.00004100 0.59390600 0.01484900
v -0.00134300 0.59248800 0.01363900
v -0.00134300 0.59248800 0.01363900
v -0.00004000 0.59309200 0.01437200
v -0.00004000 0.59187100 0.01363800
v 0.00067200 0.59313100 0.01430700
v 0.00067200 0.59191000 0.01357300
v 0.00134400 0.59248800 0.01363900
v 0.00134400 0.59248800 0.01363900
v 0.00069900 0.58949700 0.01221100
v 0.00142100 0.58887900 0.01161800
v 0.00142100 0.58887900 0.01161800
v 0.00052100 0.58500300 0.01103700
v 0.00052100 0.58500300 0.01103700
v 0.00150000 0.58500000 0.01068100
v 0.00150000 0.58500000 0.01068100
v 0.00150000 0.58500000 0.01068100
v 0.00150000 0.58500000 0.01068100
v -0.00142000 0.58887900 0.01161800
v -0.00142000 0.58887900 0.01161800
v -0.00004200 0.58946000 0.01228500
v -0.00150000 0.58500000 0.01068100
v -0.00150000 0.58500000 0.01068100
v -0.00150000 0.58500000 0.01068100
v -0.00150000 0.58500000 0.01068100
v -0.00052100 0.58500300 0.01103700
v -0.00052100 0.58500300 0.01103700
v 0.00067600 0.59394400 0.01478200
v 0.00148200 0.58247000 0.01063300
v 0.00148200 0.58247000 0.01063300
v 0.00073800 0.57992300 0.01071500
v 0.00147100 0.57995700 0.01042400
v 0.00147100 0.57995700 0.01042400
v 0.00146700 0.57746900 0.01006000
v 0.00146700 0.57746900 0.01006000
v 0.00051000 0.57492100 0.00987500
v 0.00051000 0.57492100 0.00987500
v 0.00146900 0.57500000 0.00954400
v 0.00146900 0.57500000 0.00954400
v 0.00146900 0.57500000 0.00954400
v 0.00146900 0.57500000 0.00954400
v -0.00004600 0.57991200 0.01080600
v -0.00148100 0.58247000 0.01063300
v -0.00148100 0.58247000 0.01063300
v -0.00147000 0.57995700 0.01042400
v -0.00147000 0.57995700 0.01042400
v -0.00146600 0.57746900 0.01006000
v -0.00146600 0.57746900 0.01006000
v -0.00050900 0.57492100 0.00987500
v -0.00050900 0.57492100 0.00987500
v -0.00146800 0.57500000 0.00954400
v -0.00146800 0.57500000 0.00954400
v -0.00146800 0.57500000 0.00954400
v -0.00146800 0.57500000 0.00954400
v 0.00150000 0.57355300 0.00925600
v 0.00150000 0.57355300 0.00925600
v 0.00075600 0.56992200 0.00954400
v 0.00149200 0.56918400 0.00935100
v 0.00149200 0.56918400 0.00935100
v 0.00048100 0.56512800 0.01101900
v 0.00048100 0.56512800 0.01101900
v 0.00139300 0.56500000 0.01074300
v 0.00139300 0.56500000 0.01074300
v 0.00139300 0.56500000 0.01074300
v 0.00139300 0.56500000 0.01074300
v -0.00004600 0.56993400 0.00963900
v -0.00149900 0.57355300 0.00925600
v -0.00149900 0.57355300 0.00925600
v -0.00149200 0.56918400 0.00935100
v -0.00149200 0.56918400 0.00935100
v -0.00048000 0.56512800 0.01101900
v -0.00048000 0.56512800 0.01101900
v -0.00139200 0.56500000 0.01074300
v -0.00139200 0.56500000 0.01074300
v -0.00139200 0.56500000 0.01074300
v -0.00139200 0.56500000 0.01074300
v 0.00144000 0.56231700 0.01178900
v 0.00144000 0.56231700 0.01178900
v 0.00073800 0.56022000 0.01267900
v 0.00150000 0.55500000 0.01299000
v 0.00150000 0.55500000 0.01299000
v 0.00150000 0.55500000 0.01299000
v 0.00150000 0.55500000 0.01299000
v 0.00077700 0.55500000 0.01329000
v 0.00077700 0.55500000 0.01329000
v 0.00000000 0.55500000 0.01339200
v 0.00000000 0.55500000 0.01339200
v -0.00004400 0.56024100 0.01276900
v -0.00077600 0.55500000 0.01329000
v -0.00077600 0.55500000 0.01329000
v -0.00150000 0.55500000 0.01299000
v -0.00150000 0.55500000 0.01299000
v -0.00150000 0.55500000 0.01299000
v -0.00150000 0.55500000 0.01299000
v -0.00143900 0.56231700 0.01178900
v -0.00143900 0.56231700 0.01178900
v -0.00150000 0.69600400 0.01645400
v -0.00150000 0.69600400 0.01645400
v -0.00150000 0.69600400 0.01645400
v -0.00077600 0.69582800 0.01675300
v -0.00077600 0.69582800 0.01675300
v 0.00000000 0.66400300 0.01685600
v 0.00000000 0.69576800 0.01685600
v 0.00000000 0.69576800 0.01685600
v 0.00077700 0.69582800 0.01675300
v 0.00077700 0.69582800 0.01675300
v 0.00000000 0.63200200 0.01685600
v 0.00150000 0.69600400 0.01645400
v 0.00150000 0.69600400 0.01645400
v 0.00150000 0.69600400 0.01645400
v -0.01000000 0.56014700 0.00747000
v -0.01000000 0.56014700 0.00747000
v -0.01050000 0.55500000 0.00779400
v -0.01050000 0.55500000 0.00779400
v -0.01050000 0.55500000 0.00779400
v -0.01050000 0.55500000 0.00779400
v -0.00577300 0.55976600 0.00999900
v -0.00860700 0.56500000 0.00657700
v -0.00860700 0.56500000 0.00657700
v -0.00860700 0.56500000 0.00657700
v -0.00860700 0.56500000 0.00657700
v -0.00725100 0.56988400 0.00592100
v -0.00725100 0.56988400 0.00592100
v -0.00439300 0.57064600 0.00748600
v -0.00753100 0.57500000 0.00604400
v -0.00753100 0.57500000 0.00604400
v -0.00753100 0.57500000 0.00604400
v -0.00753100 0.57500000 0.00604400
v -0.00850000 0.58500000 0.00663900
v -0.00850000 0.58500000 0.00663900
v -0.00850000 0.58500000 0.00663900
v -0.00850000 0.58500000 0.00663900
v -0.00490600 0.58015100 0.00848200
v -0.00850100 0.58531600 0.00664300
v -0.00850100 0.58531600 0.00664300
v -0.00789800 0.59008500 0.00845000
v -0.00563100 0.59008500 0.00975300
v -0.00661700 0.59397200 0.01146200
v -0.00738200 0.59793700 0.01278600
v -0.01350000 0.60000000 0.00952600
v -0.01350000 0.60000000 0.00952600
v -0.01350000 0.60000000 0.00952600
v -0.01350000 0.60000000 0.00952600
v -0.01034300 0.59793700 0.01107700
v -0.01282700 0.59618800 0.00903200
v -0.01282700 0.59618800 0.00903200
v -0.00927600 0.59397200 0.00993000
v -0.01121300 0.59262900 0.00802500
v -0.01121300 0.59262900 0.00802500
v -0.00944100 0.58909400 0.00708300
v -0.00944100 0.58909400 0.00708300
v -0.01350000 0.69600400 0.00952600
v -0.01350000 0.69600400 0.00952600
v -0.01350000 0.69600400 0.00952600
v -0.00750000 0.69708100 0.01299000
v -0.00750000 0.69708100 0.01299000
v -0.00750000 0.69708100 0.01299000
v -0.01396600 0.59815100 0.00891800
v -0.01412100 0.60000000 0.00904900
v -0.01412100 0.60000000 0.00904900
v -0.01459800 0.60000000 0.00842800
v -0.01459800 0.60000000 0.00842800
v -0.01443600 0.59813100 0.00828300
v -0.01500000 0.60000000 0.00692800
v -0.01500000 0.60000000 0.00692800
v -0.01500000 0.60000000 0.00692800
v -0.01500000 0.60000000 0.00692800
v -0.01420800 0.59611400 0.00658000
v -0.01420800 0.59611400 0.00658000
v -0.01288000 0.59390600 0.00738900
v -0.01248300 0.59248800 0.00565600
v -0.01248300 0.59248800 0.00565600
v -0.01246700 0.59309200 0.00715100
v -0.01183100 0.59187100 0.00678400
v -0.01205400 0.59313100 0.00773500
v -0.01141800 0.59191000 0.00736800
v -0.01022600 0.58949700 0.00671000
v -0.00929800 0.58500300 0.00597000
v -0.00929800 0.58500300 0.00597000
v -0.01077100 0.58887900 0.00457900
v -0.01077100 0.58887900 0.00457900
v -0.01066000 0.58946000 0.00610600
v -0.01000000 0.58500000 0.00404100
v -0.01000000 0.58500000 0.00404100
v -0.01000000 0.58500000 0.00404100
v -0.01000000 0.58500000 0.00404100
v -0.00981900 0.58500300 0.00506700
v -0.00981900 0.58500300 0.00506700
v -0.01246300 0.59394400 0.00797600
v -0.00891100 0.57992300 0.00599600
v -0.00938200 0.57991200 0.00536300
v -0.00994900 0.58247000 0.00403300
v -0.00994900 0.58247000 0.00403300
v -0.00976300 0.57995700 0.00393900
v -0.00976300 0.57995700 0.00393900
v -0.00944500 0.57746900 0.00376000
v -0.00944500 0.57746900 0.00376000
v -0.00880700 0.57492100 0.00449700
v -0.00880700 0.57492100 0.00449700
v -0.00900000 0.57500000 0.00350000
v -0.00900000 0.57500000 0.00350000
v -0.00900000 0.57500000 0.00350000
v -0.00900000 0.57500000 0.00350000
v -0.00829700 0.57492100 0.00537900
v -0.00829700 0.57492100 0.00537900
v -0.00788700 0.56992200 0.00542600
v -0.00930200 0.56512800 0.00592600
v -0.00930200 0.56512800 0.00592600
v -0.00837100 0.56993400 0.00478000
v -0.00978300 0.56512800 0.00509300
v -0.00978300 0.56512800 0.00509300
v -0.00884200 0.56919400 0.00338200
v -0.00884200 0.56919400 0.00338200
v -0.00999100 0.56502100 0.00416000
v -0.00999100 0.56502100 0.00416000
v -0.00876500 0.57355300 0.00332900
v -0.00876500 0.57355300 0.00332900
v -0.01000000 0.56500000 0.00416500
v -0.01000000 0.56500000 0.00416500
v -0.01000000 0.56500000 0.00416500
v -0.01000000 0.56500000 0.00416500
v -0.01061100 0.56022000 0.00697800
v -0.01108000 0.56024100 0.00634600
v -0.01092900 0.56231700 0.00464800
v -0.01092900 0.56231700 0.00464800
v -0.01200000 0.55500000 0.00519600
v -0.01200000 0.55500000 0.00519600
v -0.01200000 0.55500000 0.00519600
v -0.01200000 0.55500000 0.00519600
v -0.01189700 0.55500000 0.00597300
v -0.01189700 0.55500000 0.00597300
v -0.01159800 0.55500000 0.00669600
v -0.01159800 0.55500000 0.00669600
v -0.01112100 0.55500000 0.00731700
v -0.01112100 0.55500000 0.00731700
v -0.01500000 0.69600400 0.00692800
v -0.01500000 0.69600400 0.00692800
v -0.01500000 0.69600400 0.00692800
v -0.01489600 0.69582800 0.00770400
v -0.01489600 0.69582800 0.00770400
v -0.01459800 0.66400300 0.00842800
v -0.01459800 0.69576800 0.00842800
v -0.01459800 0.69576800 0.00842800
v -0.01412000 0.69582800 0.00904900
v -0.01412000 0.69582800 0.00904900
v -0.01459800 0.63200200 0.00842800
v -0.01146900 0.56014700 -0.00492500
v -0.01146900 0.56014700 -0.00492500
v -0.01200000 0.55500000 -0.00519600
v -0.01200000 0.55500000 -0.00519600
v -0.01200000 0.55500000 -0.00519600
v -0.01200000 0.55500000 -0.00519600
v -0.01154500 0.55976600 -0.00000000
v -0.01000000 0.56500000 -0.00416500
v -0.01000000 0.56500000 -0.00416500
v -0.01000000 0.56500000 -0.00416500
v -0.01000000 0.56500000 -0.00416500
v -0.00875300 0.56988400 -0.00332000
v -0.00875300 0.56988400 -0.00332000
v -0.00867900 0.57064600 -0.00006200
v -0.00900000 0.57500000 -0.00350000
v -0.00900000 0.57500000 -0.00350000
v -0.00900000 0.57500000 -0.00350000
v -0.00900000 0.57500000 -0.00350000
v -0.01000000 0.58500000 -0.00404200
v -0.01000000 0.58500000 -0.00404200
v -0.01000000 0.58500000 -0.00404200
v -0.01000000 0.58500000 -0.00404200
v -0.00979800 0.58015100 -0.00000800
v -0.01000300 0.58531600 -0.00404100
v -0.01000300 0.58531600 -0.00404100
v -0.01126700 0.59008500 -0.00261500
v -0.01126200 0.59008500 -0.00000000
v -0.01323500 0.59397200 -0.00000000
v -0.01476400 0.59793700 -0.00000000
v -0.01500000 0.60000000 -0.00692800
v -0.01500000 0.60000000 -0.00692800
v -0.01500000 0.60000000 -0.00692800
v -0.01500000 0.60000000 -0.00692800
v -0.01476500 0.59793700 -0.00341900
v -0.01423500 0.59618800 -0.00659300
v -0.01423500 0.59618800 -0.00659300
v -0.01323800 0.59397200 -0.00306900
v -0.01255700 0.59262900 -0.00569800
v -0.01255700 0.59262900 -0.00569800
v -0.01085500 0.58909400 -0.00463500
v -0.01085500 0.58909400 -0.00463500
v -0.01500000 0.69708100 -0.00000000
v -0.01500000 0.69708100 -0.00000000
v -0.01500000 0.69682600 -0.00330500
v -0.01500000 0.69682600 -0.00330500
v -0.01500000 0.69600400 -0.00692800
v -0.01500000 0.69600400 -0.00692800
v -0.01500000 0.69600400 -0.00692800
v -0.01500000 0.69682600 0.00330500
v -0.01500000 0.69682600 0.00330500
v -0.01470600 0.59815100 -0.00763600
v -0.01459800 0.60000000 -0.00842800
v -0.01459800 0.60000000 -0.00842800
v -0.01439100 0.59813100 -0.00836100
v -0.01412100 0.60000000 -0.00904900
v -0.01412100 0.60000000 -0.00904900
v -0.01280200 0.59611400 -0.00901500
v -0.01280200 0.59611400 -0.00901500
v -0.01350000 0.60000000 -0.00952600
v -0.01350000 0.60000000 -0.00952600
v -0.01350000 0.60000000 -0.00952600
v -0.01350000 0.60000000 -0.00952600
v -0.01283800 0.59390600 -0.00746000
v -0.01114000 0.59248800 -0.00798300
v -0.01114000 0.59248800 -0.00798300
v -0.01242600 0.59309200 -0.00722100
v -0.01179000 0.59187100 -0.00685400
v -0.01272500 0.59313100 -0.00657200
v -0.01209000 0.59191000 -0.00620500
v -0.01092400 0.58949700 -0.00550100
v -0.00981900 0.58500300 -0.00506800
v -0.00981900 0.58500300 -0.00506800
v -0.00935100 0.58887900 -0.00703900
v -0.00935100 0.58887900 -0.00703900
v -0.01061700 0.58946000 -0.00617900
v -0.00850000 0.58500000 -0.00664000
v -0.00850000 0.58500000 -0.00664000
v -0.00850000 0.58500000 -0.00664000
v -0.00850000 0.58500000 -0.00664000
v -0.00929800 0.58500300 -0.00597000
v -0.00929800 0.58500300 -0.00597000
v -0.01313900 0.59394400 -0.00680600
v -0.00964800 0.57992300 -0.00471900
v -0.00933500 0.57991200 -0.00544400
v -0.00846700 0.58247000 -0.00660000
v -0.00846700 0.58247000 -0.00660000
v -0.00829200 0.57995700 -0.00648600
v -0.00829200 0.57995700 -0.00648600
v -0.00797900 0.57746900 -0.00630000
v -0.00797900 0.57746900 -0.00630000
v -0.00829700 0.57492100 -0.00537900
v -0.00829700 0.57492100 -0.00537900
v -0.00753100 0.57500000 -0.00604400
v -0.00753100 0.57500000 -0.00604400
v -0.00753100 0.57500000 -0.00604400
v -0.00753100 0.57500000 -0.00604400
v -0.00880700 0.57492100 -0.00449700
v -0.00880700 0.57492100 -0.00449700
v -0.00864200 0.56992200 -0.00411800
v -0.00978300 0.56512800 -0.00509300
v -0.00978300 0.56512800 -0.00509300
v -0.00832400 0.56993400 -0.00486000
v -0.00930200 0.56512800 -0.00592600
v -0.00930200 0.56512800 -0.00592600
v -0.00735000 0.56919400 -0.00596700
v -0.00735000 0.56919400 -0.00596700
v -0.00859800 0.56502100 -0.00657300
v -0.00859800 0.56502100 -0.00657300
v -0.00726600 0.57355300 -0.00592600
v -0.00726600 0.57355300 -0.00592600
v -0.00860700 0.56500000 -0.00657800
v -0.00860700 0.56500000 -0.00657800
v -0.00860700 0.56500000 -0.00657800
v -0.00860700 0.56500000 -0.00657800
v -0.01134900 0.56022000 -0.00570100
v -0.01103500 0.56024100 -0.00642300
v -0.00948900 0.56231700 -0.00714100
v -0.00948900 0.56231700 -0.00714100
v -0.01050000 0.55500000 -0.00779400
v -0.01050000 0.55500000 -0.00779400
v -0.01050000 0.55500000 -0.00779400
v -0.01050000 0.55500000 -0.00779400
v -0.01112100 0.55500000 -0.00731700
v -0.01112100 0.55500000 -0.00731700
v -0.01159800 0.55500000 -0.00669600
v -0.01159800 0.55500000 -0.00669600
v -0.01189700 0.55500000 -0.00597300
v -0.01189700 0.55500000 -0.00597300
v -0.01350000 0.69600400 -0.00952600
v -0.01350000 0.69600400 -0.00952600
v -0.01350000 0.69600400 -0.00952600
v -0.01412000 0.69582800 -0.00904900
v -0.01412000 0.69582800 -0.00904900
v -0.01459800 0.66400300 -0.00842800
v -0.01459800 0.69576800 -0.00842800
v -0.01459800 0.69576800 -0.00842800
v -0.01489600 0.69582800 -0.00770400
v -0.01489600 0.69582800 -0.00770400
v -0.01459800 0.63200200 -0.00842800
v -0.00146900 0.56014700 -0.01239500
v -0.00146900 0.56014700 -0.01239500
v -0.00150000 0.55500000 -0.01299100
v -0.00150000 0.55500000 -0.01299100
v -0.00150000 0.55500000 -0.01299100
v -0.00150000 0.55500000 -0.01299100
v -0.00577300 0.55976600 -0.00999900
v -0.00139200 0.56500000 -0.01074300
v -0.00139200 0.56500000 -0.01074300
v -0.00139200 0.56500000 -0.01074300
v -0.00139200 0.56500000 -0.01074300
v -0.00150100 0.56988400 -0.00924000
v -0.00150100 0.56988400 -0.00924000
v -0.00428600 0.57064600 -0.00754800
v -0.00146800 0.57500000 -0.00954400
v -0.00146800 0.57500000 -0.00954400
v -0.00146800 0.57500000 -0.00954400
v -0.00146800 0.57500000 -0.00954400
v -0.00150000 0.58500000 -0.01068100
v -0.00150000 0.58500000 -0.01068100
v -0.00150000 0.58500000 -0.01068100
v -0.00150000 0.58500000 -0.01068100
v -0.00489200 0.58015100 -0.00849000
v -0.00150200 0.58531600 -0.01068400
v -0.00150200 0.58531600 -0.01068400
v -0.00336900 0.59008500 -0.01106500
v -0.00563000 0.59008500 -0.00975300
v -0.00661700 0.59397200 -0.01146200
v -0.00738200 0.59793700 -0.01278700
v -0.00150000 0.60000000 -0.01645500
v -0.00150000 0.60000000 -0.01645500
v -0.00150000 0.60000000 -0.01645500
v -0.00150000 0.60000000 -0.01645500
v -0.00442100 0.59793700 -0.01449700
v -0.00140800 0.59618800 -0.01562500
v -0.00140800 0.59618800 -0.01562500
v -0.00396100 0.59397200 -0.01299900
v -0.00134300 0.59262900 -0.01372400
v -0.00134300 0.59262900 -0.01372400
v -0.00141300 0.58909400 -0.01171900
v -0.00141300 0.58909400 -0.01171900
v -0.00750000 0.69708100 -0.01299000
v -0.00750000 0.69708100 -0.01299000
v -0.00463700 0.69682600 -0.01464300
v -0.00463700 0.69682600 -0.01464300
v -0.00150000 0.69600400 -0.01645500
v -0.00150000 0.69600400 -0.01645500
v -0.00150000 0.69600400 -0.01645500
v -0.01036200 0.69682600 -0.01133800
v -0.01036200 0.69682600 -0.01133800
v 0.01412100 0.69582800 -0.00904900
v 0.01412100 0.69582800 -0.00904900
v 0.01350000 0.69600400 -0.00952600
v 0.01350000 0.69600400 -0.00952600
v 0.01350000 0.69600400 -0.00952600
v 0.00928400 0.70000000 -0.00565600
v 0.00928400 0.70000000 -0.00565600
v 0.00750000 0.69708100 -0.01299000
v 0.00750000 0.69708100 -0.01299000
v 0.00521200 0.70000000 -0.00954000
v 0.00521200 0.70000000 -0.00954000
v 0.00150000 0.69600400 -0.01645500
v 0.00150000 0.69600400 -0.01645500
v 0.00150000 0.69600400 -0.01645500
v -0.00025600 0.70000000 -0.01086800
v -0.00025600 0.70000000 -0.01086800
v 0.00077700 0.69582800 -0.01675300
v 0.00077700 0.69582800 -0.01675300
v 0.00000000 0.69576800 -0.01685700
v 0.00000000 0.69576800 -0.01685700
v -0.00077600 0.69582800 -0.01675300
v -0.00077600 0.69582800 -0.01675300
v -0.00565600 0.70000000 -0.00928400
v -0.00565600 0.70000000 -0.00928400
v -0.00954000 0.70000000 -0.00521200
v -0.00954000 0.70000000 -0.00521200
v -0.01086800 0.70000000 0.00025600
v -0.01086800 0.70000000 0.00025600
v -0.00928300 0.70000000 0.00565600
v -0.00928300 0.70000000 0.00565600
v -0.00521200 0.70000000 0.00954000
v -0.00521200 0.70000000 0.00954000
v -0.00521200 0.70000000 0.00954000
v 0.00025700 0.70000000 0.01086800
v 0.00025700 0.70000000 0.01086800
v 0.00463800 0.69682600 0.01464300
v 0.00463800 0.69682600 0.01464300
v 0.00565700 0.70000000 0.00928400
v 0.00565700 0.70000000 0.00928400
v 0.00750000 0.69708100 0.01299000
v 0.00750000 0.69708100 0.01299000
v 0.01036300 0.69682600 0.01133800
v 0.01036300 0.69682600 0.01133800
v 0.00954100 0.70000000 0.00521200
v 0.00954100 0.70000000 0.00521200
v 0.01350000 0.69600400 0.00952600
v 0.01350000 0.69600400 0.00952600
v 0.01350000 0.69600400 0.00952600
v 0.01412100 0.69582800 0.00904900
v 0.01412100 0.69582800 0.00904900
v 0.01459900 0.69576800 0.00842800
v 0.01459900 0.69576800 0.00842800
v 0.01489700 0.69582800 0.00770400
v 0.01489700 0.69582800 0.00770400
v 0.01500000 0.69600400 0.00692800
v 0.01500000 0.69600400 0.00692800
v 0.01500000 0.69600400 0.00692800
v 0.01500000 0.69682600 0.00330500
v 0.01500000 0.69682600 0.00330500
v 0.01086900 0.70000000 -0.00025700
v 0.01086900 0.70000000 -0.00025700
v 0.01500000 0.69708100 -0.00000000
v 0.01500000 0.69708100 -0.00000000
v 0.01500000 0.69682600 -0.00330500
v 0.01500000 0.69682600 -0.00330500
v 0.01500000 0.69600400 -0.00692800
v 0.01500000 0.69600400 -0.00692800
v 0.01500000 0.69600400 -0.00692800
v 0.01489700 0.69582800 -0.00770400
v 0.01489700 0.69582800 -0.00770400
v 0.01459900 0.69576800 -0.00842800
v 0.01459900 0.69576800 -0.00842800
v -0.00074000 0.59815100 -0.01655400
v -0.00077600 0.60000000 -0.01675400
v -0.00077600 0.60000000 -0.01675400
v 0.00000000 0.60000000 -0.01685700
v 0.00000000 0.60000000 -0.01685700
v 0.00004500 0.59813100 -0.01664400
v 0.00077700 0.60000000 -0.01675400
v 0.00077700 0.60000000 -0.01675400
v 0.00140600 0.59611400 -0.01559500
v 0.00140600 0.59611400 -0.01559500
v 0.00150000 0.60000000 -0.01645500
v 0.00150000 0.60000000 -0.01645500
v 0.00150000 0.60000000 -0.01645500
v 0.00150000 0.60000000 -0.01645500
v 0.00004100 0.59390600 -0.01484900
v 0.00134400 0.59248800 -0.01363900
v 0.00134400 0.59248800 -0.01363900
v 0.00004100 0.59309200 -0.01437200
v 0.00004100 0.59187100 -0.01363800
v -0.00067100 0.59313100 -0.01430700
v -0.00067100 0.59191000 -0.01357300
v -0.00069800 0.58949700 -0.01221200
v -0.00052100 0.58500300 -0.01103700
v -0.00052100 0.58500300 -0.01103700
v 0.00142100 0.58887900 -0.01161800
v 0.00142100 0.58887900 -0.01161800
v 0.00004300 0.58946000 -0.01228500
v 0.00150000 0.58500000 -0.01068100
v 0.00150000 0.58500000 -0.01068100
v 0.00150000 0.58500000 -0.01068100
v 0.00150000 0.58500000 -0.01068100
v 0.00052100 0.58500300 -0.01103700
v 0.00052100 0.58500300 -0.01103700
v -0.00067500 0.59394400 -0.01478200
v -0.00073700 0.57992300 -0.01071500
v 0.00004700 0.57991200 -0.01080600
v 0.00148200 0.58247000 -0.01063300
v 0.00148200 0.58247000 -0.01063300
v 0.00147100 0.57995700 -0.01042400
v 0.00147100 0.57995700 -0.01042400
v 0.00146700 0.57746900 -0.01006100
v 0.00146700 0.57746900 -0.01006100
v 0.00051000 0.57492100 -0.00987600
v 0.00051000 0.57492100 -0.00987600
v 0.00146900 0.57500000 -0.00954400
v 0.00146900 0.57500000 -0.00954400
v 0.00146900 0.57500000 -0.00954400
v 0.00146900 0.57500000 -0.00954400
v -0.00050900 0.57492100 -0.00987600
v -0.00050900 0.57492100 -0.00987600
v -0.00075500 0.56992200 -0.00954400
v -0.00048000 0.56512800 -0.01101900
v -0.00048000 0.56512800 -0.01101900
v 0.00004700 0.56993400 -0.00963900
v 0.00048100 0.56512800 -0.01101900
v 0.00048100 0.56512800 -0.01101900
v 0.00149300 0.56919400 -0.00934900
v 0.00149300 0.56919400 -0.00934900
v 0.00139400 0.56502100 -0.01073300
v 0.00139400 0.56502100 -0.01073300
v 0.00150000 0.57355300 -0.00925600
v 0.00150000 0.57355300 -0.00925600
v 0.00139300 0.56500000 -0.01074300
v 0.00139300 0.56500000 -0.01074300
v 0.00139300 0.56500000 -0.01074300
v 0.00139300 0.56500000 -0.01074300
v -0.00073700 0.56022000 -0.01268000
v 0.00004500 0.56024100 -0.01276900
v 0.00144000 0.56231700 -0.01178900
v 0.00144000 0.56231700 -0.01178900
v 0.00150000 0.55500000 -0.01299100
v 0.00150000 0.55500000 -0.01299100
v 0.00150000 0.55500000 -0.01299100
v 0.00150000 0.55500000 -0.01299100
v 0.00077700 0.55500000 -0.01329000
v 0.00077700 0.55500000 -0.01329000
v 0.00000000 0.55500000 -0.01339200
v 0.00000000 0.55500000 -0.01339200
v -0.00077600 0.55500000 -0.01329000
v -0.00077600 0.55500000 -0.01329000
v 0.00000000 0.66400300 -0.01685700
v 0.00000000 0.63200200 -0.01685700
v 0.01000000 0.56014700 -0.00747000
v 0.01000000 0.56014700 -0.00747000
v 0.01050000 0.55500000 -0.00779400
v 0.01050000 0.55500000 -0.00779400
v 0.01050000 0.55500000 -0.00779400
v 0.01050000 0.55500000 -0.00779400
v 0.00577300 0.55976600 -0.00999900
v 0.00860800 0.56500000 -0.00657800
v 0.00860800 0.56500000 -0.00657800
v 0.00860800 0.56500000 -0.00657800
v 0.00860800 0.56500000 -0.00657800
v 0.00725200 0.56988400 -0.00592100
v 0.00725200 0.56988400 -0.00592100
v 0.00439400 0.57064600 -0.00748600
v 0.00753200 0.57500000 -0.00604400
v 0.00753200 0.57500000 -0.00604400
v 0.00753200 0.57500000 -0.00604400
v 0.00753200 0.57500000 -0.00604400
v 0.00850000 0.58500000 -0.00664000
v 0.00850000 0.58500000 -0.00664000
v 0.00850000 0.58500000 -0.00664000
v 0.00850000 0.58500000 -0.00664000
v 0.00490700 0.58015100 -0.00848200
v 0.00850200 0.58531600 -0.00664300
v 0.00850200 0.58531600 -0.00664300
v 0.00789800 0.59008500 -0.00845000
v 0.00563200 0.59008500 -0.00975300
v 0.00661800 0.59397200 -0.01146200
v 0.00738300 0.59793700 -0.01278700
v 0.01350000 0.60000000 -0.00952600
v 0.01350000 0.60000000 -0.00952600
v 0.01350000 0.60000000 -0.00952600
v 0.01350000 0.60000000 -0.00952600
v 0.01034400 0.59793700 -0.01107800
v 0.01282800 0.59618800 -0.00903200
v 0.01282800 0.59618800 -0.00903200
v 0.00927700 0.59397200 -0.00993100
v 0.01121400 0.59262900 -0.00802600
v 0.01121400 0.59262900 -0.00802600
v 0.00944200 0.58909400 -0.00708300
v 0.00944200 0.58909400 -0.00708300
v 0.01396700 0.59815100 -0.00891800
v 0.01412200 0.60000000 -0.00904900
v 0.01412200 0.60000000 -0.00904900
v 0.01459900 0.60000000 -0.00842800
v 0.01459900 0.60000000 -0.00842800
v 0.01443700 0.59813100 -0.00828300
v 0.01500000 0.60000000 -0.00692800
v 0.01500000 0.60000000 -0.00692800
v 0.01500000 0.60000000 -0.00692800
v 0.01500000 0.60000000 -0.00692800
v 0.01420800 0.59611400 -0.00658000
v 0.01420800 0.59611400 -0.00658000
v 0.01288000 0.59390600 -0.00738900
v 0.01248400 0.59248800 -0.00565600
v 0.01248400 0.59248800 -0.00565600
v 0.01246700 0.59309200 -0.00715100
v 0.01183200 0.59187100 -0.00678400
v 0.01205500 0.59313100 -0.00773500
v 0.01141900 0.59191000 -0.00736800
v 0.01022700 0.58949700 -0.00671100
v 0.00929800 0.58500300 -0.00597000
v 0.00929800 0.58500300 -0.00597000
v 0.01077200 0.58887900 -0.00457900
v 0.01077200 0.58887900 -0.00457900
v 0.01066100 0.58946000 -0.00610600
v 0.01000000 0.58500000 -0.00404200
v 0.01000000 0.58500000 -0.00404200
v 0.01000000 0.58500000 -0.00404200
v 0.01000000 0.58500000 -0.00404200
v 0.00981900 0.58500300 -0.00506800
v 0.00981900 0.58500300 -0.00506800
v 0.01246400 0.59394400 -0.00797600
v 0.00891100 0.57992300 -0.00599600
v 0.00938200 0.57991200 -0.00536300
v 0.00995000 0.58247000 -0.00403300
v 0.00995000 0.58247000 -0.00403300
v 0.00976300 0.57995700 -0.00393900
v 0.00976300 0.57995700 -0.00393900
v 0.00944600 0.57746900 -0.00376100
v 0.00944600 0.57746900 -0.00376100
v 0.00880800 0.57492100 -0.00449700
v 0.00880800 0.57492100 -0.00449700
v 0.00900000 0.57500000 -0.00350000
v 0.00900000 0.57500000 -0.00350000
v 0.00900000 0.57500000 -0.00350000
v 0.00900000 0.57500000 -0.00350000
v 0.00829800 0.57492100 -0.00537900
v 0.00829800 0.57492100 -0.00537900
v 0.00788800 0.56992200 -0.00542600
v 0.00930300 0.56512800 -0.00592600
v 0.00930300 0.56512800 -0.00592600
v 0.00837100 0.56993400 -0.00478000
v 0.00978400 0.56512800 -0.00509300
v 0.00978400 0.56512800 -0.00509300
v 0.00884500 0.56918400 -0.00338400
v 0.00884500 0.56918400 -0.00338400
v 0.01000000 0.56500000 -0.00416500
v 0.01000000 0.56500000 -0.00416500
v 0.01000000 0.56500000 -0.00416500
v 0.01000000 0.56500000 -0.00416500
v 0.00876600 0.57355300 -0.00332900
v 0.00876600 0.57355300 -0.00332900
v 0.01061200 0.56022000 -0.00697900
v 0.01108100 0.56024100 -0.00634600
v 0.01093000 0.56231700 -0.00464800
v 0.01093000 0.56231700 -0.00464800
v 0.01200000 0.55500000 -0.00519600
v 0.01200000 0.55500000 -0.00519600
v 0.01200000 0.55500000 -0.00519600
v 0.01200000 0.55500000 -0.00519600
v 0.01189800 0.55500000 -0.00597300
v 0.01189800 0.55500000 -0.00597300
v 0.01159900 0.55500000 -0.00669600
v 0.01159900 0.55500000 -0.00669600
v 0.01112200 0.55500000 -0.00731700
v 0.01112200 0.55500000 -0.00731700
v 0.01459900 0.66400300 -0.00842800
v 0.01459900 0.63200200 -0.00842800
v 0.01000000 0.56014700 0.00747000
v 0.01000000 0.56014700 0.00747000
v 0.00860800 0.56500000 0.00657700
v 0.00860800 0.56500000 0.00657700
v 0.00860800 0.56500000 0.00657700
v 0.00860800 0.56500000 0.00657700
v 0.00577300 0.55976600 0.00999900
v 0.01050000 0.55500000 0.00779400
v 0.01050000 0.55500000 0.00779400
v 0.01050000 0.55500000 0.00779400
v 0.01050000 0.55500000 0.00779400
v 0.00725200 0.56988400 0.00592100
v 0.00725200 0.56988400 0.00592100
v 0.00753200 0.57500000 0.00604400
v 0.00753200 0.57500000 0.00604400
v 0.00753200 0.57500000 0.00604400
v 0.00753200 0.57500000 0.00604400
v 0.00428700 0.57064600 0.00754800
v 0.00489300 0.58015100 0.00849000
v 0.00850000 0.58500000 0.00663900
v 0.00850000 0.58500000 0.00663900
v 0.00850000 0.58500000 0.00663900
v 0.00850000 0.58500000 0.00663900
v 0.01282800 0.59618800 0.00903200
v 0.01282800 0.59618800 0.00903200
v 0.01350000 0.60000000 0.00952600
v 0.01350000 0.60000000 0.00952600
v 0.01350000 0.60000000 0.00952600
v 0.01350000 0.60000000 0.00952600
v 0.00738300 0.59793700 0.01278700
v 0.00442200 0.59793700 0.01449600
v 0.00396200 0.59397200 0.01299900
v 0.00337000 0.59008500 0.01106500
v 0.00850200 0.58531600 0.00664300
v 0.00850200 0.58531600 0.00664300
v 0.00944200 0.58909400 0.00708300
v 0.00944200 0.58909400 0.00708300
v 0.00563100 0.59008500 0.00975300
v 0.00661800 0.59397200 0.01146200
v 0.01121400 0.59262900 0.00802500
v 0.01121400 0.59262900 0.00802500
v 0.01146900 0.56014700 0.00492500
v 0.01146900 0.56014700 0.00492500
v 0.01200000 0.55500000 0.00519600
v 0.01200000 0.55500000 0.00519600
v 0.01200000 0.55500000 0.00519600
v 0.01200000 0.55500000 0.00519600
v 0.01154600 0.55976600 -0.00000000
v 0.01000000 0.56500000 0.00416500
v 0.01000000 0.56500000 0.00416500
v 0.01000000 0.56500000 0.00416500
v 0.01000000 0.56500000 0.00416500
v 0.00875400 0.56988400 0.00331900
v 0.00875400 0.56988400 0.00331900
v 0.00868000 0.57064600 0.00006200
v 0.00900000 0.57500000 0.00350000
v 0.00900000 0.57500000 0.00350000
v 0.00900000 0.57500000 0.00350000
v 0.00900000 0.57500000 0.00350000
v 0.01000000 0.58500000 0.00404100
v 0.01000000 0.58500000 0.00404100
v 0.01000000 0.58500000 0.00404100
v 0.01000000 0.58500000 0.00404100
v 0.00979900 0.58015100 0.00000800
v 0.01000400 0.58531600 0.00404100
v 0.01000400 0.58531600 0.00404100
v 0.01126800 0.59008500 0.00261500
v 0.01126200 0.59008500 0.00000000
v 0.01323600 0.59397200 0.00000000
v 0.01476500 0.59793700 0.00000000
v 0.01500000 0.60000000 0.00692800
v 0.01500000 0.60000000 0.00692800
v 0.01500000 0.60000000 0.00692800
v 0.01500000 0.60000000 0.00692800
v 0.01476600 0.59793700 0.00341900
v 0.01423600 0.59618800 0.00659300
v 0.01423600 0.59618800 0.00659300
v 0.01323900 0.59397200 0.00306900
v 0.01255700 0.59262900 0.00569800
v 0.01255700 0.59262900 0.00569800
v 0.01085500 0.58909400 0.00463500
v 0.01085500 0.58909400 0.00463500
v 0.01470700 0.59815100 0.00763600
v 0.01459900 0.60000000 0.00842800
v 0.01459900 0.60000000 0.00842800
v 0.01439200 0.59813100 0.00836100
v 0.01412200 0.60000000 0.00904900
v 0.01412200 0.60000000 0.00904900
v 0.01283900 0.59390600 0.00746000
v 0.01242700 0.59309200 0.00722100
v 0.01179100 0.59187100 0.00685400
v 0.01061800 0.58946000 0.00617900
v 0.01209100 0.59191000 0.00620500
v 0.01092500 0.58949700 0.00550100
v 0.00981900 0.58500300 0.00506700
v 0.00981900 0.58500300 0.00506700
v 0.00929800 0.58500300 0.00597000
v 0.00929800 0.58500300 0.00597000
v 0.01272600 0.59313100 0.00657200
v 0.01314000 0.59394400 0.00680600
v 0.00964900 0.57992300 0.00471900
v 0.00933600 0.57991200 0.00544400
v 0.00829800 0.57492100 0.00537900
v 0.00829800 0.57492100 0.00537900
v 0.00880800 0.57492100 0.00449700
v 0.00880800 0.57492100 0.00449700
v 0.00864300 0.56992200 0.00411800
v 0.00978400 0.56512800 0.00509300
v 0.00978400 0.56512800 0.00509300
v 0.00832500 0.56993400 0.00485900
v 0.00930300 0.56512800 0.00592600
v 0.00930300 0.56512800 0.00592600
v 0.01135000 0.56022000 0.00570100
v 0.01103600 0.56024100 0.00642300
v 0.01112200 0.55500000 0.00731700
v 0.01112200 0.55500000 0.00731700
v 0.01159900 0.55500000 0.00669600
v 0.01159900 0.55500000 0.00669600
v 0.01189800 0.55500000 0.00597300
v 0.01189800 0.55500000 0.00597300
v 0.01459900 0.66400300 0.00842800
v 0.01459900 0.63200200 0.00842800
v 0.00150000 0.55200000 0.01299000
v 0.00150000 0.55200000 0.01299000
v 0.00150000 0.55200000 0.01299000
v 0.00150000 0.55200000 0.01299000
v 0.00052100 0.55200000 0.01334700
v 0.00052100 0.55200000 0.01334700
v -0.00052100 0.55200000 0.01334700
v -0.00052100 0.55200000 0.01334700
v -0.00150000 0.55200000 0.01299000
v -0.00150000 0.55200000 0.01299000
v -0.00150000 0.55200000 0.01299000
v -0.00150000 0.55200000 0.01299000
v -0.01050000 0.55200000 0.00779400
v -0.01050000 0.55200000 0.00779400
v -0.01050000 0.55200000 0.00779400
v -0.01050000 0.55200000 0.00779400
v -0.01129800 0.55200000 0.00712400
v -0.01129800 0.55200000 0.00712400
v -0.01181900 0.55200000 0.00622200
v -0.01181900 0.55200000 0.00622200
v -0.01200000 0.55200000 0.00519600
v -0.01200000 0.55200000 0.00519600
v -0.01200000 0.55200000 0.00519600
v -0.01200000 0.55200000 0.00519600
v -0.01200000 0.55200000 -0.00519600
v -0.01200000 0.55200000 -0.00519600
v -0.01200000 0.55200000 -0.00519600
v -0.01200000 0.55200000 -0.00519600
v -0.01181900 0.55200000 -0.00622200
v -0.01181900 0.55200000 -0.00622200
v -0.01129800 0.55200000 -0.00712500
v -0.01129800 0.55200000 -0.00712500
v -0.01050000 0.55200000 -0.00779400
v -0.01050000 0.55200000 -0.00779400
v -0.01050000 0.55200000 -0.00779400
v -0.01050000 0.55200000 -0.00779400
v -0.00150000 0.55200000 -0.01299100
v -0.00150000 0.55200000 -0.01299100
v -0.00150000 0.55200000 -0.01299100
v -0.00150000 0.55200000 -0.01299100
v -0.00052100 0.55200000 -0.01334700
v -0.00052100 0.55200000 -0.01334700
v 0.00052100 0.55200000 -0.01334700
v 0.00052100 0.55200000 -0.01334700
v 0.00150000 0.55200000 -0.01299100
v 0.00150000 0.55200000 -0.01299100
v 0.00150000 0.55200000 -0.01299100
v 0.00150000 0.55200000 -0.01299100
v 0.01050000 0.55200000 -0.00779400
v 0.01050000 0.55200000 -0.00779400
v 0.01050000 0.55200000 -0.00779400
v 0.01050000 0.55200000 -0.00779400
v 0.01129900 0.55200000 -0.00712500
v 0.01129900 0.55200000 -0.00712500
v 0.01182000 0.55200000 -0.00622200
v 0.01182000 0.55200000 -0.00622200
v 0.01200000 0.55200000 -0.00519600
v 0.01200000 0.55200000 -0.00519600
v 0.01200000 0.55200000 -0.00519600
v 0.01200000 0.55200000 -0.00519600
v 0.01050000 0.55200000 0.00779400
v 0.01050000 0.55200000 0.00779400
v 0.01050000 0.55200000 0.00779400
v 0.01050000 0.55200000 0.00779400
v 0.01200000 0.55200000 0.00519600
v 0.01200000 0.55200000 0.00519600
v 0.01200000 0.55200000 0.00519600
v 0.01200000 0.55200000 0.00519600
v 0.01182000 0.55200000 0.00622200
v 0.01182000 0.55200000 0.00622200
v 0.01129900 0.55200000 0.00712400
v 0.01129900 0.55200000 0.00712400
v -0.01173200 0.55100000 0.00519600
v -0.01173200 0.55100000 0.00519600
v -0.01173200 0.55100000 -0.00519600
v -0.01173200 0.55100000 -0.00519600
v -0.01100000 0.55026800 0.00519600
v -0.01100000 0.55026800 0.00519600
v -0.01100000 0.55026800 -0.00519600
v -0.01100000 0.55026800 -0.00519600
v -0.01000000 0.55000000 0.00519600
v -0.01000000 0.55000000 0.00519600
v -0.01000000 0.55000000 0.00519600
v -0.01000000 0.55000000 -0.00519600
v -0.01000000 0.55000000 -0.00519600
v -0.01000000 0.55000000 -0.00519600
v -0.01179100 0.55118500 0.00564000
v -0.01130700 0.55051200 0.00556300
v -0.01069400 0.55013300 0.00546600
v -0.00993900 0.55000000 0.00553800
v -0.00993900 0.55000000 0.00553800
v -0.01039700 0.55013300 0.00619100
v -0.00976600 0.55000000 0.00583900
v -0.00976600 0.55000000 0.00583900
v -0.01000000 0.55026800 0.00692800
v -0.01000000 0.55026800 0.00692800
v -0.00950000 0.55000000 0.00606200
v -0.00950000 0.55000000 0.00606200
v -0.00950000 0.55000000 0.00606200
v -0.01090300 0.55051200 0.00655100
v -0.01036600 0.55100000 0.00756200
v -0.01036600 0.55100000 0.00756200
v -0.01130200 0.55118500 0.00683500
v -0.00136600 0.55100000 0.01275800
v -0.00136600 0.55100000 0.01275800
v -0.00100000 0.55026800 0.01212400
v -0.00100000 0.55026800 0.01212400
v -0.00050000 0.55000000 0.01125800
v -0.00050000 0.55000000 0.01125800
v -0.00050000 0.55000000 0.01125800
v -0.00101000 0.55118500 0.01303200
v -0.00083500 0.55051200 0.01257400
v -0.00061300 0.55013300 0.01199400
v -0.00017300 0.55000000 0.01137700
v -0.00017300 0.55000000 0.01137700
v 0.00016300 0.55013300 0.01210000
v 0.00017400 0.55000000 0.01137700
v 0.00017400 0.55000000 0.01137700
v 0.00100000 0.55026800 0.01212400
v 0.00100000 0.55026800 0.01212400
v 0.00050000 0.55000000 0.01125800
v 0.00050000 0.55000000 0.01125800
v 0.00050000 0.55000000 0.01125800
v 0.00022200 0.55051200 0.01271800
v 0.00136600 0.55100000 0.01275800
v 0.00136600 0.55100000 0.01275800
v 0.00026800 0.55118500 0.01320600
v 0.01036600 0.55100000 0.00756200
v 0.01036600 0.55100000 0.00756200
v 0.01000000 0.55026800 0.00692800
v 0.01000000 0.55026800 0.00692800
v 0.00950000 0.55000000 0.00606200
v 0.00950000 0.55000000 0.00606200
v 0.00950000 0.55000000 0.00606200
v 0.01078100 0.55118500 0.00739100
v 0.01047200 0.55051200 0.00701000
v 0.01008100 0.55013300 0.00652800
v 0.00976600 0.55000000 0.00583900
v 0.00976600 0.55000000 0.00583900
v 0.01056100 0.55013300 0.00590900
v 0.00994000 0.55000000 0.00553800
v 0.00994000 0.55000000 0.00553800
v 0.01100000 0.55026800 0.00519600
v 0.01100000 0.55026800 0.00519600
v 0.01000000 0.55000000 0.00519600
v 0.01000000 0.55000000 0.00519600
v 0.01000000 0.55000000 0.00519600
v 0.01112500 0.55051200 0.00616700
v 0.01173200 0.55100000 0.00519600
v 0.01173200 0.55100000 0.00519600
v 0.01157100 0.55118500 0.00637100
v 0.01173200 0.55100000 -0.00519600
v 0.01173200 0.55100000 -0.00519600
v 0.01100000 0.55026800 -0.00519600
v 0.01100000 0.55026800 -0.00519600
v 0.01000000 0.55000000 -0.00519600
v 0.01000000 0.55000000 -0.00519600
v 0.01000000 0.55000000 -0.00519600
v 0.01179200 0.55118500 -0.00564100
v 0.01130700 0.55051200 -0.00556400
v 0.01069400 0.55013300 -0.00546600
v 0.00994000 0.55000000 -0.00553800
v 0.00994000 0.55000000 -0.00553800
v 0.01039800 0.55013300 -0.00619100
v 0.00976600 0.55000000 -0.00583900
v 0.00976600 0.55000000 -0.00583900
v 0.01000000 0.55026800 -0.00692800
v 0.01000000 0.55026800 -0.00692800
v 0.00950000 0.55000000 -0.00606200
v 0.00950000 0.55000000 -0.00606200
v 0.00950000 0.55000000 -0.00606200
v 0.01090400 0.55051200 -0.00655100
v 0.01036600 0.55100000 -0.00756200
v 0.01036600 0.55100000 -0.00756200
v 0.01130300 0.55118500 -0.00683500
v 0.00136600 0.55100000 -0.01275800
v 0.00136600 0.55100000 -0.01275800
v 0.00100000 0.55026800 -0.01212400
v 0.00100000 0.55026800 -0.01212400
v 0.00050000 0.55000000 -0.01125800
v 0.00050000 0.55000000 -0.01125800
v 0.00050000 0.55000000 -0.01125800
v 0.00101100 0.55118500 -0.01303200
v 0.00083600 0.55051200 -0.01257400
v 0.00061400 0.55013300 -0.01199400
v 0.00017400 0.55000000 -0.01137700
v 0.00017400 0.55000000 -0.01137700
v -0.00016200 0.55013300 -0.01210000
v -0.00017300 0.55000000 -0.01137700
v -0.00017300 0.55000000 -0.01137700
v -0.00100000 0.55026800 -0.01212400
v -0.00100000 0.55026800 -0.01212400
v -0.00050000 0.55000000 -0.01125800
v -0.00050000 0.55000000 -0.01125800
v -0.00050000 0.55000000 -0.01125800
v -0.00022100 0.55051200 -0.01271800
v -0.00136600 0.55100000 -0.01275800
v -0.00136600 0.55100000 -0.01275800
v -0.00026800 0.55118500 -0.01320600
v -0.01036600 0.55100000 -0.00756200
v -0.01036600 0.55100000 -0.00756200
v -0.01000000 0.55026800 -0.00692800
v -0.01000000 0.55026800 -0.00692800
v -0.00950000 0.55000000 -0.00606200
v -0.00950000 0.55000000 -0.00606200
v -0.00950000 0.55000000 -0.00606200
v -0.01078000 0.55118500 -0.00739100
v -0.01047100 0.55051200 -0.00701100
v -0.01008000 0.55013300 -0.00652900
v -0.00976600 0.55000000 -0.00583900
v -0.00976600 0.55000000 -0.00583900
v -0.01056000 0.55013300 -0.00590900
v -0.00993900 0.55000000 -0.00553800
v -0.00993900 0.55000000 -0.00553800
v -0.01112400 0.55051200 -0.00616700
v -0.01157000 0.55118500 -0.00637100
v -0.00692800 0.55000000 -0.00400000
v -0.00692800 0.55000000 -0.00400000
v -0.00400000 0.55000000 -0.00692800
v -0.00400000 0.55000000 -0.00692800
v 0.00000000 0.55000000 -0.00800000
v 0.00000000 0.55000000 -0.00800000
v 0.00400000 0.55000000 -0.00692800
v 0.00400000 0.55000000 -0.00692800
v 0.00692900 0.55000000 -0.00400000
v 0.00692900 0.55000000 -0.00400000
v 0.00800000 0.55000000 -0.00000000
v 0.00800000 0.55000000 -0.00000000
v 0.00692900 0.55000000 0.00400000
v 0.00692900 0.55000000 0.00400000
v 0.00400000 0.55000000 0.00692800
v 0.00400000 0.55000000 0.00692800
v 0.00000000 0.55000000 0.00800000
v 0.00000000 0.55000000 0.00800000
v -0.00400000 0.55000000 0.00692800
v -0.00400000 0.55000000 0.00692800
v -0.00692800 0.55000000 0.00400000
v -0.00692800 0.55000000 0.00400000
v -0.00800000 0.55000000 -0.00000000
v -0.00800000 0.55000000 -0.00000000
v -0.00800000 0.55000000 -0.00000000
v -0.00692800 0.69200000 0.00400000
v -0.00692800 0.69200000 0.00400000
v -0.00692800 0.62100000 0.00400000
v -0.00800000 0.69200000 -0.00000000
v -0.00800000 0.69200000 -0.00000000
v -0.00800000 0.69200000 -0.00000000
v -0.00800000 0.62100000 -0.00000000
v -0.00800000 0.62100000 -0.00000000
v -0.00692800 0.69200000 -0.00400000
v -0.00692800 0.69200000 -0.00400000
v -0.00692800 0.62100000 -0.00400000
v -0.00400000 0.69200000 -0.00692800
v -0.00400000 0.69200000 -0.00692800
v -0.00400000 0.62100000 -0.00692800
v 0.00000000 0.69200000 -0.00800000
v 0.00000000 0.69200000 -0.00800000
v 0.00000000 0.62100000 -0.00800000
v 0.00400000 0.69200000 -0.00692800
v 0.00400000 0.69200000 -0.00692800
v 0.00400000 0.62100000 -0.00692800
v 0.00692900 0.69200000 -0.00400000
v 0.00692900 0.69200000 -0.00400000
v 0.00692900 0.62100000 -0.00400000
v 0.00800000 0.69200000 -0.00000000
v 0.00800000 0.69200000 -0.00000000
v 0.00800000 0.62100000 -0.00000000
v 0.00692900 0.69200000 0.00400000
v 0.00692900 0.69200000 0.00400000
v 0.00692900 0.62100000 0.00400000
v 0.00400000 0.69200000 0.00692800
v 0.00400000 0.69200000 0.00692800
v 0.00400000 0.62100000 0.00692800
v 0.00000000 0.69200000 0.00800000
v 0.00000000 0.69200000 0.00800000
v 0.00000000 0.62100000 0.00800000
v -0.00400000 0.69200000 0.00692800
v -0.00400000 0.69200000 0.00692800
v -0.00400000 0.62100000 0.00692800
v 0.00000000 0.70000000 -0.00500000
v 0.00000000 0.70000000 -0.00500000
v 0.00250000 0.70000000 -0.00433000
v 0.00250000 0.70000000 -0.00433000
v 0.00433100 0.70000000 -0.00250000
v 0.00433100 0.70000000 -0.00250000
v 0.00500000 0.70000000 -0.00000000
v 0.00500000 0.70000000 -0.00000000
v 0.00500000 0.70000000 -0.00000000
v 0.00433100 0.70000000 0.00250000
v 0.00433100 0.70000000 0.00250000
v 0.00250000 0.70000000 0.00433000
v 0.00250000 0.70000000 0.00433000
v 0.00000000 0.70000000 0.00500000
v 0.00000000 0.70000000 0.00500000
v -0.00250000 0.70000000 0.00433000
v -0.00250000 0.70000000 0.00433000
v -0.00433000 0.70000000 0.00250000
v -0.00433000 0.70000000 0.00250000
v -0.00500000 0.70000000 -0.00000000
v -0.00500000 0.70000000 -0.00000000
v -0.00433000 0.70000000 -0.00250000
v -0.00433000 0.70000000 -0.00250000
v -0.00250000 0.70000000 -0.00433000
v -0.00250000 0.70000000 -0.00433000
v 0.00433100 0.69500000 0.00250000
v 0.00433100 0.69500000 0.00250000
v 0.00500000 0.69500000 -0.00000000
v 0.00500000 0.69500000 -0.00000000
v 0.00500000 0.69500000 -0.00000000
v 0.00433100 0.69500000 -0.00250000
v 0.00433100 0.69500000 -0.00250000
v 0.00250000 0.69500000 -0.00433000
v 0.00250000 0.69500000 -0.00433000
v 0.00000000 0.69500000 -0.00500000
v 0.00000000 0.69500000 -0.00500000
v -0.00250000 0.69500000 -0.00433000
v -0.00250000 0.69500000 -0.00433000
v -0.00433000 0.69500000 -0.00250000
v -0.00433000 0.69500000 -0.00250000
v -0.00500000 0.69500000 -0.00000000
v -0.00500000 0.69500000 -0.00000000
v -0.00433000 0.69500000 0.00250000
v -0.00433000 0.69500000 0.00250000
v -0.00250000 0.69500000 0.00433000
v -0.00250000 0.69500000 0.00433000
v 0.00000000 0.69500000 0.00500000
v 0.00000000 0.69500000 0.00500000
v 0.00250000 0.69500000 0.00433000
v 0.00250000 0.69500000 0.00433000
v 0.00259900 0.69500000 -0.00150000
v 0.00259900 0.69500000 -0.00150000
v 0.00300000 0.69500000 -0.00000000
v 0.00300000 0.69500000 -0.00000000
v 0.00300000 0.69500000 -0.00000000
v 0.00259900 0.69500000 0.00150000
v 0.00259900 0.69500000 0.00150000
v 0.00150000 0.69500000 -0.00259800
v 0.00150000 0.69500000 -0.00259800
v 0.00000000 0.69500000 -0.00300000
v 0.00000000 0.69500000 -0.00300000
v -0.00150000 0.69500000 -0.00259800
v -0.00150000 0.69500000 -0.00259800
v -0.00259800 0.69500000 -0.00150000
v -0.00259800 0.69500000 -0.00150000
v -0.00300000 0.69500000 -0.00000000
v -0.00300000 0.69500000 -0.00000000
v -0.00259800 0.69500000 0.00150000
v -0.00259800 0.69500000 0.00150000
v -0.00150000 0.69500000 0.00259800
v -0.00150000 0.69500000 0.00259800
v 0.00000000 0.69500000 0.00300000
v 0.00000000 0.69500000 0.00300000
v 0.00150000 0.69500000 0.00259800
v 0.00150000 0.69500000 0.00259800
v -0.00259800 0.69200000 -0.00150000
v -0.00259800 0.69200000 -0.00150000
v -0.00300000 0.69200000 -0.00000000
v -0.00300000 0.69200000 -0.00000000
v -0.00259800 0.69200000 0.00150000
v -0.00259800 0.69200000 0.00150000
v -0.00150000 0.69200000 -0.00259800
v -0.00150000 0.69200000 -0.00259800
v 0.00000000 0.69200000 -0.00300000
v 0.00000000 0.69200000 -0.00300000
v 0.00150000 0.69200000 -0.00259800
v 0.00150000 0.69200000 -0.00259800
v 0.00259900 0.69200000 -0.00150000
v 0.00259900 0.69200000 -0.00150000
v 0.00300000 0.69200000 -0.00000000
v 0.00300000 0.69200000 -0.00000000
v 0.00300000 0.69200000 -0.00000000
v 0.00259900 0.69200000 0.00150000
v 0.00259900 0.69200000 0.00150000
v 0.00150000 0.69200000 0.00259800
v 0.00150000 0.69200000 0.00259800
v 0.00000000 0.69200000 0.00300000
v 0.00000000 0.69200000 0.00300000
v -0.00150000 0.69200000 0.00259800
v -0.00150000 0.69200000 0.00259800
v -0.01200000 0.55500000 -0.00692800
v 0.00000000 0.55500000 -0.01385700
v -0.01200000 0.55500000 0.00692800
v 0.00000000 0.55500000 0.01385600
v 0.01200000 0.55500000 -0.00692800
v 0.01200000 0.55500000 0.00692800
v 0.01000000 0.56500000 -0.00577400
v 0.00000000 0.56500000 0.01154700
v 0.00000000 0.56500000 -0.01154700
v -0.01000000 0.56500000 0.00577300
v -0.01000000 0.56500000 -0.00577400
v 0.01000000 0.56500000 0.00577300
v -0.00900000 0.57500000 -0.00519600
v 0.00000000 0.57500000 -0.01039200
v -0.00900000 0.57500000 0.00519600
v 0.00000000 0.57500000 0.01039200
v 0.00900000 0.57500000 -0.00519600
v 0.00900000 0.57500000 0.00519600
v -0.01000000 0.58500000 0.00577300
v 0.00000000 0.58500000 -0.01154700
v 0.00000000 0.58500000 0.01154700
v 0.01000000 0.58500000 -0.00577400
v 0.01000000 0.58500000 0.00577300
v -0.01000000 0.58500000 -0.00577400
v -0.01500000 0.60000000 0.00866000
v 0.00000000 0.60000000 0.01732000
v -0.01500000 0.60000000 -0.00866000
v 0.00000000 0.60000000 -0.01732100
v 0.01500000 0.60000000 0.00866000
v 0.01500000 0.60000000 -0.00866000
v -0.00779400 -0.52000000 0.00450000
v -0.00779400 -0.52000000 0.00450000
v -0.00692800 -0.52000000 0.00400000
v -0.00692800 -0.52000000 0.00400000
v -0.00900000 -0.52000000 -0.00000000
v -0.00900000 -0.52000000 -0.00000000
v -0.00900000 -0.52000000 -0.00000000
v -0.00800000 -0.52000000 -0.00000000
v -0.00800000 -0.52000000 -0.00000000
v -0.00779400 -0.52000000 -0.00450000
v -0.00779400 -0.52000000 -0.00450000
v -0.00692800 -0.52000000 -0.00400000
v -0.00692800 -0.52000000 -0.00400000
v -0.00400000 -0.52000000 -0.00692900
v -0.00400000 -0.52000000 -0.00692900
v -0.00400000 -0.52000000 0.00692800
v -0.00400000 -0.52000000 0.00692800
v -0.00450000 -0.52000000 0.00779400
v -0.00450000 -0.52000000 0.00779400
v 0.00000000 -0.52000000 0.00800000
v 0.00000000 -0.52000000 0.00800000
v 0.00000000 -0.52000000 0.00900000
v 0.00000000 -0.52000000 0.00900000
v 0.00450000 -0.52000000 0.00779400
v 0.00450000 -0.52000000 0.00779400
v 0.00400000 -0.52000000 0.00692800
v 0.00400000 -0.52000000 0.00692800
v 0.00779500 -0.52000000 0.00450000
v 0.00779500 -0.52000000 0.00450000
v 0.00692900 -0.52000000 0.00400000
v 0.00692900 -0.52000000 0.00400000
v 0.00900000 -0.52000000 -0.00000000
v 0.00900000 -0.52000000 -0.00000000
v 0.00800000 -0.52000000 -0.00000000
v 0.00800000 -0.52000000 -0.00000000
v 0.00800000 -0.52000000 -0.00000000
v 0.00692900 -0.52000000 -0.00400000
v 0.00692900 -0.52000000 -0.00400000
v 0.00779500 -0.52000000 -0.00450000
v 0.00779500 -0.52000000 -0.00450000
v 0.00400000 -0.52000000 -0.00692900
v 0.00400000 -0.52000000 -0.00692900
v 0.00450000 -0.52000000 -0.00779500
v 0.00450000 -0.52000000 -0.00779500
v 0.00000000 -0.52000000 -0.00800000
v 0.00000000 -0.52000000 -0.00800000
v 0.00000000 -0.52000000 -0.00900000
v 0.00000000 -0.52000000 -0.00900000
v -0.00450000 -0.52000000 -0.00779500
v -0.00450000 -0.52000000 -0.00779500
v 0.00692900 -0.54000000 0.00400000
v 0.00692900 -0.54000000 0.00400000
v 0.00800000 -0.54000000 -0.00000000
v 0.00800000 -0.54000000 -0.00000000
v 0.00800000 -0.54000000 -0.00000000
v 0.00692900 -0.54000000 -0.00400000
v 0.00692900 -0.54000000 -0.00400000
v 0.00400000 -0.54000000 -0.00692900
v 0.00400000 -0.54000000 -0.00692900
v 0.00000000 -0.54000000 -0.00800000
v 0.00000000 -0.54000000 -0.00800000
v -0.00400000 -0.54000000 -0.00692900
v -0.00400000 -0.54000000 -0.00692900
v -0.00692800 -0.54000000 -0.00400000
v -0.00692800 -0.54000000 -0.00400000
v -0.00800000 -0.54000000 -0.00000000
v -0.00800000 -0.54000000 -0.00000000
v -0.00692800 -0.54000000 0.00400000
v -0.00692800 -0.54000000 0.00400000
v -0.00400000 -0.54000000 0.00692800
v -0.00400000 -0.54000000 0.00692800
v 0.00000000 -0.54000000 0.00800000
v 0.00000000 -0.54000000 0.00800000
v 0.00400000 -0.54000000 0.00692800
v 0.00400000 -0.54000000 0.00692800
v -0.00779400 -0.54000000 0.00450000
v -0.00779400 -0.54000000 0.00450000
v -0.00900000 -0.54000000 -0.00000000
v -0.00900000 -0.54000000 -0.00000000
v -0.00900000 -0.54000000 -0.00000000
v -0.00900000 -0.54000000 -0.00000000
v -0.00779400 -0.54000000 -0.00450000
v -0.00779400 -0.54000000 -0.00450000
v -0.00450000 -0.54000000 -0.00779500
v -0.00450000 -0.54000000 -0.00779500
v 0.00000000 -0.54000000 -0.00900000
v 0.00000000 -0.54000000 -0.00900000
v 0.00450000 -0.54000000 -0.00779500
v 0.00450000 -0.54000000 -0.00779500
v 0.00779500 -0.54000000 -0.00450000
v 0.00779500 -0.54000000 -0.00450000
v 0.00900000 -0.54000000 -0.00000000
v 0.00900000 -0.54000000 -0.00000000
v 0.00779500 -0.54000000 0.00450000
v 0.00779500 -0.54000000 0.00450000
v 0.00450000 -0.54000000 0.00779400
v 0.00450000 -0.54000000 0.00779400
v 0.00000000 -0.54000000 0.00900000
v 0.00000000 -0.54000000 0.00900000
v -0.00450000 -0.54000000 0.00779400
v -0.00450000 -0.54000000 0.00779400
v -0.00519600 -0.54300000 -0.00300000
v -0.00519600 -0.54300000 -0.00300000
v 0.00519700 -0.54300000 -0.00300000
v 0.00519700 -0.54300000 -0.00300000
v -0.00600000 -0.54300000 -0.00000000
v -0.00600000 -0.54300000 -0.00000000
v -0.00600000 -0.54300000 -0.00000000
v 0.00600000 -0.54300000 -0.00000000
v 0.00600000 -0.54300000 -0.00000000
v -0.00519600 -0.54300000 0.00300000
v -0.00519600 -0.54300000 0.00300000
v 0.00519700 -0.54300000 0.00300000
v 0.00519700 -0.54300000 0.00300000
v -0.00300000 -0.54300000 0.00519600
v -0.00300000 -0.54300000 0.00519600
v 0.00300000 -0.54300000 0.00519600
v 0.00300000 -0.54300000 0.00519600
v 0.00000000 -0.54300000 0.00600000
v 0.00000000 -0.54300000 0.00600000
v 0.00300000 -0.54300000 -0.00519600
v 0.00300000 -0.54300000 -0.00519600
v -0.00300000 -0.54300000 -0.00519600
v -0.00300000 -0.54300000 -0.00519600
v 0.00000000 -0.54300000 -0.00600000
v 0.00000000 -0.54300000 -0.00600000
v -0.00750000 -0.54259800 -0.00000000
v -0.00750000 -0.54259800 -0.00000000
v -0.00649500 -0.54259800 -0.00375000
v -0.00375000 -0.54259800 -0.00649500
v 0.00000000 -0.54259800 -0.00750000
v 0.00375000 -0.54259800 -0.00649500
v 0.00649600 -0.54259800 -0.00375000
v 0.00750000 -0.54259800 -0.00000000
v 0.00649600 -0.54259800 0.00375000
v 0.00375000 -0.54259800 0.00649500
v 0.00000000 -0.54259800 0.00750000
v -0.00375000 -0.54259800 0.00649500
v -0.00649500 -0.54259800 0.00375000
v -0.00859800 -0.54150000 -0.00000000
v -0.00859800 -0.54150000 -0.00000000
v -0.00744600 -0.54150000 0.00429900
v -0.00429900 -0.54150000 0.00744600
v 0.00000000 -0.54150000 0.00859800
v 0.00429900 -0.54150000 0.00744600
v 0.00744700 -0.54150000 0.00429900
v 0.00859900 -0.54150000 -0.00000000
v 0.00744700 -0.54150000 -0.00429900
v 0.00429900 -0.54150000 -0.00744600
v 0.00000000 -0.54150000 -0.00859800
v -0.00429900 -0.54150000 -0.00744600
v -0.00744600 -0.54150000 -0.00429900
v 0.00070000 0.69580000 0.00393800
v 0.00070000 0.69580000 0.00393800
v 0.00070000 0.69580000 0.00393800
v 0.00070000 0.69580000 -0.00393800
v 0.00070000 0.69580000 -0.00393800
v 0.00070000 0.69580000 -0.00393800
v 0.00023500 0.69580000 0.00399300
v 0.00023500 0.69580000 0.00399300
v 0.00023500 0.69580000 -0.00399300
v 0.00023500 0.69580000 -0.00399300
v -0.00023400 0.69580000 -0.00399300
v -0.00023400 0.69580000 -0.00399300
v -0.00023400 0.69580000 0.00399300
v -0.00023400 0.69580000 0.00399300
v -0.00070000 0.69580000 -0.00393800
v -0.00070000 0.69580000 -0.00393800
v -0.00070000 0.69580000 -0.00393800
v -0.00070000 0.69580000 0.00393800
v -0.00070000 0.69580000 0.00393800
v -0.00070000 0.69580000 0.00393800
v -0.00070000 0.69600000 0.00393800
v -0.00070000 0.69600000 0.00393800
v -0.00070000 0.69600000 0.00393800
v -0.00208100 0.69500000 0.00341600
v -0.00208100 0.69500000 0.00341600
v -0.00239100 0.69600000 0.00320600
v -0.00239100 0.69600000 0.00320600
v -0.00351000 0.69500000 0.00191800
v -0.00351000 0.69500000 0.00191800
v -0.00357500 0.69600000 0.00179300
v -0.00357500 0.69600000 0.00179300
v -0.00399800 0.69500000 -0.00009400
v -0.00399800 0.69500000 -0.00009400
v -0.00400000 0.69600000 -0.00000000
v -0.00400000 0.69600000 -0.00000000
v -0.00357500 0.69600000 -0.00179400
v -0.00357500 0.69600000 -0.00179400
v -0.00341600 0.69500000 -0.00208100
v -0.00341600 0.69500000 -0.00208100
v -0.00239100 0.69600000 -0.00320600
v -0.00239100 0.69600000 -0.00320600
v -0.00239100 0.69600000 -0.00320600
v -0.00191700 0.69500000 -0.00351000
v -0.00191700 0.69500000 -0.00351000
v -0.00191700 0.69500000 -0.00351000
v 0.00009500 0.69500000 -0.00399900
v 0.00009500 0.69500000 -0.00399900
v -0.00070000 0.69600000 -0.00393800
v -0.00070000 0.69600000 -0.00393800
v -0.00070000 0.69600000 -0.00393800
v 0.00208200 0.69500000 -0.00341600
v 0.00208200 0.69500000 -0.00341600
v 0.00070000 0.69600000 -0.00393800
v 0.00070000 0.69600000 -0.00393800
v 0.00070000 0.69600000 -0.00393800
v 0.00239200 0.69600000 -0.00320600
v 0.00239200 0.69600000 -0.00320600
v 0.00351100 0.69500000 -0.00191800
v 0.00351100 0.69500000 -0.00191800
v 0.00357600 0.69600000 -0.00179400
v 0.00357600 0.69600000 -0.00179400
v 0.00399900 0.69500000 0.00009400
v 0.00399900 0.69500000 0.00009400
v 0.00400000 0.69600000 -0.00000000
v 0.00400000 0.69600000 -0.00000000
v 0.00357600 0.69600000 0.00179300
v 0.00357600 0.69600000 0.00179300
v 0.00341600 0.69500000 0.00208100
v 0.00341600 0.69500000 0.00208100
v 0.00239200 0.69600000 0.00320600
v 0.00239200 0.69600000 0.00320600
v 0.00191800 0.69500000 0.00351000
v 0.00191800 0.69500000 0.00351000
v -0.00009400 0.69500000 0.00399900
v -0.00009400 0.69500000 0.00399900
v 0.00070000 0.69600000 0.00393800
v 0.00070000 0.69600000 0.00393800
v 0.00070000 0.69600000 0.00393800
v -0.00070000 0.69672000 0.00134500
v -0.00070000 0.69672000 0.00134500
v -0.00070000 0.69672000 -0.00134500
v -0.00070000 0.69672000 -0.00134500
v 0.00070000 0.69672000 -0.00134500
v 0.00070000 0.69672000 -0.00134500
v 0.00070000 0.69672000 0.00134500
v 0.00070000 0.69672000 0.00134500
v 0.00000000 0.69500000 -0.00200000
v 0.00000000 0.69500000 -0.00200000
v -0.00100000 0.69500000 -0.00173200
v -0.00100000 0.69500000 -0.00173200
v -0.00173200 0.69500000 -0.00100000
v -0.00173200 0.69500000 -0.00100000
v -0.00200000 0.69500000 -0.00000000
v -0.00200000 0.69500000 -0.00000000
v -0.00173200 0.69500000 0.00100000
v -0.00173200 0.69500000 0.00100000
v -0.00100000 0.69500000 0.00173200
v -0.00100000 0.69500000 0.00173200
v 0.00000000 0.69500000 0.00200000
v 0.00000000 0.69500000 0.00200000
v 0.00100000 0.69500000 0.00173200
v 0.00100000 0.69500000 0.00173200
v 0.00173200 0.69500000 0.00100000
v 0.00173200 0.69500000 0.00100000
v 0.00200000 0.69500000 -0.00000000
v 0.00200000 0.69500000 -0.00000000
v 0.00200000 0.69500000 -0.00000000
v 0.00173200 0.69500000 -0.00100000
v 0.00173200 0.69500000 -0.00100000
v 0.00100000 0.69500000 -0.00173200
v 0.00100000 0.69500000 -0.00173200
v -0.00173200 0.67600000 0.00100000
v -0.00173200 0.67600000 0.00100000
v -0.00200000 0.67600000 -0.00000000
v -0.00200000 0.67600000 -0.00000000
v -0.00173200 0.67600000 -0.00100000
v -0.00173200 0.67600000 -0.00100000
v -0.00100000 0.67600000 -0.00173200
v -0.00100000 0.67600000 -0.00173200
v -0.00100000 0.67600000 -0.00173200
v 0.00000000 0.67600000 -0.00200000
v 0.00000000 0.67600000 -0.00200000
v 0.00100000 0.67600000 -0.00173200
v 0.00100000 0.67600000 -0.00173200
v 0.00173200 0.67600000 -0.00100000
v 0.00173200 0.67600000 -0.00100000
v 0.00200000 0.67600000 -0.00000000
v 0.00200000 0.67600000 -0.00000000
v 0.00200000 0.67600000 -0.00000000
v 0.00173200 0.67600000 0.00100000
v 0.00173200 0.67600000 0.00100000
v 0.00100000 0.67600000 0.00173200
v 0.00100000 0.67600000 0.00173200
v 0.00000000 0.67600000 0.00200000
v 0.00000000 0.67600000 0.00200000
v -0.00100000 0.67600000 0.00173200
v -0.00100000 0.67600000 0.00173200
v -0.00086600 0.67500000 -0.00050000
v -0.00086600 0.67500000 -0.00050000
v 0.00086600 0.67500000 -0.00050000
v 0.00086600 0.67500000 -0.00050000
v -0.00100000 0.67500000 -0.00000000
v -0.00100000 0.67500000 -0.00000000
v 0.00100000 0.67500000 -0.00000000
v 0.00100000 0.67500000 -0.00000000
v -0.00086600 0.67500000 0.00050000
v -0.00086600 0.67500000 0.00050000
v 0.00086600 0.67500000 0.00050000
v 0.00086600 0.67500000 0.00050000
v -0.00050000 0.67500000 0.00086600
v -0.00050000 0.67500000 0.00086600
v 0.00050000 0.67500000 0.00086600
v 0.00050000 0.67500000 0.00086600
v 0.00000000 0.67500000 0.00100000
v 0.00000000 0.67500000 0.00100000
v 0.00050000 0.67500000 -0.00086600
v 0.00050000 0.67500000 -0.00086600
v -0.00050000 0.67500000 -0.00086600
v -0.00050000 0.67500000 -0.00086600
v -0.00050000 0.67500000 -0.00086600
v 0.00000000 0.67500000 -0.00100000
v 0.00000000 0.67500000 -0.00100000
vn 0.00000000 -1.00000000 -0.00000000
vn -0.86600000 -0.00010000 -0.50000000
vn 0.00000000 -1.00000000 -0.00000000
vn 0.86600000 0.00000000 -0.50000000
vn 0.00000000 -1.00000000 -0.00000000
vn -1.00000000 -0.00000000 0.00000000
vn 1.00000000 -0.00000000 0.00000000
vn 1.00000000 -0.00000000 0.00000000
vn 0.00000000 -1.00000000 -0.00000000
vn -0.86600000 -0.00000000 0.50000000
vn 0.00000000 -1.00000000 -0.00000000
vn 0.86600000 -0.00010000 0.50000000
vn 0.00000000 -1.00000000 -0.00000000
vn 0.00000000 -1.00000000 -0.00000000
vn -0.50000000 -0.00000000 0.86600000
vn 0.50000000 -0.00000000 0.86600000
vn 0.00000000 -1.00000000 -0.00000000
vn 0.00000000 -0.00000000 1.00000000
vn 0.00000000 -1.00000000 -0.00000000
vn 0.50000000 0.00000000 -0.86600000
vn 0.00000000 -1.00000000 -0.00000000
vn -0.50000000 0.00000000 -0.86600000
vn 0.00000000 -1.00000000 -0.00000000
vn 0.00000000 -1.00000000 -0.00000000
vn 0.00000000 0.00000000 -1.00000000
vn 0.00000000 1.00000000 0.00000000
vn 0.86600000 0.00000000 -0.50000000
vn 0.00000000 1.00000000 0.00000000
vn -0.86600000 -0.00000000 0.50000000
vn 0.00000000 1.00000000 0.00000000
vn 1.00000000 -0.00000000 0.00000000
vn 1.00000000 -0.00000000 0.00000000
vn 0.00000000 1.00000000 0.00000000
vn -1.00000000 -0.00000000 0.00000000
vn -1.00000000 -0.00000000 0.00000000
vn 0.00000000 1.00000000 0.00000000
vn -0.86600000 0.00000000 -0.50000000
vn -0.50000000 -0.00000000 0.86600000
vn 0.00000000 1.00000000 0.00000000
vn 0.50000000 0.00000000 -0.86600000
vn 0.00000000 1.00000000 0.00000000
vn 0.00000000 1.00000000 0.00000000
vn 0.00000000 -0.00000000 1.00000000
vn 0.00000000 0.00000000 -1.00000000
vn 0.00000000 1.00000000 0.00000000
vn -0.50000000 0.00000000 -0.86600000
vn 0.00000000 1.00000000 0.00000000
vn 0.00000000 1.00000000 0.00000000
vn 0.50000000 -0.00000000 0.86600000
vn 0.00000000 1.00000000 0.00000000
vn -0.86600000 0.00000000 -0.50000000
vn 0.86600000 -0.00000000 0.50000000
vn 0.00000000 1.00000000 -0.00010000
vn 0.00000000 1.00000000 0.00000000
vn 1.00000000 -0.00000000 0.00000000
vn -1.00000000 -0.00000000 0.00000000
vn 0.00000000 1.00000000 0.00000000
vn 0.00000000 1.00000000 0.00000000
vn 0.86600000 0.00000000 -0.50000000
vn -0.86600000 -0.00000000 0.50000000
vn 0.00000000 1.00000000 0.00000000
vn 0.50000000 0.00000000 -0.86600000
vn 0.00000000 1.00000000 0.00000000
vn 0.00000000 1.00000000 0.00000000
vn -0.50000000 -0.00000000 0.86600000
vn 0.00000000 0.00000000 -1.00000000
vn 0.00000000 1.00000000 0.00000000
vn 0.00000000 -0.00000000 1.00000000
vn 0.00000000 1.00000000 0.00000000
vn 0.00000000 1.00000000 0.00000000
vn 0.50000000 -0.00000000 0.86600000
vn -0.50000000 0.00000000 -0.86600000
vn 0.00000000 1.00000000 0.00000000
vn 0.86600000 -0.00000000 0.50000000
vn 0.00000000 1.00000000 0.00000000
vn -0.86600000 0.00000000 -0.50000000
vn 0.00000000 1.00000000 0.00000000
vn 0.00000000 1.00000000 0.00000000
vn -1.00000000 -0.00000000 0.00000000
vn -1.00000000 -0.00000000 0.00000000
vn -0.86600000 -0.00000000 0.50000000
vn 0.00000000 1.00000000 0.00000000
vn 0.00000000 1.00000000 0.00010000
vn -0.50000000 -0.00000000 0.86600000
vn 0.00000000 1.00000000 0.00000000
vn 0.00000000 -0.00000000 1.00000000
vn 0.50000000 -0.00000000 0.86600000
vn 0.00000000 1.00000000 -0.00010000
vn 0.86600000 -0.00000000 0.50000000
vn 0.00000000 1.00000000 0.00000000
vn 0.00000000 1.00000000 0.00000000
vn 1.00000000 -0.00000000 0.00000000
vn 0.86600000 0.00000000 -0.50000000
vn 0.00000000 1.00000000 0.00000000
vn 0.00000000 1.00000000 0.00010000
vn 0.50000000 0.00000000 -0.86600000
vn 0.00000000 1.00000000 0.00000000
vn 0.00000000 0.00000000 -1.00000000
vn -0.50000000 0.00000000 -0.86600000
vn 0.00000000 1.00000000 0.00000000
vn -0.00000000 0.92350000 0.38350000
vn 0.99540000 -0.00000000 -0.09590000
vn 1.00000000 -0.00000000 0.00000000
vn 1.00000000 -0.00000000 0.00000000
vn 0.00000000 1.00000000 0.00000000
vn 0.00000000 1.00000000 0.00000000
vn 1.00000000 -0.00000000 0.00000000
vn 1.00000000 -0.00000000 0.00000000
vn -0.00000000 0.92360000 -0.38340000
vn 0.99540000 -0.00000000 0.09590000
vn 0.96660000 0.00000000 0.25620000
vn 0.00000000 0.70710000 -0.70710000
vn 0.98420000 0.00000000 0.17680000
vn -0.00000000 0.38340000 -0.92360000
vn 0.97300000 0.00000000 0.23090000
vn 0.96820000 -0.00000000 0.25000000
vn 0.00000000 0.00000000 -1.00000000
vn 0.86600000 -0.00000000 0.50000000
vn 0.86600000 0.00010000 0.50000000
vn 0.50000000 -0.00000000 0.86600000
vn 0.50000000 -0.00000000 0.86600000
vn 0.00000000 -0.00000000 1.00000000
vn 0.00000000 -0.00000000 1.00000000
vn -0.50000000 -0.00000000 0.86600000
vn -0.50000000 -0.00000000 0.86600000
vn -0.86600000 -0.00000000 0.50000000
vn -0.86600000 -0.00000000 0.50000000
vn -1.00000000 -0.00000000 0.00000000
vn -1.00000000 -0.00000000 0.00000000
vn -0.90670000 0.00000000 -0.42180000
vn -0.88720000 -0.00000000 -0.46130000
vn -0.86600000 0.00000000 -0.50000000
vn -0.86600000 0.00000000 -0.50000000
vn -0.50000000 0.00000000 -0.86600000
vn 0.00000000 0.00000000 -1.00000000
vn 0.50000000 0.00000000 -0.86600000
vn 0.86600000 0.00000000 -0.50000000
vn 1.00000000 -0.00000000 0.00000000
vn 1.00000000 -0.00000000 0.00000000
vn 0.88720000 0.00000000 0.46130000
vn 0.90670000 0.00000000 0.42180000
vn 0.86600000 -0.00000000 0.50000000
vn 0.86600000 -0.00000000 0.50000000
vn 0.50000000 -0.00000000 0.86600000
vn 0.50000000 -0.00000000 0.86600000
vn 0.00000000 -0.00000000 1.00000000
vn 0.00000000 -0.00000000 1.00000000
vn -0.50000000 -0.00000000 0.86600000
vn 0.00000000 -0.38340000 -0.92360000
vn 0.97300000 0.00000000 0.23090000
vn 1.00000000 -0.00000000 0.00000000
vn 1.00000000 -0.00000000 0.00000000
vn 1.00000000 -0.00000000 0.00000000
vn 1.00000000 -0.00000000 0.00000000
vn 0.86600000 0.00000000 -0.50000000
vn 0.86600000 0.00000000 -0.50000000
vn 0.50000000 0.00000000 -0.86600000
vn 0.50000000 0.00000000 -0.86600000
vn 0.00000000 0.00000000 -1.00000000
vn 0.00000000 0.00000000 -1.00000000
vn -0.50000000 0.00000000 -0.86600000
vn -0.50000000 0.00000000 -0.86600000
vn -0.86600000 0.00000000 -0.50000000
vn -0.86600000 0.00000000 -0.50000000
vn -1.00000000 -0.00000000 0.00000000
vn -0.86600000 -0.00000000 0.50000000
vn -0.50000000 -0.00000000 0.86600000
vn 0.00000000 -0.00000000 1.00000000
vn 0.50000000 -0.00000000 0.86600000
vn 0.86600000 -0.00000000 0.50000000
vn 1.00000000 -0.00000000 0.00000000
vn 1.00000000 -0.00000000 0.00000000
vn 0.86600000 0.00000000 -0.50000000
vn 0.50000000 0.00000000 -0.86600000
vn 0.00000000 0.00000000 -1.00000000
vn -0.50000000 0.00000000 -0.86600000
vn 0.98420000 0.00000000 0.17680000
vn -0.00000000 -0.70710000 -0.70710000
vn -0.00000000 -0.92350000 -0.38350000
vn 0.99540000 -0.00000000 0.09590000
vn 1.00000000 -0.00000000 0.00000000
vn 0.00000000 -1.00000000 -0.00000000
vn 1.00000000 -0.00000000 0.00000000
vn 0.99540000 -0.00000000 -0.09590000
vn -0.00000000 -0.92350000 0.38350000
vn 0.98420000 0.00000000 -0.17680000
vn 0.00000000 -0.70710000 0.70710000
vn 0.97300000 0.00000000 -0.23090000
vn -0.00000000 -0.38340000 0.92360000
vn 0.96820000 -0.00000000 -0.25000000
vn 0.00000000 -0.00000000 1.00000000
vn 0.86600000 0.00000000 -0.50000000
vn 0.50000000 0.00000000 -0.86600000
vn 0.00000000 0.00000000 -1.00000000
vn -0.50000000 0.00000000 -0.86600000
vn -0.86600000 0.00000000 -0.50000000
vn -1.00000000 -0.00000000 0.00000000
vn 0.97300000 0.00000000 -0.23090000
vn 0.00000000 0.38340000 0.92360000
vn 1.00000000 -0.00000000 0.00000000
vn 1.00000000 -0.00000000 0.00000000
vn 0.86600000 0.00000000 -0.50000000
vn 0.86600000 0.00000000 -0.50000000
vn 0.50000000 0.00000000 -0.86600000
vn 0.50000000 0.00000000 -0.86600000
vn 0.00000000 0.00000000 -1.00000000
vn 0.00000000 0.00000000 -1.00000000
vn -0.50000000 0.00000000 -0.86600000
vn -0.50000000 0.00000000 -0.86600000
vn -0.86600000 0.00000000 -0.50000000
vn -0.86600000 0.00000000 -0.50000000
vn -1.00000000 -0.00000000 0.00000000
vn -1.00000000 -0.00000000 0.00000000
vn -0.86600000 -0.00000000 0.50000000
vn -0.86600000 -0.00000000 0.50000000
vn -0.50000000 -0.00000000 0.86600000
vn 0.98420000 0.00000000 -0.17680000
vn -0.00000000 0.70710000 0.70710000
vn 0.00000000 0.92350000 -0.38350000
vn -0.99540000 -0.00000000 0.09590000
vn 0.00000000 1.00000000 0.00000000
vn -1.00000000 -0.00000000 0.00000000
vn 0.00000000 1.00000000 0.00000000
vn -1.00000000 -0.00000000 0.00000000
vn -0.99540000 -0.00000000 -0.09590000
vn -0.00000000 0.92350000 0.38350000
vn -0.96660000 -0.00000000 -0.25630000
vn -0.00000000 0.70710000 0.70710000
vn -0.98420000 -0.00000000 -0.17680000
vn -0.97300000 0.00000000 -0.23090000
vn 0.00000000 0.38340000 0.92360000
vn -0.96830000 -0.00000000 -0.25000000
vn 0.00000000 -0.00000000 1.00000000
vn -0.86610000 -0.00010000 -0.49990000
vn -0.86600000 0.00010000 -0.50000000
vn -0.50000000 0.00000000 -0.86600000
vn -0.50000000 0.00000000 -0.86600000
vn 0.00000000 0.00000000 -1.00000000
vn 0.00000000 0.00000000 -1.00000000
vn 0.50000000 0.00000000 -0.86600000
vn 0.50000000 0.00000000 -0.86600000
vn 0.86600000 0.00000000 -0.50000000
vn 0.86600000 0.00000000 -0.50000000
vn 1.00000000 -0.00000000 0.00000000
vn 1.00000000 -0.00000000 0.00000000
vn -0.97300000 0.00000000 -0.23090000
vn -0.00000000 -0.38340000 0.92360000
vn -1.00000000 0.00010000 -0.00000000
vn -1.00000000 -0.00000000 0.00000000
vn -0.86600000 -0.00000000 0.50000000
vn -0.86600000 -0.00000000 0.50000000
vn -0.50000000 -0.00000000 0.86600000
vn -0.50000000 -0.00000000 0.86600000
vn 0.00000000 -0.00000000 1.00000000
vn 0.00000000 -0.00000000 1.00000000
vn 0.50000000 -0.00000000 0.86600000
vn 0.50000000 -0.00000000 0.86600000
vn 0.86600000 -0.00000000 0.50000000
vn 0.00000000 -0.70710000 0.70710000
vn -0.98430000 -0.00000000 -0.17680000
vn 0.00000000 -0.92360000 0.38340000
vn -0.99540000 -0.00000000 -0.09590000
vn 0.00000000 -1.00000000 -0.00000000
vn -1.00000000 -0.00000000 0.00000000
vn -0.99540000 -0.00000000 0.09590000
vn 0.00000000 -0.92360000 -0.38340000
vn -0.00000000 -0.70710000 -0.70710000
vn -0.98430000 -0.00000000 0.17680000
vn -0.97300000 -0.00000000 0.23090000
vn 0.00000000 -0.38340000 -0.92360000
vn 0.00000000 0.00000000 -1.00000000
vn -0.96820000 -0.00000000 0.25000000
vn -0.86600000 -0.00000000 0.50000000
vn -0.50000000 -0.00000000 0.86600000
vn 0.00000000 -0.00000000 1.00000000
vn 0.50000000 -0.00000000 0.86600000
vn 0.86600000 -0.00000000 0.50000000
vn 1.00000000 -0.00000000 0.00000000
vn 1.00000000 -0.00000000 0.00000000
vn -0.97300000 -0.00000000 0.23090000
vn -0.00000000 0.38340000 -0.92360000
vn -1.00000000 -0.00000000 0.00000000
vn -0.86610000 0.00010000 0.50000000
vn -0.86600000 -0.00000000 0.50000000
vn -0.50000000 -0.00000000 0.86600000
vn -0.50000000 -0.00000000 0.86600000
vn 0.00000000 -0.00000000 1.00000000
vn 0.00000000 -0.00000000 1.00000000
vn 0.50000000 -0.00000000 0.86600000
vn 0.50000000 -0.00000000 0.86600000
vn 0.86600000 -0.00000000 0.50000000
vn 0.86600000 -0.00000000 0.50000000
vn 1.00000000 -0.00000000 0.00000000
vn 1.00000000 -0.00000000 0.00000000
vn 1.00000000 -0.00000000 0.00000000
vn 1.00000000 -0.00000000 0.00000000
vn 0.86600000 0.00000000 -0.50000000
vn 0.86600000 0.00000000 -0.50000000
vn 0.50000000 0.00000000 -0.86600000
vn -0.98430000 -0.00000000 0.17680000
vn 0.00000000 0.70710000 -0.70710000
vn -0.86600000 -0.00000000 0.50000000
vn -0.50000000 -0.00000000 0.86600000
vn 0.00000000 -0.00000000 1.00000000
vn 0.50000000 -0.00000000 0.86600000
vn 0.86600000 -0.00000000 0.50000000
vn 1.00000000 -0.00000000 0.00000000
vn 1.00000000 -0.00000000 0.00000000
vn 0.86600000 0.00000000 -0.50000000
vn 0.86600000 -0.00000000 0.50000000
vn 0.50000000 -0.00000000 0.86600000
vn 0.00000000 -0.00000000 1.00000000
vn -0.50000000 -0.00000000 0.86600000
vn -0.86600000 -0.00000000 0.50000000
vn -1.00000000 -0.00000000 0.00000000
vn -0.92440000 0.00000000 -0.38140000
vn -0.86600000 0.00000000 -0.50000000
vn -0.50000000 0.00000000 -0.86600000
vn 1.00000000 -0.00000000 0.00000000
vn 1.00000000 -0.00000000 0.00000000
vn 0.86600000 0.00000000 -0.50000000
vn 0.50000000 0.00000000 -0.86600000
vn 1.00000000 -0.00000000 0.00000000
vn 1.00000000 -0.00000000 0.00000000
vn 0.95440000 0.00000000 0.29860000
vn 0.92440000 0.00000000 0.38140000
vn 0.94030000 -0.00000000 0.34040000
vn 0.86600000 -0.00000000 0.50000000
vn 0.86600000 -0.00000000 0.50000000
vn 0.50000000 -0.00000000 0.86600000
vn 0.50000000 0.00000000 -0.86600000
vn 0.00000000 0.00000000 -1.00000000
vn 0.50000000 0.00000000 -0.86600000
vn 0.00000000 0.00000000 -1.00000000
vn 0.00000000 -0.00000000 1.00000000
vn -0.50000000 -0.00000000 0.86600000
vn -0.86600000 -0.00000000 0.50000000
vn -1.00000000 -0.00000000 0.00000000
vn -0.86600000 0.00000000 -0.50000000
vn -0.50000000 0.00000000 -0.86600000
vn 0.00000000 0.00000000 -1.00000000
vn -1.00000000 -0.00000000 0.00000000
vn -0.95440000 0.00000000 -0.29860000
vn -0.94030000 -0.00000000 -0.34040000
vn -0.86600000 0.00000000 -0.50000000
vn -0.50000000 0.00000000 -0.86600000
vn -0.86600000 0.00000000 -0.50000000
vn -0.50000000 0.00000000 -0.86600000
vn 0.00000000 0.00000000 -1.00000000
vn 0.00000000 -0.92360000 0.38340000
vn -0.99540000 -0.00000000 0.09590000
vn -1.00000000 -0.00000000 0.00000000
vn -1.00000000 -0.00000000 0.00000000
vn 0.00000000 -1.00000000 -0.00000000
vn -1.00000000 -0.00000000 0.00000000
vn 0.00000000 1.00000000 0.00000000
vn -1.00000000 -0.00000000 0.00000000
vn 0.00000000 -0.92360000 -0.38340000
vn -0.99540000 -0.00000000 -0.09590000
vn -0.98420000 -0.00000000 -0.17680000
vn -0.00000000 -0.70710000 -0.70710000
vn 0.00000000 -0.38340000 -0.92360000
vn -0.97300000 0.00000000 -0.23090000
vn -0.86600000 0.00000000 -0.50000000
vn 0.00000000 1.00000000 0.00000000
vn 0.00000000 0.00000000 -1.00000000
vn -0.96820000 0.00000000 -0.25000000
vn -0.86600000 0.00000000 -0.50000000
vn 0.00000000 -1.00000000 -0.00000000
vn -0.00000000 0.38340000 -0.92360000
vn -0.97300000 0.00000000 -0.23090000
vn -1.00000000 -0.00000000 0.00000000
vn -1.00000000 -0.00000000 0.00000000
vn 0.00000000 -1.00000000 -0.00000000
vn -0.98420000 -0.00000000 -0.17680000
vn 0.00000000 0.70710000 -0.70710000
vn -0.00000000 0.92360000 -0.38340000
vn -0.99540000 -0.00000000 -0.09590000
vn 0.00000000 1.00000000 0.00000000
vn -1.00000000 -0.00000000 0.00000000
vn 0.00000000 1.00000000 0.00000000
vn -1.00000000 -0.00000000 0.00000000
vn -0.99540000 -0.00000000 0.09590000
vn -0.00000000 0.92360000 0.38340000
vn -0.98420000 0.00000000 0.17680000
vn -0.00000000 0.70710000 0.70710000
vn -0.97300000 0.00000000 0.23080000
vn 0.00000000 0.38340000 0.92360000
vn -0.96820000 -0.00000000 0.25000000
vn 0.00000000 -0.00000000 1.00000000
vn -0.86600000 -0.00000000 0.50000000
vn 0.00000000 -1.00000000 -0.00000000
vn 0.00000000 1.00000000 0.00000000
vn -0.86600000 -0.00000000 0.50000000
vn 0.00000000 -1.00000000 -0.00000000
vn -0.50000000 -0.00000000 0.86600000
vn 0.00000000 1.00000000 0.00000000
vn -0.50000000 -0.00000000 0.86600000
vn 0.00000000 -0.00000000 1.00000000
vn 0.00000000 -1.00000000 -0.00000000
vn 0.00000000 1.00000000 0.00000000
vn 0.00000000 -0.00000000 1.00000000
vn 0.50000000 -0.00000000 0.86600000
vn 0.00000000 -1.00000000 -0.00000000
vn 0.00000000 1.00000000 0.00000000
vn 0.50000000 -0.00000000 0.86600000
vn 0.00000000 -1.00000000 -0.00000000
vn 0.86600000 -0.00000000 0.50000000
vn 0.86600000 -0.00000000 0.50000000
vn 0.00000000 1.00000000 0.00000000
vn 0.00000000 -0.00000000 1.00000000
vn 0.96820000 -0.00000000 0.25000000
vn 0.97300000 0.00000000 0.23090000
vn -0.00000000 -0.38340000 0.92360000
vn 1.00000000 -0.00000000 0.00000000
vn 0.00000000 1.00000000 0.00000000
vn 0.00000000 -0.70710000 0.70710000
vn 0.98430000 0.00000000 0.17680000
vn 0.00000000 -0.92360000 0.38340000
vn 0.99540000 -0.00000000 0.09590000
vn 0.00000000 -1.00000000 -0.00000000
vn 1.00000000 -0.00000000 0.00000000
vn 0.00000000 -0.92360000 -0.38340000
vn 0.99540000 -0.00000000 -0.09590000
vn 0.98430000 0.00000000 -0.17680000
vn -0.00000000 -0.70710000 -0.70710000
vn 0.00000000 -0.38340000 -0.92360000
vn 0.97300000 -0.00000000 -0.23100000
vn 0.96820000 -0.00000000 -0.25000000
vn 0.00000000 0.00000000 -1.00000000
vn 0.00000000 1.00000000 0.00000000
vn 0.86600000 0.00000000 -0.50000000
vn 0.00000000 -1.00000000 -0.00000000
vn 0.86600000 0.00000000 -0.50000000
vn 0.00000000 -1.00000000 -0.00000000
vn 0.50000000 0.00000000 -0.86600000
vn 0.00000000 1.00000000 0.00000000
vn 0.50000000 0.00000000 -0.86600000
vn 0.00000000 -1.00000000 -0.00000000
vn 0.00000000 0.00000000 -1.00000000
vn 0.00000000 0.00000000 -1.00000000
vn 0.00000000 1.00000000 0.00000000
vn 0.00000000 -1.00000000 -0.00000000
vn -0.50000000 0.00000000 -0.86600000
vn 0.00000000 1.00000000 0.00000000
vn -0.50000000 0.00000000 -0.86600000
vn -0.00000000 -0.38340000 0.92360000
vn -0.97300000 0.00000000 0.23080000
vn -0.98420000 0.00000000 0.17680000
vn 0.00000000 -0.70710000 0.70710000
vn 1.00000000 -0.00000000 0.00000000
vn 0.00000000 -1.00000000 -0.00000000
vn -0.00000000 0.38340000 -0.92360000
vn 0.97300000 -0.00000000 -0.23100000
vn 0.98430000 0.00000000 -0.17680000
vn 0.00000000 0.70710000 -0.70710000
vn -0.00000000 0.92360000 -0.38340000
vn 0.99540000 -0.00000000 -0.09590000
vn 0.00000000 1.00000000 0.00000000
vn 1.00000000 -0.00000000 0.00000000
vn 0.00000000 1.00000000 0.00000000
vn -0.00000000 0.92360000 0.38340000
vn 0.99540000 -0.00000000 0.09590000
vn -0.00000000 0.70710000 0.70710000
vn 0.98430000 0.00000000 0.17680000
vn 0.97300000 0.00000000 0.23090000
vn 0.00000000 0.38340000 0.92360000
vn -0.86600000 0.00000000 -0.50000000
vn 0.00000000 -1.00000000 -0.00000000
vn 0.00000000 -1.00000000 -0.00000000
vn 0.00000000 0.00000000 -1.00000000
vn 0.00000000 0.00000000 -1.00000000
vn -1.00000000 -0.00000000 0.00000000
vn -1.00000000 -0.00000000 0.00000000
vn 0.00000000 -1.00000000 -0.00000000
vn 0.00000000 -1.00000000 -0.00000000
vn -0.50000000 0.00000000 -0.86600000
vn 0.00000000 -1.00000000 -0.00000000
vn 0.00000000 0.00000000 -1.00000000
vn 0.00000000 0.00000000 -1.00000000
vn 0.00000000 -1.00000000 -0.00000000
vn 0.50000000 0.00000000 -0.86600000
vn 0.00000000 -1.00000000 -0.00000000
vn 0.86600000 0.00000000 -0.50000000
vn 0.00000000 -1.00000000 -0.00000000
vn 1.00000000 -0.00000000 0.00000000
vn 1.00000000 -0.00000000 0.00000000
vn 0.00000000 -1.00000000 -0.00000000
vn 1.00000000 -0.00000000 0.00000000
vn 1.00000000 -0.00000000 0.00000000
vn 0.00000000 -0.00000000 1.00000000
vn 0.00000000 -0.00000000 1.00000000
vn 0.00000000 -1.00000000 -0.00000000
vn 0.00000000 -1.00000000 -0.00000000
vn 0.00000000 -0.00000000 1.00000000
vn 0.00000000 -0.00000000 1.00000000
vn 0.00000000 -1.00000000 -0.00000000
vn -1.00000000 -0.00000000 0.00000000
vn -1.00000000 -0.00000000 0.00000000
vn 0.00000000 -1.00000000 -0.00000000
vn 0.86600000 -0.00000000 0.50000000
vn 0.00000000 -1.00000000 -0.00000000
vn 0.50000000 -0.00000000 0.86600000
vn -0.50000000 -0.00000000 0.86600000
vn 0.00000000 -1.00000000 -0.00000000
vn -0.86600000 -0.00000000 0.50000000
vn 0.00000000 -1.00000000 -0.00000000
vn 0.00000000 1.00000000 0.00000000
vn -0.00000000 0.00010000 -1.00000000
vn -0.00000000 0.00010000 -1.00000000
vn 0.50000000 0.00000000 -0.86600000
vn 0.50000000 0.00000000 -0.86600000
vn 0.00000000 1.00000000 0.00000000
vn 0.86600000 0.00000000 -0.50000000
vn 0.86600000 0.00000000 -0.50000000
vn 0.00000000 1.00000000 0.00000000
vn 1.00000000 -0.00000000 0.00000000
vn 1.00000000 -0.00000000 0.00000000
vn 0.00000000 1.00000000 0.00000000
vn -0.52030000 0.85400000 0.00000000
vn -0.34690000 0.56930000 -0.74530000
vn 0.00000000 -0.00000000 1.00000000
vn -0.52030000 0.85400000 0.00000000
vn -0.87760000 0.47940000 0.00000000
vn -0.58510000 0.31960000 -0.74540000
vn -0.58510000 0.31960000 -0.74540000
vn -0.87760000 0.47940000 0.00000000
vn -0.87760000 0.47940000 0.00000000
vn 0.00000000 -0.00000000 1.00000000
vn -0.87760000 0.47940000 0.00000000
vn -0.66650000 -0.01570000 -0.74530000
vn -0.99970000 -0.02360000 0.00000000
vn 0.00000000 -0.00000000 1.00000000
vn -0.99970000 -0.02360000 0.00000000
vn -0.56930000 -0.34690000 -0.74540000
vn -0.85400000 -0.52030000 -0.00000000
vn -0.85400000 -0.52030000 -0.00000000
vn 0.00000000 -0.00000000 1.00000000
vn -0.47940000 -0.87760000 -0.00000000
vn -0.31960000 -0.58500000 -0.74540000
vn 0.00000000 -0.00000000 1.00000000
vn -0.47940000 -0.87760000 -0.00000000
vn 0.02360000 -0.99970000 -0.00000000
vn 0.01570000 -0.66650000 -0.74530000
vn 0.00000000 -0.00000000 1.00000000
vn 0.02360000 -0.99970000 -0.00000000
vn 0.52030000 -0.85400000 -0.00000000
vn 0.34690000 -0.56930000 -0.74530000
vn 0.00000000 -0.00000000 1.00000000
vn 0.52030000 -0.85400000 -0.00000000
vn 0.87760000 -0.47940000 -0.00000000
vn 0.58510000 -0.31960000 -0.74540000
vn 0.00000000 -0.00000000 1.00000000
vn 0.87760000 -0.47940000 -0.00000000
vn 0.99970000 0.02360000 -0.00000000
vn 0.66650000 0.01570000 -0.74530000
vn 0.99970000 0.02360000 -0.00000000
vn 0.00000000 -0.00000000 1.00000000
vn 0.56930000 0.34690000 -0.74540000
vn 0.85400000 0.52030000 0.00000000
vn 0.85400000 0.52030000 0.00000000
vn 0.00000000 -0.00000000 1.00000000
vn 0.47940000 0.87760000 0.00000000
vn 0.31960000 0.58500000 -0.74540000
vn 0.00000000 -0.00000000 1.00000000
vn 0.47940000 0.87760000 0.00000000
vn -0.01570000 0.66650000 -0.74530000
vn -0.02360000 0.99970000 0.00000000
vn 0.00000000 -0.00000000 1.00000000
vn -0.02360000 0.99970000 0.00000000
vn -0.90400000 0.04630000 -0.42510000
vn -0.79430000 0.43400000 -0.42510000
vn -0.79430000 0.43400000 -0.42510000
vn -0.52740000 0.73560000 -0.42510000
vn -0.87700000 0.47910000 -0.03700000
vn -0.87700000 0.47910000 -0.03700000
vn -0.58230000 0.81220000 -0.03710000
vn -0.81980000 0.44790000 0.35680000
vn -0.81980000 0.44790000 0.35680000
vn -0.54430000 0.75920000 0.35680000
vn -0.63200000 0.34520000 0.69380000
vn -0.63200000 0.34520000 0.69380000
vn -0.41960000 0.58520000 0.69380000
vn -0.34330000 0.18760000 0.92030000
vn -0.34330000 0.18760000 0.92030000
vn -0.22800000 0.31800000 0.92030000
vn 0.00000000 -0.00000000 1.00000000
vn 0.00000000 -0.00000000 1.00000000
vn 0.00000000 -0.00000000 1.00000000
vn 0.00000000 -0.00000000 1.00000000
vn 0.00000000 -0.00000000 1.00000000
vn 0.00000000 -0.00000000 1.00000000
vn 0.00000000 -0.00000000 1.00000000
vn 0.00000000 -0.00000000 1.00000000
vn 0.00000000 -0.00000000 1.00000000
vn 0.00000000 -0.00000000 1.00000000
vn 0.00000000 -0.00000000 1.00000000
vn 0.00000000 -0.00000000 1.00000000
vn 0.00000000 -0.00000000 1.00000000
vn 0.00000000 -0.00000000 1.00000000
vn -0.83450000 -0.35050000 -0.42510000
vn -0.59980000 -0.67790000 -0.42510000
vn -0.24630000 -0.87100000 -0.42510000
vn 0.15600000 -0.89160000 -0.42510000
vn 0.52740000 -0.73560000 -0.42510000
vn 0.79430000 -0.43400000 -0.42510000
vn 0.90400000 -0.04630000 -0.42510000
vn 0.99800000 -0.05110000 -0.03680000
vn 0.92140000 0.38690000 -0.03700000
vn 0.86130000 0.36170000 0.35680000
vn 0.61910000 0.69960000 0.35680000
vn 0.47720000 0.53930000 0.69380000
vn 0.19600000 0.69290000 0.69380000
vn 0.10650000 0.37650000 0.92030000
vn -0.06740000 0.38540000 0.92030000
vn 0.83450000 0.35050000 -0.42510000
vn 0.66220000 0.74840000 -0.03700000
vn 0.25420000 0.89890000 0.35680000
vn -0.12410000 0.70930000 0.69380000
vn 0.59980000 0.67790000 -0.42510000
vn 0.27190000 0.96160000 -0.03710000
vn -0.16100000 0.92020000 0.35680000
vn 0.24630000 0.87100000 -0.42510000
vn -0.17220000 0.98440000 -0.03720000
vn -0.15600000 0.89160000 -0.42510000
vn 0.25930000 0.29300000 0.92030000
vn 0.36070000 0.15150000 0.92030000
vn 0.39070000 -0.02000000 0.92030000
vn 0.34330000 -0.18760000 0.92030000
vn 0.22800000 -0.31800000 0.92030000
vn 0.06740000 -0.38540000 0.92030000
vn -0.10650000 -0.37650000 0.92030000
vn -0.25930000 -0.29300000 0.92030000
vn -0.36070000 -0.15150000 0.92030000
vn -0.39070000 0.02000000 0.92030000
vn -0.99800000 0.05110000 -0.03690000
vn -0.92140000 -0.38690000 -0.03690000
vn -0.66220000 -0.74840000 -0.03700000
vn -0.27190000 -0.96160000 -0.03710000
vn 0.17220000 -0.98440000 -0.03720000
vn 0.58230000 -0.81220000 -0.03710000
vn 0.87700000 -0.47910000 -0.03690000
vn -0.93290000 0.04780000 0.35680000
vn -0.86130000 -0.36170000 0.35680000
vn -0.61910000 -0.69960000 0.35680000
vn -0.25420000 -0.89890000 0.35680000
vn 0.16100000 -0.92020000 0.35680000
vn 0.54430000 -0.75920000 0.35680000
vn 0.81980000 -0.44790000 0.35680000
vn 0.93290000 -0.04780000 0.35680000
vn -0.71920000 0.03690000 0.69380000
vn -0.66390000 -0.27880000 0.69380000
vn -0.47720000 -0.53930000 0.69380000
vn -0.19600000 -0.69290000 0.69380000
vn 0.12410000 -0.70930000 0.69380000
vn 0.41960000 -0.58530000 0.69380000
vn 0.63200000 -0.34520000 0.69380000
vn 0.71920000 -0.03690000 0.69380000
vn 0.66390000 0.27880000 0.69380000
vn 0.00000000 0.99450000 -0.10470000
vn 0.00000000 0.00000000 -1.00000000
vn 0.00000000 0.99450000 -0.10470000
vn 0.00000000 0.00000000 -1.00000000
vn 0.00000000 0.99450000 -0.10470000
vn 0.99450000 0.00000000 -0.10470000
vn -0.55880000 0.82180000 -0.11070000
vn 0.00000000 0.99450000 -0.10470000
vn 0.00000000 0.99450000 -0.10470000
vn 0.00000000 -0.00000000 1.00000000
vn 0.99450000 0.00000000 -0.10470000
vn 0.00000000 -0.00000000 1.00000000
vn 0.00000000 0.99450000 -0.10470000
vn -0.99910000 0.00000000 -0.04330000
vn 0.99450000 0.00000000 -0.10470000
vn 0.00000000 0.00000000 -1.00000000
vn 0.00000000 -0.99450000 -0.10470000
vn 0.00000000 -0.00000000 1.00000000
vn 0.00000000 -0.99450000 -0.10470000
vn 0.99450000 0.00000000 -0.10470000
vn -0.99450000 0.00000000 -0.10470000
vn 0.00000000 0.00000000 -1.00000000
vn 0.00000000 -0.99450000 -0.10470000
vn -0.99450000 0.00000000 -0.10470000
vn 0.00000000 -0.99450000 -0.10470000
vn 0.00000000 -0.00000000 1.00000000
vn 0.00000000 0.98930000 -0.14580000
vn 0.00000000 0.00000000 -1.00000000
vn -0.99450000 0.00000000 -0.10470000
vn -0.55330000 0.81370000 -0.17820000
vn -0.99450000 0.00000000 -0.10470000
vn -0.99450000 0.00000000 -0.10470000
vn -0.88670000 0.43470000 -0.15740000
vn -0.99450000 0.00000000 -0.10470000
vn 0.00000000 -0.00000000 1.00000000
vn -0.99450000 0.00000000 -0.10470000
vn -0.21900000 0.96590000 -0.13820000
vn -0.55640000 0.81820000 -0.14470000
vn -0.89130000 0.43690000 -0.12130000
vn 0.00000000 -0.00000000 1.00000000
vn 0.99720000 -0.00000000 -0.07480000
vn -0.00000000 -0.99720000 -0.07480000
vn 0.00000000 -0.00000000 1.00000000
vn -0.00000000 -0.99720000 -0.07480000
vn -0.99720000 -0.00000000 -0.07480000
vn 0.00000000 -0.00000000 1.00000000
vn 0.99720000 -0.00000000 -0.07480000
vn 0.00000000 0.99720000 -0.07480000
vn 0.00000000 -0.00000000 1.00000000
vn 0.00000000 0.99720000 -0.07480000
vn 0.00000000 0.99720000 -0.07480000
vn -0.99720000 -0.00000000 -0.07480000
vn -0.00000000 0.99370000 -0.11180000
vn 0.00000000 -0.00000000 1.00000000
vn 0.00000000 0.00000000 -1.00000000
vn 0.00000000 0.00000000 -1.00000000
vn 0.00000000 0.00000000 -1.00000000
vn 0.00000000 0.00000000 -1.00000000
vn 0.00000000 0.00000000 -1.00000000
vn 0.00000000 0.00000000 -1.00000000
vn 0.00000000 0.00000000 -1.00000000
vn 0.00000000 0.00000000 -1.00000000
vn 0.00000000 0.00000000 -1.00000000
vn 0.00000000 0.00000000 -1.00000000
vn 0.00000000 0.00000000 -1.00000000
vn 0.00000000 0.00000000 -1.00000000
vn -0.97800000 0.18590000 -0.09420000
vn -0.99720000 -0.00000000 -0.07480000
vn -0.99720000 -0.00000000 -0.07480000
vn -0.98150000 0.16930000 -0.08910000
vn -0.98910000 0.00000000 -0.14750000
vn -0.00000000 -0.99720000 -0.07480000
vn -0.99720000 -0.00000000 -0.07480000
vn -0.00000000 -0.99720000 -0.07480000
vn -0.99720000 -0.00000000 -0.07480000
vn -0.97760000 -0.00000000 -0.21040000
vn -0.98470000 0.15560000 -0.07800000
vn -0.00000000 -0.90100000 -0.43390000
vn -0.90100000 -0.00000000 -0.43390000
vn -0.98960000 0.13600000 -0.04660000
vn -0.95310000 0.00000000 -0.30280000
vn 0.00000000 0.95310000 -0.30280000
vn 0.00000000 0.81190000 -0.58380000
vn -0.81190000 0.00000000 -0.58380000
vn 0.00000000 -0.68010000 -0.73310000
vn -0.68010000 0.00000000 -0.73310000
vn -0.00000000 0.59040000 -0.80710000
vn -0.59040000 -0.00000000 -0.80710000
vn -0.00000000 -0.36530000 -0.93090000
vn -0.36530000 0.00000000 -0.93090000
vn -0.98160000 0.18600000 -0.04430000
vn 0.00000000 0.99720000 -0.07480000
vn 0.00000000 0.99720000 -0.07480000
vn 0.99720000 -0.00000000 -0.07480000
vn 0.00000000 0.99720000 -0.07480000
vn 0.00000000 0.99720000 -0.07480000
vn 0.99720000 -0.00000000 -0.07480000
vn 0.90100000 -0.00000000 -0.43390000
vn 0.00000000 0.90100000 -0.43390000
vn 0.00000000 0.68010000 -0.73310000
vn 0.68010000 0.00000000 -0.73310000
vn 0.36530000 -0.00000000 -0.93090000
vn -0.00000000 0.36530000 -0.93090000
vn -0.00000000 -0.99720000 -0.07480000
vn -0.00000000 -0.99720000 -0.07480000
vn 0.99720000 -0.00000000 -0.07480000
vn 0.99720000 -0.00000000 -0.07480000
vn -0.00000000 -0.90100000 -0.43390000
vn 0.90100000 -0.00000000 -0.43390000
vn -0.00000000 -0.68020000 -0.73310000
vn 0.68010000 0.00000000 -0.73310000
vn 0.36530000 -0.00000000 -0.93090000
vn -0.00000000 -0.36530000 -0.93090000
vn -0.53590000 0.83360000 -0.13400000
vn -0.99720000 -0.00000000 -0.07480000
vn 0.00000000 0.99720000 -0.07480000
vn -0.53900000 0.83850000 -0.07950000
vn -0.88740000 0.45230000 -0.08940000
vn -0.64410000 0.75770000 -0.10510000
vn -0.27110000 0.95690000 -0.10400000
vn -1.00000000 -0.00000000 0.00000000
vn -1.00000000 -0.00000000 0.00000000
vn 0.00000000 1.00000000 0.00000000
vn -0.86600000 0.00000000 -0.50000000
vn -0.86600000 0.00000000 -0.50000000
vn 0.00000000 1.00000000 0.00000000
vn -0.50000000 0.00000000 -0.86600000
vn 0.00000000 1.00000000 0.00000000
vn -0.50000000 0.00000000 -0.86600000
vn 0.00000000 1.00000000 0.00000000
vn 0.00000000 0.00000000 -1.00000000
vn 0.00000000 0.00000000 -1.00000000
vn 0.00000000 -0.00010000 1.00000000
vn 0.00000000 -0.00010000 1.00000000
vn 0.00000000 1.00000000 0.00000000
vn 0.00000000 -0.00000000 1.00000000
vn 0.00000000 -0.00000000 1.00000000
vn 0.00000000 1.00000000 0.00000000
vn -0.50000000 -0.00000000 0.86600000
vn 0.00000000 1.00000000 0.00000000
vn -0.50000000 -0.00000000 0.86600000
vn -0.86600000 -0.00000000 0.50000000
vn 0.00000000 1.00000000 0.00000000
vn -0.86600000 -0.00000000 0.50000000
vn -1.00000000 -0.00000000 0.00000000
vn 0.00000000 1.00000000 0.00000000
vn -1.00000000 -0.00000000 0.00000000
vn 1.00000000 -0.00000000 0.00000000
vn 0.00000000 1.00000000 0.00000000
vn 1.00000000 -0.00000000 0.00000000
vn 0.86600000 -0.00000000 0.50000000
vn 0.86600000 -0.00000000 0.50000000
vn 0.00000000 1.00000000 0.00000000
vn 0.50000000 -0.00000000 0.86600000
vn 0.50000000 -0.00000000 0.86600000
vn 0.00000000 1.00000000 0.00000000
vn 0.00000000 -1.00000000 -0.00000000
vn 1.00000000 -0.00000000 0.00000000
vn 1.00000000 -0.00000000 0.00000000
vn -0.00000000 -0.86600000 0.50000000
vn 1.00000000 -0.00000000 0.00000000
vn -0.00000000 -0.50000000 0.86600000
vn 1.00000000 -0.00000000 0.00000000
vn 0.00000000 0.00000000 -1.00000000
vn -0.00000000 -0.50000000 -0.86600000
vn 1.00000000 -0.00000000 0.00000000
vn -0.00000000 -0.86600000 -0.50000000
vn 1.00000000 -0.00000000 0.00000000
vn 1.00000000 -0.00000000 0.00000000
vn 0.00000000 1.00000000 0.00000000
vn 0.00000000 1.00000000 0.00000000
vn -0.00000000 0.86600000 -0.50000000
vn 1.00000000 -0.00000000 0.00000000
vn -0.00000000 0.50000000 -0.86600000
vn 1.00000000 -0.00000000 0.00000000
vn 0.00000000 -0.00000000 1.00000000
vn 1.00000000 -0.00000000 0.00000000
vn 1.00000000 -0.00000000 0.00000000
vn -0.00000000 0.50000000 0.86600000
vn 1.00000000 -0.00000000 0.00000000
vn -0.00000000 0.86600000 0.50000000
vn -0.00000000 -0.86600000 -0.50000000
vn 1.00000000 -0.00000000 0.00000000
vn 1.00000000 -0.00000000 0.00000000
vn 0.00000000 -1.00000000 -0.00000000
vn -0.00000000 -0.50000000 -0.86600000
vn 1.00000000 -0.00000000 0.00000000
vn 1.00000000 -0.00000000 0.00000000
vn 0.00000000 0.00000000 -1.00000000
vn 1.00000000 -0.00000000 0.00000000
vn -0.00000000 0.50000000 -0.86600000
vn 1.00000000 -0.00000000 0.00000000
vn -0.00000000 0.86600000 -0.50000000
vn 0.00000000 1.00000000 0.00000000
vn 0.00000000 1.00000000 0.00000000
vn 1.00000000 -0.00000000 0.00000000
vn -0.00000000 0.86600000 0.50000000
vn 1.00000000 -0.00000000 0.00000000
vn -0.00000000 0.50000000 0.86600000
vn 1.00000000 -0.00000000 0.00000000
vn 0.00000000 -0.00000000 1.00000000
vn 1.00000000 -0.00000000 0.00000000
vn -0.00000000 -0.50000000 0.86600000
vn 1.00000000 -0.00000000 0.00000000
vn 1.00000000 -0.00000000 0.00000000
vn -0.00000000 -0.86600000 0.50000000
vn 1.00000000 -0.00000000 0.00000000
vn -0.00000000 0.86600000 -0.50000000
vn 0.00000000 1.00000000 0.00000000
vn 0.00000000 1.00000000 0.00000000
vn 1.00000000 -0.00000000 0.00000000
vn -0.00000000 0.86600000 0.50000000
vn 1.00000000 -0.00000000 0.00000000
vn 1.00000000 -0.00000000 0.00000000
vn -0.00000000 0.50000000 0.86600000
vn 0.00000000 -0.00000000 1.00000000
vn 1.00000000 -0.00000000 0.00000000
vn -0.00000000 -0.50000000 0.86600000
vn 1.00000000 -0.00000000 0.00000000
vn 1.00000000 -0.00000000 0.00000000
vn -0.00000000 -0.86600000 0.50000000
vn 0.00000000 -1.00000000 -0.00000000
vn 1.00000000 -0.00000000 0.00000000
vn 1.00000000 -0.00000000 0.00000000
vn -0.00000000 -0.86600000 -0.50000000
vn -0.00000000 -0.50000000 -0.86600000
vn 1.00000000 -0.00000000 0.00000000
vn 0.00000000 0.00000000 -1.00000000
vn 1.00000000 -0.00000000 0.00000000
vn 1.00000000 -0.00000000 0.00000000
vn -0.00000000 0.50000000 -0.86600000
vn -0.00000000 -0.86600000 0.50000000
vn -1.00000000 -0.00000000 0.00000000
vn 0.00000000 -1.00000000 -0.00000000
vn -1.00000000 -0.00000000 0.00000000
vn -1.00000000 -0.00000000 0.00000000
vn -0.00000000 -0.50000000 0.86600000
vn -1.00000000 -0.00000000 0.00000000
vn 0.00000000 -0.00000000 1.00000000
vn -0.00000000 0.50000000 0.86600000
vn -1.00000000 -0.00000000 0.00000000
vn -1.00000000 -0.00000000 0.00000000
vn -0.00000000 0.86600000 0.50000000
vn -1.00000000 -0.00000000 0.00000000
vn 0.00000000 1.00000000 0.00000000
vn 0.00000000 1.00000000 0.00000000
vn -0.00000000 0.86600000 -0.50000000
vn -1.00000000 -0.00000000 0.00000000
vn -1.00000000 -0.00000000 0.00000000
vn -0.00000000 0.50000000 -0.86600000
vn -1.00000000 -0.00000000 0.00000000
vn 0.00000000 0.00000000 -1.00000000
vn -0.00000000 -0.50000000 -0.86600000
vn -1.00000000 -0.00000000 0.00000000
vn -0.00000000 -0.86600000 -0.50000000
vn -1.00000000 -0.00000000 0.00000000
vn 0.00000000 1.00000000 0.00000000
vn 0.00000000 1.00000000 0.00000000
vn -1.00000000 -0.00000000 0.00000000
vn -1.00000000 -0.00000000 0.00000000
vn -0.00000000 0.86600000 0.50000000
vn -1.00000000 -0.00000000 0.00000000
vn -0.00000000 0.50000000 0.86600000
vn -1.00000000 -0.00000000 0.00000000
vn 0.00000000 0.00000000 -1.00000000
vn -1.00000000 -0.00000000 0.00000000
vn -0.00000000 0.50000000 -0.86600000
vn -0.00000000 0.86600000 -0.50000000
vn -1.00000000 -0.00000000 0.00000000
vn 0.00000000 -1.00000000 -0.00000000
vn -1.00000000 -0.00000000 0.00000000
vn -0.00000000 -0.86600000 -0.50000000
vn -1.00000000 -0.00000000 0.00000000
vn -1.00000000 -0.00000000 0.00000000
vn -0.00000000 -0.50000000 -0.86600000
vn 0.00000000 -0.00000000 1.00000000
vn -1.00000000 -0.00000000 0.00000000
vn -0.00000000 -0.50000000 0.86600000
vn -1.00000000 -0.00000000 0.00000000
vn -0.00000000 -0.86600000 0.50000000
vn -1.00000000 -0.00000000 0.00000000
vn -0.00000000 -0.86600000 -0.50000000
vn -1.00000000 -0.00000000 0.00000000
vn -1.00000000 -0.00000000 0.00000000
vn 0.00000000 -1.00000000 -0.00000000
vn -0.00000000 -0.86600000 0.50000000
vn -1.00000000 -0.00000000 0.00000000
vn -1.00000000 -0.00000000 0.00000000
vn -0.00000000 -0.50000000 0.86600000
vn 0.00000000 -0.00000000 1.00000000
vn -1.00000000 -0.00000000 0.00000000
vn -0.00000000 0.50000000 0.86600000
vn -1.00000000 -0.00000000 0.00000000
vn -1.00000000 -0.00000000 0.00000000
vn -0.00000000 0.86600000 0.50000000
vn -1.00000000 -0.00000000 0.00000000
vn 0.00000000 1.00000000 0.00000000
vn 0.00000000 1.00000000 0.00000000
vn -1.00000000 -0.00000000 0.00000000
vn -0.00000000 0.86600000 -0.50000000
vn -0.00000000 0.50000000 -0.86600000
vn -1.00000000 -0.00000000 0.00000000
vn -1.00000000 -0.00000000 0.00000000
vn 0.00000000 0.00000000 -1.00000000
vn -0.00000000 -0.50000000 -0.86600000
vn -1.00000000 -0.00000000 0.00000000
vn -0.00000000 0.86600000 -0.50000000
vn -1.00000000 -0.00000000 0.00000000
vn -1.00000000 -0.00000000 0.00000000
vn -0.00000000 0.86600000 -0.50000000
vn -1.00000000 -0.00000000 0.00000000
vn 0.00000000 1.00000000 0.00000000
vn -1.00000000 -0.00000000 0.00000000
vn 0.00000000 1.00000000 0.00000000
vn -0.00000000 0.86600000 0.50000000
vn -1.00000000 -0.00000000 0.00000000
vn -0.00000000 0.86600000 0.50000000
vn -1.00000000 -0.00000000 0.00000000
vn -0.00000000 0.50000000 0.86600000
vn -1.00000000 -0.00000000 0.00000000
vn -0.00000000 0.50000000 -0.86600000
vn -1.00000000 -0.00000000 0.00000000
vn -0.00000000 0.50000000 -0.86600000
vn -1.00000000 -0.00000000 0.00000000
vn 0.00000000 0.00000000 -1.00000000
vn -1.00000000 -0.00000000 0.00000000
vn -1.00000000 -0.00000000 0.00000000
vn 0.00000000 0.00000000 -1.00000000
vn -1.00000000 -0.00000000 0.00000000
vn -0.00000000 -0.50000000 -0.86600000
vn -0.00000000 -0.50000000 -0.86600000
vn -1.00000000 -0.00000000 0.00000000
vn -1.00000000 -0.00000000 0.00000000
vn -0.00000000 -0.86600000 -0.50000000
vn -0.00000000 -0.86600000 -0.50000000
vn -1.00000000 -0.00000000 0.00000000
vn 0.00000000 -1.00000000 -0.00000000
vn 0.00000000 -1.00000000 -0.00000000
vn -1.00000000 -0.00000000 0.00000000
vn -1.00000000 -0.00000000 0.00000000
vn 0.00000000 -1.00000000 -0.00000000
vn 0.00000000 -1.00000000 -0.00000000
vn -1.00000000 -0.00000000 0.00000000
vn -0.00000000 -0.86600000 0.50000000
vn -0.00000000 -0.86600000 0.50000000
vn -1.00000000 -0.00000000 0.00000000
vn -1.00000000 -0.00000000 0.00000000
vn -0.00000000 -0.50000000 0.86600000
vn -0.00000000 -0.50000000 0.86600000
vn -1.00000000 -0.00000000 0.00000000
vn -1.00000000 -0.00000000 0.00000000
vn 0.00000000 -0.00000000 1.00000000
vn 0.00000000 -0.00000000 1.00000000
vn -1.00000000 -0.00000000 0.00000000
vn -0.00000000 0.50000000 0.86600000
vn -1.00000000 -0.00000000 0.00000000
vn 1.00000000 -0.00000000 0.00000000
vn -0.00000000 -0.86600000 -0.50000000
vn -0.00000000 -0.86600000 -0.50000000
vn 1.00000000 -0.00000000 0.00000000
vn 1.00000000 -0.00000000 0.00000000
vn 0.00000000 -1.00000000 -0.00000000
vn 0.00000000 -1.00000000 -0.00000000
vn 1.00000000 -0.00000000 0.00000000
vn 0.00000000 -1.00000000 -0.00000000
vn 0.00000000 -1.00000000 -0.00000000
vn 1.00000000 -0.00000000 0.00000000
vn -0.00000000 -0.86600000 0.50000000
vn 1.00000000 -0.00000000 0.00000000
vn -0.00000000 -0.86600000 0.50000000
vn 1.00000000 -0.00000000 0.00000000
vn -0.00000000 -0.50000000 0.86600000
vn 1.00000000 -0.00000000 0.00000000
vn -0.00000000 -0.50000000 -0.86600000
vn -0.00000000 -0.50000000 -0.86600000
vn 1.00000000 -0.00000000 0.00000000
vn 0.00000000 0.00000000 -1.00000000
vn 1.00000000 -0.00000000 0.00000000
vn 1.00000000 -0.00000000 0.00000000
vn 0.00000000 0.00000000 -1.00000000
vn 1.00000000 -0.00000000 0.00000000
vn -0.00000000 0.50000000 -0.86600000
vn -0.00000000 0.50000000 -0.86600000
vn 1.00000000 -0.00000000 0.00000000
vn 1.00000000 -0.00000000 0.00000000
vn -0.00000000 0.86600000 -0.50000000
vn -0.00000000 0.86600000 -0.50000000
vn 1.00000000 -0.00000000 0.00000000
vn 0.00000000 1.00000000 0.00000000
vn 1.00000000 -0.00000000 0.00000000
vn 1.00000000 -0.00000000 0.00000000
vn 0.00000000 1.00000000 0.00000000
vn -0.00000000 0.86600000 0.50000000
vn 1.00000000 -0.00000000 0.00000000
vn 1.00000000 -0.00000000 0.00000000
vn -0.00000000 0.86600000 0.50000000
vn -0.00000000 0.50000000 0.86600000
vn 1.00000000 -0.00000000 0.00000000
vn 1.00000000 -0.00000000 0.00000000
vn -0.00000000 0.50000000 0.86600000
vn 0.00000000 -0.00000000 1.00000000
vn 1.00000000 -0.00000000 0.00000000
vn 1.00000000 -0.00000000 0.00000000
vn 0.00000000 -0.00000000 1.00000000
vn -0.00000000 -0.50000000 0.86600000
vn 1.00000000 -0.00000000 0.00000000
vn 0.00000000 1.00000000 0.00000000
vn -1.00000000 -0.00000000 0.00000000
vn -0.00000000 -0.20000000 0.97980000
vn -0.00000000 -0.20000000 0.97980000
vn -0.00000000 -0.20000000 0.97980000
vn 0.00000000 1.00000000 0.00000000
vn -0.00000000 -0.61140000 0.79130000
vn -0.00000000 -0.61140000 0.79130000
vn -0.00000000 -0.89760000 0.44080000
vn -0.00000000 -0.89760000 0.44080000
vn 0.00000000 -1.00000000 -0.00000000
vn 0.00000000 -1.00000000 -0.00000000
vn 0.00000000 -1.00000000 -0.00000000
vn -0.00000000 -0.89760000 -0.44080000
vn -0.00000000 -0.89760000 -0.44080000
vn -0.00000000 -0.61140000 -0.79130000
vn -0.00000000 -0.61140000 -0.79130000
vn -1.00000000 -0.00000000 0.00000000
vn 0.00000000 1.00000000 0.00000000
vn -0.00000000 -0.20000000 -0.97980000
vn -1.00000000 -0.00000000 0.00000000
vn 0.00000000 -0.06710000 -0.99770000
vn 0.00000000 0.06710000 -0.99770000
vn -1.00000000 -0.00000000 0.00000000
vn -0.00000000 -0.20000000 -0.97980000
vn 0.00000000 1.00000000 0.00000000
vn -0.00000000 -0.20000000 -0.97980000
vn -1.00000000 -0.00000000 0.00000000
vn 0.00000000 -1.00000000 -0.00000000
vn 0.00000000 0.20000000 -0.97980000
vn 0.00000000 -1.00000000 -0.00000000
vn 0.00000000 0.20000000 -0.97980000
vn 0.00000000 0.20000000 -0.97980000
vn -0.00000000 0.61140000 -0.79130000
vn -0.00000000 0.61140000 -0.79130000
vn -0.00000000 0.89760000 -0.44080000
vn -0.00000000 0.89760000 -0.44080000
vn 0.00000000 1.00000000 0.00000000
vn 0.00000000 1.00000000 0.00000000
vn -0.00000000 0.89760000 0.44080000
vn -0.00000000 0.89760000 0.44080000
vn -0.00000000 0.61140000 0.79130000
vn -0.00000000 0.61140000 0.79130000
vn 0.00000000 -1.00000000 -0.00000000
vn -0.00000000 0.20000000 0.97980000
vn -1.00000000 -0.00000000 0.00000000
vn 0.00000000 0.06710000 0.99770000
vn -1.00000000 -0.00000000 0.00000000
vn -1.00000000 -0.00000000 0.00000000
vn 0.00000000 -0.06710000 0.99770000
vn -0.00000000 0.20000000 0.97980000
vn -0.00000000 0.20000000 0.97980000
vn 0.00000000 -1.00000000 -0.00000000
vn 0.00000000 1.00000000 0.00000000
vn -0.38750000 -0.18860000 -0.90240000
vn -0.50000000 -0.52950000 -0.68530000
vn 0.00000000 1.00000000 0.00000000
vn -0.71280000 -0.15340000 -0.68440000
vn -0.86600000 -0.30570000 -0.39570000
vn 0.00000000 1.00000000 0.00000000
vn -0.92640000 -0.09160000 -0.36530000
vn 0.00000000 1.00000000 0.00000000
vn -1.00000000 -0.00000000 0.00000000
vn -1.00000000 -0.00000000 0.00000000
vn -1.00000000 -0.00000000 0.00000000
vn -1.00000000 -0.00000000 0.00000000
vn -0.86600000 -0.44880000 -0.22040000
vn -1.00000000 -0.00000000 0.00000000
vn -1.00000000 -0.00000000 0.00000000
vn -0.86600000 -0.50000000 0.00000000
vn -1.00000000 -0.00000000 0.00000000
vn -1.00000000 -0.00000000 0.00000000
vn -0.86600000 -0.44880000 0.22040000
vn -1.00000000 -0.00000000 0.00000000
vn -1.00000000 -0.00000000 0.00000000
vn -0.86600000 -0.30570000 0.39570000
vn -1.00000000 -0.00000000 0.00000000
vn 0.00000000 1.00000000 0.00000000
vn -1.00000000 -0.00000000 0.00000000
vn 0.00000000 1.00000000 0.00000000
vn -0.92660000 -0.09150000 0.36480000
vn -0.71280000 -0.15340000 0.68440000
vn 0.00000000 1.00000000 0.00000000
vn -0.50000000 -0.52950000 0.68530000
vn 0.00000000 1.00000000 0.00000000
vn -0.38740000 -0.18860000 0.90240000
vn -0.50000000 -0.77730000 -0.38170000
vn -0.50000000 -0.86600000 -0.00000000
vn -0.50000000 -0.77730000 0.38170000
vn -0.38740000 0.18860000 0.90240000
vn 0.00000000 -1.00000000 -0.00000000
vn -0.38740000 0.18860000 -0.90240000
vn 0.00000000 -1.00000000 -0.00000000
vn 0.00000000 -1.00000000 -0.00000000
vn -0.71280000 0.15340000 0.68440000
vn -1.00000000 -0.00000000 0.00000000
vn -1.00000000 -0.00000000 0.00000000
vn 0.00000000 -1.00000000 -0.00000000
vn 0.00000000 -1.00000000 -0.00000000
vn -0.71280000 0.15340000 -0.68440000
vn 0.00000000 -1.00000000 -0.00000000
vn -0.92660000 0.09150000 0.36480000
vn -1.00000000 -0.00000000 0.00000000
vn -1.00000000 -0.00000000 0.00000000
vn 0.00000000 -1.00000000 -0.00000000
vn -0.92660000 0.09150000 -0.36480000
vn 0.00000000 -1.00000000 -0.00000000
vn -0.86600000 0.30570000 -0.39570000
vn -1.00000000 -0.00000000 0.00000000
vn -1.00000000 -0.00000000 0.00000000
vn -0.86600000 0.44880000 -0.22040000
vn -1.00000000 -0.00000000 0.00000000
vn -1.00000000 -0.00000000 0.00000000
vn -0.86600000 0.50000000 -0.00000000
vn -1.00000000 -0.00000000 0.00000000
vn -1.00000000 -0.00000000 0.00000000
vn -0.86600000 0.44880000 0.22040000
vn -1.00000000 -0.00000000 0.00000000
vn -1.00000000 -0.00000000 0.00000000
vn -0.86600000 0.30570000 0.39560000
vn -0.50000000 0.52950000 0.68530000
vn -0.50000000 0.77740000 0.38170000
vn -0.50000000 0.86600000 -0.00000000
vn -0.50000000 0.77740000 -0.38170000
vn -0.50000000 0.52950000 -0.68530000
vn -0.00000000 -0.20000000 -0.97980000
vn 0.00000000 1.00000000 0.00000000
vn 1.00000000 -0.00000000 0.00000000
vn 1.00000000 -0.00000000 0.00000000
vn 0.00000000 -0.06710000 -0.99770000
vn 1.00000000 -0.00000000 0.00000000
vn -0.00000000 -0.20000000 0.97980000
vn 0.00000000 1.00000000 0.00000000
vn 1.00000000 -0.00000000 0.00000000
vn 0.00000000 -0.06710000 0.99770000
vn 0.00000000 0.06710000 -0.99770000
vn 1.00000000 -0.00000000 0.00000000
vn 0.00000000 0.06710000 0.99770000
vn 1.00000000 -0.00000000 0.00000000
vn 0.00000000 -1.00000000 -0.00000000
vn -0.00000000 0.20000000 0.97980000
vn 1.00000000 -0.00000000 0.00000000
vn 1.00000000 -0.00000000 0.00000000
vn 0.00000000 0.20000000 -0.97980000
vn 0.00000000 -1.00000000 -0.00000000
vn 1.00000000 -0.00000000 0.00000000
vn 1.00000000 -0.00000000 0.00000000
vn 0.00000000 1.00000000 0.00000000
vn 0.00000000 1.00000000 0.00000000
vn 1.00000000 -0.00000000 0.00000000
vn 1.00000000 -0.00000000 0.00000000
vn 1.00000000 -0.00000000 0.00000000
vn 1.00000000 -0.00000000 0.00000000
vn 1.00000000 -0.00000000 0.00000000
vn 1.00000000 -0.00000000 0.00000000
vn 1.00000000 -0.00000000 0.00000000
vn 1.00000000 -0.00000000 0.00000000
vn 1.00000000 -0.00000000 0.00000000
vn 1.00000000 -0.00000000 0.00000000
vn 0.00000000 1.00000000 0.00000000
vn 0.92660000 -0.09150000 0.36480000
vn 0.00000000 1.00000000 0.00000000
vn 0.71280000 -0.15340000 0.68440000
vn 0.38740000 -0.18860000 0.90240000
vn 0.00000000 1.00000000 0.00000000
vn 0.71280000 -0.15340000 -0.68440000
vn 0.00000000 1.00000000 0.00000000
vn 0.00000000 1.00000000 0.00000000
vn 0.38740000 -0.18860000 -0.90240000
vn 0.00000000 1.00000000 0.00000000
vn 0.92660000 -0.09150000 -0.36480000
vn -0.00000000 -0.20000000 0.97980000
vn -0.00000000 -0.20000000 0.97980000
vn 0.00000000 1.00000000 0.00000000
vn -0.00000000 -0.20000000 -0.97980000
vn -0.00000000 -0.20000000 -0.97980000
vn 0.00000000 1.00000000 0.00000000
vn -0.00000000 -0.61140000 0.79130000
vn -0.00000000 -0.61140000 0.79130000
vn 0.50000000 -0.52950000 0.68530000
vn 0.86600000 -0.30570000 0.39560000
vn 0.86600000 -0.44880000 0.22040000
vn 0.86600000 -0.50000000 0.00000000
vn 0.86600000 -0.44880000 -0.22040000
vn 0.86600000 -0.30570000 -0.39570000
vn 0.50000000 -0.52950000 -0.68530000
vn -0.00000000 -0.61140000 -0.79130000
vn -0.00000000 -0.61140000 -0.79130000
vn -0.00000000 -0.89760000 -0.44080000
vn -0.00000000 -0.89760000 -0.44080000
vn 0.50000000 -0.77730000 -0.38170000
vn 0.00000000 -1.00000000 -0.00000000
vn 0.00000000 -1.00000000 -0.00000000
vn 0.00000000 -1.00000000 -0.00000000
vn 0.50000000 -0.86600000 0.00000000
vn -0.00000000 -0.89760000 0.44080000
vn -0.00000000 -0.89760000 0.44080000
vn 0.50000000 -0.77730000 0.38170000
vn 1.00000000 -0.00000000 0.00000000
vn 0.00000000 -1.00000000 -0.00000000
vn 1.00000000 -0.00000000 0.00000000
vn 1.00000000 -0.00000000 0.00000000
vn 1.00000000 -0.00000000 0.00000000
vn 0.00000000 -1.00000000 -0.00000000
vn 1.00000000 -0.00000000 0.00000000
vn 1.00000000 -0.00000000 0.00000000
vn 1.00000000 -0.00000000 0.00000000
vn 1.00000000 -0.00000000 0.00000000
vn 1.00000000 -0.00000000 0.00000000
vn 1.00000000 -0.00000000 0.00000000
vn 1.00000000 -0.00000000 0.00000000
vn 1.00000000 -0.00000000 0.00000000
vn 0.92660000 0.09150000 -0.36480000
vn 0.00000000 -1.00000000 -0.00000000
vn 0.71280000 0.15340000 -0.68440000
vn 0.00000000 -1.00000000 -0.00000000
vn 0.00000000 -1.00000000 -0.00000000
vn 0.38740000 0.18860000 -0.90240000
vn 0.71280000 0.15340000 0.68440000
vn 0.00000000 -1.00000000 -0.00000000
vn 0.00000000 -1.00000000 -0.00000000
vn 0.38740000 0.18860000 0.90240000
vn 0.92660000 0.09150000 0.36480000
vn 0.00000000 -1.00000000 -0.00000000
vn 0.00000000 -1.00000000 -0.00000000
vn 0.00000000 0.20000000 -0.97980000
vn 0.00000000 0.20000000 -0.97980000
vn -0.00000000 0.20000000 0.97980000
vn -0.00000000 0.20000000 0.97980000
vn 0.00000000 -1.00000000 -0.00000000
vn -0.00000000 0.61140000 0.79130000
vn -0.00000000 0.61140000 0.79130000
vn -0.00000000 0.89760000 0.44080000
vn -0.00000000 0.89760000 0.44080000
vn 0.00000000 1.00000000 0.00000000
vn 0.00000000 1.00000000 0.00000000
vn -0.00000000 0.89760000 -0.44080000
vn -0.00000000 0.89760000 -0.44080000
vn -0.00000000 0.61140000 -0.79130000
vn -0.00000000 0.61140000 -0.79130000
vn 0.50000000 0.52950000 -0.68530000
vn 0.86600000 0.30570000 -0.39570000
vn 0.86600000 0.44880000 -0.22040000
vn 0.86600000 0.50000000 -0.00000000
vn 0.86600000 0.44880000 0.22040000
vn 0.86600000 0.30570000 0.39570000
vn 0.50000000 0.52950000 0.68530000
vn 0.50000000 0.77730000 0.38170000
vn 0.50000000 0.86600000 -0.00000000
vn 0.50000000 0.77730000 -0.38170000
vn 0.46850000 -0.35740000 0.80800000
vn 0.46850000 -0.35740000 0.80800000
vn 0.50000000 -0.00000000 0.86600000
vn 0.50000000 -0.00000000 0.86600000
vn 0.50000000 -0.00000000 0.86600000
vn 0.50000000 -0.00000000 0.86600000
vn 0.24660000 -0.21160000 0.94570000
vn 0.25870000 -0.00000000 0.96600000
vn 0.25870000 -0.00000000 0.96600000
vn 0.00000000 -0.00000000 1.00000000
vn 0.00000000 -0.00000000 1.00000000
vn -0.01500000 -0.21830000 0.97580000
vn -0.25870000 0.00000000 0.96600000
vn -0.25870000 0.00000000 0.96600000
vn -0.46850000 -0.35740000 0.80800000
vn -0.46850000 -0.35740000 0.80800000
vn -0.50000000 -0.00000000 0.86600000
vn -0.50000000 -0.00000000 0.86600000
vn -0.50000000 -0.00000000 0.86600000
vn -0.50000000 -0.00000000 0.86600000
vn -0.01370000 -0.49690000 0.86770000
vn -0.44780000 -0.46190000 0.76560000
vn -0.44780000 -0.46190000 0.76560000
vn -0.01360000 -0.51190000 0.85890000
vn -0.01360000 -0.51480000 0.85720000
vn 0.22360000 -0.49900000 0.83730000
vn 0.22390000 -0.50170000 0.83560000
vn 0.44780000 -0.46190000 0.76560000
vn 0.44780000 -0.46190000 0.76560000
vn 0.23280000 -0.43310000 0.87080000
vn 0.47350000 -0.35400000 0.80650000
vn 0.47350000 -0.35400000 0.80650000
vn 0.17360000 0.00800000 0.98480000
vn 0.17360000 0.00800000 0.98480000
vn 0.50000000 0.00710000 0.86600000
vn 0.50000000 0.00710000 0.86600000
vn 0.50000000 0.00710000 0.86600000
vn 0.50000000 0.00710000 0.86600000
vn -0.47350000 -0.35400000 0.80650000
vn -0.47350000 -0.35400000 0.80650000
vn -0.01410000 -0.44530000 0.89530000
vn -0.50000000 0.00710000 0.86600000
vn -0.50000000 0.00710000 0.86600000
vn -0.50000000 0.00710000 0.86600000
vn -0.50000000 0.00710000 0.86600000
vn -0.17360000 0.00790000 0.98480000
vn -0.17360000 0.00790000 0.98480000
vn 0.22520000 -0.48420000 0.84550000
vn 0.49390000 -0.04730000 0.86820000
vn 0.49390000 -0.04730000 0.86820000
vn 0.24570000 -0.11220000 0.96280000
vn 0.49020000 -0.10090000 0.86580000
vn 0.49020000 -0.10090000 0.86580000
vn 0.48870000 -0.15280000 0.85890000
vn 0.48870000 -0.15280000 0.85890000
vn 0.16970000 -0.22940000 0.95840000
vn 0.16970000 -0.22940000 0.95840000
vn 0.48960000 -0.20290000 0.84800000
vn 0.48960000 -0.20290000 0.84800000
vn 0.48960000 -0.20290000 0.84800000
vn 0.48960000 -0.20290000 0.84800000
vn -0.01560000 -0.11570000 0.99320000
vn -0.49390000 -0.04730000 0.86820000
vn -0.49390000 -0.04730000 0.86820000
vn -0.49020000 -0.10090000 0.86580000
vn -0.49020000 -0.10090000 0.86580000
vn -0.48880000 -0.15280000 0.85890000
vn -0.48880000 -0.15280000 0.85890000
vn -0.16970000 -0.22940000 0.95840000
vn -0.16970000 -0.22940000 0.95840000
vn -0.48960000 -0.20290000 0.84800000
vn -0.48960000 -0.20290000 0.84800000
vn -0.48960000 -0.20290000 0.84800000
vn -0.48960000 -0.20290000 0.84800000
vn 0.49980000 -0.11580000 0.85830000
vn 0.49980000 -0.11580000 0.85830000
vn 0.25170000 0.12090000 0.96020000
vn 0.49730000 0.14940000 0.85460000
vn 0.49730000 0.14940000 0.85460000
vn 0.16020000 0.41390000 0.89610000
vn 0.16020000 0.41390000 0.89610000
vn 0.46420000 0.37140000 0.80410000
vn 0.46420000 0.37140000 0.80410000
vn 0.46420000 0.37140000 0.80410000
vn 0.46420000 0.37140000 0.80410000
vn -0.01540000 0.12500000 0.99200000
vn -0.49980000 -0.11580000 0.85840000
vn -0.49980000 -0.11580000 0.85840000
vn -0.49730000 0.14940000 0.85460000
vn -0.49730000 0.14940000 0.85460000
vn -0.16020000 0.41390000 0.89610000
vn -0.16020000 0.41390000 0.89610000
vn -0.46420000 0.37140000 0.80410000
vn -0.46420000 0.37140000 0.80410000
vn -0.46420000 0.37140000 0.80410000
vn -0.46420000 0.37140000 0.80410000
vn 0.47990000 0.28090000 0.83110000
vn 0.47990000 0.28090000 0.83110000
vn 0.24580000 0.22440000 0.94300000
vn 0.50000000 -0.00000000 0.86600000
vn 0.50000000 -0.00000000 0.86600000
vn 0.50000000 -0.00000000 0.86600000
vn 0.50000000 -0.00000000 0.86600000
vn 0.25870000 -0.00000000 0.96600000
vn 0.25870000 -0.00000000 0.96600000
vn 0.00000000 -0.00000000 1.00000000
vn 0.00000000 -0.00000000 1.00000000
vn -0.01490000 0.23150000 0.97270000
vn -0.25870000 0.00000000 0.96600000
vn -0.25870000 0.00000000 0.96600000
vn -0.50000000 -0.00000000 0.86600000
vn -0.50000000 -0.00000000 0.86600000
vn -0.50000000 -0.00000000 0.86600000
vn -0.50000000 -0.00000000 0.86600000
vn -0.47990000 0.28090000 0.83110000
vn -0.47990000 0.28090000 0.83110000
vn -0.50000000 -0.00000000 0.86600000
vn -0.50000000 -0.00000000 0.86600000
vn -0.05240000 0.81650000 0.57500000
vn -0.02670000 0.81650000 0.57670000
vn -0.25890000 -0.00000000 0.96590000
vn 0.00000000 -0.00000000 1.00000000
vn 0.00000000 -0.00000000 1.00000000
vn -0.00030000 0.81660000 0.57720000
vn 0.02670000 0.81650000 0.57670000
vn 0.25890000 -0.00000000 0.96590000
vn 0.00000000 -0.00000000 1.00000000
vn 0.50000000 -0.00000000 0.86600000
vn 0.50000000 -0.00000000 0.86600000
vn 0.05240000 0.81650000 0.57500000
vn -0.48970000 0.20160000 0.84820000
vn -0.48970000 0.20160000 0.84820000
vn -0.50000000 -0.00000000 0.86600000
vn -0.50000000 -0.00000000 0.86600000
vn -0.50000000 -0.00000000 0.86600000
vn -0.50000000 -0.00000000 0.86600000
vn -0.49110000 0.18720000 0.85070000
vn -0.46420000 0.37140000 0.80410000
vn -0.46420000 0.37140000 0.80410000
vn -0.46420000 0.37140000 0.80410000
vn -0.46420000 0.37140000 0.80410000
vn -0.49350000 0.10820000 0.86300000
vn -0.49350000 0.10820000 0.86300000
vn -0.49890000 0.06350000 0.86430000
vn -0.48960000 -0.20290000 0.84800000
vn -0.48960000 -0.20290000 0.84800000
vn -0.48960000 -0.20290000 0.84800000
vn -0.48960000 -0.20290000 0.84800000
vn -0.50010000 0.00710000 0.86600000
vn -0.50010000 0.00710000 0.86600000
vn -0.50010000 0.00710000 0.86600000
vn -0.50010000 0.00710000 0.86600000
vn -0.49770000 -0.09630000 0.86200000
vn -0.49900000 -0.02850000 0.86620000
vn -0.49900000 -0.02850000 0.86620000
vn -0.45170000 -0.41570000 0.78940000
vn -0.45470000 -0.41610000 0.78750000
vn -0.44690000 -0.44850000 0.77410000
vn -0.48790000 -0.21840000 0.84510000
vn -0.50000000 -0.00000000 0.86600000
vn -0.50000000 -0.00000000 0.86600000
vn -0.50000000 -0.00000000 0.86600000
vn -0.50000000 -0.00000000 0.86600000
vn -0.48770000 -0.21800000 0.84530000
vn -0.46640000 -0.35290000 0.81110000
vn -0.46640000 -0.35290000 0.81110000
vn -0.44550000 -0.44780000 0.77530000
vn -0.43930000 -0.46180000 0.77060000
vn -0.43930000 -0.46180000 0.77060000
vn -0.45930000 -0.36680000 0.80900000
vn -0.45930000 -0.36680000 0.80900000
vn -0.47180000 0.81650000 0.33280000
vn -0.50000000 -0.00000000 0.86600000
vn -0.50000000 -0.00000000 0.86600000
vn -0.28870000 0.81650000 0.50000000
vn -0.50000000 -0.00000000 0.86600000
vn -0.28870000 0.81650000 0.50000000
vn -0.69570000 -0.21160000 0.68650000
vn -0.70720000 -0.00000000 0.70700000
vn -0.70720000 -0.00000000 0.70700000
vn -0.86600000 -0.00000000 0.50000000
vn -0.86600000 -0.00000000 0.50000000
vn -0.85260000 -0.21830000 0.47490000
vn -1.00000000 -0.00000000 0.00000000
vn -1.00000000 -0.00000000 0.00000000
vn -1.00000000 -0.00000000 0.00000000
vn -1.00000000 -0.00000000 0.00000000
vn -0.93390000 -0.35740000 -0.00170000
vn -0.93390000 -0.35740000 -0.00170000
vn -0.75830000 -0.49690000 0.42200000
vn -0.88690000 -0.46190000 -0.00500000
vn -0.88690000 -0.46190000 -0.00500000
vn -0.75060000 -0.51190000 0.41770000
vn -0.74920000 -0.51480000 0.41690000
vn -0.61320000 -0.49900000 0.61230000
vn -0.61170000 -0.50170000 0.61170000
vn -0.63780000 -0.43310000 0.63690000
vn -0.76610000 0.00790000 0.64270000
vn -0.76610000 0.00790000 0.64270000
vn -0.93520000 -0.35400000 -0.00680000
vn -0.93520000 -0.35400000 -0.00680000
vn -0.78240000 -0.44530000 0.43540000
vn -1.00000000 0.00710000 -0.00000000
vn -1.00000000 0.00710000 -0.00000000
vn -1.00000000 0.00710000 -0.00000000
vn -1.00000000 0.00710000 -0.00000000
vn -0.93970000 0.00790000 0.34200000
vn -0.93970000 0.00790000 0.34200000
vn -0.61960000 -0.48420000 0.61780000
vn -0.71100000 -0.11220000 0.69420000
vn -0.86790000 -0.11570000 0.48310000
vn -0.99890000 -0.04730000 0.00640000
vn -0.99890000 -0.04730000 0.00640000
vn -0.99490000 -0.10090000 0.00840000
vn -0.99490000 -0.10090000 0.00840000
vn -0.98820000 -0.15280000 0.00620000
vn -0.98820000 -0.15280000 0.00620000
vn -0.91490000 -0.22940000 0.33230000
vn -0.91490000 -0.22940000 0.33230000
vn -0.97920000 -0.20290000 0.00000000
vn -0.97920000 -0.20290000 0.00000000
vn -0.97920000 -0.20290000 0.00000000
vn -0.97920000 -0.20290000 0.00000000
vn -0.74520000 -0.22940000 0.62620000
vn -0.74520000 -0.22940000 0.62620000
vn -0.70580000 0.12100000 0.69810000
vn -0.69590000 0.41390000 0.58680000
vn -0.69590000 0.41390000 0.58680000
vn -0.86680000 0.12500000 0.48270000
vn -0.85620000 0.41390000 0.30930000
vn -0.85620000 0.41390000 0.30930000
vn -0.98890000 0.14880000 -0.00340000
vn -0.98890000 0.14880000 -0.00340000
vn -0.92890000 0.37030000 0.00000000
vn -0.92890000 0.37030000 0.00000000
vn -0.99330000 -0.11580000 -0.00360000
vn -0.99330000 -0.11580000 -0.00360000
vn -0.92850000 0.37130000 0.00000000
vn -0.92850000 0.37130000 0.00000000
vn -0.92850000 0.37130000 0.00000000
vn -0.92850000 0.37130000 0.00000000
vn -0.69370000 0.22440000 0.68440000
vn -0.84980000 0.23150000 0.47350000
vn -0.95970000 0.28090000 -0.00000000
vn -0.95970000 0.28090000 -0.00000000
vn -1.00000000 -0.00000000 0.00000000
vn -1.00000000 -0.00000000 0.00000000
vn -1.00000000 -0.00000000 0.00000000
vn -1.00000000 -0.00000000 0.00000000
vn -0.96590000 0.00000000 0.25890000
vn -0.96590000 0.00000000 0.25890000
vn -0.86600000 -0.00000000 0.50000000
vn -0.86600000 -0.00000000 0.50000000
vn -0.70720000 -0.00000000 0.70700000
vn -0.70720000 -0.00000000 0.70700000
vn -1.00000000 -0.00000000 0.00000000
vn -1.00000000 -0.00000000 0.00000000
vn -0.52420000 0.81650000 0.24210000
vn -0.51290000 0.81650000 0.26520000
vn -0.96600000 -0.00000000 0.25870000
vn -0.86600000 -0.00000000 0.50000000
vn -0.86600000 -0.00000000 0.50000000
vn -0.50000000 0.81660000 0.28840000
vn -0.70710000 0.00000000 0.70710000
vn -0.48610000 0.81650000 0.31160000
vn -0.86600000 -0.00000000 0.50000000
vn -0.97950000 0.20160000 0.00000000
vn -0.97950000 0.20160000 0.00000000
vn -1.00000000 -0.00000000 0.00000000
vn -1.00000000 -0.00000000 0.00000000
vn -1.00000000 -0.00000000 0.00000000
vn -1.00000000 -0.00000000 0.00000000
vn -0.98230000 0.18720000 0.00000000
vn -0.92850000 0.37140000 -0.00000000
vn -0.92850000 0.37140000 -0.00000000
vn -0.92850000 0.37140000 -0.00000000
vn -0.92850000 0.37140000 -0.00000000
vn -0.99410000 0.10820000 0.00400000
vn -0.99410000 0.10820000 0.00400000
vn -0.99800000 0.06350000 0.00010000
vn -0.97920000 -0.20290000 0.00000000
vn -0.97920000 -0.20290000 0.00000000
vn -0.97920000 -0.20290000 0.00000000
vn -0.97920000 -0.20290000 0.00000000
vn -1.00000000 0.00710000 -0.00000000
vn -1.00000000 0.00710000 -0.00000000
vn -1.00000000 0.00710000 -0.00000000
vn -1.00000000 0.00710000 -0.00000000
vn -0.99530000 -0.09630000 -0.00000000
vn -0.99960000 -0.02850000 0.00100000
vn -0.99960000 -0.02850000 0.00100000
vn -0.90950000 -0.41570000 0.00360000
vn -0.90930000 -0.41610000 0.00000000
vn -0.89380000 -0.44850000 -0.00000000
vn -0.97590000 -0.21840000 -0.00000000
vn -1.00000000 -0.00000000 0.00000000
vn -1.00000000 -0.00000000 0.00000000
vn -1.00000000 -0.00000000 0.00000000
vn -1.00000000 -0.00000000 0.00000000
vn -0.97590000 -0.21800000 0.00030000
vn -0.93570000 -0.35290000 0.00160000
vn -0.93570000 -0.35290000 0.00160000
vn -0.89410000 -0.44780000 0.00180000
vn -0.88700000 -0.46180000 0.00490000
vn -0.88700000 -0.46180000 0.00490000
vn -0.93030000 -0.36680000 0.00680000
vn -0.93030000 -0.36680000 0.00680000
vn -0.57740000 0.81650000 -0.00000000
vn -1.00000000 -0.00000000 0.00000000
vn -1.00000000 -0.00000000 0.00000000
vn -0.56380000 0.81650000 -0.12420000
vn -1.00000000 -0.00000000 0.00000000
vn -1.00000000 -0.00000000 0.00000000
vn -0.52410000 0.81650000 -0.24210000
vn -0.56380000 0.81650000 0.12430000
vn -1.00000000 -0.00000000 0.00000000
vn -0.94230000 -0.21160000 -0.25930000
vn -0.86600000 0.00000000 -0.50000000
vn -0.86600000 0.00000000 -0.50000000
vn -0.83750000 -0.21830000 -0.50090000
vn -0.70720000 0.00000000 -0.70700000
vn -0.70720000 0.00000000 -0.70700000
vn -0.46550000 -0.35740000 -0.80970000
vn -0.46550000 -0.35740000 -0.80970000
vn -0.50000000 0.00000000 -0.86600000
vn -0.50000000 0.00000000 -0.86600000
vn -0.50000000 0.00000000 -0.86600000
vn -0.50000000 0.00000000 -0.86600000
vn -0.74460000 -0.49690000 -0.44570000
vn -0.43910000 -0.46190000 -0.77060000
vn -0.43910000 -0.46190000 -0.77060000
vn -0.73700000 -0.51200000 -0.44120000
vn -0.73560000 -0.51480000 -0.44040000
vn -0.83690000 -0.49910000 -0.22490000
vn -0.83550000 -0.50170000 -0.22400000
vn -0.87050000 -0.43310000 -0.23380000
vn -0.93960000 0.00790000 -0.34210000
vn -0.93960000 0.00790000 -0.34210000
vn -0.46170000 -0.35400000 -0.81330000
vn -0.46170000 -0.35400000 -0.81330000
vn -0.76830000 -0.44530000 -0.45990000
vn -0.50000000 0.00710000 -0.86600000
vn -0.50000000 0.00710000 -0.86600000
vn -0.50000000 0.00710000 -0.86600000
vn -0.50000000 0.00710000 -0.86600000
vn -0.76600000 0.00790000 -0.64270000
vn -0.76600000 0.00790000 -0.64270000
vn -0.84480000 -0.48420000 -0.22780000
vn -0.95670000 -0.11220000 -0.26860000
vn -0.85230000 -0.11570000 -0.51010000
vn -0.50500000 -0.04730000 -0.86180000
vn -0.50500000 -0.04730000 -0.86180000
vn -0.50470000 -0.10090000 -0.85740000
vn -0.50470000 -0.10090000 -0.85740000
vn -0.49950000 -0.15280000 -0.85270000
vn -0.49950000 -0.15280000 -0.85270000
vn -0.74520000 -0.22940000 -0.62620000
vn -0.74520000 -0.22940000 -0.62620000
vn -0.48960000 -0.20290000 -0.84800000
vn -0.48960000 -0.20290000 -0.84800000
vn -0.48960000 -0.20290000 -0.84800000
vn -0.48960000 -0.20290000 -0.84800000
vn -0.91490000 -0.22940000 -0.33230000
vn -0.91490000 -0.22940000 -0.33230000
vn -0.95740000 0.12100000 -0.26220000
vn -0.85620000 0.41390000 -0.30930000
vn -0.85620000 0.41390000 -0.30930000
vn -0.85150000 0.12500000 -0.50930000
vn -0.69600000 0.41390000 -0.58680000
vn -0.69600000 0.41390000 -0.58680000
vn -0.49150000 0.14880000 -0.85810000
vn -0.49150000 0.14880000 -0.85810000
vn -0.46440000 0.37050000 -0.80440000
vn -0.46440000 0.37050000 -0.80440000
vn -0.49350000 -0.11580000 -0.86200000
vn -0.49350000 -0.11580000 -0.86200000
vn -0.46430000 0.37150000 -0.80400000
vn -0.46430000 0.37150000 -0.80400000
vn -0.46430000 0.37150000 -0.80400000
vn -0.46430000 0.37150000 -0.80400000
vn -0.93960000 0.22440000 -0.25860000
vn -0.83500000 0.23150000 -0.49920000
vn -0.47980000 0.28090000 -0.83120000
vn -0.47980000 0.28090000 -0.83120000
vn -0.50000000 0.00000000 -0.86600000
vn -0.50000000 0.00000000 -0.86600000
vn -0.50000000 0.00000000 -0.86600000
vn -0.50000000 0.00000000 -0.86600000
vn -0.70720000 0.00000000 -0.70700000
vn -0.70720000 0.00000000 -0.70700000
vn -0.86600000 0.00000000 -0.50000000
vn -0.86600000 0.00000000 -0.50000000
vn -0.96590000 -0.00000000 -0.25890000
vn -0.96590000 -0.00000000 -0.25890000
vn -0.50000000 0.00000000 -0.86600000
vn -0.47170000 0.81650000 -0.33280000
vn -0.50000000 0.00000000 -0.86600000
vn -0.70710000 -0.00000000 -0.70710000
vn -0.48610000 0.81650000 -0.31150000
vn -0.86600000 0.00000000 -0.50000000
vn -0.49970000 0.81660000 -0.28880000
vn -0.86600000 0.00000000 -0.50000000
vn -0.96590000 -0.00000000 -0.25870000
vn -0.51290000 0.81650000 -0.26520000
vn -0.86600000 0.00000000 -0.50000000
vn -0.48970000 0.20160000 -0.84820000
vn -0.48970000 0.20160000 -0.84820000
vn -0.50000000 0.00000000 -0.86600000
vn -0.50000000 0.00000000 -0.86600000
vn -0.50000000 0.00000000 -0.86600000
vn -0.50000000 0.00000000 -0.86600000
vn -0.49120000 0.18720000 -0.85070000
vn -0.46420000 0.37140000 -0.80410000
vn -0.46420000 0.37140000 -0.80410000
vn -0.46420000 0.37140000 -0.80410000
vn -0.46420000 0.37140000 -0.80410000
vn -0.50060000 0.10820000 -0.85890000
vn -0.50060000 0.10820000 -0.85890000
vn -0.49900000 0.06350000 -0.86420000
vn -0.48960000 -0.20290000 -0.84800000
vn -0.48960000 -0.20290000 -0.84800000
vn -0.48960000 -0.20290000 -0.84800000
vn -0.48960000 -0.20290000 -0.84800000
vn -0.50000000 0.00710000 -0.86600000
vn -0.50000000 0.00710000 -0.86600000
vn -0.50000000 0.00710000 -0.86600000
vn -0.50000000 0.00710000 -0.86600000
vn -0.49770000 -0.09630000 -0.86200000
vn -0.50070000 -0.02850000 -0.86510000
vn -0.50070000 -0.02850000 -0.86510000
vn -0.45780000 -0.41570000 -0.78590000
vn -0.45470000 -0.41600000 -0.78750000
vn -0.44690000 -0.44850000 -0.77410000
vn -0.48790000 -0.21840000 -0.84510000
vn -0.50000000 0.00000000 -0.86600000
vn -0.50000000 0.00000000 -0.86600000
vn -0.50000000 0.00000000 -0.86600000
vn -0.50000000 0.00000000 -0.86600000
vn -0.48820000 -0.21800000 -0.84510000
vn -0.46930000 -0.35290000 -0.80950000
vn -0.46930000 -0.35290000 -0.80950000
vn -0.44870000 -0.44780000 -0.77340000
vn -0.44770000 -0.46180000 -0.76570000
vn -0.44770000 -0.46180000 -0.76570000
vn -0.47100000 -0.36680000 -0.80220000
vn -0.47100000 -0.36680000 -0.80220000
vn -0.28860000 0.81650000 -0.50000000
vn -0.50000000 0.00000000 -0.86600000
vn -0.17430000 0.81650000 -0.55040000
vn -0.50000000 0.00000000 -0.86600000
vn -0.05240000 0.81650000 -0.57500000
vn -0.50000000 0.00000000 -0.86600000
vn -0.50000000 0.00000000 -0.86600000
vn -0.50000000 0.00000000 -0.86600000
vn -0.38950000 0.81650000 -0.42620000
vn 0.70710000 0.00000000 -0.70710000
vn 0.48610000 0.81650000 -0.31160000
vn 0.47170000 0.81650000 -0.33290000
vn 0.50000000 0.00000000 -0.86600000
vn 0.50000000 0.00000000 -0.86600000
vn 0.49310000 0.81650000 -0.30040000
vn 0.00000000 1.00000000 0.00000000
vn 0.28870000 0.81650000 -0.50000000
vn 0.50000000 0.00000000 -0.86600000
vn 0.00000000 1.00000000 0.00000000
vn 0.27680000 0.81650000 -0.50670000
vn 0.50000000 0.00000000 -0.86600000
vn 0.05240000 0.81650000 -0.57500000
vn 0.50000000 0.00000000 -0.86600000
vn -0.01360000 0.81650000 -0.57720000
vn 0.00000000 1.00000000 0.00000000
vn 0.02670000 0.81650000 -0.57670000
vn 0.25890000 0.00000000 -0.96590000
vn 0.00000000 0.00000000 -1.00000000
vn 0.00000000 0.81650000 -0.57740000
vn -0.02670000 0.81650000 -0.57670000
vn -0.25890000 -0.00000000 -0.96590000
vn -0.30040000 0.81650000 -0.49300000
vn 0.00000000 1.00000000 0.00000000
vn -0.50670000 0.81650000 -0.27680000
vn 0.00000000 1.00000000 0.00000000
vn 0.00000000 1.00000000 0.00000000
vn -0.57720000 0.81650000 0.01360000
vn 0.00000000 1.00000000 0.00000000
vn -0.49310000 0.81650000 0.30040000
vn -0.27680000 0.81650000 0.50670000
vn -0.27680000 0.81650000 0.50670000
vn 0.00000000 1.00000000 0.00000000
vn 0.00000000 1.00000000 0.00000000
vn 0.01360000 0.81650000 0.57720000
vn 0.17430000 0.81650000 0.55040000
vn 0.50000000 -0.00000000 0.86600000
vn 0.00000000 1.00000000 0.00000000
vn 0.30040000 0.81650000 0.49300000
vn 0.28860000 0.81650000 0.50000000
vn 0.50000000 -0.00000000 0.86600000
vn 0.38950000 0.81650000 0.42620000
vn 0.50000000 -0.00000000 0.86600000
vn 0.00000000 1.00000000 0.00000000
vn 0.50670000 0.81650000 0.27680000
vn 0.47170000 0.81650000 0.33290000
vn 0.50000000 -0.00000000 0.86600000
vn 0.50000000 -0.00000000 0.86600000
vn 0.48610000 0.81650000 0.31150000
vn 0.70710000 -0.00000000 0.70710000
vn 0.86600000 -0.00000000 0.50000000
vn 0.49970000 0.81660000 0.28880000
vn 0.51290000 0.81650000 0.26520000
vn 0.96590000 -0.00000000 0.25870000
vn 0.52410000 0.81650000 0.24220000
vn 1.00000000 -0.00000000 0.00000000
vn 1.00000000 -0.00000000 0.00000000
vn 1.00000000 -0.00000000 0.00000000
vn 0.56380000 0.81650000 0.12430000
vn 0.57720000 0.81650000 -0.01360000
vn 0.00000000 1.00000000 0.00000000
vn 1.00000000 -0.00000000 0.00000000
vn 0.57740000 0.81650000 -0.00000000
vn 1.00000000 -0.00000000 0.00000000
vn 0.56380000 0.81650000 -0.12430000
vn 1.00000000 -0.00000000 0.00000000
vn 0.52410000 0.81650000 -0.24210000
vn 1.00000000 -0.00000000 0.00000000
vn 0.96590000 -0.00000000 -0.25880000
vn 0.51290000 0.81650000 -0.26520000
vn 0.50000000 0.81660000 -0.28840000
vn 0.86600000 0.00000000 -0.50000000
vn -0.24670000 -0.21160000 -0.94570000
vn -0.25870000 -0.00000000 -0.96600000
vn -0.25870000 -0.00000000 -0.96600000
vn 0.00000000 0.00000000 -1.00000000
vn 0.00000000 0.00000000 -1.00000000
vn 0.01500000 -0.21830000 -0.97580000
vn 0.25870000 0.00000000 -0.96600000
vn 0.25870000 0.00000000 -0.96600000
vn 0.46850000 -0.35740000 -0.80800000
vn 0.46850000 -0.35740000 -0.80800000
vn 0.50000000 0.00000000 -0.86600000
vn 0.50000000 0.00000000 -0.86600000
vn 0.50000000 0.00000000 -0.86600000
vn 0.50000000 0.00000000 -0.86600000
vn 0.01370000 -0.49690000 -0.86770000
vn 0.44780000 -0.46190000 -0.76560000
vn 0.44780000 -0.46190000 -0.76560000
vn 0.01360000 -0.51190000 -0.85890000
vn 0.01360000 -0.51480000 -0.85720000
vn -0.22360000 -0.49900000 -0.83720000
vn -0.22380000 -0.50170000 -0.83560000
vn -0.23280000 -0.43310000 -0.87080000
vn -0.17360000 0.00790000 -0.98480000
vn -0.17360000 0.00790000 -0.98480000
vn 0.47350000 -0.35400000 -0.80650000
vn 0.47350000 -0.35400000 -0.80650000
vn 0.01410000 -0.44530000 -0.89530000
vn 0.50000000 0.00710000 -0.86600000
vn 0.50000000 0.00710000 -0.86600000
vn 0.50000000 0.00710000 -0.86600000
vn 0.50000000 0.00710000 -0.86600000
vn 0.17360000 0.00790000 -0.98480000
vn 0.17360000 0.00790000 -0.98480000
vn -0.22520000 -0.48420000 -0.84550000
vn -0.24570000 -0.11220000 -0.96280000
vn 0.01560000 -0.11570000 -0.99320000
vn 0.49390000 -0.04730000 -0.86820000
vn 0.49390000 -0.04730000 -0.86820000
vn 0.49020000 -0.10090000 -0.86580000
vn 0.49020000 -0.10090000 -0.86580000
vn 0.48870000 -0.15280000 -0.85890000
vn 0.48870000 -0.15280000 -0.85890000
vn 0.16970000 -0.22940000 -0.95840000
vn 0.16970000 -0.22940000 -0.95840000
vn 0.48960000 -0.20290000 -0.84800000
vn 0.48960000 -0.20290000 -0.84800000
vn 0.48960000 -0.20290000 -0.84800000
vn 0.48960000 -0.20290000 -0.84800000
vn -0.16970000 -0.22940000 -0.95840000
vn -0.16970000 -0.22940000 -0.95840000
vn -0.25160000 0.12100000 -0.96020000
vn -0.16020000 0.41390000 -0.89610000
vn -0.16020000 0.41390000 -0.89610000
vn 0.01530000 0.12500000 -0.99200000
vn 0.16020000 0.41390000 -0.89610000
vn 0.16020000 0.41390000 -0.89610000
vn 0.49740000 0.14880000 -0.85470000
vn 0.49740000 0.14880000 -0.85470000
vn 0.46420000 0.37020000 -0.80470000
vn 0.46420000 0.37020000 -0.80470000
vn 0.49980000 -0.11580000 -0.85840000
vn 0.49980000 -0.11580000 -0.85840000
vn 0.46400000 0.37120000 -0.80430000
vn 0.46400000 0.37120000 -0.80430000
vn 0.46400000 0.37120000 -0.80430000
vn 0.46400000 0.37120000 -0.80430000
vn -0.24580000 0.22440000 -0.94300000
vn 0.01490000 0.23150000 -0.97270000
vn 0.47990000 0.28090000 -0.83110000
vn 0.47990000 0.28090000 -0.83110000
vn 0.50000000 0.00000000 -0.86600000
vn 0.50000000 0.00000000 -0.86600000
vn 0.50000000 0.00000000 -0.86600000
vn 0.50000000 0.00000000 -0.86600000
vn 0.25870000 0.00000000 -0.96600000
vn 0.25870000 0.00000000 -0.96600000
vn 0.00000000 0.00000000 -1.00000000
vn 0.00000000 0.00000000 -1.00000000
vn -0.25870000 -0.00000000 -0.96600000
vn -0.25870000 -0.00000000 -0.96600000
vn 0.00000000 0.00000000 -1.00000000
vn 0.00000000 0.00000000 -1.00000000
vn 0.48970000 0.20160000 -0.84820000
vn 0.48970000 0.20160000 -0.84820000
vn 0.50000000 0.00000000 -0.86600000
vn 0.50000000 0.00000000 -0.86600000
vn 0.50000000 0.00000000 -0.86600000
vn 0.50000000 0.00000000 -0.86600000
vn 0.49110000 0.18720000 -0.85070000
vn 0.46420000 0.37140000 -0.80410000
vn 0.46420000 0.37140000 -0.80410000
vn 0.46420000 0.37140000 -0.80410000
vn 0.46420000 0.37140000 -0.80410000
vn 0.49350000 0.10820000 -0.86300000
vn 0.49350000 0.10820000 -0.86300000
vn 0.49890000 0.06350000 -0.86430000
vn 0.48960000 -0.20290000 -0.84800000
vn 0.48960000 -0.20290000 -0.84800000
vn 0.48960000 -0.20290000 -0.84800000
vn 0.48960000 -0.20290000 -0.84800000
vn 0.50000000 0.00710000 -0.86600000
vn 0.50000000 0.00710000 -0.86600000
vn 0.50000000 0.00710000 -0.86600000
vn 0.50000000 0.00710000 -0.86600000
vn 0.49770000 -0.09630000 -0.86200000
vn 0.49890000 -0.02850000 -0.86620000
vn 0.49890000 -0.02850000 -0.86620000
vn 0.45170000 -0.41570000 -0.78940000
vn 0.45470000 -0.41610000 -0.78750000
vn 0.44690000 -0.44850000 -0.77410000
vn 0.48790000 -0.21840000 -0.84510000
vn 0.50000000 0.00000000 -0.86600000
vn 0.50000000 0.00000000 -0.86600000
vn 0.50000000 0.00000000 -0.86600000
vn 0.50000000 0.00000000 -0.86600000
vn 0.48780000 -0.21800000 -0.84530000
vn 0.46640000 -0.35290000 -0.81110000
vn 0.46640000 -0.35290000 -0.81110000
vn 0.44550000 -0.44780000 -0.77530000
vn 0.43930000 -0.46180000 -0.77060000
vn 0.43930000 -0.46180000 -0.77060000
vn 0.45930000 -0.36680000 -0.80900000
vn 0.45930000 -0.36680000 -0.80900000
vn 0.69570000 -0.21160000 -0.68650000
vn 0.70720000 -0.00000000 -0.70700000
vn 0.70720000 -0.00000000 -0.70700000
vn 0.86600000 0.00000000 -0.50000000
vn 0.86600000 0.00000000 -0.50000000
vn 0.85250000 -0.21830000 -0.47490000
vn 1.00000000 -0.00000000 0.00000000
vn 1.00000000 -0.00000000 0.00000000
vn 1.00000000 -0.00000000 0.00000000
vn 1.00000000 -0.00000000 0.00000000
vn 0.93390000 -0.35740000 0.00170000
vn 0.93390000 -0.35740000 0.00170000
vn 0.75830000 -0.49690000 -0.42200000
vn 0.88690000 -0.46190000 0.00500000
vn 0.88690000 -0.46190000 0.00500000
vn 0.75060000 -0.51190000 -0.41770000
vn 0.74920000 -0.51480000 -0.41690000
vn 0.61320000 -0.49900000 -0.61230000
vn 0.61170000 -0.50170000 -0.61170000
vn 0.63780000 -0.43310000 -0.63690000
vn 0.76600000 0.00790000 -0.64270000
vn 0.76600000 0.00790000 -0.64270000
vn 0.93520000 -0.35400000 0.00680000
vn 0.93520000 -0.35400000 0.00680000
vn 0.78240000 -0.44530000 -0.43540000
vn 1.00000000 0.00710000 0.00000000
vn 1.00000000 0.00710000 0.00000000
vn 1.00000000 0.00710000 0.00000000
vn 1.00000000 0.00710000 0.00000000
vn 0.93970000 0.00790000 -0.34200000
vn 0.93970000 0.00790000 -0.34200000
vn 0.61960000 -0.48420000 -0.61780000
vn 0.71100000 -0.11220000 -0.69420000
vn 0.86790000 -0.11570000 -0.48310000
vn 0.99890000 -0.04730000 -0.00640000
vn 0.99890000 -0.04730000 -0.00640000
vn 0.99490000 -0.10090000 -0.00840000
vn 0.99490000 -0.10090000 -0.00840000
vn 0.98820000 -0.15280000 -0.00620000
vn 0.98820000 -0.15280000 -0.00620000
vn 0.91490000 -0.22940000 -0.33230000
vn 0.91490000 -0.22940000 -0.33230000
vn 0.97920000 -0.20290000 -0.00000000
vn 0.97920000 -0.20290000 -0.00000000
vn 0.97920000 -0.20290000 -0.00000000
vn 0.97920000 -0.20290000 -0.00000000
vn 0.74520000 -0.22940000 -0.62620000
vn 0.74520000 -0.22940000 -0.62620000
vn 0.70580000 0.12100000 -0.69800000
vn 0.69600000 0.41390000 -0.58680000
vn 0.69600000 0.41390000 -0.58680000
vn 0.86680000 0.12500000 -0.48270000
vn 0.85620000 0.41390000 -0.30930000
vn 0.85620000 0.41390000 -0.30930000
vn 0.98880000 0.14940000 0.00340000
vn 0.98880000 0.14940000 0.00340000
vn 0.92850000 0.37140000 0.00000000
vn 0.92850000 0.37140000 0.00000000
vn 0.92850000 0.37140000 0.00000000
vn 0.92850000 0.37140000 0.00000000
vn 0.99330000 -0.11580000 0.00370000
vn 0.99330000 -0.11580000 0.00370000
vn 0.69370000 0.22440000 -0.68440000
vn 0.84980000 0.23150000 -0.47350000
vn 0.95970000 0.28090000 0.00000000
vn 0.95970000 0.28090000 0.00000000
vn 1.00000000 -0.00000000 0.00000000
vn 1.00000000 -0.00000000 0.00000000
vn 1.00000000 -0.00000000 0.00000000
vn 1.00000000 -0.00000000 0.00000000
vn 0.96590000 0.00000000 -0.25890000
vn 0.96590000 0.00000000 -0.25890000
vn 0.86600000 0.00000000 -0.50000000
vn 0.86600000 0.00000000 -0.50000000
vn 0.70720000 -0.00000000 -0.70700000
vn 0.70720000 -0.00000000 -0.70700000
vn 0.86600000 0.00000000 -0.50000000
vn 0.86600000 0.00000000 -0.50000000
vn 0.48970000 0.20160000 0.84820000
vn 0.48970000 0.20160000 0.84820000
vn 0.46420000 0.37140000 0.80410000
vn 0.46420000 0.37140000 0.80410000
vn 0.46420000 0.37140000 0.80410000
vn 0.46420000 0.37140000 0.80410000
vn 0.49110000 0.18720000 0.85070000
vn 0.50000000 -0.00000000 0.86600000
vn 0.50000000 -0.00000000 0.86600000
vn 0.50000000 -0.00000000 0.86600000
vn 0.50000000 -0.00000000 0.86600000
vn 0.49350000 0.10820000 0.86300000
vn 0.49350000 0.10820000 0.86300000
vn 0.48960000 -0.20290000 0.84800000
vn 0.48960000 -0.20290000 0.84800000
vn 0.48960000 -0.20290000 0.84800000
vn 0.48960000 -0.20290000 0.84800000
vn 0.49910000 0.06350000 0.86420000
vn 0.49760000 -0.09630000 0.86200000
vn 0.50000000 0.00700000 0.86600000
vn 0.50000000 0.00700000 0.86600000
vn 0.50000000 0.00700000 0.86600000
vn 0.50000000 0.00700000 0.86600000
vn 0.46640000 -0.35290000 0.81110000
vn 0.46640000 -0.35290000 0.81110000
vn 0.50000000 -0.00000000 0.86600000
vn 0.50000000 -0.00000000 0.86600000
vn 0.50000000 -0.00000000 0.86600000
vn 0.50000000 -0.00000000 0.86600000
vn 0.48790000 -0.21840000 0.84510000
vn 0.48820000 -0.21800000 0.84510000
vn 0.44870000 -0.44770000 0.77340000
vn 0.45780000 -0.41570000 0.78590000
vn 0.49890000 -0.02850000 0.86620000
vn 0.49890000 -0.02850000 0.86620000
vn 0.45920000 -0.36680000 0.80900000
vn 0.45920000 -0.36680000 0.80900000
vn 0.45470000 -0.41600000 0.78750000
vn 0.44690000 -0.44850000 0.77410000
vn 0.43930000 -0.46180000 0.77060000
vn 0.43930000 -0.46180000 0.77060000
vn 0.97950000 0.20160000 -0.00000000
vn 0.97950000 0.20160000 -0.00000000
vn 1.00000000 -0.00000000 0.00000000
vn 1.00000000 -0.00000000 0.00000000
vn 1.00000000 -0.00000000 0.00000000
vn 1.00000000 -0.00000000 0.00000000
vn 0.98230000 0.18720000 -0.00000000
vn 0.92850000 0.37140000 0.00000000
vn 0.92850000 0.37140000 0.00000000
vn 0.92850000 0.37140000 0.00000000
vn 0.92850000 0.37140000 0.00000000
vn 0.99410000 0.10820000 -0.00410000
vn 0.99410000 0.10820000 -0.00410000
vn 0.99800000 0.06350000 -0.00010000
vn 0.97920000 -0.20290000 -0.00000000
vn 0.97920000 -0.20290000 -0.00000000
vn 0.97920000 -0.20290000 -0.00000000
vn 0.97920000 -0.20290000 -0.00000000
vn 1.00000000 0.00710000 0.00000000
vn 1.00000000 0.00710000 0.00000000
vn 1.00000000 0.00710000 0.00000000
vn 1.00000000 0.00710000 0.00000000
vn 0.99530000 -0.09630000 0.00000000
vn 0.99960000 -0.02850000 -0.00100000
vn 0.99960000 -0.02850000 -0.00100000
vn 0.90950000 -0.41570000 -0.00360000
vn 0.90940000 -0.41600000 0.00000000
vn 0.89380000 -0.44850000 0.00000000
vn 0.97590000 -0.21840000 0.00000000
vn 1.00000000 -0.00000000 0.00000000
vn 1.00000000 -0.00000000 0.00000000
vn 1.00000000 -0.00000000 0.00000000
vn 1.00000000 -0.00000000 0.00000000
vn 0.97590000 -0.21800000 -0.00030000
vn 0.93570000 -0.35290000 -0.00170000
vn 0.93570000 -0.35290000 -0.00170000
vn 0.89410000 -0.44780000 -0.00180000
vn 0.88700000 -0.46180000 -0.00480000
vn 0.88700000 -0.46180000 -0.00480000
vn 0.93030000 -0.36680000 -0.00680000
vn 0.93030000 -0.36680000 -0.00680000
vn 0.94230000 -0.21160000 0.25930000
vn 0.86600000 -0.00000000 0.50000000
vn 0.86600000 -0.00000000 0.50000000
vn 0.83750000 -0.21830000 0.50090000
vn 0.70720000 0.00000000 0.70700000
vn 0.70720000 0.00000000 0.70700000
vn 0.74460000 -0.49690000 0.44570000
vn 0.73700000 -0.51200000 0.44120000
vn 0.73560000 -0.51480000 0.44040000
vn 0.76830000 -0.44530000 0.45990000
vn 0.83550000 -0.50170000 0.22400000
vn 0.87050000 -0.43310000 0.23380000
vn 0.93960000 0.00790000 0.34210000
vn 0.93960000 0.00790000 0.34210000
vn 0.76610000 0.00790000 0.64270000
vn 0.76610000 0.00790000 0.64270000
vn 0.83690000 -0.49910000 0.22490000
vn 0.84480000 -0.48420000 0.22780000
vn 0.95670000 -0.11220000 0.26860000
vn 0.85230000 -0.11570000 0.51010000
vn 0.74520000 -0.22940000 0.62620000
vn 0.74520000 -0.22940000 0.62620000
vn 0.91490000 -0.22940000 0.33230000
vn 0.91490000 -0.22940000 0.33230000
vn 0.95740000 0.12100000 0.26220000
vn 0.85620000 0.41390000 0.30930000
vn 0.85620000 0.41390000 0.30930000
vn 0.85150000 0.12500000 0.50930000
vn 0.69600000 0.41390000 0.58680000
vn 0.69600000 0.41390000 0.58680000
vn 0.93960000 0.22440000 0.25860000
vn 0.83500000 0.23150000 0.49920000
vn 0.70720000 0.00000000 0.70700000
vn 0.70720000 0.00000000 0.70700000
vn 0.86600000 -0.00000000 0.50000000
vn 0.86600000 -0.00000000 0.50000000
vn 0.96590000 -0.00000000 0.25900000
vn 0.96590000 -0.00000000 0.25900000
vn 0.86600000 -0.00000000 0.50000000
vn 0.86600000 -0.00000000 0.50000000
vn 0.49790000 0.00000000 0.86720000
vn 0.49790000 0.00000000 0.86720000
vn 0.49790000 0.00000000 0.86720000
vn 0.49790000 0.00000000 0.86720000
vn 0.17360000 -0.00000000 0.98480000
vn 0.17360000 -0.00000000 0.98480000
vn -0.17360000 0.00000000 0.98480000
vn -0.17360000 0.00000000 0.98480000
vn -0.50000000 -0.00000000 0.86600000
vn -0.50000000 -0.00000000 0.86600000
vn -0.50000000 -0.00000000 0.86600000
vn -0.50000000 -0.00000000 0.86600000
vn -0.50210000 0.00000000 0.86480000
vn -0.50210000 0.00000000 0.86480000
vn -0.50210000 0.00000000 0.86480000
vn -0.50210000 0.00000000 0.86480000
vn -0.76610000 -0.00000000 0.64280000
vn -0.76610000 -0.00000000 0.64280000
vn -0.93970000 0.00000000 0.34200000
vn -0.93970000 0.00000000 0.34200000
vn -1.00000000 -0.00000000 0.00000000
vn -1.00000000 -0.00000000 0.00000000
vn -1.00000000 -0.00000000 0.00000000
vn -1.00000000 -0.00000000 0.00000000
vn -1.00000000 0.00000000 -0.00240000
vn -1.00000000 0.00000000 -0.00240000
vn -1.00000000 0.00000000 -0.00240000
vn -1.00000000 0.00000000 -0.00240000
vn -0.93970000 -0.00000000 -0.34200000
vn -0.93970000 -0.00000000 -0.34200000
vn -0.76610000 0.00000000 -0.64280000
vn -0.76610000 0.00000000 -0.64280000
vn -0.50000000 0.00000000 -0.86600000
vn -0.50000000 0.00000000 -0.86600000
vn -0.50000000 0.00000000 -0.86600000
vn -0.50000000 0.00000000 -0.86600000
vn -0.49790000 0.00000000 -0.86720000
vn -0.49790000 0.00000000 -0.86720000
vn -0.49790000 0.00000000 -0.86720000
vn -0.49790000 0.00000000 -0.86720000
vn -0.17370000 -0.00000000 -0.98480000
vn -0.17370000 -0.00000000 -0.98480000
vn 0.17360000 0.00000000 -0.98480000
vn 0.17360000 0.00000000 -0.98480000
vn 0.50000000 0.00000000 -0.86600000
vn 0.50000000 0.00000000 -0.86600000
vn 0.50000000 0.00000000 -0.86600000
vn 0.50000000 0.00000000 -0.86600000
vn 0.50210000 0.00000000 -0.86480000
vn 0.50210000 0.00000000 -0.86480000
vn 0.50210000 0.00000000 -0.86480000
vn 0.50210000 0.00000000 -0.86480000
vn 0.76610000 -0.00000000 -0.64280000
vn 0.76610000 -0.00000000 -0.64280000
vn 0.93970000 0.00000000 -0.34200000
vn 0.93970000 0.00000000 -0.34200000
vn 1.00000000 -0.00000000 0.00000000
vn 1.00000000 -0.00000000 0.00000000
vn 1.00000000 -0.00000000 0.00000000
vn 1.00000000 -0.00000000 0.00000000
vn 0.50000000 -0.00000000 0.86600000
vn 0.50000000 -0.00000000 0.86600000
vn 0.50000000 -0.00000000 0.86600000
vn 0.50000000 -0.00000000 0.86600000
vn 1.00000000 0.00000000 0.00240000
vn 1.00000000 0.00000000 0.00240000
vn 1.00000000 0.00000000 0.00240000
vn 1.00000000 0.00000000 0.00240000
vn 0.93970000 -0.00000000 0.34200000
vn 0.93970000 -0.00000000 0.34200000
vn 0.76600000 0.00000000 0.64280000
vn 0.76600000 0.00000000 0.64280000
vn -0.86600000 -0.50010000 0.00010000
vn -0.86600000 -0.50010000 0.00010000
vn -0.86600000 -0.50010000 -0.00360000
vn -0.86600000 -0.50010000 -0.00360000
vn -0.50010000 -0.86600000 -0.00010000
vn -0.50010000 -0.86600000 -0.00010000
vn -0.50010000 -0.86600000 -0.00240000
vn -0.50010000 -0.86600000 -0.00240000
vn 0.00000000 -1.00000000 -0.00000000
vn 0.00000000 -1.00000000 -0.00000000
vn 0.00000000 -1.00000000 -0.00000000
vn 0.00000000 -1.00000000 -0.00000000
vn 0.00000000 -1.00000000 -0.00000000
vn 0.00000000 -1.00000000 -0.00000000
vn -0.90180000 -0.40760000 0.14360000
vn -0.65980000 -0.74410000 0.10500000
vn -0.35330000 -0.93380000 0.05600000
vn 0.00000000 -1.00000000 -0.00030000
vn 0.00000000 -1.00000000 -0.00030000
vn -0.29150000 -0.93380000 0.20750000
vn 0.00000000 -1.00000000 -0.00010000
vn 0.00000000 -1.00000000 -0.00010000
vn -0.25210000 -0.86600000 0.43190000
vn -0.25210000 -0.86600000 0.43190000
vn 0.00000000 -1.00000000 -0.00000000
vn 0.00000000 -1.00000000 -0.00000000
vn 0.00000000 -1.00000000 -0.00000000
vn -0.54430000 -0.74410000 0.38740000
vn -0.43680000 -0.50010000 0.74770000
vn -0.43680000 -0.50010000 0.74770000
vn -0.74400000 -0.40750000 0.52950000
vn -0.43300000 -0.50010000 0.75000000
vn -0.43300000 -0.50010000 0.75000000
vn -0.25000000 -0.86600000 0.43300000
vn -0.25000000 -0.86600000 0.43300000
vn 0.00000000 -1.00000000 -0.00000000
vn 0.00000000 -1.00000000 -0.00000000
vn 0.00000000 -1.00000000 -0.00000000
vn -0.32660000 -0.40760000 0.85280000
vn -0.23890000 -0.74410000 0.62390000
vn -0.12790000 -0.93380000 0.33410000
vn -0.00000000 -1.00000000 -0.00070000
vn -0.00000000 -1.00000000 -0.00070000
vn 0.03390000 -0.93380000 0.35610000
vn -0.00000000 -1.00000000 0.00010000
vn -0.00000000 -1.00000000 0.00010000
vn 0.24800000 -0.86600000 0.43430000
vn 0.24800000 -0.86600000 0.43430000
vn 0.00000000 -1.00000000 -0.00000000
vn 0.00000000 -1.00000000 -0.00000000
vn 0.00000000 -1.00000000 -0.00000000
vn 0.06340000 -0.74410000 0.66510000
vn 0.42920000 -0.50010000 0.75210000
vn 0.42920000 -0.50010000 0.75210000
vn 0.08660000 -0.40750000 0.90910000
vn 0.43300000 -0.50010000 0.75000000
vn 0.43300000 -0.50010000 0.75000000
vn 0.25010000 -0.86600000 0.43310000
vn 0.25010000 -0.86600000 0.43310000
vn 0.00000000 -1.00000000 -0.00000000
vn 0.00000000 -1.00000000 -0.00000000
vn 0.00000000 -1.00000000 -0.00000000
vn 0.57520000 -0.40760000 0.70920000
vn 0.42080000 -0.74410000 0.51890000
vn 0.22540000 -0.93380000 0.27800000
vn 0.00000000 -1.00000000 -0.00000000
vn 0.00000000 -1.00000000 -0.00000000
vn 0.32540000 -0.93380000 0.14870000
vn 0.00000000 -1.00000000 -0.00000000
vn 0.00000000 -1.00000000 -0.00000000
vn 0.50010000 -0.86600000 0.00240000
vn 0.50010000 -0.86600000 0.00240000
vn 0.00000000 -1.00000000 -0.00000000
vn 0.00000000 -1.00000000 -0.00000000
vn 0.00000000 -1.00000000 -0.00000000
vn 0.60760000 -0.74410000 0.27770000
vn 0.86590000 -0.50010000 0.00440000
vn 0.86590000 -0.50010000 0.00440000
vn 0.83060000 -0.40760000 0.37950000
vn 0.86600000 -0.50010000 -0.00000000
vn 0.86600000 -0.50010000 -0.00000000
vn 0.50010000 -0.86600000 0.00010000
vn 0.50010000 -0.86600000 0.00010000
vn 0.00000000 -1.00000000 -0.00000000
vn 0.00000000 -1.00000000 -0.00000000
vn 0.00000000 -1.00000000 -0.00000000
vn 0.90180000 -0.40760000 -0.14360000
vn 0.65980000 -0.74410000 -0.10500000
vn 0.35330000 -0.93380000 -0.05630000
vn -0.00000000 -1.00000000 0.00020000
vn -0.00000000 -1.00000000 0.00020000
vn 0.29150000 -0.93380000 -0.20750000
vn 0.00000000 -1.00000000 -0.00000000
vn 0.00000000 -1.00000000 -0.00000000
vn 0.25210000 -0.86600000 -0.43190000
vn 0.25210000 -0.86600000 -0.43190000
vn 0.00000000 -1.00000000 -0.00000000
vn 0.00000000 -1.00000000 -0.00000000
vn 0.00000000 -1.00000000 -0.00000000
vn 0.54430000 -0.74410000 -0.38740000
vn 0.43680000 -0.50010000 -0.74770000
vn 0.43680000 -0.50010000 -0.74770000
vn 0.74400000 -0.40760000 -0.52950000
vn 0.43300000 -0.50010000 -0.75000000
vn 0.43300000 -0.50010000 -0.75000000
vn 0.25000000 -0.86600000 -0.43310000
vn 0.25000000 -0.86600000 -0.43310000
vn 0.00000000 -1.00000000 -0.00000000
vn 0.00000000 -1.00000000 -0.00000000
vn 0.00000000 -1.00000000 -0.00000000
vn 0.32660000 -0.40750000 -0.85280000
vn 0.23890000 -0.74410000 -0.62390000
vn 0.12790000 -0.93380000 -0.33420000
vn 0.00000000 -1.00000000 0.00030000
vn 0.00000000 -1.00000000 0.00030000
vn -0.03390000 -0.93380000 -0.35620000
vn 0.00000000 -1.00000000 -0.00020000
vn 0.00000000 -1.00000000 -0.00020000
vn -0.24800000 -0.86600000 -0.43430000
vn -0.24800000 -0.86600000 -0.43430000
vn 0.00000000 -1.00000000 -0.00000000
vn 0.00000000 -1.00000000 -0.00000000
vn 0.00000000 -1.00000000 -0.00000000
vn -0.06330000 -0.74410000 -0.66510000
vn -0.42920000 -0.50010000 -0.75210000
vn -0.42920000 -0.50010000 -0.75210000
vn -0.08660000 -0.40750000 -0.90910000
vn -0.43300000 -0.50010000 -0.75000000
vn -0.43300000 -0.50010000 -0.75000000
vn -0.25010000 -0.86600000 -0.43310000
vn -0.25010000 -0.86600000 -0.43310000
vn 0.00000000 -1.00000000 -0.00000000
vn 0.00000000 -1.00000000 -0.00000000
vn 0.00000000 -1.00000000 -0.00000000
vn -0.57520000 -0.40760000 -0.70920000
vn -0.42080000 -0.74410000 -0.51890000
vn -0.22540000 -0.93380000 -0.27790000
vn 0.00000000 -1.00000000 -0.00000000
vn 0.00000000 -1.00000000 -0.00000000
vn -0.32540000 -0.93380000 -0.14870000
vn 0.00000000 -1.00000000 0.00030000
vn 0.00000000 -1.00000000 0.00030000
vn -0.60760000 -0.74410000 -0.27770000
vn -0.83060000 -0.40750000 -0.37960000
vn 0.00000000 -1.00000000 -0.00000000
vn 0.86600000 -0.00000000 0.50000000
vn 0.50000000 -0.00000000 0.86600000
vn 0.00000000 -1.00000000 -0.00000000
vn 0.00000000 -0.00000000 1.00000000
vn 0.00000000 -1.00000000 -0.00000000
vn 0.00000000 -1.00000000 -0.00000000
vn -0.50000000 -0.00000000 0.86600000
vn 0.00000000 -1.00000000 -0.00000000
vn -0.86600000 -0.00000000 0.50000000
vn -1.00000000 -0.00000000 0.00000000
vn 0.00000000 -1.00000000 -0.00000000
vn -0.86600000 0.00000000 -0.50000000
vn 0.00000000 -1.00000000 -0.00000000
vn 0.00000000 -1.00000000 -0.00000000
vn -0.50000000 0.00000000 -0.86600000
vn 0.00000000 0.00000000 -1.00000000
vn 0.00000000 -1.00000000 -0.00000000
vn 0.50000000 0.00000000 -0.86600000
vn 0.00000000 -1.00000000 -0.00000000
vn 0.00000000 -1.00000000 -0.00000000
vn 0.86600000 0.00000000 -0.50000000
vn 0.00000000 -1.00000000 -0.00000000
vn 1.00000000 -0.00000000 0.00000000
vn 1.00000000 -0.00000000 0.00000000
vn 0.00000000 -1.00000000 -0.00000000
vn 0.86600000 0.00000000 -0.50000000
vn 0.86600000 0.00000000 -0.50000000
vn 0.00000000 -1.00000000 -0.00000000
vn 1.00000000 -0.00000000 0.00000000
vn 1.00000000 -0.00000000 0.00000000
vn 1.00000000 -0.00000000 0.00000000
vn 1.00000000 -0.00000000 0.00000000
vn 0.86600000 -0.00000000 0.50000000
vn 0.00000000 -1.00000000 -0.00000000
vn 0.86600000 -0.00000000 0.50000000
vn 0.50000000 -0.00000000 0.86600000
vn 0.00000000 -1.00000000 -0.00000000
vn 0.50000000 -0.00000000 0.86600000
vn 0.00000000 -1.00000000 -0.00000000
vn 0.00000000 -0.00000000 1.00000000
vn 0.00000000 -0.00000000 1.00000000
vn -0.50000000 -0.00000000 0.86600000
vn 0.00000000 -1.00000000 -0.00000000
vn -0.50000000 -0.00000000 0.86600000
vn -0.86600000 -0.00000000 0.50000000
vn 0.00000000 -1.00000000 -0.00000000
vn -0.86600000 -0.00000000 0.50000000
vn -1.00000000 -0.00000000 0.00000000
vn 0.00000000 -1.00000000 -0.00000000
vn -1.00000000 -0.00000000 0.00000000
vn 0.00000000 -1.00000000 -0.00000000
vn -0.86600000 0.00000000 -0.50000000
vn -0.86600000 0.00000000 -0.50000000
vn 0.00000000 -1.00000000 -0.00000000
vn -0.50000000 0.00000000 -0.86600000
vn -0.50000000 0.00000000 -0.86600000
vn 0.00000000 0.00000000 -1.00000000
vn 0.00000000 -1.00000000 -0.00000000
vn 0.00000000 0.00000000 -1.00000000
vn 0.50000000 0.00000000 -0.86600000
vn 0.00000000 -1.00000000 -0.00000000
vn 0.50000000 0.00000000 -0.86600000
vn 0.00000000 1.00000000 0.00000000
vn 0.00000000 -0.00000000 1.00000000
vn 0.00000000 1.00000000 0.00000000
vn -0.50000000 -0.00000000 0.86600000
vn 0.00000000 1.00000000 0.00000000
vn -0.86600000 -0.00000000 0.50000000
vn -1.00000000 -0.00000000 0.00000000
vn -1.00000000 -0.00000000 0.00000000
vn 0.00000000 1.00000000 0.00000000
vn -0.86600000 0.00000000 -0.50000000
vn 0.00000000 1.00000000 0.00000000
vn 0.00000000 1.00000000 0.00000000
vn -0.50000000 0.00000000 -0.86600000
vn 0.00000000 1.00000000 0.00000000
vn 0.00000000 0.00000000 -1.00000000
vn 0.50000000 0.00000000 -0.86600000
vn 0.00000000 1.00000000 0.00000000
vn 0.00000000 1.00000000 0.00000000
vn 0.86600000 0.00000000 -0.50000000
vn 0.00000000 1.00000000 0.00000000
vn 1.00000000 -0.00000000 0.00000000
vn 0.86600000 -0.00000000 0.50000000
vn 0.00000000 1.00000000 0.00000000
vn 0.50000000 -0.00000000 0.86600000
vn 0.00000000 1.00000000 0.00000000
vn 0.00000000 1.00000000 0.00000000
vn -0.86600000 0.00000000 -0.50000000
vn -1.00000000 -0.00000000 0.00000000
vn 0.00000000 1.00000000 0.00000000
vn -1.00000000 -0.00000000 0.00000000
vn 0.00000000 1.00000000 0.00000000
vn -0.86600000 -0.00000000 0.50000000
vn -0.50000000 -0.00000000 0.86600000
vn 0.00000000 1.00000000 0.00000000
vn 0.00000000 -0.00000000 1.00000000
vn 0.00000000 1.00000000 0.00000000
vn 0.00000000 1.00000000 0.00000000
vn 0.50000000 -0.00000000 0.86600000
vn 0.00000000 1.00000000 0.00000000
vn 0.86600000 -0.00000000 0.50000000
vn 1.00000000 -0.00000000 0.00000000
vn 0.00000000 1.00000000 0.00000000
vn 0.00000000 1.00000000 0.00000000
vn 0.86600000 0.00000000 -0.50000000
vn 0.00000000 1.00000000 0.00000000
vn 0.50000000 0.00000000 -0.86600000
vn 0.00000000 1.00000000 0.00000000
vn 0.00000000 0.00000000 -1.00000000
vn 0.00000000 1.00000000 0.00000000
vn -0.50000000 0.00000000 -0.86600000
vn -0.86600000 -0.00000000 0.50000000
vn 0.00000000 1.00000000 0.00000000
vn -1.00000000 -0.00000000 0.00000000
vn -1.00000000 -0.00000000 0.00000000
vn 0.00000000 1.00000000 0.00000000
vn 0.00000000 1.00000000 0.00000000
vn -0.86600000 0.00000000 -0.50000000
vn 0.00000000 1.00000000 0.00000000
vn -0.50000000 -0.00000000 0.86600000
vn 0.00000000 -0.00000000 1.00000000
vn 0.00000000 1.00000000 0.00000000
vn 0.50000000 -0.00000000 0.86600000
vn 0.00000000 1.00000000 0.00000000
vn 0.86600000 -0.00000000 0.50000000
vn 0.00000000 1.00000000 0.00000000
vn 0.00000000 1.00000000 0.00000000
vn 1.00000000 -0.00000000 0.00000000
vn 0.86600000 0.00000000 -0.50000000
vn 0.00000000 1.00000000 0.00010000
vn 0.00000000 1.00000000 0.00000000
vn 0.50000000 0.00000000 -0.86600000
vn 0.00000000 0.00000000 -1.00000000
vn 0.00000000 1.00000000 0.00000000
vn 0.00000000 1.00000000 0.00000000
vn -0.50000000 0.00000000 -0.86600000
vn 0.00000000 -1.00000000 -0.00000000
vn 0.86600000 -0.00000000 0.50000000
vn 0.00000000 -1.00000000 -0.00000000
vn 1.00000000 -0.00000000 0.00000000
vn 0.86600000 0.00000000 -0.50000000
vn 0.00000000 -1.00000000 -0.00000000
vn 0.00000000 -1.00000000 -0.00000000
vn 0.50000000 -0.00000000 0.86600000
vn 0.00000000 -1.00000000 -0.00000000
vn 0.00000000 -0.00000000 1.00000000
vn 0.00000000 -1.00000000 -0.00000000
vn -0.50000000 -0.00000000 0.86600000
vn -0.86600000 -0.00000000 0.50000000
vn 0.00000000 -1.00000000 -0.00000000
vn 0.00000000 -1.00000000 -0.00000000
vn -1.00000000 -0.00000000 0.00000000
vn -1.00000000 -0.00000000 0.00000000
vn 0.00000000 -1.00000000 -0.00000000
vn -0.86600000 0.00000000 -0.50000000
vn 0.00000000 -1.00000000 -0.00000000
vn -0.50000000 0.00000000 -0.86600000
vn 0.00000000 0.00000000 -1.00000000
vn 0.00000000 -1.00000000 -0.00000000
vn 0.00000000 -1.00000000 -0.00000000
vn 0.50000000 0.00000000 -0.86600000
vn 0.00000000 -1.00000000 -0.00000000
vn 0.00000000 -1.00000000 -0.00000000
vn 0.00000000 -1.00000000 -0.00000000
vn 0.00000000 -1.00000000 -0.00000000
vn 0.00000000 -1.00000000 -0.00000000
vn 0.00000000 -1.00000000 -0.00000000
vn 0.00000000 -1.00000000 -0.00000000
vn 0.00000000 -1.00000000 -0.00000000
vn 0.00000000 -1.00000000 -0.00000000
vn 0.00000000 -1.00000000 -0.00000000
vn 0.00000000 -1.00000000 -0.00000000
vn 0.00000000 -1.00000000 -0.00000000
vn 0.00000000 -1.00000000 -0.00000000
vn 0.00000000 -1.00000000 -0.00000000
vn 0.00000000 -1.00000000 -0.00000000
vn 0.00000000 -1.00000000 -0.00000000
vn 0.00000000 -1.00000000 -0.00000000
vn 0.00000000 -1.00000000 -0.00000000
vn 0.00000000 -1.00000000 -0.00000000
vn 0.00000000 -1.00000000 -0.00000000
vn 0.00000000 -1.00000000 -0.00000000
vn 0.00000000 -1.00000000 -0.00000000
vn 0.00000000 -1.00000000 -0.00000000
vn 0.00000000 -1.00000000 -0.00000000
vn 0.00000000 1.00000000 0.00000000
vn 0.00000000 1.00000000 0.00000000
vn 0.00000000 1.00000000 0.00000000
vn 0.00000000 1.00000000 0.00000000
vn 0.00000000 1.00000000 0.00000000
vn 0.00000000 1.00000000 0.00000000
vn 0.00000000 1.00000000 0.00000000
vn -0.86600000 -0.00000000 0.50000000
vn 0.86600000 0.00000000 -0.50000000
vn 0.00000000 1.00000000 0.00000000
vn 0.00000000 1.00000000 0.00000000
vn -1.00000000 -0.00000000 0.00000000
vn -1.00000000 -0.00000000 0.00000000
vn 1.00000000 -0.00000000 0.00000000
vn 0.00000000 1.00000000 0.00000000
vn -0.86600000 0.00000000 -0.50000000
vn 0.00000000 1.00000000 0.00000000
vn 0.00000000 1.00000000 0.00000000
vn 0.86600000 -0.00000000 0.50000000
vn 0.00000000 1.00000000 0.00000000
vn 0.50000000 -0.00000000 0.86600000
vn 0.00000000 1.00000000 0.00010000
vn 0.50000000 0.00000000 -0.86600000
vn -0.50000000 -0.00000000 0.86600000
vn 0.00000000 1.00000000 0.00000000
vn 0.00000000 0.00000000 -1.00000000
vn 0.00000000 1.00000000 0.00000000
vn 0.00000000 1.00000000 0.00000000
vn 0.00000000 -0.00000000 1.00000000
vn 0.50000000 -0.00000000 0.86600000
vn 0.00000000 1.00000000 0.00010000
vn 0.00000000 1.00000000 0.00010000
vn -0.50000000 0.00000000 -0.86600000
vn 0.00000000 1.00000000 0.00000000
vn 0.86600000 -0.00000000 0.50000000
vn 0.00000000 1.00000000 0.00000000
vn -0.86600000 0.00000000 -0.50000000
vn 0.00000000 1.00000000 0.00000000
vn 1.00000000 -0.00000000 0.00000000
vn -1.00000000 -0.00000000 0.00000000
vn -1.00000000 -0.00000000 0.00000000
vn 0.00000000 1.00000000 0.00000000
vn 0.00000000 1.00000000 0.00010000
vn -0.86600000 -0.00000000 0.50000000
vn 0.00000000 1.00000000 0.00010000
vn 0.86600000 0.00000000 -0.50000000
vn -0.50000000 -0.00000000 0.86600000
vn 0.00000000 1.00000000 -0.00010000
vn 0.50000000 0.00000000 -0.86600000
vn 0.00000000 1.00000000 -0.00010000
vn 0.00000000 -0.00000000 1.00000000
vn 0.00000000 1.00000000 0.00000000
vn 0.00000000 0.00000000 -1.00000000
vn 0.00000000 1.00000000 0.00000000
vn -0.50000000 0.00000000 -0.86600000
vn 0.00000000 1.00000000 0.00000000
vn -0.86600000 0.00000000 -0.50000000
vn 0.00000000 1.00000000 0.00000000
vn 0.00000000 1.00000000 0.00000000
vn -1.00000000 -0.00000000 0.00000000
vn -1.00000000 -0.00000000 0.00000000
vn -0.86600000 -0.00000000 0.50000000
vn 0.00000000 1.00000000 0.00000000
vn 0.00000000 1.00000000 0.00000000
vn -0.50000000 -0.00000000 0.86600000
vn 0.00000000 1.00000000 0.00000000
vn 0.00000000 -0.00000000 1.00000000
vn 0.00000000 1.00000000 0.00000000
vn 0.50000000 -0.00000000 0.86600000
vn 0.86600000 -0.00000000 0.50000000
vn 0.00000000 1.00000000 0.00000000
vn 0.00000000 1.00000000 0.00000000
vn 1.00000000 -0.00000000 0.00000000
vn 0.86600000 0.00000000 -0.50000000
vn 0.00000000 1.00000000 0.00000000
vn 0.50000000 0.00000000 -0.86600000
vn 0.00000000 1.00000000 0.00000000
vn 0.00000000 1.00000000 0.00000000
vn 0.00000000 0.00000000 -1.00000000
vn 0.00000000 1.00000000 0.00000000
vn -0.50000000 0.00000000 -0.86600000
vn -0.86600000 -0.00000000 0.50000000
vn -0.86600000 -0.00000000 0.50000000
vn -1.00000000 -0.00000000 0.00000000
vn -1.00000000 -0.00000000 0.00000000
vn -1.00000000 -0.00000000 0.00000000
vn -1.00000000 -0.00000000 0.00000000
vn -0.86600000 0.00000000 -0.50000000
vn -0.86600000 0.00000000 -0.50000000
vn -0.50000000 0.00000000 -0.86600000
vn -0.50000000 0.00000000 -0.86600000
vn 0.00000000 0.00000000 -1.00000000
vn 0.00000000 0.00000000 -1.00000000
vn 0.50000000 0.00000000 -0.86600000
vn 0.50000000 0.00000000 -0.86600000
vn 0.86600000 0.00000000 -0.50000000
vn 0.86600000 0.00000000 -0.50000000
vn 1.00000000 -0.00000000 0.00000000
vn 1.00000000 -0.00000000 0.00000000
vn 0.86600000 -0.00000000 0.50000000
vn 0.86600000 -0.00000000 0.50000000
vn 0.50000000 -0.00000000 0.86600000
vn 0.50000000 -0.00000000 0.86600000
vn 0.00000000 -0.00000000 1.00000000
vn 0.00000000 -0.00000000 1.00000000
vn -0.50000000 -0.00000000 0.86600000
vn -0.50000000 -0.00000000 0.86600000
vn 0.00000000 -1.00000000 -0.00000000
vn 0.00000000 -1.00000000 -0.00000000
vn 0.00000000 -1.00000000 -0.00000000
vn 0.00000000 -1.00000000 -0.00000000
vn 0.00000000 -1.00000000 -0.00000000
vn 0.00000000 -1.00000000 -0.00000000
vn 0.00000000 -1.00000000 -0.00000000
vn 0.00000000 -1.00000000 -0.00000000
vn 0.00000000 -1.00000000 -0.00000000
vn 0.00000000 -1.00000000 -0.00000000
vn 0.00000000 -1.00000000 -0.00000000
vn 0.00000000 -1.00000000 -0.00000000
vn 0.00000000 -1.00000000 -0.00000000
vn 0.00000000 -1.00000000 -0.00000000
vn 0.00000000 -1.00000000 -0.00000000
vn 0.00000000 -1.00000000 -0.00000000
vn 0.00000000 -1.00000000 -0.00000000
vn 0.00000000 -1.00000000 -0.00000000
vn 0.00000000 -1.00000000 -0.00000000
vn 0.00000000 -1.00000000 -0.00000000
vn 0.00000000 -1.00000000 -0.00000000
vn 0.00000000 -1.00000000 -0.00000000
vn 0.00000000 -1.00000000 -0.00000000
vn 0.00000000 -1.00000000 -0.00000000
vn 0.00000000 -1.00000000 -0.00000000
vn -0.50000000 -0.86600000 -0.00000000
vn -0.50000000 -0.86600000 -0.00000000
vn -0.43300000 -0.86600000 -0.25000000
vn -0.25000000 -0.86600000 -0.43300000
vn -0.00000000 -0.86600000 -0.50000000
vn 0.25000000 -0.86600000 -0.43300000
vn 0.43300000 -0.86600000 -0.25000000
vn 0.50000000 -0.86600000 0.00000000
vn 0.43300000 -0.86600000 0.25000000
vn 0.25000000 -0.86600000 0.43300000
vn -0.00000000 -0.86600000 0.50000000
vn -0.25000000 -0.86600000 0.43300000
vn -0.43300000 -0.86600000 0.25000000
vn -0.86600000 -0.50000000 0.00000000
vn -0.86600000 -0.50000000 0.00000000
vn -0.75000000 -0.50000000 0.43300000
vn -0.43300000 -0.50000000 0.75000000
vn -0.00000000 -0.50000000 0.86600000
vn 0.43300000 -0.50000000 0.75000000
vn 0.75000000 -0.50000000 0.43300000
vn 0.86600000 -0.50000000 0.00000000
vn 0.75000000 -0.50000000 -0.43300000
vn 0.43300000 -0.50000000 -0.75000000
vn -0.00000000 -0.50000000 -0.86600000
vn -0.43300000 -0.50000000 -0.75000000
vn -0.75000000 -0.50000000 -0.43300000
vn -1.00000000 -0.00000000 0.00000000
vn 0.00000000 1.00000000 0.00000000
vn 0.17490000 0.00000000 0.98460000
vn 0.17490000 -0.00000000 -0.98460000
vn 0.00000000 1.00000000 0.00000000
vn -1.00000000 -0.00000000 0.00000000
vn 0.00000000 1.00000000 0.00000000
vn 0.05860000 -0.00000000 0.99830000
vn 0.05860000 -0.00000000 -0.99830000
vn 0.00000000 1.00000000 0.00000000
vn 0.00000000 1.00000000 0.00000000
vn -0.05860000 -0.00000000 -0.99830000
vn -0.05860000 -0.00000000 0.99830000
vn 0.00000000 1.00000000 0.00000000
vn 1.00000000 -0.00000000 0.00000000
vn 0.00000000 1.00000000 0.00000000
vn -0.17500000 0.00000000 -0.98460000
vn -0.17500000 -0.00000000 0.98460000
vn 0.00000000 1.00000000 0.00000000
vn 1.00000000 -0.00000000 0.00000000
vn -0.17490000 0.00000000 0.98460000
vn 1.00000000 -0.00000000 0.00000000
vn -0.07000000 0.91650000 0.39380000
vn -0.52030000 0.00000000 0.85400000
vn 0.00000000 -1.00000000 -0.00000000
vn -0.23910000 0.91650000 0.32060000
vn -0.59790000 0.00000000 0.80160000
vn -0.87760000 -0.00000000 0.47940000
vn 0.00000000 -1.00000000 -0.00000000
vn -0.35750000 0.91650000 0.17930000
vn -0.89390000 -0.00000000 0.44830000
vn -0.99970000 -0.00000000 -0.02360000
vn 0.00000000 -1.00000000 -0.00000000
vn -0.40000000 0.91650000 0.00000000
vn -1.00000000 -0.00000000 0.00000000
vn -0.35750000 0.91650000 -0.17930000
vn -0.89380000 0.00000000 -0.44840000
vn -0.85400000 0.00000000 -0.52030000
vn 0.00000000 -1.00000000 -0.00000000
vn -0.23910000 0.91650000 -0.32060000
vn -0.59790000 0.00000000 -0.80160000
vn -0.59790000 0.00000000 -0.80160000
vn 0.00000000 -1.00000000 -0.00000000
vn -0.47950000 -0.00000000 -0.87760000
vn -0.47950000 -0.00000000 -0.87760000
vn 0.02360000 0.00000000 -0.99970000
vn 0.00000000 -1.00000000 -0.00000000
vn 1.00000000 -0.00000000 0.00000000
vn -0.17480000 -0.00000000 -0.98460000
vn -0.07000000 0.91650000 -0.39380000
vn 0.52030000 0.00000000 -0.85400000
vn 0.00000000 -1.00000000 -0.00000000
vn -1.00000000 -0.00000000 0.00000000
vn 0.07000000 0.91650000 -0.39380000
vn 0.17480000 0.00000000 -0.98460000
vn 0.23910000 0.91650000 -0.32060000
vn 0.59790000 -0.00000000 -0.80160000
vn 0.87760000 -0.00000000 -0.47940000
vn 0.00000000 -1.00000000 -0.00000000
vn 0.35750000 0.91650000 -0.17930000
vn 0.89390000 -0.00000000 -0.44840000
vn 0.00000000 -1.00000000 -0.00000000
vn 0.99970000 -0.00000000 0.02360000
vn 0.40000000 0.91650000 -0.00000000
vn 1.00000000 -0.00000000 0.00000000
vn 0.35750000 0.91650000 0.17930000
vn 0.89380000 0.00000000 0.44840000
vn 0.85400000 0.00000000 0.52030000
vn 0.00000000 -1.00000000 -0.00000000
vn 0.23910000 0.91650000 0.32060000
vn 0.59790000 -0.00000000 0.80160000
vn 0.47940000 -0.00000000 0.87760000
vn 0.00000000 -1.00000000 -0.00000000
vn -0.02360000 0.00000000 0.99970000
vn 0.00000000 -1.00000000 -0.00000000
vn 0.17460000 -0.00000000 0.98460000
vn -1.00000000 -0.00000000 0.00000000
vn 0.07000000 0.91650000 0.39380000
vn 1.00000000 -0.00000000 0.00000000
vn -0.07000000 0.98840000 0.13450000
vn -0.07000000 0.98840000 -0.13450000
vn 1.00000000 -0.00000000 0.00000000
vn 0.07000000 0.98840000 -0.13450000
vn -1.00000000 -0.00000000 0.00000000
vn -1.00000000 -0.00000000 0.00000000
vn 0.07000000 0.98840000 0.13450000
vn 0.00000000 0.00000000 -1.00000000
vn 0.00000000 -1.00000000 -0.00000000
vn -0.00000000 -1.00000000 0.00010000
vn -0.50000000 0.00000000 -0.86600000
vn -0.86600000 0.00000000 -0.50000000
vn 0.00000000 -1.00000000 -0.00000000
vn -1.00000000 -0.00000000 0.00000000
vn 0.00000000 -1.00000000 -0.00010000
vn 0.00000000 -1.00000000 -0.00000000
vn -0.86600000 -0.00000000 0.50000000
vn -0.50000000 -0.00000000 0.86600000
vn 0.00000000 -1.00000000 -0.00000000
vn 0.00000000 -0.00000000 1.00000000
vn 0.00000000 -1.00000000 -0.00010000
vn 0.00000000 -1.00000000 -0.00000000
vn 0.50000000 -0.00000000 0.86600000
vn 0.00000000 -1.00000000 -0.00000000
vn 0.86600000 -0.00000000 0.50000000
vn 0.00000000 -1.00000000 -0.00000000
vn 1.00000000 -0.00000000 0.00000000
vn 1.00000000 -0.00000000 0.00000000
vn 0.00000000 -1.00000000 -0.00000000
vn 0.86600000 0.00000000 -0.50000000
vn 0.00000000 -1.00000000 -0.00000000
vn 0.50000000 0.00000000 -0.86600000
vn -0.61240000 -0.70710000 0.35360000
vn -0.86600000 -0.00000000 0.50000000
vn -1.00000000 -0.00000000 0.00000000
vn -0.70710000 -0.70710000 -0.00000000
vn -0.61240000 -0.70710000 -0.35360000
vn -0.86600000 0.00000000 -0.50000000
vn -0.50000000 0.00000000 -0.86600000
vn -0.35350000 -0.70710000 -0.61240000
vn -0.35350000 -0.70710000 -0.61240000
vn -0.00000000 -0.70710000 -0.70710000
vn 0.00000000 0.00000000 -1.00000000
vn 0.50000000 0.00000000 -0.86600000
vn 0.35350000 -0.70710000 -0.61240000
vn 0.86600000 0.00000000 -0.50000000
vn 0.61240000 -0.70710000 -0.35360000
vn 1.00000000 -0.00000000 0.00000000
vn 1.00000000 -0.00000000 0.00000000
vn 0.70710000 -0.70710000 -0.00000000
vn 0.61240000 -0.70710000 0.35360000
vn 0.86600000 -0.00000000 0.50000000
vn 0.35350000 -0.70710000 0.61240000
vn 0.50000000 -0.00000000 0.86600000
vn 0.00000000 -0.70710000 0.70710000
vn 0.00000000 -0.00000000 1.00000000
vn -0.35350000 -0.70710000 0.61240000
vn -0.50000000 -0.00000000 0.86600000
vn -0.61240000 -0.70710000 -0.35360000
vn -0.00000000 -1.00000000 0.00020000
vn 0.61240000 -0.70710000 -0.35350000
vn 0.00000000 -1.00000000 -0.00010000
vn -0.70710000 -0.70710000 -0.00000000
vn -0.00000000 -1.00000000 0.00010000
vn 0.00000000 -1.00000000 -0.00010000
vn 0.70710000 -0.70710000 0.00010000
vn -0.61240000 -0.70710000 0.35360000
vn 0.00000000 -1.00000000 -0.00000000
vn 0.00000000 -1.00000000 -0.00010000
vn 0.61240000 -0.70710000 0.35360000
vn -0.35350000 -0.70710000 0.61240000
vn -0.00000000 -1.00000000 0.00010000
vn 0.00000000 -1.00000000 -0.00030000
vn 0.35360000 -0.70710000 0.61240000
vn 0.00000000 -1.00000000 -0.00000000
vn 0.00000000 -0.70710000 0.70710000
vn 0.35350000 -0.70710000 -0.61240000
vn 0.00000000 -1.00000000 -0.00010000
vn -0.35350000 -0.70710000 -0.61240000
vn -0.00000000 -1.00000000 0.00010000
vn -0.35350000 -0.70710000 -0.61240000
vn 0.00000000 -1.00000000 -0.00000000
vn -0.00000000 -0.70710000 -0.70710000
f 1//1 3//3 5//5
f 5//5 3//3 9//9
f 5//5 9//9 11//11
f 11//11 9//9 13//13
f 11//11 13//13 14//14
f 14//14 13//13 17//17
f 14//14 17//17 19//19
f 3//3 1//1 21//21
f 21//21 1//1 23//23
f 21//21 23//23 24//24
f 26//26 28//28 30//30
f 30//30 28//28 33//33
f 30//30 33//33 36//36
f 28//28 26//26 39//39
f 39//39 26//26 41//41
f 39//39 41//41 42//42
f 42//42 41//41 45//45
f 42//42 45//45 47//47
f 42//42 47//47 48//48
f 48//48 47//47 50//50
f 48//48 50//50 53//53
f 53//53 50//50 54//54
f 54//54 50//50 57//57
f 54//54 57//57 58//58
f 58//58 57//57 61//61
f 58//58 61//61 63//63
f 63//63 61//61 64//64
f 63//63 64//64 67//67
f 67//67 64//64 69//69
f 67//67 69//69 70//70
f 67//67 70//70 73//73
f 73//73 70//70 75//75
f 73//73 75//75 36//36
f 36//36 75//75 30//30
f 76//76 37//37 79//79
f 79//79 37//37 35//35
f 80//80 34//34 81//81
f 81//81 34//34 29//29
f 81//81 29//29 84//84
f 84//84 29//29 38//38
f 84//84 38//38 86//86
f 86//86 38//38 43//43
f 86//86 43//43 87//87
f 87//87 43//43 49//49
f 87//87 49//49 89//89
f 89//89 49//49 52//52
f 89//89 52//52 92//92
f 92//92 52//52 55//55
f 92//92 55//55 93//93
f 93//93 55//55 59//59
f 93//93 59//59 96//96
f 96//96 59//59 62//62
f 96//96 62//62 98//98
f 98//98 62//62 66//66
f 98//98 66//66 99//99
f 99//99 66//66 72//72
f 99//99 72//72 76//76
f 76//76 72//72 37//37
f 82//82 90//90 78//78
f 78//78 90//90 91//91
f 78//78 91//91 77//77
f 77//77 91//91 94//94
f 77//77 94//94 100//100
f 100//100 94//94 95//95
f 100//100 95//95 97//97
f 90//90 82//82 88//88
f 88//88 82//82 83//83
f 88//88 83//83 85//85
f 102//102 104//104 108//108
f 107//107 103//103 110//110
f 107//107 110//110 111//111
f 111//111 110//110 113//113
f 111//111 113//113 115//115
f 115//115 116//116 111//111
f 111//111 116//116 118//118
f 111//111 118//118 119//119
f 119//119 118//118 120//120
f 119//119 120//120 121//121
f 121//121 120//120 122//122
f 121//121 122//122 123//123
f 123//123 122//122 124//124
f 123//123 124//124 125//125
f 125//125 124//124 126//126
f 125//125 126//126 127//127
f 127//127 126//126 128//128
f 127//127 128//128 129//129
f 129//129 128//128 130//130
f 129//129 130//130 131//131
f 131//131 130//130 132//132
f 131//131 132//132 133//133
f 133//133 132//132 134//134
f 133//133 134//134 22//22
f 22//22 134//134 25//25
f 25//25 134//134 135//135
f 25//25 135//135 20//20
f 20//20 135//135 136//136
f 20//20 136//136 4//4
f 4//4 136//136 137//137
f 4//4 137//137 7//7
f 7//7 137//137 139//139
f 8//8 138//138 140//140
f 140//140 138//138 141//141
f 140//140 141//141 142//142
f 142//142 141//141 143//143
f 142//142 143//143 144//144
f 144//144 143//143 145//145
f 144//144 145//145 146//146
f 146//146 145//145 147//147
f 146//146 147//147 148//148
f 148//148 147//147 125//125
f 148//148 125//125 127//127
f 116//116 150//150 118//118
f 118//118 150//150 152//152
f 118//118 152//152 153//153
f 154//154 151//151 155//155
f 154//154 155//155 156//156
f 156//156 155//155 157//157
f 156//156 157//157 158//158
f 158//158 157//157 159//159
f 158//158 159//159 160//160
f 160//160 159//159 161//161
f 160//160 161//161 162//162
f 162//162 161//161 163//163
f 162//162 163//163 164//164
f 164//164 163//163 165//165
f 164//164 165//165 56//56
f 56//56 165//165 60//60
f 60//60 165//165 166//166
f 60//60 166//166 65//65
f 65//65 166//166 167//167
f 65//65 167//167 68//68
f 68//68 167//167 168//168
f 68//68 168//168 71//71
f 71//71 168//168 169//169
f 71//71 169//169 74//74
f 74//74 169//169 170//170
f 74//74 170//170 32//32
f 32//32 170//170 172//172
f 31//31 171//171 27//27
f 27//27 171//171 173//173
f 27//27 173//173 40//40
f 40//40 173//173 174//174
f 40//40 174//174 44//44
f 44//44 174//174 175//175
f 44//44 175//175 46//46
f 46//46 175//175 176//176
f 46//46 176//176 51//51
f 51//51 176//176 164//164
f 51//51 164//164 56//56
f 150//150 177//177 152//152
f 152//152 177//177 180//180
f 152//152 180//180 181//181
f 183//183 184//184 151//151
f 151//151 184//184 186//186
f 151//151 186//186 188//188
f 188//188 190//190 151//151
f 151//151 190//190 192//192
f 151//151 192//192 155//155
f 155//155 192//192 193//193
f 155//155 193//193 157//157
f 157//157 193//193 194//194
f 157//157 194//194 159//159
f 159//159 194//194 195//195
f 159//159 195//195 161//161
f 161//161 195//195 196//196
f 161//161 196//196 163//163
f 163//163 196//196 197//197
f 163//163 197//197 165//165
f 165//165 197//197 166//166
f 198//198 200//200 190//190
f 190//190 200//200 202//202
f 190//190 202//202 203//203
f 203//203 202//202 204//204
f 203//203 204//204 205//205
f 205//205 204//204 206//206
f 205//205 206//206 207//207
f 207//207 206//206 208//208
f 207//207 208//208 209//209
f 209//209 208//208 210//210
f 209//209 210//210 211//211
f 211//211 210//210 212//212
f 211//211 212//212 213//213
f 213//213 212//212 214//214
f 213//213 214//214 215//215
f 215//215 214//214 216//216
f 215//215 216//216 167//167
f 167//167 216//216 168//168
f 198//198 217//217 200//200
f 200//200 217//217 108//108
f 201//201 107//107 111//111
f 217//217 102//102 108//108
f 220//220 222//222 224//224
f 224//224 222//222 225//225
f 224//224 225//225 227//227
f 227//227 225//225 229//229
f 227//227 229//229 230//230
f 230//230 232//232 227//227
f 227//227 232//232 234//234
f 227//227 234//234 235//235
f 235//235 234//234 236//236
f 235//235 236//236 237//237
f 237//237 236//236 238//238
f 237//237 238//238 239//239
f 239//239 238//238 240//240
f 239//239 240//240 241//241
f 241//241 240//240 242//242
f 241//241 242//242 243//243
f 243//243 242//242 244//244
f 243//243 244//244 139//139
f 138//138 245//245 141//141
f 232//232 246//246 234//234
f 234//234 246//246 248//248
f 234//234 248//248 249//249
f 249//249 248//248 250//250
f 249//249 250//250 251//251
f 251//251 250//250 252//252
f 251//251 252//252 253//253
f 253//253 252//252 254//254
f 253//253 254//254 255//255
f 255//255 254//254 256//256
f 255//255 256//256 257//257
f 257//257 256//256 258//258
f 257//257 258//258 170//170
f 170//170 258//258 172//172
f 246//246 260//260 248//248
f 248//248 260//260 262//262
f 248//248 262//262 264//264
f 264//264 265//265 248//248
f 248//248 265//265 268//268
f 248//248 268//268 269//269
f 269//269 272//272 248//248
f 248//248 272//272 273//273
f 248//248 273//273 250//250
f 250//250 273//273 274//274
f 250//250 274//274 252//252
f 252//252 274//274 275//275
f 252//252 275//275 254//254
f 254//254 275//275 276//276
f 254//254 276//276 256//256
f 256//256 276//276 277//277
f 256//256 277//277 258//258
f 258//258 277//277 278//278
f 258//258 278//278 172//172
f 171//171 279//279 173//173
f 280//280 282//282 272//272
f 272//272 282//282 283//283
f 272//272 283//283 284//284
f 284//284 283//283 285//285
f 284//284 285//285 286//286
f 286//286 285//285 287//287
f 286//286 287//287 288//288
f 288//288 287//287 289//289
f 288//288 289//289 290//290
f 290//290 289//289 291//291
f 290//290 291//291 292//292
f 292//292 291//291 294//294
f 292//292 294//294 296//296
f 295//295 293//293 297//297
f 295//295 297//297 298//298
f 298//298 297//297 299//299
f 298//298 299//299 174//174
f 174//174 299//299 175//175
f 280//280 300//300 282//282
f 282//282 300//300 224//224
f 282//282 224//224 227//227
f 300//300 220//220 224//224
f 10//10 302//302 6//6
f 6//6 302//302 129//129
f 6//6 129//129 131//131
f 302//302 10//10 303//303
f 303//303 10//10 15//15
f 303//303 15//15 304//304
f 304//304 15//15 18//18
f 304//304 18//18 305//305
f 305//305 18//18 16//16
f 305//305 16//16 306//306
f 306//306 16//16 12//12
f 306//306 12//12 140//140
f 140//140 12//12 8//8
f 22//22 2//2 133//133
f 133//133 2//2 131//131
f 2//2 6//6 131//131
f 173//173 279//279 298//298
f 298//298 279//279 295//295
f 292//292 296//296 277//277
f 277//277 296//296 278//278
f 293//293 308//308 309//309
f 309//309 308//308 156//156
f 309//309 156//156 158//158
f 156//156 308//308 154//154
f 153//153 307//307 310//310
f 153//153 310//310 118//118
f 118//118 310//310 311//311
f 118//118 311//311 120//120
f 120//120 311//311 312//312
f 120//120 312//312 122//122
f 122//122 312//312 313//313
f 122//122 313//313 124//124
f 124//124 313//313 314//314
f 124//124 314//314 126//126
f 126//126 314//314 315//315
f 126//126 315//315 128//128
f 128//128 315//315 316//316
f 128//128 316//316 130//130
f 130//130 316//316 317//317
f 130//130 317//317 132//132
f 132//132 317//317 318//318
f 132//132 318//318 134//134
f 134//134 318//318 135//135
f 310//310 307//307 291//291
f 291//291 307//307 294//294
f 200//200 320//320 202//202
f 202//202 320//320 321//321
f 202//202 321//321 322//322
f 322//322 321//321 240//240
f 322//322 240//240 238//238
f 320//320 323//323 321//321
f 321//321 323//323 242//242
f 321//321 242//242 240//240
f 319//319 201//201 325//325
f 325//325 201//201 111//111
f 325//325 111//111 119//119
f 242//242 323//323 244//244
f 245//245 324//324 326//326
f 245//245 326//326 141//141
f 141//141 326//326 143//143
f 324//324 319//319 327//327
f 327//327 319//319 325//325
f 327//327 325//325 328//328
f 328//328 325//325 119//119
f 328//328 119//119 121//121
f 243//243 139//139 137//137
f 324//324 327//327 326//326
f 326//326 327//327 329//329
f 326//326 329//329 143//143
f 143//143 329//329 145//145
f 329//329 327//327 328//328
f 306//306 140//140 142//142
f 257//257 170//170 169//169
f 290//290 292//292 276//276
f 276//276 292//292 277//277
f 311//311 310//310 289//289
f 289//289 310//310 291//291
f 329//329 328//328 330//330
f 330//330 328//328 121//121
f 330//330 121//121 123//123
f 305//305 306//306 142//142
f 305//305 142//142 144//144
f 243//243 137//137 331//331
f 331//331 137//137 136//136
f 331//331 136//136 332//332
f 332//332 136//136 135//135
f 332//332 135//135 318//318
f 192//192 190//190 203//203
f 204//204 202//202 322//322
f 193//193 192//192 205//205
f 205//205 192//192 203//203
f 293//293 309//309 297//297
f 297//297 309//309 333//333
f 297//297 333//333 299//299
f 299//299 333//333 334//334
f 299//299 334//334 175//175
f 175//175 334//334 176//176
f 333//333 309//309 158//158
f 174//174 173//173 298//298
f 257//257 169//169 335//335
f 335//335 169//169 168//168
f 335//335 168//168 216//216
f 288//288 290//290 275//275
f 275//275 290//290 276//276
f 312//312 311//311 287//287
f 287//287 311//311 289//289
f 147//147 145//145 330//330
f 330//330 145//145 329//329
f 147//147 330//330 123//123
f 304//304 305//305 144//144
f 304//304 144//144 146//146
f 257//257 335//335 255//255
f 255//255 335//335 336//336
f 255//255 336//336 253//253
f 253//253 336//336 337//337
f 253//253 337//337 251//251
f 251//251 337//337 338//338
f 251//251 338//338 249//249
f 249//249 338//338 339//339
f 249//249 339//339 234//234
f 234//234 339//339 340//340
f 234//234 340//340 236//236
f 236//236 340//340 341//341
f 236//236 341//341 238//238
f 238//238 341//341 322//322
f 336//336 335//335 216//216
f 286//286 288//288 274//274
f 274//274 288//288 275//275
f 313//313 312//312 285//285
f 285//285 312//312 287//287
f 125//125 147//147 123//123
f 303//303 304//304 146//146
f 303//303 146//146 148//148
f 215//215 167//167 166//166
f 337//337 336//336 214//214
f 214//214 336//336 216//216
f 284//284 286//286 273//273
f 273//273 286//286 274//274
f 314//314 313//313 283//283
f 283//283 313//313 285//285
f 302//302 303//303 148//148
f 302//302 148//148 127//127
f 213//213 215//215 197//197
f 197//197 215//215 166//166
f 338//338 337//337 212//212
f 212//212 337//337 214//214
f 272//272 284//284 273//273
f 314//314 283//283 342//342
f 342//342 283//283 282//282
f 342//342 282//282 343//343
f 343//343 282//282 227//227
f 343//343 227//227 235//235
f 129//129 302//302 127//127
f 211//211 213//213 196//196
f 196//196 213//213 197//197
f 339//339 338//338 210//210
f 210//210 338//338 212//212
f 314//314 342//342 315//315
f 315//315 342//342 344//344
f 315//315 344//344 316//316
f 316//316 344//344 345//345
f 316//316 345//345 317//317
f 317//317 345//345 346//346
f 317//317 346//346 318//318
f 318//318 346//346 332//332
f 344//344 342//342 343//343
f 162//162 164//164 176//176
f 209//209 211//211 195//195
f 195//195 211//211 196//196
f 340//340 339//339 208//208
f 208//208 339//339 210//210
f 344//344 343//343 347//347
f 347//347 343//343 235//235
f 347//347 235//235 237//237
f 344//344 347//347 345//345
f 345//345 347//347 348//348
f 345//345 348//348 346//346
f 346//346 348//348 349//349
f 346//346 349//349 332//332
f 332//332 349//349 331//331
f 348//348 347//347 237//237
f 160//160 162//162 334//334
f 334//334 162//162 176//176
f 207//207 209//209 194//194
f 194//194 209//209 195//195
f 341//341 340//340 206//206
f 206//206 340//340 208//208
f 349//349 348//348 239//239
f 239//239 348//348 237//237
f 158//158 160//160 333//333
f 333//333 160//160 334//334
f 205//205 207//207 193//193
f 193//193 207//207 194//194
f 322//322 341//341 204//204
f 204//204 341//341 206//206
f 331//331 349//349 241//241
f 241//241 349//349 239//239
f 243//243 331//331 241//241
f 101//101 226//226 106//106
f 106//106 226//226 221//221
f 105//105 223//223 109//109
f 109//109 223//223 219//219
f 109//109 219//219 301//301
f 101//101 218//218 226//226
f 226//226 218//218 228//228
f 228//228 218//218 199//199
f 228//228 199//199 231//231
f 231//231 199//199 233//233
f 233//233 199//199 191//191
f 233//233 191//191 247//247
f 247//247 191//191 189//189
f 247//247 189//189 187//187
f 247//247 187//187 259//259
f 259//259 187//187 185//185
f 259//259 185//185 261//261
f 261//261 185//185 263//263
f 263//263 185//185 182//182
f 263//263 182//182 266//266
f 266//266 182//182 179//179
f 266//266 179//179 178//178
f 266//266 178//178 267//267
f 267//267 178//178 149//149
f 267//267 149//149 270//270
f 270//270 149//149 271//271
f 271//271 149//149 117//117
f 271//271 117//117 281//281
f 281//281 117//117 114//114
f 281//281 114//114 112//112
f 281//281 112//112 301//301
f 301//301 112//112 109//109
f 351//351 353//353 355//355
f 357//357 352//352 359//359
f 357//357 359//359 360//360
f 360//360 363//363 357//357
f 357//357 363//363 364//364
f 364//364 363//363 367//367
f 364//364 367//367 368//368
f 368//368 367//367 371//371
f 368//368 371//371 373//373
f 373//373 371//371 375//375
f 373//373 375//375 378//378
f 378//378 380//380 373//373
f 372//372 382//382 383//383
f 372//372 383//383 385//385
f 385//385 387//387 372//372
f 372//372 387//387 389//389
f 372//372 389//389 391//391
f 391//391 389//389 394//394
f 391//391 394//394 396//396
f 396//396 394//394 398//398
f 396//396 398//398 399//399
f 399//399 398//398 402//402
f 399//399 402//402 403//403
f 403//403 402//402 406//406
f 403//403 406//406 408//408
f 408//408 406//406 409//409
f 408//408 409//409 412//412
f 412//412 409//409 413//413
f 413//413 409//409 415//415
f 413//413 415//415 418//418
f 418//418 415//415 420//420
f 420//420 415//415 422//422
f 422//422 415//415 424//424
f 424//424 415//415 425//425
f 425//425 415//415 428//428
f 428//428 415//415 429//429
f 429//429 415//415 432//432
f 429//429 432//432 434//434
f 434//434 432//432 436//436
f 436//436 432//432 438//438
f 436//436 438//438 440//440
f 440//440 438//438 441//441
f 440//440 441//441 444//444
f 444//444 441//441 446//446
f 444//444 446//446 368//368
f 368//368 446//446 364//364
f 394//394 389//389 355//355
f 355//355 389//389 448//448
f 355//355 448//448 449//449
f 449//449 351//351 355//355
f 434//434 451//451 429//429
f 429//429 451//451 454//454
f 454//454 451//451 455//455
f 455//455 451//451 458//458
f 458//458 451//451 460//460
f 460//460 451//451 463//463
f 463//463 451//451 465//465
f 465//465 451//451 466//466
f 466//466 451//451 408//408
f 466//466 408//408 412//412
f 469//469 470//470 475//475
f 475//475 470//470 407//407
f 475//475 407//407 452//452
f 469//469 476//476 470//470
f 478//478 400//400 470//470
f 470//470 400//400 404//404
f 470//470 404//404 407//407
f 481//481 483//483 478//478
f 478//478 483//483 485//485
f 478//478 485//485 392//392
f 392//392 485//485 374//374
f 374//374 485//485 488//488
f 374//374 488//488 369//369
f 369//369 488//488 493//493
f 369//369 493//493 443//443
f 443//443 493//493 439//439
f 439//439 493//493 494//494
f 439//439 494//494 435//435
f 435//435 494//494 433//433
f 433//433 494//494 497//497
f 433//433 497//497 452//452
f 452//452 497//497 475//475
f 488//488 500//500 493//493
f 493//493 500//500 502//502
f 505//505 507//507 494//494
f 494//494 507//507 497//497
f 392//392 395//395 478//478
f 478//478 395//395 400//400
f 479//479 510//510 511//511
f 511//511 510//510 512//512
f 511//511 512//512 514//514
f 514//514 512//512 515//515
f 514//514 515//515 517//517
f 517//517 486//486 514//514
f 514//514 486//486 484//484
f 514//514 484//484 511//511
f 511//511 484//484 482//482
f 511//511 482//482 479//479
f 520//520 523//523 527//527
f 527//527 523//523 528//528
f 524//524 530//530 532//532
f 532//532 530//530 534//534
f 532//532 534//534 536//536
f 536//536 534//534 537//537
f 536//536 537//537 539//539
f 539//539 537//537 542//542
f 539//539 542//542 543//543
f 543//543 542//542 546//546
f 543//543 546//546 547//547
f 547//547 546//546 550//550
f 547//547 550//550 551//551
f 551//551 550//550 554//554
f 551//551 554//554 555//555
f 555//555 554//554 557//557
f 555//555 557//557 560//560
f 560//560 557//557 561//561
f 560//560 561//561 563//563
f 563//563 561//561 566//566
f 563//563 566//566 568//568
f 568//568 566//566 570//570
f 568//568 570//570 520//520
f 520//520 570//570 523//523
f 531//531 571//571 525//525
f 525//525 571//571 573//573
f 526//526 572//572 574//574
f 574//574 572//572 576//576
f 574//574 576//576 577//577
f 577//577 576//576 578//578
f 577//577 578//578 580//580
f 580//580 578//578 581//581
f 580//580 581//581 583//583
f 583//583 581//581 585//585
f 583//583 585//585 586//586
f 586//586 585//585 591//591
f 571//571 531//531 601//601
f 601//601 531//531 535//535
f 601//601 535//535 602//602
f 602//602 535//535 540//540
f 602//602 540//540 603//603
f 603//603 540//540 544//544
f 603//603 544//544 604//604
f 604//604 544//544 548//548
f 604//604 548//548 605//605
f 605//605 548//548 552//552
f 605//605 552//552 606//606
f 606//606 552//552 607//607
f 606//606 607//607 608//608
f 608//608 607//607 609//609
f 608//608 609//609 610//610
f 610//610 609//609 611//611
f 610//610 611//611 612//612
f 612//612 611//611 613//613
f 612//612 613//613 614//614
f 614//614 613//613 615//615
f 614//614 615//615 592//592
f 552//552 556//556 607//607
f 607//607 556//556 616//616
f 607//607 616//616 609//609
f 609//609 616//616 617//617
f 609//609 617//617 611//611
f 611//611 617//617 618//618
f 611//611 618//618 613//613
f 613//613 618//618 619//619
f 613//613 619//619 615//615
f 615//615 619//619 586//586
f 615//615 586//586 593//593
f 556//556 559//559 616//616
f 616//616 559//559 620//620
f 616//616 620//620 617//617
f 617//617 620//620 621//621
f 617//617 621//621 618//618
f 618//618 621//621 622//622
f 618//618 622//622 619//619
f 619//619 622//622 583//583
f 619//619 583//583 586//586
f 559//559 564//564 620//620
f 620//620 564//564 623//623
f 620//620 623//623 621//621
f 621//621 623//623 624//624
f 621//621 624//624 622//622
f 622//622 624//624 580//580
f 622//622 580//580 583//583
f 564//564 567//567 623//623
f 623//623 567//567 625//625
f 623//623 625//625 624//624
f 624//624 625//625 577//577
f 624//624 577//577 580//580
f 567//567 521//521 625//625
f 625//625 521//521 574//574
f 625//625 574//574 577//577
f 521//521 526//526 574//574
f 614//614 587//587 626//626
f 627//627 588//588 628//628
f 628//628 589//589 629//629
f 629//629 590//590 630//630
f 630//630 600//600 631//631
f 632//632 594//594 633//633
f 633//633 595//595 634//634
f 634//634 598//598 635//635
f 635//635 596//596 584//584
f 575//575 573//573 636//636
f 636//636 573//573 571//571
f 636//636 571//571 637//637
f 637//637 571//571 601//601
f 637//637 601//601 638//638
f 638//638 601//601 602//602
f 638//638 602//602 639//639
f 639//639 602//602 603//603
f 639//639 603//603 640//640
f 640//640 603//603 604//604
f 640//640 604//604 641//641
f 641//641 604//604 605//605
f 641//641 605//605 642//642
f 642//642 605//605 606//606
f 642//642 606//606 608//608
f 579//579 575//575 643//643
f 643//643 575//575 636//636
f 643//643 636//636 644//644
f 644//644 636//636 637//637
f 644//644 637//637 645//645
f 645//645 637//637 638//638
f 645//645 638//638 646//646
f 646//646 638//638 639//639
f 646//646 639//639 647//647
f 647//647 639//639 640//640
f 647//647 640//640 648//648
f 648//648 640//640 641//641
f 648//648 641//641 649//649
f 649//649 641//641 642//642
f 649//649 642//642 650//650
f 650//650 642//642 608//608
f 650//650 608//608 610//610
f 635//635 584//584 582//582
f 582//582 579//579 651//651
f 651//651 579//579 643//643
f 651//651 643//643 652//652
f 652//652 643//643 644//644
f 652//652 644//644 653//653
f 653//653 644//644 645//645
f 653//653 645//645 654//654
f 654//654 645//645 646//646
f 654//654 646//646 655//655
f 655//655 646//646 647//647
f 655//655 647//647 656//656
f 656//656 647//647 648//648
f 656//656 648//648 657//657
f 657//657 648//648 649//649
f 657//657 649//649 658//658
f 658//658 649//649 650//650
f 658//658 650//650 659//659
f 659//659 650//650 610//610
f 659//659 610//610 612//612
f 626//626 597//597 627//627
f 631//631 599//599 632//632
f 634//634 635//635 651//651
f 651//651 635//635 582//582
f 634//634 651//651 652//652
f 633//633 634//634 652//652
f 633//633 652//652 653//653
f 632//632 633//633 653//653
f 632//632 653//653 654//654
f 631//631 632//632 654//654
f 631//631 654//654 655//655
f 630//630 631//631 655//655
f 630//630 655//655 656//656
f 629//629 630//630 656//656
f 629//629 656//656 657//657
f 629//629 657//657 628//628
f 628//628 657//657 658//658
f 628//628 658//658 627//627
f 627//627 658//658 659//659
f 627//627 659//659 626//626
f 626//626 659//659 612//612
f 626//626 612//612 614//614
f 660//660 664//664 667//667
f 667//667 664//664 668//668
f 667//667 668//668 672//672
f 674//674 679//679 665//665
f 665//665 679//679 670//670
f 682//682 684//684 676//676
f 676//676 684//684 678//678
f 688//688 690//690 680//680
f 680//680 690//690 691//691
f 680//680 691//691 683//683
f 683//683 691//691 693//693
f 686//686 662//662 696//696
f 696//696 662//662 666//666
f 696//696 666//666 697//697
f 697//697 666//666 698//698
f 697//697 698//698 689//689
f 689//689 698//698 692//692
f 692//692 698//698 695//695
f 695//695 698//698 673//673
f 673//673 698//698 666//666
f 697//697 689//689 696//696
f 696//696 689//689 686//686
f 699//699 677//677 702//702
f 702//702 677//677 685//685
f 702//702 685//685 694//694
f 699//699 705//705 677//677
f 677//677 705//705 669//669
f 669//669 705//705 708//708
f 669//669 708//708 671//671
f 671//671 708//708 713//713
f 671//671 713//713 694//694
f 694//694 713//713 702//702
f 714//714 717//717 720//720
f 720//720 717//717 724//724
f 727//727 730//730 734//734
f 734//734 730//730 735//735
f 734//734 735//735 738//738
f 738//738 735//735 740//740
f 738//738 740//740 743//743
f 738//738 743//743 745//745
f 745//745 743//743 747//747
f 745//745 747//747 749//749
f 749//749 747//747 718//718
f 749//749 718//718 716//716
f 751//751 755//755 741//741
f 741//741 755//755 758//758
f 741//741 758//758 742//742
f 742//742 758//758 759//759
f 742//742 759//759 746//746
f 746//746 759//759 762//762
f 746//746 762//762 719//719
f 719//719 762//762 723//723
f 756//756 765//765 757//757
f 757//757 765//765 768//768
f 757//757 768//768 770//770
f 757//757 770//770 760//760
f 760//760 770//770 771//771
f 760//760 771//771 761//761
f 761//761 771//771 725//725
f 725//725 771//771 722//722
f 764//764 731//731 767//767
f 767//767 731//731 737//737
f 767//767 737//737 744//744
f 767//767 744//744 769//769
f 769//769 744//744 748//748
f 769//769 748//748 772//772
f 772//772 748//748 721//721
f 721//721 748//748 715//715
f 728//728 732//732 774//774
f 774//774 732//732 704//704
f 774//774 704//704 711//711
f 776//776 750//750 777//777
f 777//777 750//750 739//739
f 777//777 739//739 736//736
f 736//736 729//729 777//777
f 777//777 729//729 773//773
f 777//777 773//773 778//778
f 778//778 773//773 779//779
f 778//778 779//779 776//776
f 776//776 779//779 709//709
f 709//709 779//779 712//712
f 712//712 779//779 773//773
f 729//729 726//726 773//773
f 778//778 776//776 777//777
f 752//752 775//775 754//754
f 754//754 775//775 707//707
f 707//707 775//775 710//710
f 766//766 753//753 700//700
f 700//700 753//753 706//706
f 763//763 701//701 733//733
f 733//733 701//701 703//703
f 474//474 781//781 783//783
f 783//783 781//781 784//784
f 783//783 784//784 786//786
f 786//786 784//784 788//788
f 786//786 788//788 790//790
f 790//790 471//471 786//786
f 786//786 471//471 477//477
f 786//786 477//477 783//783
f 783//783 477//477 468//468
f 783//783 468//468 474//474
f 791//791 687//687 472//472
f 472//472 687//687 681//681
f 472//472 681//681 675//675
f 687//687 791//791 661//661
f 661//661 791//791 509//509
f 661//661 509//509 663//663
f 663//663 509//509 480//480
f 663//663 480//480 675//675
f 675//675 480//480 472//472
f 496//496 533//533 792//792
f 792//792 533//533 529//529
f 792//792 529//529 522//522
f 491//491 545//545 496//496
f 496//496 545//545 541//541
f 496//496 541//541 538//538
f 796//796 558//558 491//491
f 491//491 558//558 553//553
f 491//491 553//553 549//549
f 792//792 569//569 796//796
f 796//796 569//569 565//565
f 796//796 565//565 562//562
f 522//522 569//569 792//792
f 562//562 558//558 796//796
f 549//549 545//545 491//491
f 538//538 533//533 496//496
f 495//495 793//793 798//798
f 798//798 793//793 800//800
f 798//798 800//800 801//801
f 801//801 800//800 803//803
f 801//801 803//803 806//806
f 806//806 498//498 801//801
f 801//801 498//498 506//506
f 801//801 506//506 798//798
f 798//798 506//506 504//504
f 798//798 504//504 495//495
f 489//489 807//807 810//810
f 810//810 807//807 811//811
f 810//810 811//811 813//813
f 813//813 811//811 814//814
f 813//813 814//814 795//795
f 795//795 492//492 813//813
f 813//813 492//492 503//503
f 813//813 503//503 810//810
f 810//810 503//503 501//501
f 810//810 501//501 489//489
f 805//805 416//416 782//782
f 782//782 416//416 410//410
f 782//782 410//410 789//789
f 789//789 410//410 405//405
f 789//789 405//405 401//401
f 802//802 794//794 805//805
f 805//805 794//794 431//431
f 805//805 431//431 416//416
f 802//802 799//799 794//794
f 797//797 442//442 794//794
f 794//794 442//442 437//437
f 794//794 437//437 431//431
f 815//815 812//812 797//797
f 797//797 812//812 808//808
f 797//797 808//808 365//365
f 365//365 808//808 356//356
f 356//356 808//808 519//519
f 356//356 519//519 393//393
f 393//393 519//519 508//508
f 393//393 508//508 397//397
f 397//397 508//508 401//401
f 401//401 508//508 789//789
f 519//519 516//516 508//508
f 508//508 516//516 513//513
f 787//787 785//785 789//789
f 789//789 785//785 782//782
f 365//365 445//445 797//797
f 797//797 445//445 442//442
f 809//809 817//817 518//518
f 518//518 817//817 818//818
f 518//518 818//818 820//820
f 490//490 822//822 809//809
f 809//809 822//822 825//825
f 809//809 825//825 827//827
f 487//487 828//828 490//490
f 490//490 828//828 832//832
f 490//490 832//832 834//834
f 518//518 836//836 487//487
f 487//487 836//836 837//837
f 487//487 837//837 839//839
f 834//834 822//822 490//490
f 827//827 817//817 809//809
f 820//820 836//836 518//518
f 839//839 828//828 487//487
f 841//841 358//358 844//844
f 844//844 358//358 354//354
f 844//844 354//354 350//350
f 358//358 841//841 361//361
f 361//361 841//841 845//845
f 361//361 845//845 362//362
f 362//362 845//845 848//848
f 362//362 848//848 366//366
f 366//366 848//848 370//370
f 370//370 848//848 850//850
f 370//370 850//850 376//376
f 376//376 850//850 852//852
f 376//376 852//852 377//377
f 377//377 852//852 853//853
f 377//377 853//853 379//379
f 381//381 854//854 384//384
f 384//384 854//854 856//856
f 384//384 856//856 386//386
f 386//386 856//856 858//858
f 386//386 858//858 388//388
f 388//388 858//858 860//860
f 388//388 860//860 390//390
f 390//390 860//860 447//447
f 447//447 860//860 862//862
f 447//447 862//862 450//450
f 450//450 862//862 865//865
f 450//450 865//865 350//350
f 350//350 865//865 844//844
f 867//867 831//831 868//868
f 868//868 831//831 829//829
f 869//869 830//830 871//871
f 871//871 830//830 840//840
f 871//871 840//840 874//874
f 874//874 840//840 838//838
f 874//874 838//838 875//875
f 875//875 838//838 835//835
f 875//875 835//835 877//877
f 877//877 835//835 821//821
f 877//877 821//821 880//880
f 880//880 821//821 819//819
f 880//880 819//819 881//881
f 881//881 819//819 816//816
f 881//881 816//816 884//884
f 884//884 816//816 826//826
f 884//884 826//826 885//885
f 885//885 826//826 824//824
f 885//885 824//824 887//887
f 887//887 824//824 823//823
f 887//887 823//823 890//890
f 890//890 823//823 833//833
f 890//890 833//833 867//867
f 867//867 833//833 831//831
f 872//872 857//857 870//870
f 870//870 857//857 855//855
f 870//870 855//855 851//851
f 857//857 872//872 859//859
f 859//859 872//872 873//873
f 859//859 873//873 861//861
f 861//861 873//873 876//876
f 861//861 876//876 878//878
f 861//861 878//878 863//863
f 863//863 878//878 879//879
f 863//863 879//879 864//864
f 864//864 879//879 843//843
f 843//843 879//879 882//882
f 843//843 882//882 842//842
f 842//842 882//882 883//883
f 842//842 883//883 846//846
f 846//846 883//883 886//886
f 846//846 886//886 847//847
f 847//847 886//886 888//888
f 847//847 888//888 889//889
f 847//847 889//889 849//849
f 849//849 889//889 866//866
f 849//849 866//866 851//851
f 851//851 866//866 870//870
f 891//891 419//419 893//893
f 893//893 419//419 421//421
f 893//893 421//421 423//423
f 419//419 891//891 417//417
f 417//417 891//891 896//896
f 417//417 896//896 414//414
f 414//414 896//896 898//898
f 414//414 898//898 411//411
f 411//411 898//898 467//467
f 467//467 898//898 899//899
f 467//467 899//899 464//464
f 464//464 899//899 902//902
f 464//464 902//902 462//462
f 462//462 902//902 904//904
f 462//462 904//904 461//461
f 459//459 905//905 457//457
f 457//457 905//905 906//906
f 457//457 906//906 456//456
f 456//456 906//906 909//909
f 456//456 909//909 453//453
f 453//453 909//909 911//911
f 453//453 911//911 430//430
f 430//430 911//911 427//427
f 427//427 911//911 912//912
f 427//427 912//912 426//426
f 426//426 912//912 914//914
f 426//426 914//914 423//423
f 423//423 914//914 893//893
f 499//499 918//918 473//473
f 473//473 918//918 919//919
f 473//473 919//919 921//921
f 804//804 923//923 499//499
f 499//499 923//923 925//925
f 499//499 925//925 928//928
f 780//780 930//930 804//804
f 804//804 930//930 932//932
f 804//804 932//932 933//933
f 473//473 936//936 780//780
f 780//780 936//936 938//938
f 780//780 938//938 940//940
f 933//933 923//923 804//804
f 928//928 918//918 499//499
f 921//921 936//936 473//473
f 940//940 930//930 780//780
f 941//941 931//931 944//944
f 944//944 931//931 929//929
f 944//944 929//929 945//945
f 945//945 929//929 939//939
f 945//945 939//939 948//948
f 948//948 939//939 937//937
f 948//948 937//937 949//949
f 949//949 937//937 935//935
f 949//949 935//935 951//951
f 951//951 935//935 922//922
f 951//951 922//922 954//954
f 954//954 922//922 920//920
f 954//954 920//920 956//956
f 956//956 920//920 917//917
f 957//957 916//916 959//959
f 959//959 916//916 927//927
f 959//959 927//927 960//960
f 960//960 927//927 926//926
f 960//960 926//926 963//963
f 963//963 926//926 924//924
f 963//963 924//924 964//964
f 964//964 924//924 934//934
f 964//964 934//934 941//941
f 941//941 934//934 931//931
f 946//946 892//892 943//943
f 943//943 892//892 894//894
f 943//943 894//894 915//915
f 892//892 946//946 895//895
f 895//895 946//946 947//947
f 895//895 947//947 897//897
f 897//897 947//947 950//950
f 897//897 950//950 952//952
f 897//897 952//952 900//900
f 900//900 952//952 953//953
f 900//900 953//953 901//901
f 901//901 953//953 903//903
f 903//903 953//953 955//955
f 903//903 955//955 907//907
f 907//907 955//955 958//958
f 907//907 958//958 908//908
f 908//908 958//958 961//961
f 908//908 961//961 910//910
f 910//910 961//961 962//962
f 910//910 962//962 965//965
f 910//910 965//965 913//913
f 913//913 965//965 942//942
f 913//913 942//942 915//915
f 915//915 942//942 943//943
f 967//967 968//968 970//970
f 970//970 968//968 972//972
f 970//970 972//972 975//975
f 975//975 972//972 977//977
f 975//975 977//977 979//979
f 968//968 967//967 981//981
f 981//981 967//967 983//983
f 981//981 983//983 985//985
f 985//985 983//983 986//986
f 985//985 986//986 988//988
f 985//985 988//988 991//991
f 991//991 988//988 992//992
f 991//991 992//992 995//995
f 995//995 992//992 998//998
f 995//995 998//998 999//999
f 999//999 998//998 1002//1002
f 1002//1002 998//998 1005//1005
f 1002//1002 1005//1005 1006//1006
f 1006//1006 1005//1005 1009//1009
f 1006//1006 1009//1009 1010//1010
f 1010//1010 1009//1009 1013//1013
f 1010//1010 1013//1013 1015//1015
f 1010//1010 1015//1015 979//979
f 979//979 1015//1015 975//975
f 1016//1016 1019//1019 1020//1020
f 1020//1020 1019//1019 1023//1023
f 1020//1020 1023//1023 1026//1026
f 1026//1026 1023//1023 1028//1028
f 1026//1026 1028//1028 1030//1030
f 1019//1019 1016//1016 1032//1032
f 1032//1032 1016//1016 1035//1035
f 1032//1032 1035//1035 1037//1037
f 1037//1037 1035//1035 1038//1038
f 1037//1037 1038//1038 1040//1040
f 1037//1037 1040//1040 1043//1043
f 1043//1043 1040//1040 1044//1044
f 1043//1043 1044//1044 1047//1047
f 1047//1047 1044//1044 1049//1049
f 1047//1047 1049//1049 1050//1050
f 1050//1050 1049//1049 1053//1053
f 1053//1053 1049//1049 1054//1054
f 1053//1053 1054//1054 1057//1057
f 1057//1057 1054//1054 1058//1058
f 1057//1057 1058//1058 1061//1061
f 1061//1061 1058//1058 1062//1062
f 1061//1061 1062//1062 1065//1065
f 1061//1061 1065//1065 1030//1030
f 1030//1030 1065//1065 1026//1026
f 1068//1068 1070//1070 1064//1064
f 1064//1064 1070//1070 1072//1072
f 1064//1064 1072//1072 1027//1027
f 1027//1027 1072//1072 1074//1074
f 1027//1027 1074//1074 1021//1021
f 1021//1021 1074//1074 1077//1077
f 1022//1022 1078//1078 1080//1080
f 1022//1022 1080//1080 1017//1017
f 1017//1017 1080//1080 1082//1082
f 1017//1017 1082//1082 1034//1034
f 1034//1034 1082//1082 1085//1085
f 1034//1034 1085//1085 1039//1039
f 1039//1039 1085//1085 1087//1087
f 1039//1039 1087//1087 1088//1088
f 1082//1082 1090//1090 1085//1085
f 1088//1088 1095//1095 1039//1039
f 1039//1039 1095//1095 1041//1041
f 1041//1041 1095//1095 1098//1098
f 1041//1041 1098//1098 1100//1100
f 1041//1041 1100//1100 1045//1045
f 1045//1045 1100//1100 1101//1101
f 1045//1045 1101//1101 1048//1048
f 1048//1048 1101//1101 1103//1103
f 1048//1048 1103//1103 1106//1106
f 1048//1048 1106//1106 1055//1055
f 1055//1055 1106//1106 1107//1107
f 1055//1055 1107//1107 1059//1059
f 1059//1059 1107//1107 1110//1110
f 1059//1059 1110//1110 1063//1063
f 1063//1063 1110//1110 1112//1112
f 1063//1063 1112//1112 1115//1115
f 1107//1107 1116//1116 1110//1110
f 1115//1115 1068//1068 1063//1063
f 1063//1063 1068//1068 1064//1064
f 1018//1018 994//994 1025//1025
f 1025//1025 994//994 1001//1001
f 1024//1024 1000//1000 1029//1029
f 1029//1029 1000//1000 1003//1003
f 1029//1029 1003//1003 1031//1031
f 1031//1031 1003//1003 1007//1007
f 1031//1031 1007//1007 1060//1060
f 1060//1060 1007//1007 1011//1011
f 1060//1060 1011//1011 1056//1056
f 1056//1056 1011//1011 978//978
f 1056//1056 978//978 1052//1052
f 1052//1052 978//978 976//976
f 1052//1052 976//976 1051//1051
f 1051//1051 976//976 973//973
f 1051//1051 973//973 1046//1046
f 1046//1046 973//973 969//969
f 1046//1046 969//969 1042//1042
f 1042//1042 969//969 980//980
f 1042//1042 980//980 1036//1036
f 1036//1036 980//980 984//984
f 1036//1036 984//984 1033//1033
f 1033//1033 984//984 990//990
f 1033//1033 990//990 1018//1018
f 1018//1018 990//990 994//994
f 1092//1092 1081//1081 1120//1120
f 1120//1120 1081//1081 1121//1121
f 1120//1120 1121//1121 1123//1123
f 1123//1123 1121//1121 1124//1124
f 1123//1123 1124//1124 1126//1126
f 1126//1126 1124//1124 1129//1129
f 1129//1129 1124//1124 1131//1131
f 1131//1131 1124//1124 1132//1132
f 1131//1131 1132//1132 1134//1134
f 1134//1134 1132//1132 1135//1135
f 1134//1134 1135//1135 1137//1137
f 1137//1137 1135//1135 1138//1138
f 1137//1137 1138//1138 1140//1140
f 1140//1140 1138//1138 1141//1141
f 1140//1140 1141//1141 1142//1142
f 1142//1142 1141//1141 1146//1146
f 1146//1146 1141//1141 1147//1147
f 1147//1147 1141//1141 1149//1149
f 1147//1147 1149//1149 1151//1151
f 1151//1151 1149//1149 1073//1073
f 1151//1151 1073//1073 1069//1069
f 1121//1121 1081//1081 1152//1152
f 1152//1152 1081//1081 1079//1079
f 1152//1152 1079//1079 1153//1153
f 1153//1153 1079//1079 1076//1076
f 1153//1153 1076//1076 1154//1154
f 1154//1154 1076//1076 1075//1075
f 1154//1154 1075//1075 1149//1149
f 1149//1149 1075//1075 1073//1073
f 1132//1132 1124//1124 1121//1121
f 1132//1132 1121//1121 1152//1152
f 1135//1135 1132//1132 1152//1152
f 1135//1135 1152//1152 1153//1153
f 1138//1138 1135//1135 1153//1153
f 1138//1138 1153//1153 1154//1154
f 1141//1141 1138//1138 1154//1154
f 1141//1141 1154//1154 1149//1149
f 1119//1119 1150//1150 1091//1091
f 1091//1091 1150//1150 1071//1071
f 1091//1091 1071//1071 1084//1084
f 1084//1084 1071//1071 1066//1066
f 1119//1119 1122//1122 1150//1150
f 1150//1150 1122//1122 1127//1127
f 1150//1150 1127//1127 1148//1148
f 1148//1148 1127//1127 1143//1143
f 1148//1148 1143//1143 1145//1145
f 1122//1122 1125//1125 1127//1127
f 1083//1083 1067//1067 1086//1086
f 1086//1086 1067//1067 1114//1114
f 1086//1086 1114//1114 1113//1113
f 1086//1086 1113//1113 1089//1089
f 1089//1089 1113//1113 1111//1111
f 1089//1089 1111//1111 1093//1093
f 1156//1156 1158//1158 1118//1118
f 1118//1118 1158//1158 1096//1096
f 1118//1118 1096//1096 1109//1109
f 1109//1109 1096//1096 1094//1094
f 1159//1159 1163//1163 1156//1156
f 1156//1156 1163//1163 1164//1164
f 1156//1156 1164//1164 1158//1158
f 1166//1166 1170//1170 1159//1159
f 1159//1159 1170//1170 1163//1163
f 1163//1163 1172//1172 1164//1164
f 1171//1171 1162//1162 1173//1173
f 1173//1173 1162//1162 1175//1175
f 1173//1173 1175//1175 1176//1176
f 1176//1176 1175//1175 1178//1178
f 1176//1176 1178//1178 1179//1179
f 1179//1179 1178//1178 1181//1181
f 1179//1179 1181//1181 1182//1182
f 1182//1182 1181//1181 1183//1183
f 1182//1182 1183//1183 1185//1185
f 1185//1185 1183//1183 1169//1169
f 1185//1185 1169//1169 1167//1167
f 1167//1167 1160//1160 1185//1185
f 1185//1185 1160//1160 1186//1186
f 1185//1185 1186//1186 1182//1182
f 1182//1182 1186//1186 1187//1187
f 1182//1182 1187//1187 1179//1179
f 1179//1179 1187//1187 1188//1188
f 1179//1179 1188//1188 1176//1176
f 1176//1176 1188//1188 1189//1189
f 1176//1176 1189//1189 1173//1173
f 1173//1173 1189//1189 1190//1190
f 1173//1173 1190//1190 1165//1165
f 1165//1165 1190//1190 1157//1157
f 1157//1157 1190//1190 1099//1099
f 1157//1157 1099//1099 1097//1097
f 1160//1160 1155//1155 1186//1186
f 1186//1186 1155//1155 1108//1108
f 1186//1186 1108//1108 1187//1187
f 1187//1187 1108//1108 1105//1105
f 1187//1187 1105//1105 1188//1188
f 1188//1188 1105//1105 1104//1104
f 1188//1188 1104//1104 1189//1189
f 1189//1189 1104//1104 1102//1102
f 1189//1189 1102//1102 1190//1190
f 1190//1190 1102//1102 1099//1099
f 1155//1155 1117//1117 1108//1108
f 1165//1165 1171//1171 1173//1173
f 1128//1128 1130//1130 1144//1144
f 1144//1144 1130//1130 1139//1139
f 1139//1139 1130//1130 1136//1136
f 1136//1136 1130//1130 1133//1133
f 1161//1161 1168//1168 1174//1174
f 1174//1174 1168//1168 1184//1184
f 1174//1174 1184//1184 1180//1180
f 1180//1180 1177//1177 1174//1174
f 1193//1193 1194//1194 1196//1196
f 1196//1196 1194//1194 1199//1199
f 1199//1199 1194//1194 1202//1202
f 1199//1199 1202//1202 1204//1204
f 1204//1204 1202//1202 1207//1207
f 1207//1207 1202//1202 1208//1208
f 1211//1211 1215//1215 1217//1217
f 1217//1217 1215//1215 1220//1220
f 1217//1217 1220//1220 1222//1222
f 1222//1222 1223//1223 1217//1217
f 1225//1225 1214//1214 1227//1227
f 1227//1227 1214//1214 1213//1213
f 1227//1227 1213//1213 1230//1230
f 1230//1230 1213//1213 1232//1232
f 1230//1230 1232//1232 1233//1233
f 1213//1213 1235//1235 1232//1232
f 1230//1230 1233//1233 1239//1239
f 1239//1239 1233//1233 1242//1242
f 1239//1239 1242//1242 1198//1198
f 1198//1198 1242//1242 1192//1192
f 1238//1238 1243//1243 1229//1229
f 1229//1229 1243//1243 1245//1245
f 1229//1229 1245//1245 1228//1228
f 1228//1228 1245//1245 1246//1246
f 1228//1228 1246//1246 1226//1226
f 1226//1226 1246//1246 1216//1216
f 1216//1216 1246//1246 1219//1219
f 1219//1219 1246//1246 1247//1247
f 1219//1219 1247//1247 1221//1221
f 1221//1221 1247//1247 1248//1248
f 1221//1221 1248//1248 1224//1224
f 1224//1224 1248//1248 1249//1249
f 1224//1224 1249//1249 1218//1218
f 1218//1218 1249//1249 1250//1250
f 1218//1218 1250//1250 1212//1212
f 1212//1212 1250//1250 1236//1236
f 1236//1236 1250//1250 1231//1231
f 1231//1231 1250//1250 1251//1251
f 1231//1231 1251//1251 1240//1240
f 1240//1240 1251//1251 1253//1253
f 1253//1253 1251//1251 1255//1255
f 1255//1255 1251//1251 1256//1256
f 1255//1255 1256//1256 1258//1258
f 1258//1258 1256//1256 1260//1260
f 1258//1258 1260//1260 1262//1262
f 1262//1262 1260//1260 1263//1263
f 1262//1262 1263//1263 1243//1243
f 1243//1243 1263//1263 1245//1245
f 1240//1240 1234//1234 1231//1231
f 1247//1247 1246//1246 1245//1245
f 1247//1247 1245//1245 1263//1263
f 1248//1248 1247//1247 1263//1263
f 1248//1248 1263//1263 1260//1260
f 1249//1249 1248//1248 1260//1260
f 1249//1249 1260//1260 1256//1256
f 1250//1250 1249//1249 1256//1256
f 1250//1250 1256//1256 1251//1251
f 1264//1264 1267//1267 1270//1270
f 1270//1270 1267//1267 1273//1273
f 1273//1273 1267//1267 1274//1274
f 1274//1274 1267//1267 1277//1277
f 1279//1279 1265//1265 1281//1281
f 1281//1281 1265//1265 1269//1269
f 1281//1281 1269//1269 1282//1282
f 1282//1282 1269//1269 1285//1285
f 1282//1282 1285//1285 1286//1286
f 1269//1269 1289//1289 1285//1285
f 1282//1282 1286//1286 1290//1290
f 1290//1290 1286//1286 1295//1295
f 1290//1290 1295//1295 1210//1210
f 1210//1210 1295//1295 1205//1205
f 1206//1206 1293//1293 1014//1014
f 1014//1014 1293//1293 1297//1297
f 1014//1014 1297//1297 974//974
f 974//974 1297//1297 1299//1299
f 974//974 1299//1299 971//971
f 971//971 1299//1299 1300//1300
f 971//971 1300//1300 1302//1302
f 971//971 1302//1302 966//966
f 966//966 1302//1302 1305//1305
f 966//966 1305//1305 982//982
f 982//982 1305//1305 1291//1291
f 982//982 1291//1291 1209//1209
f 982//982 1209//1209 987//987
f 987//987 1209//1209 1201//1201
f 987//987 1201//1201 1195//1195
f 1195//1195 1191//1191 987//987
f 987//987 1191//1191 989//989
f 989//989 1191//1191 1241//1241
f 989//989 1241//1241 1252//1252
f 989//989 1252//1252 993//993
f 993//993 1252//1252 1254//1254
f 993//993 1254//1254 997//997
f 997//997 1254//1254 1259//1259
f 996//996 1257//1257 1261//1261
f 996//996 1261//1261 1004//1004
f 1004//1004 1261//1261 1244//1244
f 1004//1004 1244//1244 1008//1008
f 1008//1008 1244//1244 1237//1237
f 1008//1008 1237//1237 1197//1197
f 1008//1008 1197//1197 1012//1012
f 1012//1012 1197//1197 1200//1200
f 1012//1012 1200//1200 1203//1203
f 1203//1203 1206//1206 1012//1012
f 1012//1012 1206//1206 1014//1014
f 1292//1292 1304//1304 1283//1283
f 1283//1283 1304//1304 1306//1306
f 1283//1283 1306//1306 1280//1280
f 1280//1280 1306//1306 1307//1307
f 1280//1280 1307//1307 1278//1278
f 1278//1278 1307//1307 1266//1266
f 1266//1266 1307//1307 1268//1268
f 1268//1268 1307//1307 1308//1308
f 1268//1268 1308//1308 1276//1276
f 1276//1276 1308//1308 1309//1309
f 1276//1276 1309//1309 1275//1275
f 1275//1275 1309//1309 1310//1310
f 1275//1275 1310//1310 1272//1272
f 1272//1272 1310//1310 1311//1311
f 1272//1272 1311//1311 1271//1271
f 1271//1271 1311//1311 1288//1288
f 1288//1288 1311//1311 1284//1284
f 1284//1284 1311//1311 1312//1312
f 1284//1284 1312//1312 1294//1294
f 1294//1294 1312//1312 1296//1296
f 1296//1296 1312//1312 1298//1298
f 1298//1298 1312//1312 1313//1313
f 1298//1298 1313//1313 1301//1301
f 1301//1301 1313//1313 1314//1314
f 1301//1301 1314//1314 1303//1303
f 1303//1303 1314//1314 1315//1315
f 1303//1303 1315//1315 1304//1304
f 1304//1304 1315//1315 1306//1306
f 1294//1294 1287//1287 1284//1284
f 1308//1308 1307//1307 1306//1306
f 1308//1308 1306//1306 1315//1315
f 1309//1309 1308//1308 1315//1315
f 1309//1309 1315//1315 1314//1314
f 1310//1310 1309//1309 1314//1314
f 1310//1310 1314//1314 1313//1313
f 1311//1311 1310//1310 1313//1313
f 1311//1311 1313//1313 1312//1312
f 1317//1317 1319//1319 1322//1322
f 1322//1322 1319//1319 1324//1324
f 1322//1322 1324//1324 1325//1325
f 1322//1322 1325//1325 1327//1327
f 1327//1327 1325//1325 1328//1328
f 1327//1327 1328//1328 1330//1330
f 1330//1330 1328//1328 1335//1335
f 1327//1327 1330//1330 1336//1336
f 1336//1336 1330//1330 1337//1337
f 1336//1336 1337//1337 1339//1339
f 1339//1339 1337//1337 1340//1340
f 1339//1339 1340//1340 1341//1341
f 1341//1341 1340//1340 1342//1342
f 1341//1341 1342//1342 1343//1343
f 1343//1343 1342//1342 1345//1345
f 1343//1343 1345//1345 1347//1347
f 1347//1347 1345//1345 1348//1348
f 1347//1347 1348//1348 1352//1352
f 1337//1337 1354//1354 1340//1340
f 1340//1340 1354//1354 1356//1356
f 1340//1340 1356//1356 1342//1342
f 1342//1342 1356//1356 1345//1345
f 1358//1358 1361//1361 1354//1354
f 1354//1354 1361//1361 1356//1356
f 1361//1361 1348//1348 1356//1356
f 1356//1356 1348//1348 1345//1345
f 1341//1341 1343//1343 1363//1363
f 1363//1363 1343//1343 1317//1317
f 1363//1363 1317//1317 1322//1322
f 1339//1339 1341//1341 1363//1363
f 1327//1327 1336//1336 1322//1322
f 1322//1322 1336//1336 1363//1363
f 1336//1336 1339//1339 1363//1363
f 1350//1350 1349//1349 1364//1364
f 1364//1364 1349//1349 1366//1366
f 1364//1364 1366//1366 1368//1368
f 1368//1368 1366//1366 1369//1369
f 1369//1369 1366//1366 1371//1371
f 1369//1369 1371//1371 1376//1376
f 1366//1366 1349//1349 1377//1377
f 1377//1377 1349//1349 1362//1362
f 1377//1377 1362//1362 1379//1379
f 1379//1379 1362//1362 1357//1357
f 1379//1379 1380//1380 1377//1377
f 1377//1377 1380//1380 1383//1383
f 1377//1377 1383//1383 1385//1385
f 1385//1385 1383//1383 1388//1388
f 1385//1385 1371//1371 1377//1377
f 1377//1377 1371//1371 1366//1366
f 1375//1375 1372//1372 1390//1390
f 1390//1390 1372//1372 1392//1392
f 1390//1390 1392//1392 1394//1394
f 1394//1394 1392//1392 1396//1396
f 1394//1394 1396//1396 1400//1400
f 1392//1392 1372//1372 1401//1401
f 1401//1401 1372//1372 1384//1384
f 1401//1401 1384//1384 1403//1403
f 1403//1403 1384//1384 1389//1389
f 1403//1403 1405//1405 1401//1401
f 1401//1401 1405//1405 1406//1406
f 1401//1401 1406//1406 1396//1396
f 1405//1405 1409//1409 1406//1406
f 1392//1392 1401//1401 1396//1396
f 1397//1397 1395//1395 1412//1412
f 1412//1412 1395//1395 1414//1414
f 1412//1412 1414//1414 1417//1417
f 1417//1417 1414//1414 1419//1419
f 1419//1419 1414//1414 1422//1422
f 1422//1422 1414//1414 1423//1423
f 1422//1422 1423//1423 1424//1424
f 1424//1424 1423//1423 1426//1426
f 1426//1426 1423//1423 1431//1431
f 1431//1431 1423//1423 1407//1407
f 1431//1431 1407//1407 1411//1411
f 1414//1414 1395//1395 1423//1423
f 1423//1423 1395//1395 1407//1407
f 1432//1432 1333//1333 1436//1436
f 1436//1436 1333//1333 1437//1437
f 1436//1436 1437//1437 1438//1438
f 1438//1438 1437//1437 1441//1441
f 1441//1441 1437//1437 1442//1442
f 1441//1441 1442//1442 1323//1323
f 1323//1323 1442//1442 1326//1326
f 1326//1326 1442//1442 1329//1329
f 1329//1329 1442//1442 1333//1333
f 1333//1333 1442//1442 1437//1437
f 1323//1323 1320//1320 1441//1441
f 1441//1441 1320//1320 1443//1443
f 1447//1447 1449//1449 1452//1452
f 1452//1452 1449//1449 1427//1427
f 1452//1452 1427//1427 1430//1430
f 1430//1430 1410//1410 1452//1452
f 1452//1452 1410//1410 1453//1453
f 1452//1452 1453//1453 1447//1447
f 1408//1408 1404//1404 1454//1454
f 1454//1454 1404//1404 1457//1457
f 1457//1457 1404//1404 1459//1459
f 1457//1457 1459//1459 1461//1461
f 1461//1461 1459//1459 1402//1402
f 1461//1461 1402//1402 1387//1387
f 1404//1404 1402//1402 1459//1459
f 1359//1359 1466//1466 1468//1468
f 1468//1468 1466//1466 1460//1460
f 1468//1468 1460//1460 1386//1386
f 1386//1386 1382//1382 1468//1468
f 1468//1468 1382//1382 1381//1381
f 1468//1468 1381//1381 1378//1378
f 1378//1378 1359//1359 1468//1468
f 1467//1467 1360//1360 1469//1469
f 1469//1469 1360//1360 1355//1355
f 1469//1469 1355//1355 1471//1471
f 1471//1471 1355//1355 1472//1472
f 1471//1471 1472//1472 1473//1473
f 1473//1473 1472//1472 1338//1338
f 1473//1473 1338//1338 1331//1331
f 1355//1355 1338//1338 1472//1472
f 1473//1473 1331//1331 1474//1474
f 1474//1474 1331//1331 1332//1332
f 1474//1474 1332//1332 1476//1476
f 1474//1474 1476//1476 1479//1479
f 1479//1479 1476//1476 1480//1480
f 1479//1479 1480//1480 1482//1482
f 1482//1482 1480//1480 1483//1483
f 1482//1482 1483//1483 1471//1471
f 1471//1471 1483//1483 1485//1485
f 1471//1471 1485//1485 1469//1469
f 1474//1474 1479//1479 1482//1482
f 1474//1474 1482//1482 1473//1473
f 1473//1473 1482//1482 1471//1471
f 1489//1489 1477//1477 1491//1491
f 1491//1491 1477//1477 1334//1334
f 1491//1491 1334//1334 1433//1433
f 1481//1481 1478//1478 1493//1493
f 1493//1493 1478//1478 1494//1494
f 1493//1493 1494//1494 1496//1496
f 1493//1493 1496//1496 1498//1498
f 1498//1498 1496//1496 1502//1502
f 1498//1498 1502//1502 1503//1503
f 1498//1498 1503//1503 1505//1505
f 1505//1505 1503//1503 1507//1507
f 1505//1505 1507//1507 1508//1508
f 1508//1508 1507//1507 1509//1509
f 1508//1508 1509//1509 1510//1510
f 1510//1510 1509//1509 1511//1511
f 1510//1510 1511//1511 1484//1484
f 1484//1484 1511//1511 1486//1486
f 1486//1486 1511//1511 1512//1512
f 1486//1486 1512//1512 1470//1470
f 1470//1470 1512//1512 1513//1513
f 1470//1470 1513//1513 1464//1464
f 1507//1507 1515//1515 1509//1509
f 1509//1509 1515//1515 1517//1517
f 1509//1509 1517//1517 1511//1511
f 1511//1511 1517//1517 1512//1512
f 1518//1518 1522//1522 1515//1515
f 1515//1515 1522//1522 1517//1517
f 1522//1522 1513//1513 1517//1517
f 1517//1517 1513//1513 1512//1512
f 1510//1510 1484//1484 1524//1524
f 1524//1524 1484//1484 1481//1481
f 1524//1524 1481//1481 1493//1493
f 1508//1508 1510//1510 1524//1524
f 1498//1498 1505//1505 1493//1493
f 1493//1493 1505//1505 1524//1524
f 1505//1505 1508//1508 1524//1524
f 1462//1462 1465//1465 1525//1525
f 1525//1525 1465//1465 1514//1514
f 1525//1525 1514//1514 1526//1526
f 1526//1526 1514//1514 1523//1523
f 1526//1526 1523//1523 1527//1527
f 1527//1527 1523//1523 1520//1520
f 1527//1527 1529//1529 1526//1526
f 1526//1526 1529//1529 1532//1532
f 1526//1526 1532//1532 1534//1534
f 1534//1534 1532//1532 1538//1538
f 1534//1534 1539//1539 1526//1526
f 1526//1526 1539//1539 1525//1525
f 1539//1539 1462//1462 1525//1525
f 1463//1463 1540//1540 1458//1458
f 1458//1458 1540//1540 1541//1541
f 1458//1458 1541//1541 1455//1455
f 1455//1455 1541//1541 1543//1543
f 1543//1543 1541//1541 1544//1544
f 1543//1543 1544//1544 1546//1546
f 1546//1546 1544//1544 1547//1547
f 1546//1546 1547//1547 1550//1550
f 1541//1541 1540//1540 1544//1544
f 1544//1544 1540//1540 1533//1533
f 1544//1544 1533//1533 1551//1551
f 1551//1551 1533//1533 1535//1535
f 1551//1551 1547//1547 1544//1544
f 1550//1550 1553//1553 1546//1546
f 1446//1446 1456//1456 1557//1557
f 1557//1557 1456//1456 1542//1542
f 1557//1557 1542//1542 1558//1558
f 1558//1558 1542//1542 1545//1545
f 1558//1558 1545//1545 1560//1560
f 1560//1560 1545//1545 1555//1555
f 1560//1560 1563//1563 1558//1558
f 1558//1558 1563//1563 1565//1565
f 1558//1558 1565//1565 1567//1567
f 1558//1558 1567//1567 1557//1557
f 1557//1557 1567//1567 1569//1569
f 1557//1557 1569//1569 1446//1446
f 1446//1446 1569//1569 1448//1448
f 1571//1571 1499//1499 1575//1575
f 1575//1575 1499//1499 1576//1576
f 1575//1575 1576//1576 1577//1577
f 1577//1577 1576//1576 1579//1579
f 1579//1579 1576//1576 1488//1488
f 1488//1488 1576//1576 1581//1581
f 1488//1488 1581//1581 1495//1495
f 1495//1495 1581//1581 1497//1497
f 1497//1497 1581//1581 1499//1499
f 1499//1499 1581//1581 1576//1576
f 1495//1495 1475//1475 1488//1488
f 1583//1583 1587//1587 1588//1588
f 1588//1588 1587//1587 1564//1564
f 1588//1588 1564//1564 1559//1559
f 1559//1559 1556//1556 1588//1588
f 1588//1588 1556//1556 1589//1589
f 1588//1588 1589//1589 1583//1583
f 1554//1554 1549//1549 1590//1590
f 1590//1590 1549//1549 1548//1548
f 1590//1590 1548//1548 1593//1593
f 1593//1593 1548//1548 1595//1595
f 1593//1593 1595//1595 1599//1599
f 1599//1599 1595//1595 1552//1552
f 1599//1599 1552//1552 1537//1537
f 1548//1548 1552//1552 1595//1595
f 1521//1521 1601//1601 1604//1604
f 1604//1604 1601//1601 1597//1597
f 1604//1604 1597//1597 1536//1536
f 1536//1536 1531//1531 1604//1604
f 1604//1604 1531//1531 1530//1530
f 1604//1604 1530//1530 1528//1528
f 1528//1528 1521//1521 1604//1604
f 1603//1603 1519//1519 1606//1606
f 1606//1606 1519//1519 1516//1516
f 1606//1606 1516//1516 1607//1607
f 1607//1607 1516//1516 1608//1608
f 1607//1607 1608//1608 1609//1609
f 1609//1609 1608//1608 1506//1506
f 1609//1609 1506//1506 1504//1504
f 1516//1516 1506//1506 1608//1608
f 1609//1609 1504//1504 1610//1610
f 1610//1610 1504//1504 1500//1500
f 1610//1610 1500//1500 1614//1614
f 1610//1610 1614//1614 1615//1615
f 1615//1615 1614//1614 1616//1616
f 1615//1615 1616//1616 1618//1618
f 1618//1618 1616//1616 1620//1620
f 1618//1618 1620//1620 1607//1607
f 1607//1607 1620//1620 1622//1622
f 1607//1607 1622//1622 1606//1606
f 1610//1610 1615//1615 1618//1618
f 1610//1610 1618//1618 1609//1609
f 1609//1609 1618//1618 1607//1607
f 1501//1501 1624//1624 1611//1611
f 1611//1611 1624//1624 1625//1625
f 1611//1611 1625//1625 1628//1628
f 1572//1572 1631//1631 1501//1501
f 1501//1501 1631//1631 1624//1624
f 1617//1617 1613//1613 1632//1632
f 1632//1632 1613//1613 1633//1633
f 1632//1632 1633//1633 1635//1635
f 1635//1635 1633//1633 1636//1636
f 1635//1635 1636//1636 1639//1639
f 1639//1639 1636//1636 1640//1640
f 1635//1635 1639//1639 1644//1644
f 1644//1644 1639//1639 1645//1645
f 1644//1644 1645//1645 1647//1647
f 1647//1647 1645//1645 1648//1648
f 1647//1647 1648//1648 1649//1649
f 1649//1649 1648//1648 1650//1650
f 1649//1649 1650//1650 1619//1619
f 1619//1619 1650//1650 1621//1621
f 1621//1621 1650//1650 1651//1651
f 1621//1621 1651//1651 1605//1605
f 1605//1605 1651//1651 1653//1653
f 1605//1605 1653//1653 1600//1600
f 1645//1645 1654//1654 1648//1648
f 1648//1648 1654//1654 1656//1656
f 1648//1648 1656//1656 1650//1650
f 1650//1650 1656//1656 1651//1651
f 1657//1657 1661//1661 1654//1654
f 1654//1654 1661//1661 1656//1656
f 1661//1661 1653//1653 1656//1656
f 1656//1656 1653//1653 1651//1651
f 1649//1649 1619//1619 1663//1663
f 1663//1663 1619//1619 1617//1617
f 1663//1663 1617//1617 1632//1632
f 1647//1647 1649//1649 1663//1663
f 1635//1635 1644//1644 1632//1632
f 1632//1632 1644//1644 1663//1663
f 1644//1644 1647//1647 1663//1663
f 1598//1598 1602//1602 1664//1664
f 1664//1664 1602//1602 1652//1652
f 1664//1664 1652//1652 1665//1665
f 1665//1665 1652//1652 1662//1662
f 1665//1665 1662//1662 1667//1667
f 1667//1667 1662//1662 1660//1660
f 1667//1667 1668//1668 1665//1665
f 1665//1665 1668//1668 1671//1671
f 1665//1665 1671//1671 1673//1673
f 1673//1673 1671//1671 1674//1674
f 1673//1673 1679//1679 1665//1665
f 1665//1665 1679//1679 1664//1664
f 1679//1679 1598//1598 1664//1664
f 1596//1596 1678//1678 1594//1594
f 1594//1594 1678//1678 1680//1680
f 1594//1594 1680//1680 1591//1591
f 1591//1591 1680//1680 1681//1681
f 1681//1681 1680//1680 1683//1683
f 1681//1681 1683//1683 1684//1684
f 1684//1684 1683//1683 1686//1686
f 1684//1684 1686//1686 1689//1689
f 1680//1680 1678//1678 1683//1683
f 1683//1683 1678//1678 1672//1672
f 1683//1683 1672//1672 1690//1690
f 1690//1690 1672//1672 1675//1675
f 1690//1690 1686//1686 1683//1683
f 1689//1689 1693//1693 1684//1684
f 1582//1582 1592//1592 1696//1696
f 1696//1696 1592//1592 1682//1682
f 1696//1696 1682//1682 1697//1697
f 1697//1697 1682//1682 1685//1685
f 1697//1697 1685//1685 1699//1699
f 1699//1699 1685//1685 1692//1692
f 1699//1699 1701//1701 1697//1697
f 1697//1697 1701//1701 1705//1705
f 1697//1697 1705//1705 1706//1706
f 1697//1697 1706//1706 1696//1696
f 1696//1696 1706//1706 1709//1709
f 1696//1696 1709//1709 1582//1582
f 1582//1582 1709//1709 1584//1584
f 1710//1710 1641//1641 1713//1713
f 1713//1713 1641//1641 1715//1715
f 1713//1713 1715//1715 1717//1717
f 1717//1717 1715//1715 1718//1718
f 1718//1718 1715//1715 1720//1720
f 1718//1718 1720//1720 1612//1612
f 1612//1612 1720//1720 1634//1634
f 1634//1634 1720//1720 1637//1637
f 1637//1637 1720//1720 1641//1641
f 1641//1641 1720//1720 1715//1715
f 1612//1612 1627//1627 1718//1718
f 1721//1721 1725//1725 1727//1727
f 1727//1727 1725//1725 1702//1702
f 1727//1727 1702//1702 1698//1698
f 1698//1698 1694//1694 1727//1727
f 1727//1727 1694//1694 1731//1731
f 1727//1727 1731//1731 1721//1721
f 1695//1695 1688//1688 1730//1730
f 1730//1730 1688//1688 1687//1687
f 1730//1730 1687//1687 1733//1733
f 1733//1733 1687//1687 1734//1734
f 1733//1733 1734//1734 1736//1736
f 1736//1736 1734//1734 1691//1691
f 1736//1736 1691//1691 1676//1676
f 1687//1687 1691//1691 1734//1734
f 1658//1658 1741//1741 1743//1743
f 1743//1743 1741//1741 1737//1737
f 1743//1743 1737//1737 1677//1677
f 1677//1677 1670//1670 1743//1743
f 1743//1743 1670//1670 1669//1669
f 1743//1743 1669//1669 1666//1666
f 1666//1666 1658//1658 1743//1743
f 1739//1739 1659//1659 1744//1744
f 1744//1744 1659//1659 1655//1655
f 1744//1744 1655//1655 1746//1746
f 1746//1746 1655//1655 1747//1747
f 1746//1746 1747//1747 1748//1748
f 1748//1748 1747//1747 1646//1646
f 1748//1748 1646//1646 1638//1638
f 1655//1655 1646//1646 1747//1747
f 1748//1748 1638//1638 1749//1749
f 1749//1749 1638//1638 1643//1643
f 1749//1749 1643//1643 1753//1753
f 1749//1749 1753//1753 1754//1754
f 1754//1754 1753//1753 1756//1756
f 1754//1754 1756//1756 1757//1757
f 1757//1757 1756//1756 1758//1758
f 1757//1757 1758//1758 1746//1746
f 1746//1746 1758//1758 1760//1760
f 1746//1746 1760//1760 1744//1744
f 1749//1749 1754//1754 1757//1757
f 1749//1749 1757//1757 1748//1748
f 1748//1748 1757//1757 1746//1746
f 1642//1642 1763//1763 1750//1750
f 1750//1750 1763//1763 1765//1765
f 1750//1750 1765//1765 1768//1768
f 1712//1712 1769//1769 1642//1642
f 1642//1642 1769//1769 1763//1763
f 1772//1772 1773//1773 1776//1776
f 1776//1776 1773//1773 1778//1778
f 1776//1776 1778//1778 1781//1781
f 1781//1781 1778//1778 1783//1783
f 1781//1781 1783//1783 1785//1785
f 1785//1785 1783//1783 1787//1787
f 1785//1785 1787//1787 1790//1790
f 1790//1790 1791//1791 1785//1785
f 1785//1785 1791//1791 1766//1766
f 1785//1785 1766//1766 1764//1764
f 1785//1785 1764//1764 1793//1793
f 1793//1793 1764//1764 1762//1762
f 1793//1793 1762//1762 1770//1770
f 1793//1793 1770//1770 1795//1795
f 1795//1795 1770//1770 1711//1711
f 1795//1795 1711//1711 1714//1714
f 1714//1714 1716//1716 1795//1795
f 1795//1795 1716//1716 1719//1719
f 1795//1795 1719//1719 1629//1629
f 1629//1629 1626//1626 1795//1795
f 1795//1795 1626//1626 1798//1798
f 1798//1798 1626//1626 1623//1623
f 1798//1798 1623//1623 1630//1630
f 1798//1798 1630//1630 1800//1800
f 1800//1800 1630//1630 1573//1573
f 1800//1800 1573//1573 1574//1574
f 1574//1574 1578//1578 1800//1800
f 1800//1800 1578//1578 1580//1580
f 1800//1800 1580//1580 1487//1487
f 1487//1487 1490//1490 1800//1800
f 1800//1800 1490//1490 1801//1801
f 1802//1802 1492//1492 1434//1434
f 1802//1802 1434//1434 1805//1805
f 1805//1805 1434//1434 1435//1435
f 1805//1805 1435//1435 1439//1439
f 1439//1439 1440//1440 1805//1805
f 1805//1805 1440//1440 1445//1445
f 1805//1805 1445//1445 1806//1806
f 1805//1805 1806//1806 1809//1809
f 1809//1809 1806//1806 1810//1810
f 1809//1809 1810//1810 1812//1812
f 1809//1809 1812//1812 1815//1815
f 1815//1815 1812//1812 1816//1816
f 1815//1815 1816//1816 1819//1819
f 1819//1819 1822//1822 1815//1815
f 1815//1815 1822//1822 1823//1823
f 1815//1815 1823//1823 1825//1825
f 1825//1825 1829//1829 1815//1815
f 1815//1815 1829//1829 1830//1830
f 1830//1830 1829//1829 1833//1833
f 1830//1830 1833//1833 1835//1835
f 1830//1830 1835//1835 1776//1776
f 1776//1776 1835//1835 1837//1837
f 1776//1776 1837//1837 1840//1840
f 1840//1840 1841//1841 1776//1776
f 1776//1776 1841//1841 1772//1772
f 1755//1755 1751//1751 1843//1843
f 1843//1843 1751//1751 1845//1845
f 1843//1843 1845//1845 1846//1846
f 1843//1843 1846//1846 1848//1848
f 1848//1848 1846//1846 1850//1850
f 1848//1848 1850//1850 1852//1852
f 1852//1852 1850//1850 1856//1856
f 1848//1848 1852//1852 1857//1857
f 1857//1857 1852//1852 1858//1858
f 1857//1857 1858//1858 1860//1860
f 1860//1860 1858//1858 1861//1861
f 1860//1860 1861//1861 1862//1862
f 1862//1862 1861//1861 1863//1863
f 1862//1862 1863//1863 1759//1759
f 1759//1759 1863//1863 1761//1761
f 1761//1761 1863//1863 1864//1864
f 1761//1761 1864//1864 1745//1745
f 1745//1745 1864//1864 1865//1865
f 1745//1745 1865//1865 1742//1742
f 1858//1858 1868//1868 1861//1861
f 1861//1861 1868//1868 1869//1869
f 1861//1861 1869//1869 1863//1863
f 1863//1863 1869//1869 1864//1864
f 1870//1870 1875//1875 1868//1868
f 1868//1868 1875//1875 1869//1869
f 1875//1875 1865//1865 1869//1869
f 1869//1869 1865//1865 1864//1864
f 1862//1862 1759//1759 1876//1876
f 1876//1876 1759//1759 1755//1755
f 1876//1876 1755//1755 1843//1843
f 1860//1860 1862//1862 1876//1876
f 1848//1848 1857//1857 1843//1843
f 1843//1843 1857//1857 1876//1876
f 1857//1857 1860//1860 1876//1876
f 1735//1735 1740//1740 1877//1877
f 1877//1877 1740//1740 1866//1866
f 1877//1877 1866//1866 1878//1878
f 1878//1878 1866//1866 1874//1874
f 1878//1878 1874//1874 1880//1880
f 1880//1880 1874//1874 1873//1873
f 1880//1880 1881//1881 1878//1878
f 1878//1878 1881//1881 1883//1883
f 1878//1878 1883//1883 1886//1886
f 1886//1886 1883//1883 1887//1887
f 1886//1886 1891//1891 1878//1878
f 1878//1878 1891//1891 1877//1877
f 1891//1891 1735//1735 1877//1877
f 1738//1738 1892//1892 1732//1732
f 1732//1732 1892//1892 1893//1893
f 1732//1732 1893//1893 1728//1728
f 1728//1728 1893//1893 1894//1894
f 1894//1894 1893//1893 1896//1896
f 1894//1894 1896//1896 1898//1898
f 1898//1898 1896//1896 1899//1899
f 1898//1898 1899//1899 1901//1901
f 1893//1893 1892//1892 1896//1896
f 1896//1896 1892//1892 1885//1885
f 1896//1896 1885//1885 1903//1903
f 1903//1903 1885//1885 1888//1888
f 1903//1903 1899//1899 1896//1896
f 1901//1901 1907//1907 1898//1898
f 1722//1722 1729//1729 1909//1909
f 1909//1909 1729//1729 1895//1895
f 1909//1909 1895//1895 1910//1910
f 1910//1910 1895//1895 1897//1897
f 1910//1910 1897//1897 1911//1911
f 1911//1911 1897//1897 1906//1906
f 1911//1911 1916//1916 1910//1910
f 1910//1910 1916//1916 1918//1918
f 1910//1910 1918//1918 1920//1920
f 1910//1910 1920//1920 1909//1909
f 1909//1909 1920//1920 1922//1922
f 1909//1909 1922//1922 1722//1722
f 1722//1722 1922//1922 1724//1724
f 1784//1784 1855//1855 1788//1788
f 1788//1788 1855//1855 1923//1923
f 1788//1788 1923//1923 1789//1789
f 1789//1789 1923//1923 1792//1792
f 1792//1792 1923//1923 1924//1924
f 1792//1792 1924//1924 1844//1844
f 1844//1844 1924//1924 1847//1847
f 1847//1847 1924//1924 1849//1849
f 1849//1849 1924//1924 1855//1855
f 1855//1855 1924//1924 1923//1923
f 1844//1844 1752//1752 1792//1792
f 1792//1792 1752//1752 1767//1767
f 1925//1925 1928//1928 1931//1931
f 1931//1931 1928//1928 1913//1913
f 1931//1931 1913//1913 1912//1912
f 1912//1912 1905//1905 1931//1931
f 1931//1931 1905//1905 1932//1932
f 1931//1931 1932//1932 1925//1925
f 1908//1908 1902//1902 1933//1933
f 1933//1933 1902//1902 1900//1900
f 1933//1933 1900//1900 1936//1936
f 1936//1936 1900//1900 1938//1938
f 1936//1936 1938//1938 1940//1940
f 1940//1940 1938//1938 1904//1904
f 1940//1940 1904//1904 1889//1889
f 1900//1900 1904//1904 1938//1938
f 1871//1871 1943//1943 1947//1947
f 1947//1947 1943//1943 1939//1939
f 1947//1947 1939//1939 1890//1890
f 1890//1890 1884//1884 1947//1947
f 1947//1947 1884//1884 1882//1882
f 1947//1947 1882//1882 1879//1879
f 1879//1879 1871//1871 1947//1947
f 1944//1944 1872//1872 1948//1948
f 1948//1948 1872//1872 1867//1867
f 1948//1948 1867//1867 1950//1950
f 1950//1950 1867//1867 1951//1951
f 1950//1950 1951//1951 1952//1952
f 1952//1952 1951//1951 1859//1859
f 1952//1952 1859//1859 1851//1851
f 1867//1867 1859//1859 1951//1951
f 1952//1952 1851//1851 1953//1953
f 1953//1953 1851//1851 1854//1854
f 1953//1953 1854//1854 1957//1957
f 1953//1953 1957//1957 1958//1958
f 1958//1958 1957//1957 1960//1960
f 1958//1958 1960//1960 1961//1961
f 1961//1961 1960//1960 1962//1962
f 1961//1961 1962//1962 1950//1950
f 1950//1950 1962//1962 1964//1964
f 1950//1950 1964//1964 1948//1948
f 1953//1953 1958//1958 1961//1961
f 1953//1953 1961//1961 1952//1952
f 1952//1952 1961//1961 1950//1950
f 1775//1775 1954//1954 1779//1779
f 1779//1779 1954//1954 1853//1853
f 1779//1779 1853//1853 1782//1782
f 1959//1959 1956//1956 1966//1966
f 1966//1966 1956//1956 1967//1967
f 1966//1966 1967//1967 1969//1969
f 1966//1966 1969//1969 1971//1971
f 1971//1971 1969//1969 1972//1972
f 1971//1971 1972//1972 1977//1977
f 1971//1971 1977//1977 1978//1978
f 1978//1978 1977//1977 1979//1979
f 1978//1978 1979//1979 1981//1981
f 1981//1981 1979//1979 1982//1982
f 1981//1981 1982//1982 1983//1983
f 1983//1983 1982//1982 1984//1984
f 1983//1983 1984//1984 1963//1963
f 1963//1963 1984//1984 1965//1965
f 1965//1965 1984//1984 1985//1985
f 1965//1965 1985//1985 1949//1949
f 1949//1949 1985//1985 1986//1986
f 1949//1949 1986//1986 1945//1945
f 1979//1979 1988//1988 1982//1982
f 1982//1982 1988//1988 1990//1990
f 1982//1982 1990//1990 1984//1984
f 1984//1984 1990//1990 1985//1985
f 1993//1993 1995//1995 1988//1988
f 1988//1988 1995//1995 1990//1990
f 1995//1995 1986//1986 1990//1990
f 1990//1990 1986//1986 1985//1985
f 1983//1983 1963//1963 1997//1997
f 1997//1997 1963//1963 1959//1959
f 1997//1997 1959//1959 1966//1966
f 1981//1981 1983//1983 1997//1997
f 1971//1971 1978//1978 1966//1966
f 1966//1966 1978//1978 1997//1997
f 1978//1978 1981//1981 1997//1997
f 1941//1941 1946//1946 1998//1998
f 1998//1998 1946//1946 1987//1987
f 1998//1998 1987//1987 1999//1999
f 1999//1999 1987//1987 1996//1996
f 1999//1999 1996//1996 2000//2000
f 2000//2000 1996//1996 1994//1994
f 2000//2000 2003//2003 1999//1999
f 1999//1999 2003//2003 2005//2005
f 1999//1999 2005//2005 2007//2007
f 2007//2007 2005//2005 2008//2008
f 2007//2007 2012//2012 1999//1999
f 1999//1999 2012//2012 1998//1998
f 2012//2012 1941//1941 1998//1998
f 1942//1942 2013//2013 1937//1937
f 1937//1937 2013//2013 2014//2014
f 1937//1937 2014//2014 1935//1935
f 1935//1935 2014//2014 2015//2015
f 2015//2015 2014//2014 2017//2017
f 2015//2015 2017//2017 2018//2018
f 2018//2018 2017//2017 2020//2020
f 2018//2018 2020//2020 2023//2023
f 2014//2014 2013//2013 2017//2017
f 2017//2017 2013//2013 2006//2006
f 2017//2017 2006//2006 2026//2026
f 2026//2026 2006//2006 2011//2011
f 2026//2026 2020//2020 2017//2017
f 1926//1926 1934//1934 2028//2028
f 2028//2028 1934//1934 2016//2016
f 2028//2028 2016//2016 2029//2029
f 2029//2029 2016//2016 2019//2019
f 2029//2029 2019//2019 2030//2030
f 2030//2030 2019//2019 2024//2024
f 2030//2030 2035//2035 2029//2029
f 2029//2029 2035//2035 2036//2036
f 2029//2029 2036//2036 2039//2039
f 2029//2029 2039//2039 2028//2028
f 2028//2028 2039//2039 2041//2041
f 2028//2028 2041//2041 1926//1926
f 1926//1926 2041//2041 1927//1927
f 1836//1836 1974//1974 1839//1839
f 1839//1839 1974//1974 2042//2042
f 1839//1839 2042//2042 1842//1842
f 1842//1842 2042//2042 1771//1771
f 1771//1771 2042//2042 1774//1774
f 1774//1774 2042//2042 2043//2043
f 1774//1774 2043//2043 1968//1968
f 1968//1968 2043//2043 1970//1970
f 1970//1970 2043//2043 1974//1974
f 1974//1974 2043//2043 2042//2042
f 1968//1968 1955//1955 1774//1774
f 2044//2044 2047//2047 2050//2050
f 2050//2050 2047//2047 1398//1398
f 2050//2050 1398//1398 1413//1413
f 1413//1413 1416//1416 2050//2050
f 2050//2050 1416//1416 2053//2053
f 2050//2050 2053//2053 2044//2044
f 2055//2055 2057//2057 2061//2061
f 2061//2061 2057//2057 1374//1374
f 2061//2061 1374//1374 1391//1391
f 1391//1391 1393//1393 2061//2061
f 2061//2061 1393//1393 2046//2046
f 2061//2061 2046//2046 2055//2055
f 1393//1393 1399//1399 2046//2046
f 1373//1373 2060//2060 2062//2062
f 2062//2062 2060//2060 2063//2063
f 2062//2062 2063//2063 1353//1353
f 1353//1353 1365//1365 2062//2062
f 2062//2062 1365//1365 1367//1367
f 2062//2062 1367//1367 1370//1370
f 1370//1370 1373//1373 2062//2062
f 2068//2068 2071//2071 2073//2073
f 2073//2073 2071//2071 1318//1318
f 2073//2073 1318//1318 2074//2074
f 2074//2074 1318//1318 1316//1316
f 2074//2074 1316//1316 2075//2075
f 2075//2075 1316//1316 1344//1344
f 2075//2075 1344//1344 2076//2076
f 2076//2076 1344//1344 1346//1346
f 2076//2076 1346//1346 1351//1351
f 2064//2064 2077//2077 1351//1351
f 1351//1351 2077//2077 2080//2080
f 1351//1351 2080//2080 2076//2076
f 2076//2076 2080//2080 2081//2081
f 2076//2076 2081//2081 2082//2082
f 2082//2082 2081//2081 2084//2084
f 2082//2082 2084//2084 2068//2068
f 2080//2080 2084//2084 2081//2081
f 2082//2082 2068//2068 2073//2073
f 2074//2074 2075//2075 2073//2073
f 2073//2073 2075//2075 2082//2082
f 2075//2075 2076//2076 2082//2082
f 1817//1817 1813//1813 2069//2069
f 2069//2069 1813//1813 1811//1811
f 2069//2069 1811//1811 1321//1321
f 1321//1321 1811//1811 1807//1807
f 1321//1321 1807//1807 1444//1444
f 2086//2086 2087//2087 2091//2091
f 2091//2091 2087//2087 2032//2032
f 2091//2091 2032//2032 2031//2031
f 2031//2031 2025//2025 2091//2091
f 2091//2091 2025//2025 2092//2092
f 2091//2091 2092//2092 2086//2086
f 2022//2022 2021//2021 2093//2093
f 2093//2093 2021//2021 2096//2096
f 2096//2096 2021//2021 2098//2098
f 2096//2096 2098//2098 2101//2101
f 2101//2101 2098//2098 2027//2027
f 2101//2101 2027//2027 2009//2009
f 2021//2021 2027//2027 2098//2098
f 1992//1992 2105//2105 2107//2107
f 2107//2107 2105//2105 2100//2100
f 2107//2107 2100//2100 2010//2010
f 2010//2010 2004//2004 2107//2107
f 2107//2107 2004//2004 2002//2002
f 2107//2107 2002//2002 2001//2001
f 2001//2001 1992//1992 2107//2107
f 2106//2106 1991//1991 2108//2108
f 2108//2108 1991//1991 1989//1989
f 2108//2108 1989//1989 2110//2110
f 2110//2110 1989//1989 2111//2111
f 2110//2110 2111//2111 2112//2112
f 2112//2112 2111//2111 1980//1980
f 2112//2112 1980//1980 1976//1976
f 1989//1989 1980//1980 2111//2111
f 2112//2112 1976//1976 2113//2113
f 2113//2113 1976//1976 1975//1975
f 2113//2113 1975//1975 2114//2114
f 2113//2113 2114//2114 2118//2118
f 2118//2118 2114//2114 2120//2120
f 2118//2118 2120//2120 2121//2121
f 2121//2121 2120//2120 2122//2122
f 2121//2121 2122//2122 2110//2110
f 2110//2110 2122//2122 2124//2124
f 2110//2110 2124//2124 2108//2108
f 2113//2113 2118//2118 2121//2121
f 2113//2113 2121//2121 2112//2112
f 2112//2112 2121//2121 2110//2110
f 1973//1973 1832//1832 2116//2116
f 2116//2116 1832//1832 1828//1828
f 2116//2116 1828//1828 1826//1826
f 1838//1838 1834//1834 1973//1973
f 1973//1973 1834//1834 1832//1832
f 2119//2119 2115//2115 2126//2126
f 2126//2126 2115//2115 2127//2127
f 2126//2126 2127//2127 2129//2129
f 2129//2129 2127//2127 2131//2131
f 2129//2129 2131//2131 2067//2067
f 2067//2067 2131//2131 2070//2070
f 2129//2129 2067//2067 2132//2132
f 2132//2132 2067//2067 2083//2083
f 2132//2132 2083//2083 2133//2133
f 2133//2133 2083//2083 2079//2079
f 2133//2133 2079//2079 2134//2134
f 2134//2134 2079//2079 2135//2135
f 2134//2134 2135//2135 2136//2136
f 2136//2136 2135//2135 2137//2137
f 2136//2136 2137//2137 2125//2125
f 2125//2125 2137//2137 2109//2109
f 2109//2109 2137//2137 2139//2139
f 2109//2109 2139//2139 2104//2104
f 2135//2135 2079//2079 2141//2141
f 2141//2141 2079//2079 2078//2078
f 2141//2141 2078//2078 2066//2066
f 2141//2141 2139//2139 2135//2135
f 2135//2135 2139//2139 2137//2137
f 2125//2125 2123//2123 2136//2136
f 2136//2136 2123//2123 2142//2142
f 2136//2136 2142//2142 2134//2134
f 2134//2134 2142//2142 2133//2133
f 2142//2142 2123//2123 2143//2143
f 2143//2143 2123//2123 2119//2119
f 2143//2143 2119//2119 2126//2126
f 2133//2133 2142//2142 2143//2143
f 2129//2129 2132//2132 2126//2126
f 2126//2126 2132//2132 2143//2143
f 2132//2132 2133//2133 2143//2143
f 2099//2099 2103//2103 2144//2144
f 2144//2144 2103//2103 2138//2138
f 2144//2144 2138//2138 2145//2145
f 2145//2145 2138//2138 2140//2140
f 2145//2145 2140//2140 2059//2059
f 2059//2059 2140//2140 2065//2065
f 2059//2059 2147//2147 2145//2145
f 2145//2145 2147//2147 2149//2149
f 2145//2145 2149//2149 2144//2144
f 2144//2144 2149//2149 2099//2099
f 2102//2102 2148//2148 2097//2097
f 2097//2097 2148//2148 2150//2150
f 2097//2097 2150//2150 2094//2094
f 2094//2094 2150//2150 2151//2151
f 2151//2151 2150//2150 2153//2153
f 2151//2151 2153//2153 2154//2154
f 2154//2154 2153//2153 2056//2056
f 2154//2154 2056//2056 2048//2048
f 2150//2150 2148//2148 2153//2153
f 2153//2153 2148//2148 2146//2146
f 2153//2153 2146//2146 2056//2056
f 2056//2056 2146//2146 2058//2058
f 2085//2085 2095//2095 2156//2156
f 2156//2156 2095//2095 2152//2152
f 2156//2156 2152//2152 2157//2157
f 2157//2157 2152//2152 2155//2155
f 2157//2157 2155//2155 2045//2045
f 2045//2045 2155//2155 2049//2049
f 2052//2052 2159//2159 2045//2045
f 2045//2045 2159//2159 2157//2157
f 2159//2159 2160//2160 2157//2157
f 2157//2157 2160//2160 2156//2156
f 2160//2160 2162//2162 2156//2156
f 2156//2156 2162//2162 2085//2085
f 2162//2162 2088//2088 2085//2085
f 1818//1818 2072//2072 1820//1820
f 1820//1820 2072//2072 2164//2164
f 1820//1820 2164//2164 1821//1821
f 1821//1821 2164//2164 1824//1824
f 1824//1824 2164//2164 2165//2165
f 1824//1824 2165//2165 2117//2117
f 2117//2117 2165//2165 2128//2128
f 2128//2128 2165//2165 2130//2130
f 2130//2130 2165//2165 2072//2072
f 2072//2072 2165//2165 2164//2164
f 2117//2117 1827//1827 1824//1824
f 1418//1418 1420//1420 2166//2166
f 2166//2166 1420//1420 2170//2170
f 2170//2170 1420//1420 1421//1421
f 2170//2170 1421//1421 2172//2172
f 2172//2172 1421//1421 1425//1425
f 2172//2172 1425//1425 2176//2176
f 2176//2176 1425//1425 1429//1429
f 1428//1428 1451//1451 2175//2175
f 2175//2175 1451//1451 2181//2181
f 1450//1450 1570//1570 2179//2179
f 2179//2179 1570//1570 2183//2183
f 2183//2183 1570//1570 1568//1568
f 2183//2183 1568//1568 2185//2185
f 2185//2185 1568//1568 1566//1566
f 2185//2185 1566//1566 2188//2188
f 2188//2188 1566//1566 1561//1561
f 1562//1562 1586//1586 2189//2189
f 2189//2189 1586//1586 2193//2193
f 1585//1585 1708//1708 2190//2190
f 2190//2190 1708//1708 2195//2195
f 2195//2195 1708//1708 1707//1707
f 2195//2195 1707//1707 2197//2197
f 2197//2197 1707//1707 1704//1704
f 2197//2197 1704//1704 2201//2201
f 2201//2201 1704//1704 1703//1703
f 1700//1700 1726//1726 2199//2199
f 2199//2199 1726//1726 2203//2203
f 1723//1723 1921//1921 2202//2202
f 2202//2202 1921//1921 2207//2207
f 2207//2207 1921//1921 1919//1919
f 2207//2207 1919//1919 2208//2208
f 2208//2208 1919//1919 1917//1917
f 2208//2208 1917//1917 2211//2211
f 2211//2211 1917//1917 1915//1915
f 1914//1914 1930//1930 2212//2212
f 2212//2212 1930//1930 2215//2215
f 1929//1929 2040//2040 2216//2216
f 2216//2216 2040//2040 2219//2219
f 2219//2219 2040//2040 2038//2038
f 2219//2219 2038//2038 2221//2221
f 2221//2221 2038//2038 2037//2037
f 2221//2221 2037//2037 2223//2223
f 2223//2223 2037//2037 2033//2033
f 2054//2054 1415//1415 2228//2228
f 2228//2228 1415//1415 2167//2167
f 2034//2034 2089//2089 2222//2222
f 2222//2222 2089//2089 2230//2230
f 2090//2090 2163//2163 2231//2231
f 2231//2231 2163//2163 2235//2235
f 2235//2235 2163//2163 2161//2161
f 2235//2235 2161//2161 2237//2237
f 2237//2237 2161//2161 2158//2158
f 2237//2237 2158//2158 2229//2229
f 2229//2229 2158//2158 2051//2051
f 2187//2187 2191//2191 2239//2239
f 2239//2239 2191//2191 2240//2240
f 2239//2239 2240//2240 2242//2242
f 2242//2242 2240//2240 2244//2244
f 2242//2242 2244//2244 2247//2247
f 2247//2247 2244//2244 2251//2251
f 2184//2184 2186//2186 2252//2252
f 2252//2252 2186//2186 2238//2238
f 2252//2252 2238//2238 2253//2253
f 2253//2253 2238//2238 2243//2243
f 2253//2253 2243//2243 2254//2254
f 2254//2254 2243//2243 2248//2248
f 2254//2254 2248//2248 2256//2256
f 2254//2254 2256//2256 2257//2257
f 2257//2257 2256//2256 2259//2259
f 2257//2257 2259//2259 2260//2260
f 2260//2260 2259//2259 2263//2263
f 2257//2257 2260//2260 2265//2265
f 2265//2265 2260//2260 2266//2266
f 2265//2265 2266//2266 2268//2268
f 2268//2268 2266//2266 2178//2178
f 2268//2268 2178//2178 2182//2182
f 2182//2182 2184//2184 2268//2268
f 2268//2268 2184//2184 2252//2252
f 2268//2268 2252//2252 2253//2253
f 2257//2257 2265//2265 2254//2254
f 2254//2254 2265//2265 2253//2253
f 2265//2265 2268//2268 2253//2253
f 2177//2177 2180//2180 2270//2270
f 2270//2270 2180//2180 2267//2267
f 2270//2270 2267//2267 2261//2261
f 2270//2270 2261//2261 2272//2272
f 2272//2272 2261//2261 2262//2262
f 2272//2272 2262//2262 2274//2274
f 2173//2173 2174//2174 2276//2276
f 2276//2276 2174//2174 2269//2269
f 2276//2276 2269//2269 2277//2277
f 2277//2277 2269//2269 2271//2271
f 2277//2277 2271//2271 2278//2278
f 2278//2278 2271//2271 2275//2275
f 2278//2278 2275//2275 2279//2279
f 2278//2278 2279//2279 2281//2281
f 2281//2281 2279//2279 2282//2282
f 2281//2281 2282//2282 2284//2284
f 2284//2284 2282//2282 2288//2288
f 2281//2281 2284//2284 2289//2289
f 2289//2289 2284//2284 2291//2291
f 2289//2289 2291//2291 2292//2292
f 2292//2292 2291//2291 2168//2168
f 2292//2292 2168//2168 2171//2171
f 2171//2171 2173//2173 2292//2292
f 2292//2292 2173//2173 2276//2276
f 2292//2292 2276//2276 2277//2277
f 2281//2281 2289//2289 2278//2278
f 2278//2278 2289//2289 2277//2277
f 2289//2289 2292//2292 2277//2277
f 2226//2226 2169//2169 2294//2294
f 2294//2294 2169//2169 2290//2290
f 2294//2294 2290//2290 2285//2285
f 2294//2294 2285//2285 2296//2296
f 2296//2296 2285//2285 2286//2286
f 2296//2296 2286//2286 2299//2299
f 2236//2236 2227//2227 2300//2300
f 2300//2300 2227//2227 2293//2293
f 2300//2300 2293//2293 2301//2301
f 2301//2301 2293//2293 2295//2295
f 2301//2301 2295//2295 2302//2302
f 2302//2302 2295//2295 2297//2297
f 2302//2302 2297//2297 2303//2303
f 2302//2302 2303//2303 2305//2305
f 2305//2305 2303//2303 2306//2306
f 2305//2305 2306//2306 2309//2309
f 2309//2309 2306//2306 2312//2312
f 2305//2305 2309//2309 2313//2313
f 2313//2313 2309//2309 2314//2314
f 2313//2313 2314//2314 2316//2316
f 2316//2316 2314//2314 2232//2232
f 2316//2316 2232//2232 2234//2234
f 2234//2234 2236//2236 2316//2316
f 2316//2316 2236//2236 2300//2300
f 2316//2316 2300//2300 2301//2301
f 2305//2305 2313//2313 2302//2302
f 2302//2302 2313//2313 2301//2301
f 2313//2313 2316//2316 2301//2301
f 2224//2224 2233//2233 2318//2318
f 2318//2318 2233//2233 2315//2315
f 2318//2318 2315//2315 2308//2308
f 2318//2318 2308//2308 2319//2319
f 2319//2319 2308//2308 2311//2311
f 2319//2319 2311//2311 2323//2323
f 2220//2220 2225//2225 2324//2324
f 2324//2324 2225//2225 2317//2317
f 2324//2324 2317//2317 2325//2325
f 2325//2325 2317//2317 2320//2320
f 2325//2325 2320//2320 2326//2326
f 2326//2326 2320//2320 2321//2321
f 2326//2326 2321//2321 2328//2328
f 2326//2326 2328//2328 2329//2329
f 2329//2329 2328//2328 2331//2331
f 2329//2329 2331//2331 2332//2332
f 2332//2332 2331//2331 2335//2335
f 2329//2329 2332//2332 2337//2337
f 2337//2337 2332//2332 2339//2339
f 2337//2337 2339//2339 2340//2340
f 2340//2340 2339//2339 2214//2214
f 2340//2340 2214//2214 2218//2218
f 2218//2218 2220//2220 2340//2340
f 2340//2340 2220//2220 2324//2324
f 2340//2340 2324//2324 2325//2325
f 2329//2329 2337//2337 2326//2326
f 2326//2326 2337//2337 2325//2325
f 2337//2337 2340//2340 2325//2325
f 2210//2210 2217//2217 2341//2341
f 2341//2341 2217//2217 2338//2338
f 2341//2341 2338//2338 2333//2333
f 2341//2341 2333//2333 2343//2343
f 2343//2343 2333//2333 2336//2336
f 2343//2343 2336//2336 2346//2346
f 2209//2209 2213//2213 2348//2348
f 2348//2348 2213//2213 2342//2342
f 2348//2348 2342//2342 2349//2349
f 2349//2349 2342//2342 2344//2344
f 2349//2349 2344//2344 2350//2350
f 2350//2350 2344//2344 2345//2345
f 2350//2350 2345//2345 2351//2351
f 2350//2350 2351//2351 2353//2353
f 2353//2353 2351//2351 2355//2355
f 2353//2353 2355//2355 2357//2357
f 2357//2357 2355//2355 2358//2358
f 2353//2353 2357//2357 2361//2361
f 2361//2361 2357//2357 2363//2363
f 2361//2361 2363//2363 2364//2364
f 2364//2364 2363//2363 2204//2204
f 2364//2364 2204//2204 2206//2206
f 2206//2206 2209//2209 2364//2364
f 2364//2364 2209//2209 2348//2348
f 2364//2364 2348//2348 2349//2349
f 2353//2353 2361//2361 2350//2350
f 2350//2350 2361//2361 2349//2349
f 2361//2361 2364//2364 2349//2349
f 2198//2198 2205//2205 2365//2365
f 2365//2365 2205//2205 2362//2362
f 2365//2365 2362//2362 2356//2356
f 2365//2365 2356//2356 2368//2368
f 2368//2368 2356//2356 2360//2360
f 2368//2368 2360//2360 2371//2371
f 2196//2196 2200//2200 2372//2372
f 2372//2372 2200//2200 2366//2366
f 2372//2372 2366//2366 2373//2373
f 2373//2373 2366//2366 2367//2367
f 2373//2373 2367//2367 2374//2374
f 2374//2374 2367//2367 2370//2370
f 2374//2374 2370//2370 2376//2376
f 2374//2374 2376//2376 2377//2377
f 2377//2377 2376//2376 2379//2379
f 2377//2377 2379//2379 2245//2245
f 2245//2245 2379//2379 2249//2249
f 2377//2377 2245//2245 2380//2380
f 2380//2380 2245//2245 2241//2241
f 2380//2380 2241//2241 2381//2381
f 2381//2381 2241//2241 2192//2192
f 2381//2381 2192//2192 2194//2194
f 2194//2194 2196//2196 2381//2381
f 2381//2381 2196//2196 2372//2372
f 2381//2381 2372//2372 2373//2373
f 2377//2377 2380//2380 2374//2374
f 2374//2374 2380//2380 2373//2373
f 2380//2380 2381//2381 2373//2373
f 2378//2378 2375//2375 2250//2250
f 2250//2250 2375//2375 2369//2369
f 2250//2250 2369//2369 2382//2382
f 2382//2382 2369//2369 2385//2385
f 2385//2385 2369//2369 2359//2359
f 2385//2385 2359//2359 2387//2387
f 2387//2387 2359//2359 2347//2347
f 2387//2387 2347//2347 2388//2388
f 2388//2388 2347//2347 2334//2334
f 2388//2388 2334//2334 2390//2390
f 2390//2390 2334//2334 2322//2322
f 2390//2390 2322//2322 2393//2393
f 2393//2393 2322//2322 2310//2310
f 2393//2393 2310//2310 2395//2395
f 2395//2395 2310//2310 2298//2298
f 2395//2395 2298//2298 2396//2396
f 2396//2396 2298//2298 2287//2287
f 2396//2396 2287//2287 2399//2399
f 2399//2399 2287//2287 2273//2273
f 2399//2399 2273//2273 2401//2401
f 2401//2401 2273//2273 2264//2264
f 2401//2401 2264//2264 2402//2402
f 2402//2402 2264//2264 2246//2246
f 2402//2402 2246//2246 2404//2404
f 2404//2404 2246//2246 2250//2250
f 2404//2404 2250//2250 2382//2382
f 2359//2359 2354//2354 2347//2347
f 2347//2347 2354//2354 2352//2352
f 2334//2334 2330//2330 2322//2322
f 2322//2322 2330//2330 2327//2327
f 2307//2307 2304//2304 2310//2310
f 2310//2310 2304//2304 2298//2298
f 2287//2287 2283//2283 2273//2273
f 2273//2273 2283//2283 2280//2280
f 2264//2264 2258//2258 2246//2246
f 2246//2246 2258//2258 2255//2255
f 2408//2408 2409//2409 2412//2412
f 2412//2412 2409//2409 2413//2413
f 2411//2411 2414//2414 2415//2415
f 2415//2415 2414//2414 2417//2417
f 2415//2415 2417//2417 2418//2418
f 2418//2418 2417//2417 2420//2420
f 2418//2418 2420//2420 2422//2422
f 2422//2422 2420//2420 2423//2423
f 2422//2422 2423//2423 2424//2424
f 2424//2424 2423//2423 2426//2426
f 2424//2424 2426//2426 2427//2427
f 2427//2427 2426//2426 2429//2429
f 2427//2427 2429//2429 2430//2430
f 2430//2430 2429//2429 2432//2432
f 2430//2430 2432//2432 2434//2434
f 2434//2434 2432//2432 2435//2435
f 2434//2434 2435//2435 2437//2437
f 2437//2437 2435//2435 2438//2438
f 2437//2437 2438//2438 2439//2439
f 2439//2439 2438//2438 2441//2441
f 2439//2439 2441//2441 2442//2442
f 2442//2442 2441//2441 2444//2444
f 2442//2442 2444//2444 2408//2408
f 2408//2408 2444//2444 2409//2409
f 2383//2383 2417//2417 2405//2405
f 2405//2405 2417//2417 2414//2414
f 2406//2406 2413//2413 2403//2403
f 2403//2403 2413//2413 2409//2409
f 2403//2403 2409//2409 2400//2400
f 2400//2400 2409//2409 2444//2444
f 2400//2400 2444//2444 2398//2398
f 2398//2398 2444//2444 2441//2441
f 2398//2398 2441//2441 2397//2397
f 2397//2397 2441//2441 2438//2438
f 2397//2397 2438//2438 2394//2394
f 2394//2394 2438//2438 2435//2435
f 2394//2394 2435//2435 2392//2392
f 2392//2392 2435//2435 2432//2432
f 2392//2392 2432//2432 2391//2391
f 2391//2391 2432//2432 2429//2429
f 2391//2391 2429//2429 2389//2389
f 2389//2389 2429//2429 2426//2426
f 2389//2389 2426//2426 2386//2386
f 2386//2386 2426//2426 2423//2423
f 2386//2386 2423//2423 2384//2384
f 2384//2384 2423//2423 2420//2420
f 2384//2384 2420//2420 2383//2383
f 2383//2383 2420//2420 2417//2417
f 1786//1786 2445//2445 1780//1780
f 1780//1780 2445//2445 2447//2447
f 1780//1780 2447//2447 1777//1777
f 1777//1777 2447//2447 2449//2449
f 1777//1777 2449//2449 1831//1831
f 1831//1831 2449//2449 2453//2453
f 1831//1831 2453//2453 1814//1814
f 1814//1814 2453//2453 2455//2455
f 1814//1814 2455//2455 1808//1808
f 1808//1808 2455//2455 2456//2456
f 1808//1808 2456//2456 1804//1804
f 1804//1804 2456//2456 2458//2458
f 1804//1804 2458//2458 1803//1803
f 1803//1803 2458//2458 2461//2461
f 1803//1803 2461//2461 1799//1799
f 1799//1799 2461//2461 2462//2462
f 1799//1799 2462//2462 1797//1797
f 1797//1797 2462//2462 2464//2464
f 1797//1797 2464//2464 1796//1796
f 1796//1796 2464//2464 2467//2467
f 1796//1796 2467//2467 1794//1794
f 1794//1794 2467//2467 2469//2469
f 1794//1794 2469//2469 1786//1786
f 1786//1786 2469//2469 2445//2445
f 2471//2471 2454//2454 2472//2472
f 2472//2472 2454//2454 2451//2451
f 2474//2474 2452//2452 2476//2476
f 2476//2476 2452//2452 2450//2450
f 2476//2476 2450//2450 2477//2477
f 2477//2477 2450//2450 2448//2448
f 2477//2477 2448//2448 2479//2479
f 2479//2479 2448//2448 2446//2446
f 2479//2479 2446//2446 2482//2482
f 2482//2482 2446//2446 2468//2468
f 2482//2482 2468//2468 2484//2484
f 2484//2484 2468//2468 2466//2466
f 2484//2484 2466//2466 2485//2485
f 2485//2485 2466//2466 2465//2465
f 2485//2485 2465//2465 2488//2488
f 2488//2488 2465//2465 2463//2463
f 2488//2488 2463//2463 2490//2490
f 2490//2490 2463//2463 2460//2460
f 2490//2490 2460//2460 2492//2492
f 2492//2492 2460//2460 2459//2459
f 2492//2492 2459//2459 2494//2494
f 2494//2494 2459//2459 2457//2457
f 2494//2494 2457//2457 2471//2471
f 2471//2471 2457//2457 2454//2454
f 2475//2475 2496//2496 2473//2473
f 2473//2473 2496//2496 2499//2499
f 2473//2473 2499//2499 2500//2500
f 2496//2496 2475//2475 2502//2502
f 2502//2502 2475//2475 2478//2478
f 2502//2502 2478//2478 2505//2505
f 2505//2505 2478//2478 2480//2480
f 2505//2505 2480//2480 2481//2481
f 2505//2505 2481//2481 2507//2507
f 2507//2507 2481//2481 2483//2483
f 2507//2507 2483//2483 2509//2509
f 2509//2509 2483//2483 2510//2510
f 2510//2510 2483//2483 2486//2486
f 2510//2510 2486//2486 2513//2513
f 2513//2513 2486//2486 2487//2487
f 2513//2513 2487//2487 2514//2514
f 2514//2514 2487//2487 2489//2489
f 2514//2514 2489//2489 2517//2517
f 2517//2517 2489//2489 2491//2491
f 2517//2517 2491//2491 2493//2493
f 2517//2517 2493//2493 2518//2518
f 2518//2518 2493//2493 2470//2470
f 2518//2518 2470//2470 2500//2500
f 2500//2500 2470//2470 2473//2473
f 2416//2416 2520//2520 2410//2410
f 2410//2410 2520//2520 2522//2522
f 2410//2410 2522//2522 2525//2525
f 2520//2520 2416//2416 2526//2526
f 2526//2526 2416//2416 2419//2419
f 2526//2526 2419//2419 2528//2528
f 2528//2528 2419//2419 2421//2421
f 2528//2528 2421//2421 2425//2425
f 2528//2528 2425//2425 2530//2530
f 2530//2530 2425//2425 2428//2428
f 2530//2530 2428//2428 2533//2533
f 2533//2533 2428//2428 2534//2534
f 2534//2534 2428//2428 2431//2431
f 2534//2534 2431//2431 2537//2537
f 2537//2537 2431//2431 2433//2433
f 2537//2537 2433//2433 2539//2539
f 2539//2539 2433//2433 2436//2436
f 2539//2539 2436//2436 2542//2542
f 2542//2542 2436//2436 2440//2440
f 2542//2542 2440//2440 2443//2443
f 2542//2542 2443//2443 2543//2543
f 2543//2543 2443//2443 2407//2407
f 2543//2543 2407//2407 2525//2525
f 2525//2525 2407//2407 2410//2410
f 2521//2521 2508//2508 2523//2523
f 2523//2523 2508//2508 2511//2511
f 2523//2523 2511//2511 2524//2524
f 2524//2524 2511//2511 2512//2512
f 2524//2524 2512//2512 2544//2544
f 2544//2544 2512//2512 2515//2515
f 2544//2544 2515//2515 2541//2541
f 2541//2541 2515//2515 2516//2516
f 2541//2541 2516//2516 2540//2540
f 2540//2540 2516//2516 2519//2519
f 2540//2540 2519//2519 2538//2538
f 2538//2538 2519//2519 2501//2501
f 2538//2538 2501//2501 2535//2535
f 2535//2535 2501//2501 2497//2497
f 2536//2536 2498//2498 2532//2532
f 2532//2532 2498//2498 2495//2495
f 2532//2532 2495//2495 2531//2531
f 2531//2531 2495//2495 2503//2503
f 2531//2531 2503//2503 2529//2529
f 2529//2529 2503//2503 2504//2504
f 2529//2529 2504//2504 2527//2527
f 2527//2527 2504//2504 2506//2506
f 2527//2527 2506//2506 2521//2521
f 2521//2521 2506//2506 2508//2508
f 2545//2545 2546//2546 2547//2547
f 2547//2547 2546//2546 2548//2548
f 2548//2548 2546//2546 2549//2549
f 2548//2548 2549//2549 2550//2550
f 2551//2551 2552//2552 2553//2553
f 2553//2553 2552//2552 2554//2554
f 2553//2553 2554//2554 2555//2555
f 2551//2551 2556//2556 2552//2552
f 2557//2557 2558//2558 2559//2559
f 2559//2559 2558//2558 2560//2560
f 2560//2560 2558//2558 2561//2561
f 2560//2560 2561//2561 2562//2562
f 2563//2563 2564//2564 2565//2565
f 2565//2565 2564//2564 2566//2566
f 2565//2565 2566//2566 2567//2567
f 2563//2563 2568//2568 2564//2564
f 2569//2569 2570//2570 2571//2571
f 2571//2571 2570//2570 2572//2572
f 2572//2572 2570//2570 2573//2573
f 2572//2572 2573//2573 2574//2574
f 2575//2575 2578//2578 2579//2579
f 2579//2579 2578//2578 2583//2583
f 2579//2579 2583//2583 2585//2585
f 2585//2585 2583//2583 2586//2586
f 2585//2585 2586//2586 2588//2588
f 2578//2578 2575//2575 2590//2590
f 2590//2590 2575//2575 2593//2593
f 2590//2590 2593//2593 2595//2595
f 2595//2595 2593//2593 2596//2596
f 2595//2595 2596//2596 2599//2599
f 2595//2595 2599//2599 2600//2600
f 2600//2600 2599//2599 2602//2602
f 2600//2600 2602//2602 2604//2604
f 2604//2604 2602//2602 2606//2606
f 2604//2604 2606//2606 2610//2610
f 2610//2610 2606//2606 2611//2611
f 2611//2611 2606//2606 2613//2613
f 2611//2611 2613//2613 2616//2616
f 2616//2616 2613//2613 2618//2618
f 2616//2616 2618//2618 2620//2620
f 2620//2620 2618//2618 2622//2622
f 2620//2620 2622//2622 2624//2624
f 2620//2620 2624//2624 2588//2588
f 2588//2588 2624//2624 2585//2585
f 2625//2625 2605//2605 2629//2629
f 2629//2629 2605//2605 2608//2608
f 2628//2628 2609//2609 2630//2630
f 2630//2630 2609//2609 2612//2612
f 2630//2630 2612//2612 2633//2633
f 2633//2633 2612//2612 2615//2615
f 2633//2633 2615//2615 2635//2635
f 2635//2635 2615//2615 2619//2619
f 2635//2635 2619//2619 2637//2637
f 2637//2637 2619//2619 2589//2589
f 2637//2637 2589//2589 2638//2638
f 2638//2638 2589//2589 2587//2587
f 2638//2638 2587//2587 2641//2641
f 2641//2641 2587//2587 2582//2582
f 2641//2641 2582//2582 2642//2642
f 2642//2642 2582//2582 2577//2577
f 2642//2642 2577//2577 2644//2644
f 2644//2644 2577//2577 2591//2591
f 2644//2644 2591//2591 2647//2647
f 2647//2647 2591//2591 2594//2594
f 2647//2647 2594//2594 2649//2649
f 2649//2649 2594//2594 2601//2601
f 2649//2649 2601//2601 2625//2625
f 2625//2625 2601//2601 2605//2605
f 2631//2631 2639//2639 2627//2627
f 2627//2627 2639//2639 2640//2640
f 2627//2627 2640//2640 2626//2626
f 2626//2626 2640//2640 2643//2643
f 2626//2626 2643//2643 2648//2648
f 2648//2648 2643//2643 2645//2645
f 2648//2648 2645//2645 2646//2646
f 2639//2639 2631//2631 2636//2636
f 2636//2636 2631//2631 2632//2632
f 2636//2636 2632//2632 2634//2634
f 2651//2651 2576//2576 2652//2652
f 2652//2652 2576//2576 2580//2580
f 2653//2653 2581//2581 2656//2656
f 2656//2656 2581//2581 2584//2584
f 2656//2656 2584//2584 2659//2659
f 2659//2659 2584//2584 2623//2623
f 2659//2659 2623//2623 2661//2661
f 2661//2661 2623//2623 2621//2621
f 2661//2661 2621//2621 2663//2663
f 2663//2663 2621//2621 2617//2617
f 2663//2663 2617//2617 2665//2665
f 2665//2665 2617//2617 2614//2614
f 2665//2665 2614//2614 2667//2667
f 2667//2667 2614//2614 2607//2607
f 2667//2667 2607//2607 2669//2669
f 2669//2669 2607//2607 2603//2603
f 2669//2669 2603//2603 2671//2671
f 2671//2671 2603//2603 2598//2598
f 2671//2671 2598//2598 2673//2673
f 2673//2673 2598//2598 2597//2597
f 2673//2673 2597//2597 2675//2675
f 2675//2675 2597//2597 2592//2592
f 2675//2675 2592//2592 2651//2651
f 2651//2651 2592//2592 2576//2576
f 2677//2677 2678//2678 2682//2682
f 2682//2682 2678//2678 2683//2683
f 2682//2682 2683//2683 2685//2685
f 2685//2685 2683//2683 2687//2687
f 2685//2685 2687//2687 2690//2690
f 2690//2690 2687//2687 2691//2691
f 2690//2690 2691//2691 2693//2693
f 2678//2678 2677//2677 2695//2695
f 2695//2695 2677//2677 2697//2697
f 2695//2695 2697//2697 2700//2700
f 2686//2686 2702//2702 2680//2680
f 2681//2681 2701//2701 2703//2703
f 2681//2681 2703//2703 2676//2676
f 2676//2676 2703//2703 2704//2704
f 2676//2676 2704//2704 2698//2698
f 2698//2698 2704//2704 2705//2705
f 2698//2698 2705//2705 2699//2699
f 2699//2699 2705//2705 2706//2706
f 2699//2699 2706//2706 2696//2696
f 2696//2696 2706//2706 2707//2707
f 2696//2696 2707//2707 2679//2679
f 2679//2679 2707//2707 2708//2708
f 2679//2679 2708//2708 2684//2684
f 2684//2684 2708//2708 2709//2709
f 2684//2684 2709//2709 2688//2688
f 2688//2688 2709//2709 2710//2710
f 2688//2688 2710//2710 2692//2692
f 2692//2692 2710//2710 2711//2711
f 2692//2692 2711//2711 2694//2694
f 2694//2694 2711//2711 2712//2712
f 2694//2694 2712//2712 2689//2689
f 2689//2689 2712//2712 2713//2713
f 2689//2689 2713//2713 2686//2686
f 2686//2686 2713//2713 2702//2702
f 2657//2657 2714//2714 2654//2654
f 2655//2655 2715//2715 2716//2716
f 2655//2655 2716//2716 2650//2650
f 2650//2650 2716//2716 2717//2717
f 2650//2650 2717//2717 2674//2674
f 2674//2674 2717//2717 2718//2718
f 2674//2674 2718//2718 2672//2672
f 2672//2672 2718//2718 2719//2719
f 2672//2672 2719//2719 2670//2670
f 2670//2670 2719//2719 2720//2720
f 2670//2670 2720//2720 2668//2668
f 2668//2668 2720//2720 2721//2721
f 2668//2668 2721//2721 2666//2666
f 2666//2666 2721//2721 2722//2722
f 2666//2666 2722//2722 2664//2664
f 2664//2664 2722//2722 2723//2723
f 2664//2664 2723//2723 2662//2662
f 2662//2662 2723//2723 2724//2724
f 2662//2662 2724//2724 2660//2660
f 2660//2660 2724//2724 2725//2725
f 2660//2660 2725//2725 2658//2658
f 2658//2658 2725//2725 2726//2726
f 2658//2658 2726//2726 2657//2657
f 2657//2657 2726//2726 2714//2714
f 2703//2703 2701//2701 2726//2726
f 2726//2726 2701//2701 2714//2714
f 2716//2716 2715//2715 2713//2713
f 2713//2713 2715//2715 2702//2702
f 2703//2703 2726//2726 2725//2725
f 2716//2716 2713//2713 2712//2712
f 2717//2717 2716//2716 2712//2712
f 2718//2718 2717//2717 2711//2711
f 2711//2711 2717//2717 2712//2712
f 2719//2719 2718//2718 2710//2710
f 2710//2710 2718//2718 2711//2711
f 2720//2720 2719//2719 2709//2709
f 2709//2709 2719//2719 2710//2710
f 2721//2721 2720//2720 2708//2708
f 2708//2708 2720//2720 2709//2709
f 2722//2722 2721//2721 2707//2707
f 2707//2707 2721//2721 2708//2708
f 2723//2723 2722//2722 2706//2706
f 2706//2706 2722//2722 2707//2707
f 2724//2724 2723//2723 2705//2705
f 2705//2705 2723//2723 2706//2706
f 2725//2725 2724//2724 2704//2704
f 2704//2704 2724//2724 2705//2705
f 2703//2703 2725//2725 2704//2704
f 2728//2728 2731//2731 2733//2733
f 2733//2733 2731//2731 2736//2736
f 2733//2733 2736//2736 2737//2737
f 2733//2733 2737//2737 2740//2740
f 2740//2740 2737//2737 2742//2742
f 2740//2740 2742//2742 2745//2745
f 2744//2744 2747//2747 2750//2750
f 2750//2750 2747//2747 2753//2753
f 2750//2750 2753//2753 2754//2754
f 2754//2754 2753//2753 2757//2757
f 2754//2754 2757//2757 2758//2758
f 2758//2758 2757//2757 2761//2761
f 2758//2758 2761//2761 2763//2763
f 2758//2758 2763//2763 2764//2764
f 2764//2764 2763//2763 2767//2767
f 2764//2764 2767//2767 2771//2771
f 2770//2770 2768//2768 2743//2743
f 2770//2770 2743//2743 2772//2772
f 2772//2772 2743//2743 2738//2738
f 2772//2772 2738//2738 2735//2735
f 2768//2768 2775//2775 2743//2743
f 2735//2735 2730//2730 2772//2772
f 2772//2772 2730//2730 2777//2777
f 2777//2777 2730//2730 2781//2781
f 2777//2777 2781//2781 2783//2783
f 2777//2777 2783//2783 2784//2784
f 2784//2784 2783//2783 2787//2787
f 2784//2784 2787//2787 2789//2789
f 2789//2789 2787//2787 2791//2791
f 2789//2789 2791//2791 2793//2793
f 2789//2789 2793//2793 2794//2794
f 2794//2794 2793//2793 2797//2797
f 2794//2794 2797//2797 2798//2798
f 2798//2798 2797//2797 2729//2729
f 2798//2798 2729//2729 2800//2800
f 2800//2800 2729//2729 2734//2734
f 2800//2800 2734//2734 2739//2739
f 2797//2797 2802//2802 2729//2729
f 2739//2739 2744//2744 2800//2800
f 2800//2800 2744//2744 2750//2750
f 2746//2746 2741//2741 2748//2748
f 2748//2748 2741//2741 2774//2774
f 2748//2748 2774//2774 2805//2805
f 2805//2805 2774//2774 2808//2808
f 2732//2732 2727//2727 2779//2779
f 2779//2779 2727//2727 2803//2803
f 2779//2779 2803//2803 2810//2810
f 2810//2810 2803//2803 2811//2811
f 2773//2773 2814//2814 2769//2769
f 2769//2769 2814//2814 2815//2815
f 2769//2769 2815//2815 2765//2765
f 2765//2765 2815//2815 2818//2818
f 2765//2765 2818//2818 2759//2759
f 2759//2759 2818//2818 2820//2820
f 2759//2759 2820//2820 2755//2755
f 2755//2755 2820//2820 2821//2821
f 2755//2755 2821//2821 2751//2751
f 2751//2751 2821//2821 2824//2824
f 2751//2751 2824//2824 2801//2801
f 2801//2801 2824//2824 2826//2826
f 2801//2801 2826//2826 2799//2799
f 2799//2799 2826//2826 2827//2827
f 2799//2799 2827//2827 2795//2795
f 2795//2795 2827//2827 2829//2829
f 2795//2795 2829//2829 2788//2788
f 2788//2788 2829//2829 2831//2831
f 2788//2788 2831//2831 2785//2785
f 2785//2785 2831//2831 2834//2834
f 2785//2785 2834//2834 2778//2778
f 2778//2778 2834//2834 2836//2836
f 2778//2778 2836//2836 2773//2773
f 2773//2773 2836//2836 2814//2814
f 2776//2776 2766//2766 2807//2807
f 2807//2807 2766//2766 2762//2762
f 2807//2807 2762//2762 2760//2760
f 2807//2807 2760//2760 2806//2806
f 2806//2806 2760//2760 2756//2756
f 2806//2806 2756//2756 2752//2752
f 2752//2752 2749//2749 2806//2806
f 2804//2804 2796//2796 2812//2812
f 2812//2812 2796//2796 2792//2792
f 2812//2812 2792//2792 2790//2790
f 2812//2812 2790//2790 2809//2809
f 2809//2809 2790//2790 2786//2786
f 2809//2809 2786//2786 2782//2782
f 2782//2782 2780//2780 2809//2809
f 2839//2839 2822//2822 2840//2840
f 2840//2840 2822//2822 2819//2819
f 2840//2840 2819//2819 2843//2843
f 2843//2843 2819//2819 2817//2817
f 2843//2843 2817//2817 2844//2844
f 2844//2844 2817//2817 2816//2816
f 2844//2844 2816//2816 2848//2848
f 2848//2848 2816//2816 2813//2813
f 2848//2848 2813//2813 2849//2849
f 2849//2849 2813//2813 2837//2837
f 2849//2849 2837//2837 2851//2851
f 2851//2851 2837//2837 2835//2835
f 2851//2851 2835//2835 2853//2853
f 2853//2853 2835//2835 2833//2833
f 2854//2854 2832//2832 2857//2857
f 2857//2857 2832//2832 2830//2830
f 2857//2857 2830//2830 2859//2859
f 2859//2859 2830//2830 2828//2828
f 2859//2859 2828//2828 2861//2861
f 2861//2861 2828//2828 2825//2825
f 2861//2861 2825//2825 2863//2863
f 2863//2863 2825//2825 2823//2823
f 2863//2863 2823//2823 2839//2839
f 2839//2839 2823//2823 2822//2822
f 2865//2865 2867//2867 2869//2869
f 2869//2869 2867//2867 2870//2870
f 2869//2869 2870//2870 2873//2873
f 2873//2873 2870//2870 2874//2874
f 2873//2873 2874//2874 2877//2877
f 2877//2877 2874//2874 2878//2878
f 2877//2877 2878//2878 2880//2880
f 2867//2867 2865//2865 2883//2883
f 2883//2883 2865//2865 2885//2885
f 2883//2883 2885//2885 2887//2887
f 2842//2842 2868//2868 2841//2841
f 2841//2841 2868//2868 2872//2872
f 2841//2841 2872//2872 2838//2838
f 2838//2838 2872//2872 2876//2876
f 2838//2838 2876//2876 2862//2862
f 2862//2862 2876//2876 2881//2881
f 2862//2862 2881//2881 2860//2860
f 2860//2860 2881//2881 2879//2879
f 2860//2860 2879//2879 2858//2858
f 2858//2858 2879//2879 2875//2875
f 2858//2858 2875//2875 2856//2856
f 2856//2856 2875//2875 2871//2871
f 2856//2856 2871//2871 2855//2855
f 2855//2855 2871//2871 2866//2866
f 2855//2855 2866//2866 2852//2852
f 2852//2852 2866//2866 2882//2882
f 2852//2852 2882//2882 2850//2850
f 2850//2850 2882//2882 2888//2888
f 2850//2850 2888//2888 2847//2847
f 2847//2847 2888//2888 2884//2884
f 2847//2847 2884//2884 2845//2845
f 2846//2846 2886//2886 2864//2864
f 2846//2846 2864//2864 2842//2842
f 2842//2842 2864//2864 2868//2868

