# https://github.com/mikedh/trimesh
v -0.00692800 -0.57587300 -0.00400100
v -0.00692800 -0.57587300 -0.00400100
v 0.00692800 -0.57587300 -0.00400100
v 0.00692800 -0.57587300 -0.00400100
v -0.00800000 -0.57587300 -0.00000100
v -0.00800000 -0.57587300 -0.00000100
v 0.00800000 -0.57587300 -0.00000100
v 0.00800000 -0.57587300 -0.00000100
v 0.00800000 -0.57587300 -0.00000100
v -0.00692800 -0.57587300 0.00399900
v -0.00692800 -0.57587300 0.00399900
v 0.00692800 -0.57587300 0.00399900
v 0.00692800 -0.57587300 0.00399900
v -0.00400000 -0.57587300 0.00692700
v -0.00400000 -0.57587300 0.00692700
v 0.00400000 -0.57587300 0.00692700
v 0.00400000 -0.57587300 0.00692700
v 0.00000000 -0.57587300 0.00799900
v 0.00000000 -0.57587300 0.00799900
v 0.00400000 -0.57587300 -0.00692900
v 0.00400000 -0.57587300 -0.00692900
v -0.00400000 -0.57587300 -0.00692900
v -0.00400000 -0.57587300 -0.00692900
v 0.00000000 -0.57587300 -0.00800100
v 0.00000000 -0.57587300 -0.00800100
v 0.00692800 0.65411100 -0.00400100
v 0.00692800 0.65411100 -0.00400100
v 0.00173200 0.65411100 -0.00100100
v 0.00173200 0.65411100 -0.00100100
v 0.00800000 0.65411100 -0.00000100
v 0.00800000 0.65411100 -0.00000100
v 0.00800000 0.65411100 -0.00000100
v 0.00200000 0.65411100 -0.00000100
v 0.00200000 0.65411100 -0.00000100
v 0.00200000 0.65411100 -0.00000100
v 0.00173200 0.65411100 0.00099900
v 0.00173200 0.65411100 0.00099900
v 0.00100000 0.65411100 -0.00173300
v 0.00100000 0.65411100 -0.00173300
v 0.00400000 0.65411100 -0.00692900
v 0.00400000 0.65411100 -0.00692900
v 0.00000000 0.65411100 -0.00200100
v 0.00000000 0.65411100 -0.00200100
v 0.00000000 0.65411100 -0.00800100
v 0.00000000 0.65411100 -0.00800100
v -0.00400000 0.65411100 -0.00692900
v -0.00400000 0.65411100 -0.00692900
v -0.00100000 0.65411100 -0.00173300
v -0.00100000 0.65411100 -0.00173300
v -0.00692800 0.65411100 -0.00400100
v -0.00692800 0.65411100 -0.00400100
v -0.00173200 0.65411100 -0.00100100
v -0.00173200 0.65411100 -0.00100100
v -0.00200000 0.65411100 -0.00000100
v -0.00200000 0.65411100 -0.00000100
v -0.00800000 0.65411100 -0.00000100
v -0.00800000 0.65411100 -0.00000100
v -0.00173200 0.65411100 0.00099900
v -0.00173200 0.65411100 0.00099900
v -0.00692800 0.65411100 0.00399900
v -0.00692800 0.65411100 0.00399900
v -0.00100000 0.65411100 0.00173100
v -0.00100000 0.65411100 0.00173100
v -0.00400000 0.65411100 0.00692700
v -0.00400000 0.65411100 0.00692700
v 0.00000000 0.65411100 0.00199900
v 0.00000000 0.65411100 0.00199900
v 0.00000000 0.65411100 0.00799900
v 0.00000000 0.65411100 0.00799900
v 0.00400000 0.65411100 0.00692700
v 0.00400000 0.65411100 0.00692700
v 0.00100000 0.65411100 0.00173100
v 0.00100000 0.65411100 0.00173100
v 0.00692800 0.65411100 0.00399900
v 0.00692800 0.65411100 0.00399900
v 0.00173200 0.63411100 0.00099900
v 0.00173200 0.63411100 0.00099900
v 0.00200000 0.63411100 -0.00000100
v 0.00200000 0.63411100 -0.00000100
v 0.00200000 0.63411100 -0.00000100
v 0.00173200 0.63411100 -0.00100100
v 0.00173200 0.63411100 -0.00100100
v 0.00100000 0.63411100 -0.00173300
v 0.00100000 0.63411100 -0.00173300
v 0.00000000 0.63411100 -0.00200100
v 0.00000000 0.63411100 -0.00200100
v -0.00100000 0.63411100 -0.00173300
v -0.00100000 0.63411100 -0.00173300
v -0.00173200 0.63411100 -0.00100100
v -0.00173200 0.63411100 -0.00100100
v -0.00200000 0.63411100 -0.00000100
v -0.00200000 0.63411100 -0.00000100
v -0.00173200 0.63411100 0.00099900
v -0.00173200 0.63411100 0.00099900
v -0.00100000 0.63411100 0.00173100
v -0.00100000 0.63411100 0.00173100
v 0.00000000 0.63411100 0.00199900
v 0.00000000 0.63411100 0.00199900
v 0.00100000 0.63411100 0.00173100
v 0.00100000 0.63411100 0.00173100
v 0.00796300 0.20227000 -0.00076800
v 0.00796300 0.20227000 -0.00076800
v 0.00800000 0.20211700 -0.00000100
v 0.00800000 0.20211700 -0.00000100
v 0.00800000 0.20211700 -0.00000100
v 0.00800000 0.20211700 -0.00000100
v 0.00800000 0.12697500 -0.00000100
v 0.00800000 0.12697500 -0.00000100
v 0.00796300 0.20227000 0.00076600
v 0.00796300 0.20227000 0.00076600
v 0.00774600 0.12697500 0.00199900
v 0.00787400 0.20270300 0.00141300
v 0.00787400 0.20270300 0.00141300
v 0.00778400 0.20335000 0.00184600
v 0.00778400 0.20335000 0.00184600
v 0.00774600 0.20411700 0.00199900
v 0.00774600 0.20411700 0.00199900
v 0.00692800 0.12697500 0.00399900
v 0.00774600 0.08411900 0.00199900
v 0.00774600 0.08411900 0.00199900
v 0.00692800 0.03911900 0.00399900
v 0.00774600 0.03911900 0.00199900
v 0.00774600 -0.03588000 0.00199900
v 0.00774600 -0.03588000 0.00199900
v 0.00778400 -0.03511300 0.00184600
v 0.00778400 -0.03511300 0.00184600
v 0.00773300 0.21483100 0.00204900
v 0.00778400 0.20488400 0.00184600
v 0.00778400 0.20488400 0.00184600
v 0.00787400 0.20553100 0.00141300
v 0.00787400 0.20553100 0.00141300
v 0.00796300 0.20596400 0.00076600
v 0.00796300 0.20596400 0.00076600
v 0.00800000 0.21483100 -0.00000100
v 0.00800000 0.21483100 -0.00000100
v 0.00800000 0.30268700 -0.00000100
v 0.00800000 0.30268700 -0.00000100
v 0.00787400 0.20553100 -0.00141500
v 0.00787400 0.20553100 -0.00141500
v 0.00778400 0.20488400 -0.00184800
v 0.00778400 0.20488400 -0.00184800
v 0.00800000 0.20611700 -0.00000100
v 0.00800000 0.20611700 -0.00000100
v 0.00800000 0.20611700 -0.00000100
v 0.00796300 0.20596400 -0.00076800
v 0.00796300 0.20596400 -0.00076800
v 0.00774600 0.20411700 -0.00200100
v 0.00774600 0.20411700 -0.00200100
v 0.00692800 0.30268700 -0.00400100
v 0.00692800 0.39054300 -0.00400100
v 0.00400000 0.39054300 -0.00692900
v 0.00400000 0.47839900 -0.00692900
v 0.00000000 0.47839900 -0.00800100
v 0.00000000 0.56625500 -0.00800100
v -0.00400000 0.56625500 -0.00692900
v -0.00692800 0.56625500 -0.00400100
v -0.00713000 0.56625500 -0.00362900
v -0.00692800 0.47839900 -0.00400100
v -0.00731200 0.47839900 -0.00324700
v -0.00692800 0.39054300 -0.00400100
v -0.00747300 0.39054300 -0.00285600
v -0.00692800 0.30268700 -0.00400100
v -0.00761400 0.30268700 -0.00245700
v -0.00692800 0.21483100 -0.00400100
v -0.00773300 0.21483100 -0.00205100
v -0.00692800 0.12697500 -0.00400100
v -0.00774600 0.20411700 -0.00200100
v -0.00774600 0.20411700 -0.00200100
v -0.00774600 0.12697500 -0.00200100
v -0.00778400 0.20335000 -0.00184800
v -0.00778400 0.20335000 -0.00184800
v -0.00787400 0.20270300 -0.00141500
v -0.00787400 0.20270300 -0.00141500
v -0.00796300 0.20227000 -0.00076800
v -0.00796300 0.20227000 -0.00076800
v -0.00800000 0.12697500 -0.00000100
v -0.00800000 0.20211700 -0.00000100
v -0.00800000 0.20211700 -0.00000100
v -0.00800000 0.20211700 -0.00000100
v -0.00796300 0.20227000 0.00076600
v -0.00796300 0.20227000 0.00076600
v -0.00787400 0.20270300 0.00141300
v -0.00787400 0.20270300 0.00141300
v -0.00778400 0.20335000 0.00184600
v -0.00778400 0.20335000 0.00184600
v -0.00774600 0.20411700 0.00199900
v -0.00774600 0.20411700 0.00199900
v -0.00692800 0.12697500 0.00399900
v -0.00692800 0.21483100 0.00399900
v -0.00400000 0.21483100 0.00692700
v -0.00400000 0.30268700 0.00692700
v 0.00000000 0.30268700 0.00799900
v 0.00000000 0.39054300 0.00799900
v 0.00400000 0.39054300 0.00692700
v 0.00400000 0.47839900 0.00692700
v 0.00692800 0.47839900 0.00399900
v 0.00692800 0.56625500 0.00399900
v 0.00713000 0.56625500 0.00362700
v 0.00800000 0.56625500 -0.00000100
v 0.00800000 0.56625500 -0.00000100
v 0.00692800 0.56625500 -0.00400100
v 0.00400000 0.56625500 -0.00692900
v 0.00778400 0.20335000 -0.00184800
v 0.00778400 0.20335000 -0.00184800
v 0.00692800 0.12697500 -0.00400100
v 0.00692800 0.21483100 -0.00400100
v 0.00400000 0.21483100 -0.00692900
v 0.00400000 0.30268700 -0.00692900
v 0.00000000 0.30268700 -0.00800100
v 0.00000000 0.39054300 -0.00800100
v -0.00400000 0.39054300 -0.00692900
v -0.00400000 0.47839900 -0.00692900
v 0.00787400 0.20270300 -0.00141500
v 0.00787400 0.20270300 -0.00141500
v 0.00400000 0.56625500 0.00692700
v 0.00000000 0.56625500 0.00799900
v -0.00400000 0.56625500 0.00692700
v -0.00692800 0.56625500 0.00399900
v -0.00800000 0.56625500 -0.00000100
v -0.00778400 0.20488400 -0.00184800
v -0.00778400 0.20488400 -0.00184800
v -0.00787400 0.20553100 -0.00141500
v -0.00787400 0.20553100 -0.00141500
v -0.00796300 0.20596400 -0.00076800
v -0.00796300 0.20596400 -0.00076800
v -0.00800000 0.21483100 -0.00000100
v -0.00800000 0.20611700 -0.00000100
v -0.00800000 0.20611700 -0.00000100
v -0.00796300 0.20596400 0.00076600
v -0.00796300 0.20596400 0.00076600
v -0.00787400 0.20553100 0.00141300
v -0.00787400 0.20553100 0.00141300
v -0.00800000 0.30268700 -0.00000100
v -0.00778400 0.20488400 0.00184600
v -0.00778400 0.20488400 0.00184600
v -0.00692800 0.30268700 0.00399900
v -0.00796300 0.08227100 0.00076600
v -0.00796300 0.08227100 0.00076600
v -0.00800000 0.08211900 -0.00000100
v -0.00800000 0.08211900 -0.00000100
v -0.00800000 0.08211900 -0.00000100
v -0.00800000 0.03911900 -0.00000100
v -0.00796300 0.08227100 -0.00076800
v -0.00796300 0.08227100 -0.00076800
v -0.00774600 0.03911900 -0.00200100
v -0.00787400 0.08270400 -0.00141500
v -0.00787400 0.08270400 -0.00141500
v -0.00778400 0.08335200 -0.00184800
v -0.00778400 0.08335200 -0.00184800
v -0.00774600 0.08411900 -0.00200100
v -0.00774600 0.08411900 -0.00200100
v -0.00692800 0.03911900 -0.00400100
v -0.00774600 -0.03588000 -0.00200100
v -0.00774600 -0.03588000 -0.00200100
v -0.00692800 -0.04873700 -0.00400100
v -0.00774600 -0.04873700 -0.00200100
v -0.00692800 -0.13659300 -0.00400100
v -0.00774600 -0.13659300 -0.00200100
v -0.00774600 -0.15587800 -0.00200100
v -0.00774600 -0.15587800 -0.00200100
v -0.00778400 -0.15511200 -0.00184800
v -0.00778400 -0.15511200 -0.00184800
v -0.00778400 0.08488500 -0.00184800
v -0.00778400 0.08488500 -0.00184800
v -0.00400000 0.03911900 -0.00692900
v -0.00400000 -0.04873700 -0.00692900
v 0.00000000 -0.04873700 -0.00800100
v 0.00000000 -0.13659300 -0.00800100
v 0.00400000 -0.13659300 -0.00692900
v 0.00400000 -0.22444900 -0.00692900
v 0.00692800 -0.22444900 -0.00400100
v 0.00692800 -0.31230500 -0.00400100
v 0.00774600 -0.27587700 -0.00200100
v 0.00774600 -0.27587700 -0.00200100
v 0.00800000 -0.31230500 -0.00000100
v 0.00800000 -0.31230500 -0.00000100
v 0.00778400 -0.27664400 -0.00184800
v 0.00778400 -0.27664400 -0.00184800
v 0.00787400 -0.27729100 -0.00141500
v 0.00787400 -0.27729100 -0.00141500
v -0.00787400 0.08553300 -0.00141500
v -0.00787400 0.08553300 -0.00141500
v -0.00796300 0.08596600 -0.00076800
v -0.00796300 0.08596600 -0.00076800
v -0.00800000 0.08611900 -0.00000100
v -0.00800000 0.08611900 -0.00000100
v -0.00796300 0.08596600 0.00076600
v -0.00796300 0.08596600 0.00076600
v -0.00787400 0.08553300 0.00141300
v -0.00787400 0.08553300 0.00141300
v -0.00778400 0.08488500 0.00184600
v -0.00778400 0.08488500 0.00184600
v -0.00774600 0.08411900 0.00199900
v -0.00774600 0.08411900 0.00199900
v -0.00778400 0.08335200 0.00184600
v -0.00778400 0.08335200 0.00184600
v -0.00692800 0.03911900 0.00399900
v -0.00400000 0.12697500 0.00692700
v 0.00000000 0.21483100 0.00799900
v 0.00400000 0.30268700 0.00692700
v 0.00692800 0.39054300 0.00399900
v 0.00731200 0.47839900 0.00324500
v -0.00787400 0.08270400 0.00141300
v -0.00787400 0.08270400 0.00141300
v -0.00796300 -0.03772700 0.00076600
v -0.00796300 -0.03772700 0.00076600
v -0.00800000 -0.03788000 -0.00000100
v -0.00800000 -0.03788000 -0.00000100
v -0.00800000 -0.03788000 -0.00000100
v -0.00800000 -0.04873700 -0.00000100
v -0.00796300 -0.03772700 -0.00076800
v -0.00796300 -0.03772700 -0.00076800
v -0.00787400 -0.03729400 -0.00141500
v -0.00787400 -0.03729400 -0.00141500
v -0.00778400 -0.03664700 -0.00184800
v -0.00778400 -0.03664700 -0.00184800
v -0.00778400 -0.03511300 -0.00184800
v -0.00778400 -0.03511300 -0.00184800
v -0.00787400 -0.03446600 -0.00141500
v -0.00787400 -0.03446600 -0.00141500
v -0.00796300 -0.03403300 -0.00076800
v -0.00796300 -0.03403300 -0.00076800
v -0.00800000 -0.03388000 -0.00000100
v -0.00800000 -0.03388000 -0.00000100
v -0.00796300 -0.03403300 0.00076600
v -0.00796300 -0.03403300 0.00076600
v -0.00787400 -0.03446600 0.00141300
v -0.00787400 -0.03446600 0.00141300
v -0.00778400 -0.03511300 0.00184600
v -0.00778400 -0.03511300 0.00184600
v -0.00774600 -0.03588000 0.00199900
v -0.00774600 -0.03588000 0.00199900
v -0.00778400 -0.03664700 0.00184600
v -0.00778400 -0.03664700 0.00184600
v -0.00774600 -0.15587800 0.00199900
v -0.00774600 -0.15587800 0.00199900
v -0.00692800 -0.13659300 0.00399900
v -0.00692800 -0.04873700 0.00399900
v -0.00400000 -0.04873700 0.00692700
v -0.00400000 0.03911900 0.00692700
v 0.00000000 0.03911900 0.00799900
v 0.00000000 0.12697500 0.00799900
v 0.00400000 0.12697500 0.00692700
v 0.00400000 0.21483100 0.00692700
v 0.00692800 0.21483100 0.00399900
v 0.00692800 0.30268700 0.00399900
v 0.00761400 0.30268700 0.00245500
v 0.00747300 0.39054300 0.00285400
v 0.00800000 0.39054300 -0.00000100
v 0.00800000 0.39054300 -0.00000100
v 0.00800000 0.47839900 -0.00000100
v 0.00800000 0.47839900 -0.00000100
v 0.00692800 0.47839900 -0.00400100
v -0.00787400 -0.03729400 0.00141300
v -0.00787400 -0.03729400 0.00141300
v -0.00800000 -0.13659300 -0.00000100
v -0.00778400 -0.15511200 0.00184600
v -0.00778400 -0.15511200 0.00184600
v -0.00796300 -0.15772500 0.00076600
v -0.00796300 -0.15772500 0.00076600
v -0.00800000 -0.15787800 -0.00000100
v -0.00800000 -0.15787800 -0.00000100
v -0.00800000 -0.15787800 -0.00000100
v -0.00800000 -0.22444900 -0.00000100
v -0.00796300 -0.15772500 -0.00076800
v -0.00796300 -0.15772500 -0.00076800
v -0.00774600 -0.22444900 -0.00200100
v -0.00787400 -0.15729200 -0.00141500
v -0.00787400 -0.15729200 -0.00141500
v -0.00778400 -0.15664500 -0.00184800
v -0.00778400 -0.15664500 -0.00184800
v -0.00692800 -0.22444900 -0.00400100
v -0.00774600 -0.27587700 -0.00200100
v -0.00774600 -0.27587700 -0.00200100
v -0.00692800 -0.31230500 -0.00400100
v -0.00778400 -0.27664400 -0.00184800
v -0.00778400 -0.27664400 -0.00184800
v -0.00800000 -0.31230500 -0.00000100
v -0.00787400 -0.27729100 -0.00141500
v -0.00787400 -0.27729100 -0.00141500
v -0.00796300 -0.27772400 -0.00076800
v -0.00796300 -0.27772400 -0.00076800
v -0.00800000 -0.27787700 -0.00000100
v -0.00800000 -0.27787700 -0.00000100
v -0.00800000 -0.27787700 -0.00000100
v -0.00796300 -0.27772400 0.00076600
v -0.00796300 -0.27772400 0.00076600
v -0.00787400 -0.27729100 0.00141300
v -0.00787400 -0.27729100 0.00141300
v -0.00778400 -0.27664400 0.00184600
v -0.00778400 -0.27664400 0.00184600
v -0.00774600 -0.27587700 0.00199900
v -0.00774600 -0.27587700 0.00199900
v -0.00692800 -0.31230500 0.00399900
v -0.00692800 -0.22444900 0.00399900
v -0.00400000 -0.22444900 0.00692700
v -0.00400000 -0.13659300 0.00692700
v 0.00000000 -0.13659300 0.00799900
v 0.00000000 -0.04873700 0.00799900
v 0.00400000 -0.04873700 0.00692700
v 0.00400000 0.03911900 0.00692700
v -0.00787400 -0.15446400 -0.00141500
v -0.00787400 -0.15446400 -0.00141500
v -0.00796300 -0.15403100 -0.00076800
v -0.00796300 -0.15403100 -0.00076800
v -0.00800000 -0.15387800 -0.00000100
v -0.00800000 -0.15387800 -0.00000100
v -0.00796300 -0.15403100 0.00076600
v -0.00796300 -0.15403100 0.00076600
v -0.00787400 -0.15446400 0.00141300
v -0.00787400 -0.15446400 0.00141300
v -0.00778400 -0.15664500 0.00184600
v -0.00778400 -0.15664500 0.00184600
v -0.00787400 -0.15729200 0.00141300
v -0.00787400 -0.15729200 0.00141300
v -0.00778400 -0.27511000 -0.00184800
v -0.00778400 -0.27511000 -0.00184800
v -0.00787400 -0.27446300 -0.00141500
v -0.00787400 -0.27446300 -0.00141500
v -0.00796300 -0.27403000 -0.00076800
v -0.00796300 -0.27403000 -0.00076800
v -0.00800000 -0.27387700 -0.00000100
v -0.00800000 -0.27387700 -0.00000100
v -0.00796300 -0.27403000 0.00076600
v -0.00796300 -0.27403000 0.00076600
v -0.00787400 -0.27446300 0.00141300
v -0.00787400 -0.27446300 0.00141300
v -0.00778400 -0.27511000 0.00184600
v -0.00778400 -0.27511000 0.00184600
v -0.00692800 -0.48801700 0.00399900
v -0.00800000 -0.48801700 -0.00000100
v -0.00692800 -0.48801700 -0.00400100
v -0.00400000 -0.48801700 -0.00692900
v 0.00000000 -0.48801700 -0.00800100
v 0.00400000 -0.48801700 -0.00692900
v 0.00692800 -0.48801700 -0.00400100
v 0.00800000 -0.48801700 -0.00000100
v 0.00800000 -0.48801700 -0.00000100
v 0.00692800 -0.48801700 0.00399900
v 0.00400000 -0.48801700 0.00692700
v 0.00000000 -0.48801700 0.00799900
v -0.00400000 -0.48801700 0.00692700
v 0.00796300 -0.27772400 -0.00076800
v 0.00796300 -0.27772400 -0.00076800
v 0.00800000 -0.27787700 -0.00000100
v 0.00800000 -0.27787700 -0.00000100
v 0.00800000 -0.27787700 -0.00000100
v 0.00800000 -0.27787700 -0.00000100
v 0.00796300 -0.27772400 0.00076600
v 0.00796300 -0.27772400 0.00076600
v 0.00787400 -0.27729100 0.00141300
v 0.00787400 -0.27729100 0.00141300
v 0.00778400 -0.27664400 0.00184600
v 0.00778400 -0.27664400 0.00184600
v 0.00692800 -0.31230500 0.00399900
v 0.00692800 -0.40016100 0.00399900
v 0.00400000 -0.40016100 0.00692700
v 0.00774600 -0.27587700 0.00199900
v 0.00774600 -0.27587700 0.00199900
v 0.00692800 -0.22444900 0.00399900
v 0.00400000 -0.31230500 0.00692700
v 0.00400000 -0.22444900 0.00692700
v 0.00000000 -0.31230500 0.00799900
v 0.00000000 -0.22444900 0.00799900
v -0.00400000 -0.31230500 0.00692700
v 0.00774600 -0.22444900 0.00199900
v 0.00778400 -0.27511000 0.00184600
v 0.00778400 -0.27511000 0.00184600
v 0.00787400 -0.27446300 0.00141300
v 0.00787400 -0.27446300 0.00141300
v 0.00796300 -0.27403000 0.00076600
v 0.00796300 -0.27403000 0.00076600
v 0.00800000 -0.22444900 -0.00000100
v 0.00800000 -0.22444900 -0.00000100
v 0.00796300 -0.15772500 0.00076600
v 0.00796300 -0.15772500 0.00076600
v 0.00800000 -0.15787800 -0.00000100
v 0.00800000 -0.15787800 -0.00000100
v 0.00800000 -0.15787800 -0.00000100
v 0.00800000 -0.15787800 -0.00000100
v 0.00796300 -0.15772500 -0.00076800
v 0.00796300 -0.15772500 -0.00076800
v 0.00787400 -0.15729200 -0.00141500
v 0.00787400 -0.15729200 -0.00141500
v 0.00778400 -0.15664500 -0.00184800
v 0.00778400 -0.15664500 -0.00184800
v 0.00774600 -0.15587800 -0.00200100
v 0.00774600 -0.15587800 -0.00200100
v 0.00692800 -0.13659300 -0.00400100
v 0.00400000 -0.04873700 -0.00692900
v 0.00000000 0.03911900 -0.00800100
v -0.00400000 0.12697500 -0.00692900
v 0.00800000 -0.27387700 -0.00000100
v 0.00800000 -0.27387700 -0.00000100
v 0.00800000 -0.27387700 -0.00000100
v 0.00796300 -0.27403000 -0.00076800
v 0.00796300 -0.27403000 -0.00076800
v 0.00787400 -0.27446300 -0.00141500
v 0.00787400 -0.27446300 -0.00141500
v 0.00778400 -0.27511000 -0.00184800
v 0.00778400 -0.27511000 -0.00184800
v 0.00787400 -0.15729200 0.00141300
v 0.00787400 -0.15729200 0.00141300
v 0.00778400 -0.15664500 0.00184600
v 0.00778400 -0.15664500 0.00184600
v 0.00774600 -0.15587800 0.00199900
v 0.00774600 -0.15587800 0.00199900
v 0.00778400 -0.15511200 0.00184600
v 0.00778400 -0.15511200 0.00184600
v 0.00774600 -0.13659300 0.00199900
v 0.00692800 -0.13659300 0.00399900
v 0.00787400 -0.15446400 0.00141300
v 0.00787400 -0.15446400 0.00141300
v 0.00796300 -0.15403100 0.00076600
v 0.00796300 -0.15403100 0.00076600
v 0.00800000 -0.13659300 -0.00000100
v 0.00800000 -0.13659300 -0.00000100
v 0.00800000 -0.15387800 -0.00000100
v 0.00800000 -0.15387800 -0.00000100
v 0.00800000 -0.15387800 -0.00000100
v 0.00796300 -0.15403100 -0.00076800
v 0.00796300 -0.15403100 -0.00076800
v 0.00787400 -0.15446400 -0.00141500
v 0.00787400 -0.15446400 -0.00141500
v 0.00778400 -0.15511200 -0.00184800
v 0.00778400 -0.15511200 -0.00184800
v 0.00778400 -0.03664700 -0.00184800
v 0.00778400 -0.03664700 -0.00184800
v 0.00774600 -0.03588000 -0.00200100
v 0.00774600 -0.03588000 -0.00200100
v 0.00692800 -0.04873700 -0.00400100
v 0.00400000 0.03911900 -0.00692900
v 0.00000000 0.12697500 -0.00800100
v -0.00400000 0.21483100 -0.00692900
v 0.00796300 -0.03772700 -0.00076800
v 0.00796300 -0.03772700 -0.00076800
v 0.00800000 -0.03788000 -0.00000100
v 0.00800000 -0.03788000 -0.00000100
v 0.00800000 -0.03788000 -0.00000100
v 0.00800000 -0.03788000 -0.00000100
v 0.00800000 -0.04873700 -0.00000100
v 0.00800000 -0.04873700 -0.00000100
v 0.00796300 -0.03772700 0.00076600
v 0.00796300 -0.03772700 0.00076600
v 0.00774600 -0.04873700 0.00199900
v 0.00787400 -0.03729400 0.00141300
v 0.00787400 -0.03729400 0.00141300
v 0.00778400 -0.03664700 0.00184600
v 0.00778400 -0.03664700 0.00184600
v 0.00692800 -0.04873700 0.00399900
v 0.00400000 -0.13659300 0.00692700
v 0.00787400 -0.03446600 0.00141300
v 0.00787400 -0.03446600 0.00141300
v 0.00796300 -0.03403300 0.00076600
v 0.00796300 -0.03403300 0.00076600
v 0.00800000 0.03911900 -0.00000100
v 0.00800000 0.03911900 -0.00000100
v 0.00800000 -0.03388000 -0.00000100
v 0.00800000 -0.03388000 -0.00000100
v 0.00800000 -0.03388000 -0.00000100
v 0.00796300 -0.03403300 -0.00076800
v 0.00796300 -0.03403300 -0.00076800
v 0.00787400 -0.03446600 -0.00141500
v 0.00787400 -0.03446600 -0.00141500
v 0.00778400 -0.03511300 -0.00184800
v 0.00778400 -0.03511300 -0.00184800
v 0.00787400 -0.03729400 -0.00141500
v 0.00787400 -0.03729400 -0.00141500
v 0.00796300 0.08227100 -0.00076800
v 0.00796300 0.08227100 -0.00076800
v 0.00800000 0.08211900 -0.00000100
v 0.00800000 0.08211900 -0.00000100
v 0.00800000 0.08211900 -0.00000100
v 0.00800000 0.08211900 -0.00000100
v 0.00796300 0.08227100 0.00076600
v 0.00796300 0.08227100 0.00076600
v 0.00787400 0.08270400 0.00141300
v 0.00787400 0.08270400 0.00141300
v 0.00778400 0.08335200 0.00184600
v 0.00778400 0.08335200 0.00184600
v 0.00778400 0.08488500 0.00184600
v 0.00778400 0.08488500 0.00184600
v 0.00787400 0.08553300 0.00141300
v 0.00787400 0.08553300 0.00141300
v 0.00796300 0.08596600 0.00076600
v 0.00796300 0.08596600 0.00076600
v 0.00800000 0.08611900 -0.00000100
v 0.00800000 0.08611900 -0.00000100
v 0.00800000 0.08611900 -0.00000100
v 0.00796300 0.08596600 -0.00076800
v 0.00796300 0.08596600 -0.00076800
v 0.00787400 0.08553300 -0.00141500
v 0.00787400 0.08553300 -0.00141500
v 0.00778400 0.08488500 -0.00184800
v 0.00778400 0.08488500 -0.00184800
v 0.00774600 0.08411900 -0.00200100
v 0.00774600 0.08411900 -0.00200100
v 0.00778400 0.08335200 -0.00184800
v 0.00778400 0.08335200 -0.00184800
v 0.00692800 0.03911900 -0.00400100
v 0.00400000 0.12697500 -0.00692900
v 0.00000000 0.21483100 -0.00800100
v -0.00400000 0.30268700 -0.00692900
v 0.00787400 0.08270400 -0.00141500
v 0.00787400 0.08270400 -0.00141500
v 0.00800000 -0.40016100 -0.00000100
v 0.00800000 -0.40016100 -0.00000100
v 0.00692800 -0.40016100 -0.00400100
v 0.00400000 -0.31230500 -0.00692900
v 0.00400000 -0.40016100 -0.00692900
v 0.00000000 -0.31230500 -0.00800100
v 0.00000000 -0.40016100 -0.00800100
v -0.00400000 -0.31230500 -0.00692900
v -0.00400000 -0.40016100 -0.00692900
v -0.00692800 -0.40016100 -0.00400100
v -0.00800000 -0.40016100 -0.00000100
v -0.00692800 -0.40016100 0.00399900
v -0.00400000 -0.40016100 0.00692700
v 0.00000000 -0.40016100 0.00799900
v 0.00000000 0.47839900 0.00799900
v -0.00400000 0.39054300 0.00692700
v -0.00400000 0.47839900 0.00692700
v -0.00692800 0.47839900 0.00399900
v -0.00800000 0.47839900 -0.00000100
v -0.00692800 0.39054300 0.00399900
v -0.00800000 0.39054300 -0.00000100
v -0.00400000 -0.13659300 -0.00692900
v -0.00400000 -0.22444900 -0.00692900
v 0.00000000 -0.22444900 -0.00800100
v 0.00796300 -0.27403000 -0.00076800
v 0.00796300 -0.27403000 -0.00076800
v 0.00800000 -0.27387700 -0.00000100
v 0.00800000 -0.27387700 -0.00000100
v 0.00800000 -0.27387700 -0.00000100
v 0.00800000 -0.25587700 -0.00000100
v 0.00800000 -0.25587700 -0.00000100
v 0.00800000 -0.25587700 -0.00000100
v 0.00796300 -0.27403000 0.00076600
v 0.00796300 -0.27403000 0.00076600
v 0.00787400 -0.27446300 0.00141300
v 0.00787400 -0.27446300 0.00141300
v 0.00778400 -0.27511000 0.00184600
v 0.00778400 -0.27511000 0.00184600
v 0.00692800 -0.25587700 0.00399900
v 0.00692800 -0.25587700 0.00399900
v 0.00774600 -0.27587700 0.00199900
v 0.00774600 -0.27587700 0.00199900
v 0.00692800 -0.29587700 0.00399900
v 0.00692800 -0.29587700 0.00399900
v 0.00778400 -0.27664400 0.00184600
v 0.00778400 -0.27664400 0.00184600
v 0.00800000 -0.29587700 -0.00000100
v 0.00800000 -0.29587700 -0.00000100
v 0.00800000 -0.29587700 -0.00000100
v 0.00787400 -0.27729100 0.00141300
v 0.00787400 -0.27729100 0.00141300
v 0.00796300 -0.27772400 0.00076600
v 0.00796300 -0.27772400 0.00076600
v 0.00800000 -0.27787700 -0.00000100
v 0.00800000 -0.27787700 -0.00000100
v 0.00800000 -0.27787700 -0.00000100
v 0.00800000 -0.27787700 -0.00000100
v 0.00796300 -0.27772400 -0.00076800
v 0.00796300 -0.27772400 -0.00076800
v 0.00787400 -0.27729100 -0.00141500
v 0.00787400 -0.27729100 -0.00141500
v 0.00778400 -0.27664400 -0.00184800
v 0.00778400 -0.27664400 -0.00184800
v 0.00774600 -0.27587700 -0.00200100
v 0.00774600 -0.27587700 -0.00200100
v 0.00692800 -0.29587700 -0.00400100
v 0.00692800 -0.29587700 -0.00400100
v 0.00692800 -0.25587700 -0.00400100
v 0.00692800 -0.25587700 -0.00400100
v 0.00400000 -0.29587700 -0.00692900
v 0.00400000 -0.29587700 -0.00692900
v 0.00400000 -0.25587700 -0.00692900
v 0.00400000 -0.25587700 -0.00692900
v 0.00000000 -0.29587700 -0.00800100
v 0.00000000 -0.29587700 -0.00800100
v 0.00000000 -0.25587700 -0.00800100
v 0.00000000 -0.25587700 -0.00800100
v -0.00400000 -0.29587700 -0.00692900
v -0.00400000 -0.29587700 -0.00692900
v -0.00400000 -0.25587700 -0.00692900
v -0.00400000 -0.25587700 -0.00692900
v -0.00692800 -0.29587700 -0.00400100
v -0.00692800 -0.29587700 -0.00400100
v -0.00692800 -0.25587700 -0.00400100
v -0.00692800 -0.25587700 -0.00400100
v -0.00774600 -0.27587700 -0.00200100
v -0.00774600 -0.27587700 -0.00200100
v -0.00778400 -0.27511000 -0.00184800
v -0.00778400 -0.27511000 -0.00184800
v -0.00800000 -0.25587700 -0.00000100
v -0.00800000 -0.25587700 -0.00000100
v -0.00787400 -0.27446300 -0.00141500
v -0.00787400 -0.27446300 -0.00141500
v -0.00796300 -0.27403000 -0.00076800
v -0.00796300 -0.27403000 -0.00076800
v -0.00800000 -0.27387700 -0.00000100
v -0.00800000 -0.27387700 -0.00000100
v -0.00796300 -0.27403000 0.00076600
v -0.00796300 -0.27403000 0.00076600
v -0.00787400 -0.27446300 0.00141300
v -0.00787400 -0.27446300 0.00141300
v -0.00778400 -0.27511000 0.00184600
v -0.00778400 -0.27511000 0.00184600
v -0.00774600 -0.27587700 0.00199900
v -0.00774600 -0.27587700 0.00199900
v -0.00692800 -0.25587700 0.00399900
v -0.00692800 -0.25587700 0.00399900
v -0.00692800 -0.29587700 0.00399900
v -0.00692800 -0.29587700 0.00399900
v -0.00400000 -0.29587700 0.00692700
v -0.00400000 -0.29587700 0.00692700
v -0.00400000 -0.25587700 0.00692700
v -0.00400000 -0.25587700 0.00692700
v 0.00000000 -0.29587700 0.00799900
v 0.00000000 -0.29587700 0.00799900
v 0.00000000 -0.25587700 0.00799900
v 0.00000000 -0.25587700 0.00799900
v 0.00400000 -0.29587700 0.00692700
v 0.00400000 -0.29587700 0.00692700
v 0.00400000 -0.25587700 0.00692700
v 0.00400000 -0.25587700 0.00692700
v 0.00778400 -0.27511000 -0.00184800
v 0.00778400 -0.27511000 -0.00184800
v 0.00787400 -0.27446300 -0.00141500
v 0.00787400 -0.27446300 -0.00141500
v -0.00800000 -0.29587700 -0.00000100
v -0.00800000 -0.29587700 -0.00000100
v -0.00778400 -0.27664400 0.00184600
v -0.00778400 -0.27664400 0.00184600
v -0.00787400 -0.27729100 0.00141300
v -0.00787400 -0.27729100 0.00141300
v -0.00796300 -0.27772400 0.00076600
v -0.00796300 -0.27772400 0.00076600
v -0.00800000 -0.27787700 -0.00000100
v -0.00800000 -0.27787700 -0.00000100
v -0.00800000 -0.27787700 -0.00000100
v -0.00796300 -0.27772400 -0.00076800
v -0.00796300 -0.27772400 -0.00076800
v -0.00787400 -0.27729100 -0.00141500
v -0.00787400 -0.27729100 -0.00141500
v -0.00778400 -0.27664400 -0.00184800
v -0.00778400 -0.27664400 -0.00184800
v -0.01559800 -0.29587700 -0.01050100
v -0.01559800 -0.29587700 -0.01050100
v -0.01300000 -0.29587700 -0.01200100
v -0.01300000 -0.29587700 -0.01200100
v -0.01300000 -0.29587700 -0.01200100
v -0.01600000 -0.29587700 -0.00900100
v -0.01600000 -0.29587700 -0.00900100
v -0.01600000 -0.29587700 -0.00900100
v -0.01450000 -0.29587700 -0.01159900
v -0.01450000 -0.29587700 -0.01159900
v 0.01300000 -0.29587700 -0.01200100
v 0.01300000 -0.29587700 -0.01200100
v 0.01300000 -0.29587700 -0.01200100
v 0.01450000 -0.29587700 -0.01159900
v 0.01450000 -0.29587700 -0.01159900
v 0.01559800 -0.29587700 -0.01050100
v 0.01559800 -0.29587700 -0.01050100
v 0.01600000 -0.29587700 -0.00900100
v 0.01600000 -0.29587700 -0.00900100
v 0.01600000 -0.29587700 -0.00900100
v 0.01600000 -0.29587700 0.00899900
v 0.01600000 -0.29587700 0.00899900
v 0.01600000 -0.29587700 0.00899900
v 0.01300000 -0.29587700 0.01199900
v 0.01300000 -0.29587700 0.01199900
v 0.01300000 -0.29587700 0.01199900
v -0.01300000 -0.29587700 0.01199900
v -0.01300000 -0.29587700 0.01199900
v -0.01300000 -0.29587700 0.01199900
v -0.01600000 -0.29587700 0.00899900
v -0.01600000 -0.29587700 0.00899900
v -0.01600000 -0.29587700 0.00899900
v 0.01559800 -0.29587700 0.01049900
v 0.01559800 -0.29587700 0.01049900
v 0.01450000 -0.29587700 0.01159700
v 0.01450000 -0.29587700 0.01159700
v -0.01450000 -0.29587700 0.01159700
v -0.01450000 -0.29587700 0.01159700
v -0.01559800 -0.29587700 0.01049900
v -0.01559800 -0.29587700 0.01049900
v 0.01300000 -0.25587700 -0.01200100
v 0.01300000 -0.25587700 -0.01200100
v 0.01300000 -0.25587700 -0.01200100
v 0.01450000 -0.27587700 -0.01159900
v 0.01450000 -0.25587700 -0.01159900
v 0.01450000 -0.25587700 -0.01159900
v 0.01559800 -0.27587700 -0.01050100
v 0.01559800 -0.25587700 -0.01050100
v 0.01559800 -0.25587700 -0.01050100
v 0.01600000 -0.25587700 -0.00900100
v 0.01600000 -0.25587700 -0.00900100
v 0.01600000 -0.25587700 -0.00900100
v -0.00520300 -0.26733700 0.01881800
v -0.00520300 -0.26733700 0.01881800
v -0.00520300 -0.26733700 0.01199900
v -0.00520300 -0.26733700 0.01199900
v -0.00877600 -0.27108300 0.01881800
v -0.00877600 -0.27108300 0.01881800
v -0.00877600 -0.27108300 0.01881800
v -0.00877600 -0.27108300 0.01881800
v -0.00877600 -0.27108300 0.01199900
v -0.00877600 -0.27108300 0.01199900
v -0.00877600 -0.27108300 0.01199900
v -0.00999700 -0.27611300 0.01881800
v -0.00999700 -0.27611300 0.01881800
v -0.00999700 -0.27611300 0.01199900
v -0.00999700 -0.27611300 0.01199900
v -0.00854000 -0.28108000 0.01881800
v -0.00854000 -0.28108000 0.01881800
v -0.00854000 -0.28108000 0.01199900
v -0.00854000 -0.28108000 0.01199900
v -0.00479400 -0.28465300 0.01881800
v -0.00479400 -0.28465300 0.01881800
v -0.00479400 -0.28465300 0.01199900
v -0.00479400 -0.28465300 0.01199900
v 0.00023600 -0.28587400 0.01881800
v 0.00023600 -0.28587400 0.01881800
v 0.00023600 -0.28587400 0.01199900
v 0.00023600 -0.28587400 0.01199900
v 0.00520300 -0.28441700 0.01881800
v 0.00520300 -0.28441700 0.01881800
v 0.00520300 -0.28441700 0.01199900
v 0.00520300 -0.28441700 0.01199900
v 0.00877600 -0.28067100 0.01881800
v 0.00877600 -0.28067100 0.01881800
v 0.00877600 -0.28067100 0.01199900
v 0.00877600 -0.28067100 0.01199900
v 0.00999700 -0.27564100 0.01881800
v 0.00999700 -0.27564100 0.01881800
v 0.00999700 -0.27564100 0.01199900
v 0.00999700 -0.27564100 0.01199900
v 0.00854000 -0.27067400 0.01881800
v 0.00854000 -0.27067400 0.01881800
v 0.00854000 -0.27067400 0.01199900
v 0.00854000 -0.27067400 0.01199900
v 0.00479400 -0.26710100 0.01881800
v 0.00479400 -0.26710100 0.01881800
v 0.00479400 -0.26710100 0.01199900
v 0.00479400 -0.26710100 0.01199900
v -0.00023600 -0.26588000 0.01881800
v -0.00023600 -0.26588000 0.01881800
v -0.00023600 -0.26588000 0.01199900
v -0.00023600 -0.26588000 0.01199900
v -0.01355900 -0.27518200 0.02362200
v -0.01191500 -0.26936800 0.02362200
v -0.01191500 -0.26936800 0.02362200
v -0.00791100 -0.26484300 0.02362200
v -0.01315500 -0.26869000 0.02944200
v -0.01315500 -0.26869000 0.02944200
v -0.00873400 -0.26369500 0.02944200
v -0.01229700 -0.26915900 0.03535100
v -0.01229700 -0.26915900 0.03535100
v -0.00816400 -0.26448900 0.03535100
v -0.00947900 -0.27069800 0.04040600
v -0.00947900 -0.27069800 0.04040600
v -0.00629400 -0.26709800 0.04040600
v -0.00515000 -0.27306300 0.04380300
v -0.00515000 -0.27306300 0.04380300
v -0.00341900 -0.27110700 0.04380300
v 0.00000000 -0.27587700 0.04499800
v 0.00000000 -0.27587700 0.04499800
v 0.00000000 -0.27587700 0.04499800
v 0.00000000 -0.27587700 0.04499800
v 0.00000000 -0.27587700 0.04499800
v 0.00000000 -0.27587700 0.04499800
v 0.00000000 -0.27587700 0.04499800
v 0.00000000 -0.27587700 0.04499800
v 0.00000000 -0.27587700 0.04499800
v 0.00000000 -0.27587700 0.04499800
v 0.00000000 -0.27587700 0.04499800
v 0.00000000 -0.27587700 0.04499800
v 0.00000000 -0.27587700 0.04499800
v 0.00000000 -0.27587700 0.04499800
v -0.01251800 -0.28113400 0.02362200
v -0.00899700 -0.28604500 0.02362200
v -0.00369500 -0.28894100 0.02362200
v 0.00234000 -0.28925100 0.02362200
v 0.00791100 -0.28691100 0.02362200
v 0.01191500 -0.28238600 0.02362200
v 0.01355900 -0.27657200 0.02362200
v 0.01497000 -0.27664400 0.02944200
v 0.01382000 -0.27007300 0.02944200
v 0.01291900 -0.27045100 0.03535100
v 0.00928600 -0.26538300 0.03535100
v 0.00715800 -0.26778800 0.04040600
v 0.00293900 -0.26548300 0.04040600
v 0.00159700 -0.27023000 0.04380300
v -0.00101100 -0.27009600 0.04380300
v 0.01251800 -0.27062000 0.02362200
v 0.00993300 -0.26465100 0.02944200
v 0.00381300 -0.26239300 0.03535100
v -0.00186100 -0.26523700 0.04040600
v 0.00899700 -0.26570900 0.02362200
v 0.00407900 -0.26145300 0.02944200
v -0.00241500 -0.26207400 0.03535100
v 0.00369500 -0.26281200 0.02362200
v -0.00258300 -0.26111200 0.02944200
v -0.00234000 -0.26250300 0.02362200
v 0.00388900 -0.27148200 0.04380300
v 0.00541100 -0.27360400 0.04380300
v 0.00586100 -0.27617700 0.04380300
v 0.00515000 -0.27869000 0.04380300
v 0.00341900 -0.28064600 0.04380300
v 0.00101100 -0.28165800 0.04380300
v -0.00159700 -0.28152400 0.04380300
v -0.00388900 -0.28027200 0.04380300
v -0.00541100 -0.27814900 0.04380300
v -0.00586100 -0.27557600 0.04380300
v -0.01497000 -0.27511000 0.02944200
v -0.01382000 -0.28168100 0.02944200
v -0.00993300 -0.28710200 0.02944200
v -0.00407900 -0.29030100 0.02944200
v 0.00258300 -0.29064200 0.02944200
v 0.00873400 -0.28805900 0.02944200
v 0.01315500 -0.28306300 0.02944200
v -0.01399400 -0.27516000 0.03535100
v -0.01291900 -0.28130200 0.03535100
v -0.00928600 -0.28637100 0.03535100
v -0.00381300 -0.28936000 0.03535100
v 0.00241500 -0.28968000 0.03535100
v 0.00816400 -0.28726500 0.03535100
v 0.01229700 -0.28259500 0.03535100
v 0.01399400 -0.27659400 0.03535100
v -0.01078700 -0.27532400 0.04040600
v -0.00995900 -0.28005900 0.04040600
v -0.00715800 -0.28396600 0.04040600
v -0.00293900 -0.28627100 0.04040600
v 0.00186100 -0.28651700 0.04040600
v 0.00629400 -0.28465500 0.04040600
v 0.00947900 -0.28105500 0.04040600
v 0.01078700 -0.27643000 0.04040600
v 0.00995900 -0.27169400 0.04040600
v -0.00764700 -0.26087700 -0.01200100
v -0.00764700 -0.26087700 -0.01200100
v -0.00764700 -0.26087700 -0.01200100
v 0.01000000 -0.26087700 -0.01200100
v 0.01000000 -0.26087700 -0.01200100
v 0.01000000 -0.26087700 -0.01200100
v -0.00682300 -0.26287700 -0.03100100
v -0.00682300 -0.26287700 -0.03100100
v 0.00600000 -0.26487700 -0.05000000
v 0.00600000 -0.26487700 -0.05000000
v 0.00600000 -0.26487700 -0.05000000
v -0.00600000 -0.26487700 -0.05000000
v -0.00600000 -0.26487700 -0.05000000
v -0.00600000 -0.26487700 -0.05000000
v 0.01000000 -0.29087700 -0.01200100
v 0.01000000 -0.29087700 -0.01200100
v 0.01000000 -0.29087700 -0.01200100
v 0.00600000 -0.28687700 -0.05000000
v 0.00600000 -0.28687700 -0.05000000
v 0.00600000 -0.28687700 -0.05000000
v -0.01000000 -0.29087700 -0.01200100
v -0.01000000 -0.29087700 -0.01200100
v -0.01000000 -0.29087700 -0.01200100
v -0.00600000 -0.28687700 -0.05000000
v -0.00600000 -0.28687700 -0.05000000
v -0.00600000 -0.28687700 -0.05000000
v -0.01000000 -0.26087700 -0.01200100
v -0.01000000 -0.26087700 -0.01200100
v -0.01000000 -0.26087700 -0.01200100
v -0.00800000 -0.26367700 -0.03100100
v -0.00800000 -0.26367700 -0.03100100
v -0.00700000 -0.26507700 -0.04050100
v -0.00700000 -0.26507700 -0.04050100
v -0.00600000 -0.26647700 -0.05000000
v -0.00600000 -0.26647700 -0.05000000
v -0.00600000 -0.26647700 -0.05000000
v -0.00811800 -0.26207700 -0.02150100
v -0.00741200 -0.26327700 -0.03100100
v -0.00670600 -0.26447700 -0.04050100
v 0.00750000 -0.28837700 -0.05000000
v 0.00750000 -0.28837700 -0.05000000
v 0.00750000 -0.28837700 -0.05000000
v -0.00750000 -0.28837700 -0.05000000
v -0.00750000 -0.28837700 -0.05000000
v -0.00750000 -0.28837700 -0.05000000
v 0.00750000 -0.26337700 -0.05000000
v 0.00750000 -0.26337700 -0.05000000
v 0.00750000 -0.26337700 -0.05000000
v -0.00661800 -0.26337700 -0.05000000
v -0.00661800 -0.26337700 -0.05000000
v -0.00661800 -0.26337700 -0.05000000
v -0.00750000 -0.26337700 -0.05000000
v -0.00750000 -0.26337700 -0.05000000
v -0.00750000 -0.26337700 -0.05000000
v -0.00321700 -0.28409300 -0.07000000
v -0.00321700 -0.28409300 -0.07000000
v -0.00321700 -0.28409300 -0.07000000
v -0.00321700 -0.26766000 -0.07000000
v -0.00321700 -0.26766000 -0.07000000
v -0.00321700 -0.26766000 -0.07000000
v 0.00321700 -0.28409300 -0.07000000
v 0.00321700 -0.28409300 -0.07000000
v 0.00321700 -0.28409300 -0.07000000
v 0.00321700 -0.26766000 -0.07000000
v 0.00321700 -0.26766000 -0.07000000
v 0.00321700 -0.26766000 -0.07000000
v -0.00620800 -0.26531500 -0.06722500
v -0.00620800 -0.26531500 -0.06722500
v -0.00620800 -0.26531500 -0.06722500
v -0.00618400 -0.26529200 -0.06744300
v -0.00618400 -0.26529200 -0.06744300
v -0.00620800 -0.28708500 -0.06722500
v -0.00620800 -0.28708500 -0.06722500
v -0.00620800 -0.28708500 -0.06722500
v -0.00620800 -0.28708500 -0.06722500
v -0.00614900 -0.26518200 -0.06763200
v -0.00614900 -0.26518200 -0.06763200
v -0.00591900 -0.28679600 -0.06830200
v -0.00591900 -0.28679600 -0.06830200
v -0.00607600 -0.26480100 -0.06790900
v -0.00607600 -0.26480100 -0.06790900
v -0.00607600 -0.26480100 -0.06790900
v -0.00565200 -0.26522500 -0.06875200
v -0.00565200 -0.26522500 -0.06875200
v -0.00525700 -0.28613400 -0.06919900
v -0.00525700 -0.28613400 -0.06919900
v -0.00498800 -0.26588900 -0.06942100
v -0.00498800 -0.26588900 -0.06942100
v -0.00431200 -0.28518900 -0.06979300
v -0.00431200 -0.28518900 -0.06979300
v -0.00608600 -0.26466900 -0.06722500
v -0.00608600 -0.26466900 -0.06722500
v -0.00608600 -0.26466900 -0.06722500
v 0.00620800 -0.26466900 -0.06722500
v 0.00620800 -0.26466900 -0.06722500
v 0.00620800 -0.26466900 -0.06722500
v 0.00620800 -0.26466900 -0.06722500
v 0.00591900 -0.26495800 -0.06830200
v 0.00591900 -0.26495800 -0.06830200
v 0.00525700 -0.26562000 -0.06919900
v 0.00525700 -0.26562000 -0.06919900
v 0.00431200 -0.26656400 -0.06979300
v 0.00431200 -0.26656400 -0.06979300
v 0.00620800 -0.28708500 -0.06722500
v 0.00620800 -0.28708500 -0.06722500
v 0.00620800 -0.28708500 -0.06722500
v 0.00620800 -0.28708500 -0.06722500
v 0.00591900 -0.28679600 -0.06830200
v 0.00591900 -0.28679600 -0.06830200
v 0.00525700 -0.28613400 -0.06919900
v 0.00525700 -0.28613400 -0.06919900
v 0.00431200 -0.28518900 -0.06979300
v 0.00431200 -0.28518900 -0.06979300
v -0.00685400 -0.26434600 -0.05861300
v -0.00685400 -0.26434600 -0.05861300
v -0.00635200 -0.26402300 -0.05861300
v -0.00635200 -0.26402300 -0.05861300
v -0.00632000 -0.26468500 -0.06395400
v -0.00652900 -0.26431400 -0.06000000
v -0.00679400 -0.26384600 -0.05500000
v -0.01600000 -0.25587700 -0.00900100
v -0.01600000 -0.25587700 -0.00900100
v -0.01600000 -0.25587700 -0.00900100
v -0.01559800 -0.27587700 -0.01050100
v -0.01559800 -0.25587700 -0.01050100
v -0.01559800 -0.25587700 -0.01050100
v -0.01450000 -0.27587700 -0.01159900
v -0.01450000 -0.25587700 -0.01159900
v -0.01450000 -0.25587700 -0.01159900
v -0.01300000 -0.25587700 -0.01200100
v -0.01300000 -0.25587700 -0.01200100
v -0.01300000 -0.25587700 -0.01200100
v -0.01300000 -0.25587700 0.01199900
v -0.01300000 -0.25587700 0.01199900
v -0.01300000 -0.25587700 0.01199900
v 0.01300000 -0.25587700 0.01199900
v 0.01300000 -0.25587700 0.01199900
v 0.01300000 -0.25587700 0.01199900
v -0.01450000 -0.27587700 0.01159700
v -0.01450000 -0.25587700 0.01159700
v -0.01450000 -0.25587700 0.01159700
v -0.01559800 -0.27587700 0.01049900
v -0.01559800 -0.25587700 0.01049900
v -0.01559800 -0.25587700 0.01049900
v -0.01600000 -0.25587700 0.00899900
v -0.01600000 -0.25587700 0.00899900
v -0.01600000 -0.25587700 0.00899900
v 0.01600000 -0.25587700 0.00899900
v 0.01600000 -0.25587700 0.00899900
v 0.01600000 -0.25587700 0.00899900
v 0.01559800 -0.27587700 0.01049900
v 0.01559800 -0.25587700 0.01049900
v 0.01559800 -0.25587700 0.01049900
v 0.01450000 -0.27587700 0.01159700
v 0.01450000 -0.25587700 0.01159700
v 0.01450000 -0.25587700 0.01159700
v 0.01600000 -0.27187700 -0.00000100
v 0.01600000 -0.27187700 -0.00000100
v 0.01600000 -0.27241300 -0.00200100
v 0.01600000 -0.27241300 -0.00200100
v 0.01600000 -0.27387700 -0.00346500
v 0.01600000 -0.27387700 -0.00346500
v 0.01600000 -0.27587700 0.00399900
v 0.01600000 -0.27587700 0.00399900
v 0.01600000 -0.27387700 0.00346300
v 0.01600000 -0.27387700 0.00346300
v 0.01600000 -0.27241300 0.00199900
v 0.01600000 -0.27241300 0.00199900
v 0.01600000 -0.27987700 -0.00000100
v 0.01600000 -0.27987700 -0.00000100
v 0.01600000 -0.27987700 -0.00000100
v 0.01600000 -0.27934100 0.00199900
v 0.01600000 -0.27934100 0.00199900
v 0.01600000 -0.27787700 0.00346300
v 0.01600000 -0.27787700 0.00346300
v 0.01600000 -0.27587700 -0.00400100
v 0.01600000 -0.27587700 -0.00400100
v 0.01600000 -0.27787700 -0.00346500
v 0.01600000 -0.27787700 -0.00346500
v 0.01600000 -0.27934100 -0.00200100
v 0.01600000 -0.27934100 -0.00200100
v 0.01100000 -0.27414500 0.00099900
v 0.01100000 -0.27414500 0.00099900
v 0.01100000 -0.27387700 -0.00000100
v 0.01100000 -0.27387700 -0.00000100
v 0.01100000 -0.27487700 0.00173100
v 0.01100000 -0.27487700 0.00173100
v 0.01100000 -0.27587700 0.00199900
v 0.01100000 -0.27587700 0.00199900
v 0.01100000 -0.27687700 0.00173100
v 0.01100000 -0.27687700 0.00173100
v 0.01100000 -0.27760900 0.00099900
v 0.01100000 -0.27760900 0.00099900
v 0.01100000 -0.27787700 -0.00000100
v 0.01100000 -0.27787700 -0.00000100
v 0.01100000 -0.27787700 -0.00000100
v 0.01100000 -0.27760900 -0.00100100
v 0.01100000 -0.27760900 -0.00100100
v 0.01100000 -0.27687700 -0.00173300
v 0.01100000 -0.27687700 -0.00173300
v 0.01100000 -0.27587700 -0.00200100
v 0.01100000 -0.27587700 -0.00200100
v 0.01100000 -0.27487700 -0.00173300
v 0.01100000 -0.27487700 -0.00173300
v 0.01100000 -0.27414500 -0.00100100
v 0.01100000 -0.27414500 -0.00100100
v 0.01100000 -0.27934100 0.00199900
v 0.01100000 -0.27934100 0.00199900
v 0.01100000 -0.27987700 -0.00000100
v 0.01100000 -0.27987700 -0.00000100
v 0.01100000 -0.27987700 -0.00000100
v 0.01100000 -0.27934100 -0.00200100
v 0.01100000 -0.27934100 -0.00200100
v 0.01100000 -0.27787700 -0.00346500
v 0.01100000 -0.27787700 -0.00346500
v 0.01100000 -0.27587700 -0.00400100
v 0.01100000 -0.27587700 -0.00400100
v 0.01100000 -0.27387700 -0.00346500
v 0.01100000 -0.27387700 -0.00346500
v 0.01100000 -0.27241300 -0.00200100
v 0.01100000 -0.27241300 -0.00200100
v 0.01100000 -0.27187700 -0.00000100
v 0.01100000 -0.27187700 -0.00000100
v 0.01100000 -0.27241300 0.00199900
v 0.01100000 -0.27241300 0.00199900
v 0.01100000 -0.27387700 0.00346300
v 0.01100000 -0.27387700 0.00346300
v 0.01100000 -0.27587700 0.00399900
v 0.01100000 -0.27587700 0.00399900
v 0.01100000 -0.27787700 0.00346300
v 0.01100000 -0.27787700 0.00346300
v -0.01100000 -0.27414500 -0.00100100
v -0.01100000 -0.27414500 -0.00100100
v -0.01100000 -0.27387700 -0.00000100
v -0.01100000 -0.27387700 -0.00000100
v -0.01100000 -0.27487700 -0.00173300
v -0.01100000 -0.27487700 -0.00173300
v -0.01100000 -0.27587700 -0.00200100
v -0.01100000 -0.27587700 -0.00200100
v -0.01100000 -0.27687700 -0.00173300
v -0.01100000 -0.27687700 -0.00173300
v -0.01100000 -0.27760900 -0.00100100
v -0.01100000 -0.27760900 -0.00100100
v -0.01100000 -0.27787700 -0.00000100
v -0.01100000 -0.27787700 -0.00000100
v -0.01100000 -0.27787700 -0.00000100
v -0.01100000 -0.27760900 0.00099900
v -0.01100000 -0.27760900 0.00099900
v -0.01100000 -0.27687700 0.00173100
v -0.01100000 -0.27687700 0.00173100
v -0.01100000 -0.27587700 0.00199900
v -0.01100000 -0.27587700 0.00199900
v -0.01100000 -0.27487700 0.00173100
v -0.01100000 -0.27487700 0.00173100
v -0.01100000 -0.27414500 0.00099900
v -0.01100000 -0.27414500 0.00099900
v -0.01600000 -0.27987700 -0.00000100
v -0.01600000 -0.27987700 -0.00000100
v -0.01600000 -0.27987700 -0.00000100
v -0.01600000 -0.27934100 -0.00200100
v -0.01600000 -0.27934100 -0.00200100
v -0.01600000 -0.27787700 -0.00346500
v -0.01600000 -0.27787700 -0.00346500
v -0.01600000 -0.27587700 0.00399900
v -0.01600000 -0.27587700 0.00399900
v -0.01600000 -0.27787700 0.00346300
v -0.01600000 -0.27787700 0.00346300
v -0.01600000 -0.27934100 0.00199900
v -0.01600000 -0.27934100 0.00199900
v -0.01600000 -0.27187700 -0.00000100
v -0.01600000 -0.27187700 -0.00000100
v -0.01600000 -0.27241300 0.00199900
v -0.01600000 -0.27241300 0.00199900
v -0.01600000 -0.27387700 0.00346300
v -0.01600000 -0.27387700 0.00346300
v -0.01600000 -0.27587700 -0.00400100
v -0.01600000 -0.27587700 -0.00400100
v -0.01600000 -0.27387700 -0.00346500
v -0.01600000 -0.27387700 -0.00346500
v -0.01600000 -0.27241300 -0.00200100
v -0.01600000 -0.27241300 -0.00200100
v -0.01100000 -0.27241300 0.00199900
v -0.01100000 -0.27241300 0.00199900
v -0.01100000 -0.27187700 -0.00000100
v -0.01100000 -0.27187700 -0.00000100
v -0.01100000 -0.27241300 -0.00200100
v -0.01100000 -0.27241300 -0.00200100
v -0.01100000 -0.27387700 -0.00346500
v -0.01100000 -0.27387700 -0.00346500
v -0.01100000 -0.27587700 -0.00400100
v -0.01100000 -0.27587700 -0.00400100
v -0.01100000 -0.27787700 -0.00346500
v -0.01100000 -0.27787700 -0.00346500
v -0.01100000 -0.27934100 -0.00200100
v -0.01100000 -0.27934100 -0.00200100
v -0.01100000 -0.27987700 -0.00000100
v -0.01100000 -0.27987700 -0.00000100
v -0.01100000 -0.27987700 -0.00000100
v -0.01100000 -0.27934100 0.00199900
v -0.01100000 -0.27934100 0.00199900
v -0.01100000 -0.27787700 0.00346300
v -0.01100000 -0.27787700 0.00346300
v -0.01100000 -0.27587700 0.00399900
v -0.01100000 -0.27587700 0.00399900
v -0.01100000 -0.27387700 0.00346300
v -0.01100000 -0.27387700 0.00346300
v -0.01100000 -0.27284600 0.00174900
v -0.01100000 -0.27284600 0.00174900
v -0.01100000 -0.27414500 0.00099900
v -0.01100000 -0.27414500 0.00099900
v -0.01100000 -0.27237700 -0.00000100
v -0.01100000 -0.27237700 -0.00000100
v -0.01100000 -0.27387700 -0.00000100
v -0.01100000 -0.27387700 -0.00000100
v -0.01100000 -0.27284600 -0.00175100
v -0.01100000 -0.27284600 -0.00175100
v -0.01100000 -0.27414500 -0.00100100
v -0.01100000 -0.27414500 -0.00100100
v -0.01100000 -0.27487700 -0.00173300
v -0.01100000 -0.27487700 -0.00173300
v -0.01100000 -0.27487700 0.00173100
v -0.01100000 -0.27487700 0.00173100
v -0.01100000 -0.27412700 0.00303000
v -0.01100000 -0.27412700 0.00303000
v -0.01100000 -0.27587700 0.00199900
v -0.01100000 -0.27587700 0.00199900
v -0.01100000 -0.27587700 0.00349900
v -0.01100000 -0.27587700 0.00349900
v -0.01100000 -0.27762700 0.00303000
v -0.01100000 -0.27762700 0.00303000
v -0.01100000 -0.27687700 0.00173100
v -0.01100000 -0.27687700 0.00173100
v -0.01100000 -0.27890800 0.00174900
v -0.01100000 -0.27890800 0.00174900
v -0.01100000 -0.27760900 0.00099900
v -0.01100000 -0.27760900 0.00099900
v -0.01100000 -0.27937700 -0.00000100
v -0.01100000 -0.27937700 -0.00000100
v -0.01100000 -0.27937700 -0.00000100
v -0.01100000 -0.27787700 -0.00000100
v -0.01100000 -0.27787700 -0.00000100
v -0.01100000 -0.27787700 -0.00000100
v -0.01100000 -0.27760900 -0.00100100
v -0.01100000 -0.27760900 -0.00100100
v -0.01100000 -0.27890800 -0.00175100
v -0.01100000 -0.27890800 -0.00175100
v -0.01100000 -0.27687700 -0.00173300
v -0.01100000 -0.27687700 -0.00173300
v -0.01100000 -0.27762700 -0.00303200
v -0.01100000 -0.27762700 -0.00303200
v -0.01100000 -0.27587700 -0.00200100
v -0.01100000 -0.27587700 -0.00200100
v -0.01100000 -0.27587700 -0.00350100
v -0.01100000 -0.27587700 -0.00350100
v -0.01100000 -0.27412700 -0.00303200
v -0.01100000 -0.27412700 -0.00303200
v 0.01100000 -0.27890800 0.00174900
v 0.01100000 -0.27890800 0.00174900
v 0.01100000 -0.27760900 0.00099900
v 0.01100000 -0.27760900 0.00099900
v 0.01100000 -0.27937700 -0.00000100
v 0.01100000 -0.27937700 -0.00000100
v 0.01100000 -0.27937700 -0.00000100
v 0.01100000 -0.27787700 -0.00000100
v 0.01100000 -0.27787700 -0.00000100
v 0.01100000 -0.27787700 -0.00000100
v 0.01100000 -0.27890800 -0.00175100
v 0.01100000 -0.27890800 -0.00175100
v 0.01100000 -0.27760900 -0.00100100
v 0.01100000 -0.27760900 -0.00100100
v 0.01100000 -0.27687700 -0.00173300
v 0.01100000 -0.27687700 -0.00173300
v 0.01100000 -0.27687700 0.00173100
v 0.01100000 -0.27687700 0.00173100
v 0.01100000 -0.27762700 0.00303000
v 0.01100000 -0.27762700 0.00303000
v 0.01100000 -0.27587700 0.00199900
v 0.01100000 -0.27587700 0.00199900
v 0.01100000 -0.27587700 0.00349900
v 0.01100000 -0.27587700 0.00349900
v 0.01100000 -0.27412700 0.00303000
v 0.01100000 -0.27412700 0.00303000
v 0.01100000 -0.27487700 0.00173100
v 0.01100000 -0.27487700 0.00173100
v 0.01100000 -0.27284600 0.00174900
v 0.01100000 -0.27284600 0.00174900
v 0.01100000 -0.27414500 0.00099900
v 0.01100000 -0.27414500 0.00099900
v 0.01100000 -0.27237700 -0.00000100
v 0.01100000 -0.27237700 -0.00000100
v 0.01100000 -0.27387700 -0.00000100
v 0.01100000 -0.27387700 -0.00000100
v 0.01100000 -0.27414500 -0.00100100
v 0.01100000 -0.27414500 -0.00100100
v 0.01100000 -0.27284600 -0.00175100
v 0.01100000 -0.27284600 -0.00175100
v 0.01100000 -0.27487700 -0.00173300
v 0.01100000 -0.27487700 -0.00173300
v 0.01100000 -0.27412700 -0.00303200
v 0.01100000 -0.27412700 -0.00303200
v 0.01100000 -0.27587700 -0.00200100
v 0.01100000 -0.27587700 -0.00200100
v 0.01100000 -0.27587700 -0.00350100
v 0.01100000 -0.27587700 -0.00350100
v 0.01100000 -0.27762700 -0.00303200
v 0.01100000 -0.27762700 -0.00303200
v 0.01300000 -0.27657700 -0.00343000
v 0.01300000 -0.27657700 -0.00343000
v 0.01300000 -0.27657700 -0.00343000
v 0.01400000 -0.27657700 -0.00343000
v 0.01400000 -0.27657700 -0.00343000
v 0.01400000 -0.27657700 -0.00343000
v 0.01400000 -0.27801700 -0.00277100
v 0.01400000 -0.27801700 -0.00277100
v 0.01400000 -0.27901800 -0.00154400
v 0.01400000 -0.27901800 -0.00154400
v 0.01400000 -0.27937700 -0.00000100
v 0.01400000 -0.27937700 -0.00000100
v 0.01400000 -0.27937700 -0.00000100
v 0.01400000 -0.27901800 0.00154200
v 0.01400000 -0.27901800 0.00154200
v 0.01400000 -0.27801700 0.00276800
v 0.01400000 -0.27801700 0.00276800
v 0.01300000 -0.27657700 0.00342800
v 0.01300000 -0.27657700 0.00342800
v 0.01300000 -0.27657700 0.00342800
v 0.01300000 -0.27611200 0.00349100
v 0.01300000 -0.27611200 0.00349100
v 0.01300000 -0.27564200 0.00349100
v 0.01300000 -0.27564200 0.00349100
v 0.01400000 -0.27657700 0.00342800
v 0.01400000 -0.27657700 0.00342800
v 0.01400000 -0.27657700 0.00342800
v 0.01300000 -0.27517700 0.00342800
v 0.01300000 -0.27517700 0.00342800
v 0.01300000 -0.27517700 0.00342800
v 0.01400000 -0.27517700 0.00342800
v 0.01400000 -0.27517700 0.00342800
v 0.01400000 -0.27517700 0.00342800
v 0.01400000 -0.27373700 0.00276800
v 0.01400000 -0.27373700 0.00276800
v 0.01400000 -0.27273500 0.00154200
v 0.01400000 -0.27273500 0.00154200
v 0.01400000 -0.27237700 -0.00000100
v 0.01400000 -0.27237700 -0.00000100
v 0.01400000 -0.27273500 -0.00154400
v 0.01400000 -0.27273500 -0.00154400
v 0.01400000 -0.27373700 -0.00277100
v 0.01400000 -0.27373700 -0.00277100
v 0.01300000 -0.27517700 -0.00343000
v 0.01300000 -0.27517700 -0.00343000
v 0.01300000 -0.27517700 -0.00343000
v 0.01300000 -0.27564200 -0.00349300
v 0.01300000 -0.27564200 -0.00349300
v 0.01300000 -0.27611200 -0.00349300
v 0.01300000 -0.27611200 -0.00349300
v 0.01400000 -0.27517700 -0.00343000
v 0.01400000 -0.27517700 -0.00343000
v 0.01400000 -0.27517700 -0.00343000
v 0.01438700 -0.27657700 0.00334800
v 0.01438700 -0.27657700 0.00334800
v 0.01450000 -0.27793500 0.00266200
v 0.01471300 -0.27657700 0.00312300
v 0.01471300 -0.27657700 0.00312300
v 0.01486600 -0.27771100 0.00237300
v 0.01492600 -0.27657700 0.00278900
v 0.01492600 -0.27657700 0.00278900
v 0.01500000 -0.27657700 0.00239900
v 0.01500000 -0.27657700 0.00239900
v 0.01500000 -0.27657700 0.00239900
v 0.01500000 -0.27766800 0.00174300
v 0.01500000 -0.27766800 0.00174300
v 0.01486600 -0.27857000 0.00132100
v 0.01500000 -0.27829400 0.00063500
v 0.01500000 -0.27829400 0.00063500
v 0.01486600 -0.27887700 -0.00000100
v 0.01500000 -0.27829400 -0.00063800
v 0.01500000 -0.27829400 -0.00063800
v 0.01486600 -0.27857000 -0.00132300
v 0.01500000 -0.27766800 -0.00174500
v 0.01500000 -0.27766800 -0.00174500
v 0.01486600 -0.27771100 -0.00237500
v 0.01500000 -0.27657700 -0.00240100
v 0.01500000 -0.27657700 -0.00240100
v 0.01500000 -0.27657700 -0.00240100
v 0.01492600 -0.27657700 -0.00279100
v 0.01492600 -0.27657700 -0.00279100
v 0.01471300 -0.27657700 -0.00312500
v 0.01471300 -0.27657700 -0.00312500
v 0.01450000 -0.27793500 -0.00266500
v 0.01438700 -0.27657700 -0.00335100
v 0.01438700 -0.27657700 -0.00335100
v 0.01450000 -0.27889800 0.00148300
v 0.01450000 -0.27924300 -0.00000100
v 0.01450000 -0.27889800 -0.00148500
v 0.01438700 -0.27517700 -0.00335100
v 0.01438700 -0.27517700 -0.00335100
v 0.01438700 -0.27517700 0.00334800
v 0.01438700 -0.27517700 0.00334800
v 0.01471300 -0.27517700 -0.00312500
v 0.01471300 -0.27517700 -0.00312500
v 0.01500000 -0.27517700 0.00239900
v 0.01500000 -0.27517700 0.00239900
v 0.01500000 -0.27517700 0.00239900
v 0.01471300 -0.27517700 0.00312300
v 0.01471300 -0.27517700 0.00312300
v 0.01492600 -0.27517700 -0.00279100
v 0.01492600 -0.27517700 -0.00279100
v 0.01500000 -0.27517700 -0.00240100
v 0.01500000 -0.27517700 -0.00240100
v 0.01500000 -0.27517700 -0.00240100
v 0.01492600 -0.27517700 0.00278900
v 0.01492600 -0.27517700 0.00278900
v 0.01486600 -0.27404300 0.00237300
v 0.01500000 -0.27408600 0.00174300
v 0.01500000 -0.27408600 0.00174300
v 0.01486600 -0.27318400 0.00132100
v 0.01500000 -0.27345900 0.00063500
v 0.01500000 -0.27345900 0.00063500
v 0.01486600 -0.27287700 -0.00000100
v 0.01500000 -0.27345900 -0.00063800
v 0.01500000 -0.27345900 -0.00063800
v 0.01486600 -0.27318400 -0.00132300
v 0.01500000 -0.27408600 -0.00174500
v 0.01500000 -0.27408600 -0.00174500
v 0.01486600 -0.27404300 -0.00237500
v 0.01450000 -0.27381900 -0.00266500
v 0.01450000 -0.27285500 -0.00148500
v 0.01450000 -0.27251100 -0.00000100
v 0.01450000 -0.27285500 0.00148300
v 0.01450000 -0.27381900 0.00266200
v -0.01300000 -0.27657700 0.00342800
v -0.01300000 -0.27657700 0.00342800
v -0.01300000 -0.27657700 0.00342800
v -0.01300000 -0.27611200 0.00349100
v -0.01300000 -0.27611200 0.00349100
v -0.01300000 -0.27657700 -0.00343000
v -0.01300000 -0.27657700 -0.00343000
v -0.01300000 -0.27657700 -0.00343000
v -0.01300000 -0.27611200 -0.00349300
v -0.01300000 -0.27611200 -0.00349300
v -0.01300000 -0.27564200 0.00349100
v -0.01300000 -0.27564200 0.00349100
v -0.01300000 -0.27564200 -0.00349300
v -0.01300000 -0.27564200 -0.00349300
v -0.01300000 -0.27517700 -0.00343000
v -0.01300000 -0.27517700 -0.00343000
v -0.01300000 -0.27517700 -0.00343000
v -0.01300000 -0.27517700 0.00342800
v -0.01300000 -0.27517700 0.00342800
v -0.01300000 -0.27517700 0.00342800
v -0.01500000 -0.27657700 0.00239900
v -0.01500000 -0.27657700 0.00239900
v -0.01500000 -0.27657700 0.00239900
v -0.01500000 -0.27657700 -0.00240100
v -0.01500000 -0.27657700 -0.00240100
v -0.01500000 -0.27657700 -0.00240100
v -0.01500000 -0.27766800 0.00174300
v -0.01500000 -0.27766800 0.00174300
v -0.01500000 -0.27766800 -0.00174500
v -0.01500000 -0.27766800 -0.00174500
v -0.01500000 -0.27829400 -0.00063800
v -0.01500000 -0.27829400 -0.00063800
v -0.01500000 -0.27829400 0.00063500
v -0.01500000 -0.27829400 0.00063500
v -0.01492600 -0.27657700 -0.00279100
v -0.01492600 -0.27657700 -0.00279100
v -0.01471300 -0.27657700 -0.00312500
v -0.01471300 -0.27657700 -0.00312500
v -0.01438700 -0.27657700 -0.00335100
v -0.01438700 -0.27657700 -0.00335100
v -0.01471300 -0.27657700 0.00312300
v -0.01471300 -0.27657700 0.00312300
v -0.01438700 -0.27657700 0.00334800
v -0.01438700 -0.27657700 0.00334800
v -0.01492600 -0.27657700 0.00278900
v -0.01492600 -0.27657700 0.00278900
v -0.01400000 -0.27657700 -0.00343000
v -0.01400000 -0.27657700 -0.00343000
v -0.01400000 -0.27657700 -0.00343000
v -0.01400000 -0.27657700 0.00342800
v -0.01400000 -0.27657700 0.00342800
v -0.01400000 -0.27657700 0.00342800
v -0.01400000 -0.27801700 -0.00277100
v -0.01400000 -0.27801700 -0.00277100
v -0.01450000 -0.27793500 -0.00266500
v -0.01486600 -0.27771100 -0.00237500
v -0.01486600 -0.27857000 -0.00132300
v -0.01486600 -0.27887700 -0.00000100
v -0.01486600 -0.27857000 0.00132100
v -0.01486600 -0.27771100 0.00237300
v -0.01450000 -0.27793500 0.00266200
v -0.01400000 -0.27801700 0.00276800
v -0.01400000 -0.27801700 0.00276800
v -0.01400000 -0.27901800 0.00154200
v -0.01400000 -0.27901800 0.00154200
v -0.01450000 -0.27889800 0.00148300
v -0.01400000 -0.27937700 -0.00000100
v -0.01400000 -0.27937700 -0.00000100
v -0.01400000 -0.27937700 -0.00000100
v -0.01450000 -0.27924300 -0.00000100
v -0.01400000 -0.27901800 -0.00154400
v -0.01400000 -0.27901800 -0.00154400
v -0.01450000 -0.27889800 -0.00148500
v -0.01500000 -0.27517700 0.00239900
v -0.01500000 -0.27517700 0.00239900
v -0.01500000 -0.27517700 0.00239900
v -0.01500000 -0.27408600 0.00174300
v -0.01500000 -0.27408600 0.00174300
v -0.01500000 -0.27517700 -0.00240100
v -0.01500000 -0.27517700 -0.00240100
v -0.01500000 -0.27517700 -0.00240100
v -0.01500000 -0.27408600 -0.00174500
v -0.01500000 -0.27408600 -0.00174500
v -0.01500000 -0.27345900 -0.00063800
v -0.01500000 -0.27345900 -0.00063800
v -0.01500000 -0.27345900 0.00063500
v -0.01500000 -0.27345900 0.00063500
v -0.01492600 -0.27517700 0.00278900
v -0.01492600 -0.27517700 0.00278900
v -0.01471300 -0.27517700 0.00312300
v -0.01471300 -0.27517700 0.00312300
v -0.01438700 -0.27517700 0.00334800
v -0.01438700 -0.27517700 0.00334800
v -0.01471300 -0.27517700 -0.00312500
v -0.01471300 -0.27517700 -0.00312500
v -0.01438700 -0.27517700 -0.00335100
v -0.01438700 -0.27517700 -0.00335100
v -0.01492600 -0.27517700 -0.00279100
v -0.01492600 -0.27517700 -0.00279100
v -0.01400000 -0.27517700 0.00342800
v -0.01400000 -0.27517700 0.00342800
v -0.01400000 -0.27517700 0.00342800
v -0.01400000 -0.27517700 -0.00343000
v -0.01400000 -0.27517700 -0.00343000
v -0.01400000 -0.27517700 -0.00343000
v -0.01400000 -0.27373700 -0.00277100
v -0.01400000 -0.27373700 -0.00277100
v -0.01400000 -0.27273500 -0.00154400
v -0.01400000 -0.27273500 -0.00154400
v -0.01400000 -0.27237700 -0.00000100
v -0.01400000 -0.27237700 -0.00000100
v -0.01400000 -0.27273500 0.00154200
v -0.01400000 -0.27273500 0.00154200
v -0.01400000 -0.27373700 0.00276800
v -0.01400000 -0.27373700 0.00276800
v -0.01450000 -0.27381900 0.00266200
v -0.01486600 -0.27404300 0.00237300
v -0.01486600 -0.27318400 0.00132100
v -0.01486600 -0.27287700 -0.00000100
v -0.01486600 -0.27318400 -0.00132300
v -0.01486600 -0.27404300 -0.00237500
v -0.01450000 -0.27381900 -0.00266500
v -0.01450000 -0.27285500 -0.00148500
v -0.01450000 -0.27251100 -0.00000100
v -0.01450000 -0.27285500 0.00148300
v 0.00796300 -0.15403100 -0.00076800
v 0.00796300 -0.15403100 -0.00076800
v 0.00800000 -0.15387800 -0.00000100
v 0.00800000 -0.15387800 -0.00000100
v 0.00800000 -0.15387800 -0.00000100
v 0.00800000 -0.13587900 -0.00000100
v 0.00800000 -0.13587900 -0.00000100
v 0.00800000 -0.13587900 -0.00000100
v 0.00796300 -0.15403100 0.00076600
v 0.00796300 -0.15403100 0.00076600
v 0.00787400 -0.15446400 0.00141300
v 0.00787400 -0.15446400 0.00141300
v 0.00778400 -0.15511200 0.00184600
v 0.00778400 -0.15511200 0.00184600
v 0.00692800 -0.13587900 0.00399900
v 0.00692800 -0.13587900 0.00399900
v 0.00774600 -0.15587800 0.00199900
v 0.00774600 -0.15587800 0.00199900
v 0.00692800 -0.17587800 0.00399900
v 0.00692800 -0.17587800 0.00399900
v 0.00778400 -0.15664500 0.00184600
v 0.00778400 -0.15664500 0.00184600
v 0.00800000 -0.17587800 -0.00000100
v 0.00800000 -0.17587800 -0.00000100
v 0.00800000 -0.17587800 -0.00000100
v 0.00787400 -0.15729200 0.00141300
v 0.00787400 -0.15729200 0.00141300
v 0.00796300 -0.15772500 0.00076600
v 0.00796300 -0.15772500 0.00076600
v 0.00800000 -0.15787800 -0.00000100
v 0.00800000 -0.15787800 -0.00000100
v 0.00800000 -0.15787800 -0.00000100
v 0.00800000 -0.15787800 -0.00000100
v 0.00796300 -0.15772500 -0.00076800
v 0.00796300 -0.15772500 -0.00076800
v 0.00787400 -0.15729200 -0.00141500
v 0.00787400 -0.15729200 -0.00141500
v 0.00778400 -0.15664500 -0.00184800
v 0.00778400 -0.15664500 -0.00184800
v 0.00774600 -0.15587800 -0.00200100
v 0.00774600 -0.15587800 -0.00200100
v 0.00692800 -0.17587800 -0.00400100
v 0.00692800 -0.17587800 -0.00400100
v 0.00692800 -0.13587900 -0.00400100
v 0.00692800 -0.13587900 -0.00400100
v 0.00400000 -0.17587800 -0.00692900
v 0.00400000 -0.17587800 -0.00692900
v 0.00400000 -0.13587900 -0.00692900
v 0.00400000 -0.13587900 -0.00692900
v 0.00000000 -0.17587800 -0.00800100
v 0.00000000 -0.17587800 -0.00800100
v 0.00000000 -0.13587900 -0.00800100
v 0.00000000 -0.13587900 -0.00800100
v -0.00400000 -0.17587800 -0.00692900
v -0.00400000 -0.17587800 -0.00692900
v -0.00400000 -0.13587900 -0.00692900
v -0.00400000 -0.13587900 -0.00692900
v -0.00692800 -0.17587800 -0.00400100
v -0.00692800 -0.17587800 -0.00400100
v -0.00692800 -0.13587900 -0.00400100
v -0.00692800 -0.13587900 -0.00400100
v -0.00774600 -0.15587800 -0.00200100
v -0.00774600 -0.15587800 -0.00200100
v -0.00778400 -0.15511200 -0.00184800
v -0.00778400 -0.15511200 -0.00184800
v -0.00800000 -0.13587900 -0.00000100
v -0.00800000 -0.13587900 -0.00000100
v -0.00787400 -0.15446400 -0.00141500
v -0.00787400 -0.15446400 -0.00141500
v -0.00796300 -0.15403100 -0.00076800
v -0.00796300 -0.15403100 -0.00076800
v -0.00800000 -0.15387800 -0.00000100
v -0.00800000 -0.15387800 -0.00000100
v -0.00796300 -0.15403100 0.00076600
v -0.00796300 -0.15403100 0.00076600
v -0.00787400 -0.15446400 0.00141300
v -0.00787400 -0.15446400 0.00141300
v -0.00778400 -0.15511200 0.00184600
v -0.00778400 -0.15511200 0.00184600
v -0.00774600 -0.15587800 0.00199900
v -0.00774600 -0.15587800 0.00199900
v -0.00692800 -0.13587900 0.00399900
v -0.00692800 -0.13587900 0.00399900
v -0.00692800 -0.17587800 0.00399900
v -0.00692800 -0.17587800 0.00399900
v -0.00400000 -0.17587800 0.00692700
v -0.00400000 -0.17587800 0.00692700
v -0.00400000 -0.13587900 0.00692700
v -0.00400000 -0.13587900 0.00692700
v 0.00000000 -0.17587800 0.00799900
v 0.00000000 -0.17587800 0.00799900
v 0.00000000 -0.13587900 0.00799900
v 0.00000000 -0.13587900 0.00799900
v 0.00400000 -0.17587800 0.00692700
v 0.00400000 -0.17587800 0.00692700
v 0.00400000 -0.13587900 0.00692700
v 0.00400000 -0.13587900 0.00692700
v 0.00778400 -0.15511200 -0.00184800
v 0.00778400 -0.15511200 -0.00184800
v 0.00787400 -0.15446400 -0.00141500
v 0.00787400 -0.15446400 -0.00141500
v -0.00800000 -0.17587800 -0.00000100
v -0.00800000 -0.17587800 -0.00000100
v -0.00778400 -0.15664500 0.00184600
v -0.00778400 -0.15664500 0.00184600
v -0.00787400 -0.15729200 0.00141300
v -0.00787400 -0.15729200 0.00141300
v -0.00796300 -0.15772500 0.00076600
v -0.00796300 -0.15772500 0.00076600
v -0.00800000 -0.15787800 -0.00000100
v -0.00800000 -0.15787800 -0.00000100
v -0.00800000 -0.15787800 -0.00000100
v -0.00796300 -0.15772500 -0.00076800
v -0.00796300 -0.15772500 -0.00076800
v -0.00787400 -0.15729200 -0.00141500
v -0.00787400 -0.15729200 -0.00141500
v -0.00778400 -0.15664500 -0.00184800
v -0.00778400 -0.15664500 -0.00184800
v -0.01559800 -0.17587800 -0.01050100
v -0.01559800 -0.17587800 -0.01050100
v -0.01300000 -0.17587800 -0.01200100
v -0.01300000 -0.17587800 -0.01200100
v -0.01300000 -0.17587800 -0.01200100
v -0.01600000 -0.17587800 -0.00900100
v -0.01600000 -0.17587800 -0.00900100
v -0.01600000 -0.17587800 -0.00900100
v -0.01450000 -0.17587800 -0.01159900
v -0.01450000 -0.17587800 -0.01159900
v 0.01300000 -0.17587800 -0.01200100
v 0.01300000 -0.17587800 -0.01200100
v 0.01300000 -0.17587800 -0.01200100
v 0.01450000 -0.17587800 -0.01159900
v 0.01450000 -0.17587800 -0.01159900
v 0.01559800 -0.17587800 -0.01050100
v 0.01559800 -0.17587800 -0.01050100
v 0.01600000 -0.17587800 -0.00900100
v 0.01600000 -0.17587800 -0.00900100
v 0.01600000 -0.17587800 -0.00900100
v 0.01600000 -0.17587800 0.00899900
v 0.01600000 -0.17587800 0.00899900
v 0.01600000 -0.17587800 0.00899900
v 0.01300000 -0.17587800 0.01199900
v 0.01300000 -0.17587800 0.01199900
v 0.01300000 -0.17587800 0.01199900
v -0.01300000 -0.17587800 0.01199900
v -0.01300000 -0.17587800 0.01199900
v -0.01300000 -0.17587800 0.01199900
v -0.01600000 -0.17587800 0.00899900
v -0.01600000 -0.17587800 0.00899900
v -0.01600000 -0.17587800 0.00899900
v 0.01559800 -0.17587800 0.01049900
v 0.01559800 -0.17587800 0.01049900
v 0.01450000 -0.17587800 0.01159700
v 0.01450000 -0.17587800 0.01159700
v -0.01450000 -0.17587800 0.01159700
v -0.01450000 -0.17587800 0.01159700
v -0.01559800 -0.17587800 0.01049900
v -0.01559800 -0.17587800 0.01049900
v 0.01300000 -0.13587900 -0.01200100
v 0.01300000 -0.13587900 -0.01200100
v 0.01300000 -0.13587900 -0.01200100
v 0.01450000 -0.15587800 -0.01159900
v 0.01450000 -0.13587900 -0.01159900
v 0.01450000 -0.13587900 -0.01159900
v 0.01559800 -0.15587800 -0.01050100
v 0.01559800 -0.13587900 -0.01050100
v 0.01559800 -0.13587900 -0.01050100
v 0.01600000 -0.13587900 -0.00900100
v 0.01600000 -0.13587900 -0.00900100
v 0.01600000 -0.13587900 -0.00900100
v -0.00520300 -0.14733900 0.01881800
v -0.00520300 -0.14733900 0.01881800
v -0.00520300 -0.14733900 0.01199900
v -0.00520300 -0.14733900 0.01199900
v -0.00877600 -0.15108400 0.01881800
v -0.00877600 -0.15108400 0.01881800
v -0.00877600 -0.15108400 0.01881800
v -0.00877600 -0.15108400 0.01881800
v -0.00877600 -0.15108400 0.01199900
v -0.00877600 -0.15108400 0.01199900
v -0.00877600 -0.15108400 0.01199900
v -0.00999700 -0.15611400 0.01881800
v -0.00999700 -0.15611400 0.01881800
v -0.00999700 -0.15611400 0.01199900
v -0.00999700 -0.15611400 0.01199900
v -0.00854000 -0.16108100 0.01881800
v -0.00854000 -0.16108100 0.01881800
v -0.00854000 -0.16108100 0.01199900
v -0.00854000 -0.16108100 0.01199900
v -0.00479400 -0.16465400 0.01881800
v -0.00479400 -0.16465400 0.01881800
v -0.00479400 -0.16465400 0.01199900
v -0.00479400 -0.16465400 0.01199900
v 0.00023600 -0.16587500 0.01881800
v 0.00023600 -0.16587500 0.01881800
v 0.00023600 -0.16587500 0.01199900
v 0.00023600 -0.16587500 0.01199900
v 0.00520300 -0.16441800 0.01881800
v 0.00520300 -0.16441800 0.01881800
v 0.00520300 -0.16441800 0.01199900
v 0.00520300 -0.16441800 0.01199900
v 0.00877600 -0.16067300 0.01881800
v 0.00877600 -0.16067300 0.01881800
v 0.00877600 -0.16067300 0.01199900
v 0.00877600 -0.16067300 0.01199900
v 0.00999700 -0.15564200 0.01881800
v 0.00999700 -0.15564200 0.01881800
v 0.00999700 -0.15564200 0.01199900
v 0.00999700 -0.15564200 0.01199900
v 0.00854000 -0.15067500 0.01881800
v 0.00854000 -0.15067500 0.01881800
v 0.00854000 -0.15067500 0.01199900
v 0.00854000 -0.15067500 0.01199900
v 0.00479400 -0.14710300 0.01881800
v 0.00479400 -0.14710300 0.01881800
v 0.00479400 -0.14710300 0.01199900
v 0.00479400 -0.14710300 0.01199900
v -0.00023600 -0.14588100 0.01881800
v -0.00023600 -0.14588100 0.01881800
v -0.00023600 -0.14588100 0.01199900
v -0.00023600 -0.14588100 0.01199900
v -0.01355900 -0.15518400 0.02362200
v -0.01191500 -0.14936900 0.02362200
v -0.01191500 -0.14936900 0.02362200
v -0.00791100 -0.14484400 0.02362200
v -0.01315500 -0.14869200 0.02944200
v -0.01315500 -0.14869200 0.02944200
v -0.00873400 -0.14369600 0.02944200
v -0.01229700 -0.14916000 0.03535100
v -0.01229700 -0.14916000 0.03535100
v -0.00816400 -0.14449000 0.03535100
v -0.00947900 -0.15070000 0.04040600
v -0.00947900 -0.15070000 0.04040600
v -0.00629400 -0.14710000 0.04040600
v -0.00515000 -0.15306500 0.04380300
v -0.00515000 -0.15306500 0.04380300
v -0.00341900 -0.15110900 0.04380300
v 0.00000000 -0.15587800 0.04499800
v 0.00000000 -0.15587800 0.04499800
v 0.00000000 -0.15587800 0.04499800
v 0.00000000 -0.15587800 0.04499800
v 0.00000000 -0.15587800 0.04499800
v 0.00000000 -0.15587800 0.04499800
v 0.00000000 -0.15587800 0.04499800
v 0.00000000 -0.15587800 0.04499800
v 0.00000000 -0.15587800 0.04499800
v 0.00000000 -0.15587800 0.04499800
v 0.00000000 -0.15587800 0.04499800
v 0.00000000 -0.15587800 0.04499800
v 0.00000000 -0.15587800 0.04499800
v 0.00000000 -0.15587800 0.04499800
v -0.01251800 -0.16113500 0.02362200
v -0.00899700 -0.16604600 0.02362200
v -0.00369500 -0.16894300 0.02362200
v 0.00234000 -0.16925200 0.02362200
v 0.00791100 -0.16691300 0.02362200
v 0.01191500 -0.16238700 0.02362200
v 0.01355900 -0.15657300 0.02362200
v 0.01497000 -0.15664600 0.02944200
v 0.01382000 -0.15007400 0.02944200
v 0.01291900 -0.15045300 0.03535100
v 0.00928600 -0.14538500 0.03535100
v 0.00715800 -0.14778900 0.04040600
v 0.00293900 -0.14548500 0.04040600
v 0.00159700 -0.15023100 0.04380300
v -0.00101100 -0.15009800 0.04380300
v 0.01251800 -0.15062100 0.02362200
v 0.00993300 -0.14465300 0.02944200
v 0.00381300 -0.14239500 0.03535100
v -0.00186100 -0.14523900 0.04040600
v 0.00899700 -0.14571100 0.02362200
v 0.00407900 -0.14145500 0.02944200
v -0.00241500 -0.14207600 0.03535100
v 0.00369500 -0.14281400 0.02362200
v -0.00258300 -0.14111300 0.02944200
v -0.00234000 -0.14250500 0.02362200
v 0.00388900 -0.15148300 0.04380300
v 0.00541100 -0.15360600 0.04380300
v 0.00586100 -0.15617900 0.04380300
v 0.00515000 -0.15869200 0.04380300
v 0.00341900 -0.16064800 0.04380300
v 0.00101100 -0.16165900 0.04380300
v -0.00159700 -0.16152500 0.04380300
v -0.00388900 -0.16027300 0.04380300
v -0.00541100 -0.15815100 0.04380300
v -0.00586100 -0.15557800 0.04380300
v -0.01497000 -0.15511100 0.02944200
v -0.01382000 -0.16168200 0.02944200
v -0.00993300 -0.16710400 0.02944200
v -0.00407900 -0.17030200 0.02944200
v 0.00258300 -0.17064400 0.02944200
v 0.00873400 -0.16806100 0.02944200
v 0.01315500 -0.16306500 0.02944200
v -0.01399400 -0.15516100 0.03535100
v -0.01291900 -0.16130400 0.03535100
v -0.00928600 -0.16637200 0.03535100
v -0.00381300 -0.16936200 0.03535100
v 0.00241500 -0.16968100 0.03535100
v 0.00816400 -0.16726600 0.03535100
v 0.01229700 -0.16259600 0.03535100
v 0.01399400 -0.15659500 0.03535100
v -0.01078700 -0.15532600 0.04040600
v -0.00995900 -0.16006100 0.04040600
v -0.00715800 -0.16396800 0.04040600
v -0.00293900 -0.16627200 0.04040600
v 0.00186100 -0.16651800 0.04040600
v 0.00629400 -0.16465700 0.04040600
v 0.00947900 -0.16105700 0.04040600
v 0.01078700 -0.15643100 0.04040600
v 0.00995900 -0.15169600 0.04040600
v -0.00764700 -0.14087900 -0.01200100
v -0.00764700 -0.14087900 -0.01200100
v -0.00764700 -0.14087900 -0.01200100
v 0.01000000 -0.14087900 -0.01200100
v 0.01000000 -0.14087900 -0.01200100
v 0.01000000 -0.14087900 -0.01200100
v -0.00682300 -0.14287900 -0.03100100
v -0.00682300 -0.14287900 -0.03100100
v 0.00600000 -0.14487800 -0.05000000
v 0.00600000 -0.14487800 -0.05000000
v 0.00600000 -0.14487800 -0.05000000
v -0.00600000 -0.14487800 -0.05000000
v -0.00600000 -0.14487800 -0.05000000
v -0.00600000 -0.14487800 -0.05000000
v 0.01000000 -0.17087800 -0.01200100
v 0.01000000 -0.17087800 -0.01200100
v 0.01000000 -0.17087800 -0.01200100
v 0.00600000 -0.16687800 -0.05000000
v 0.00600000 -0.16687800 -0.05000000
v 0.00600000 -0.16687800 -0.05000000
v -0.01000000 -0.17087800 -0.01200100
v -0.01000000 -0.17087800 -0.01200100
v -0.01000000 -0.17087800 -0.01200100
v -0.00600000 -0.16687800 -0.05000000
v -0.00600000 -0.16687800 -0.05000000
v -0.00600000 -0.16687800 -0.05000000
v -0.01000000 -0.14087900 -0.01200100
v -0.01000000 -0.14087900 -0.01200100
v -0.01000000 -0.14087900 -0.01200100
v -0.00800000 -0.14367900 -0.03100100
v -0.00800000 -0.14367900 -0.03100100
v -0.00700000 -0.14507800 -0.04050100
v -0.00700000 -0.14507800 -0.04050100
v -0.00600000 -0.14647800 -0.05000000
v -0.00600000 -0.14647800 -0.05000000
v -0.00600000 -0.14647800 -0.05000000
v -0.00811800 -0.14207900 -0.02150100
v -0.00741200 -0.14327900 -0.03100100
v -0.00670600 -0.14447800 -0.04050100
v 0.00750000 -0.16837800 -0.05000000
v 0.00750000 -0.16837800 -0.05000000
v 0.00750000 -0.16837800 -0.05000000
v -0.00750000 -0.16837800 -0.05000000
v -0.00750000 -0.16837800 -0.05000000
v -0.00750000 -0.16837800 -0.05000000
v 0.00750000 -0.14337900 -0.05000000
v 0.00750000 -0.14337900 -0.05000000
v 0.00750000 -0.14337900 -0.05000000
v -0.00661800 -0.14337900 -0.05000000
v -0.00661800 -0.14337900 -0.05000000
v -0.00661800 -0.14337900 -0.05000000
v -0.00750000 -0.14337900 -0.05000000
v -0.00750000 -0.14337900 -0.05000000
v -0.00750000 -0.14337900 -0.05000000
v -0.00321700 -0.16409500 -0.07000000
v -0.00321700 -0.16409500 -0.07000000
v -0.00321700 -0.16409500 -0.07000000
v -0.00321700 -0.14766200 -0.07000000
v -0.00321700 -0.14766200 -0.07000000
v -0.00321700 -0.14766200 -0.07000000
v 0.00321700 -0.16409500 -0.07000000
v 0.00321700 -0.16409500 -0.07000000
v 0.00321700 -0.16409500 -0.07000000
v 0.00321700 -0.14766200 -0.07000000
v 0.00321700 -0.14766200 -0.07000000
v 0.00321700 -0.14766200 -0.07000000
v -0.00620800 -0.14531600 -0.06722500
v -0.00620800 -0.14531600 -0.06722500
v -0.00620800 -0.14531600 -0.06722500
v -0.00618400 -0.14529400 -0.06744300
v -0.00618400 -0.14529400 -0.06744300
v -0.00620800 -0.16708600 -0.06722500
v -0.00620800 -0.16708600 -0.06722500
v -0.00620800 -0.16708600 -0.06722500
v -0.00620800 -0.16708600 -0.06722500
v -0.00614900 -0.14518300 -0.06763100
v -0.00614900 -0.14518300 -0.06763100
v -0.00591900 -0.16679800 -0.06830200
v -0.00591900 -0.16679800 -0.06830200
v -0.00607600 -0.14480300 -0.06790900
v -0.00607600 -0.14480300 -0.06790900
v -0.00607600 -0.14480300 -0.06790900
v -0.00565200 -0.14522600 -0.06875200
v -0.00565200 -0.14522600 -0.06875200
v -0.00525700 -0.16613500 -0.06919900
v -0.00525700 -0.16613500 -0.06919900
v -0.00498800 -0.14589100 -0.06942100
v -0.00498800 -0.14589100 -0.06942100
v -0.00431200 -0.16519100 -0.06979300
v -0.00431200 -0.16519100 -0.06979300
v -0.00608600 -0.14467000 -0.06722500
v -0.00608600 -0.14467000 -0.06722500
v -0.00608600 -0.14467000 -0.06722500
v 0.00620800 -0.14467000 -0.06722500
v 0.00620800 -0.14467000 -0.06722500
v 0.00620800 -0.14467000 -0.06722500
v 0.00620800 -0.14467000 -0.06722500
v 0.00591900 -0.14495900 -0.06830200
v 0.00591900 -0.14495900 -0.06830200
v 0.00525700 -0.14562100 -0.06919900
v 0.00525700 -0.14562100 -0.06919900
v 0.00431200 -0.14656600 -0.06979300
v 0.00431200 -0.14656600 -0.06979300
v 0.00620800 -0.16708600 -0.06722500
v 0.00620800 -0.16708600 -0.06722500
v 0.00620800 -0.16708600 -0.06722500
v 0.00620800 -0.16708600 -0.06722500
v 0.00591900 -0.16679800 -0.06830200
v 0.00591900 -0.16679800 -0.06830200
v 0.00525700 -0.16613500 -0.06919900
v 0.00525700 -0.16613500 -0.06919900
v 0.00431200 -0.16519100 -0.06979300
v 0.00431200 -0.16519100 -0.06979300
v -0.00685400 -0.14434700 -0.05861300
v -0.00685400 -0.14434700 -0.05861300
v -0.00635200 -0.14402400 -0.05861300
v -0.00635200 -0.14402400 -0.05861300
v -0.00632000 -0.14468700 -0.06395400
v -0.00652900 -0.14431600 -0.06000000
v -0.00679400 -0.14384700 -0.05500000
v -0.01600000 -0.13587900 -0.00900100
v -0.01600000 -0.13587900 -0.00900100
v -0.01600000 -0.13587900 -0.00900100
v -0.01559800 -0.15587800 -0.01050100
v -0.01559800 -0.13587900 -0.01050100
v -0.01559800 -0.13587900 -0.01050100
v -0.01450000 -0.15587800 -0.01159900
v -0.01450000 -0.13587900 -0.01159900
v -0.01450000 -0.13587900 -0.01159900
v -0.01300000 -0.13587900 -0.01200100
v -0.01300000 -0.13587900 -0.01200100
v -0.01300000 -0.13587900 -0.01200100
v -0.01300000 -0.13587900 0.01199900
v -0.01300000 -0.13587900 0.01199900
v -0.01300000 -0.13587900 0.01199900
v 0.01300000 -0.13587900 0.01199900
v 0.01300000 -0.13587900 0.01199900
v 0.01300000 -0.13587900 0.01199900
v -0.01450000 -0.15587800 0.01159700
v -0.01450000 -0.13587900 0.01159700
v -0.01450000 -0.13587900 0.01159700
v -0.01559800 -0.15587800 0.01049900
v -0.01559800 -0.13587900 0.01049900
v -0.01559800 -0.13587900 0.01049900
v -0.01600000 -0.13587900 0.00899900
v -0.01600000 -0.13587900 0.00899900
v -0.01600000 -0.13587900 0.00899900
v 0.01600000 -0.13587900 0.00899900
v 0.01600000 -0.13587900 0.00899900
v 0.01600000 -0.13587900 0.00899900
v 0.01559800 -0.15587800 0.01049900
v 0.01559800 -0.13587900 0.01049900
v 0.01559800 -0.13587900 0.01049900
v 0.01450000 -0.15587800 0.01159700
v 0.01450000 -0.13587900 0.01159700
v 0.01450000 -0.13587900 0.01159700
v 0.01600000 -0.15187800 -0.00000100
v 0.01600000 -0.15187800 -0.00000100
v 0.01600000 -0.15241400 -0.00200100
v 0.01600000 -0.15241400 -0.00200100
v 0.01600000 -0.15387800 -0.00346500
v 0.01600000 -0.15387800 -0.00346500
v 0.01600000 -0.15587800 0.00399900
v 0.01600000 -0.15587800 0.00399900
v 0.01600000 -0.15387800 0.00346300
v 0.01600000 -0.15387800 0.00346300
v 0.01600000 -0.15241400 0.00199900
v 0.01600000 -0.15241400 0.00199900
v 0.01600000 -0.15987800 -0.00000100
v 0.01600000 -0.15987800 -0.00000100
v 0.01600000 -0.15987800 -0.00000100
v 0.01600000 -0.15934200 0.00199900
v 0.01600000 -0.15934200 0.00199900
v 0.01600000 -0.15787800 0.00346300
v 0.01600000 -0.15787800 0.00346300
v 0.01600000 -0.15587800 -0.00400100
v 0.01600000 -0.15587800 -0.00400100
v 0.01600000 -0.15787800 -0.00346500
v 0.01600000 -0.15787800 -0.00346500
v 0.01600000 -0.15934200 -0.00200100
v 0.01600000 -0.15934200 -0.00200100
v 0.01100000 -0.15414600 0.00099900
v 0.01100000 -0.15414600 0.00099900
v 0.01100000 -0.15387800 -0.00000100
v 0.01100000 -0.15387800 -0.00000100
v 0.01100000 -0.15487800 0.00173100
v 0.01100000 -0.15487800 0.00173100
v 0.01100000 -0.15587800 0.00199900
v 0.01100000 -0.15587800 0.00199900
v 0.01100000 -0.15687800 0.00173100
v 0.01100000 -0.15687800 0.00173100
v 0.01100000 -0.15761000 0.00099900
v 0.01100000 -0.15761000 0.00099900
v 0.01100000 -0.15787800 -0.00000100
v 0.01100000 -0.15787800 -0.00000100
v 0.01100000 -0.15787800 -0.00000100
v 0.01100000 -0.15761000 -0.00100100
v 0.01100000 -0.15761000 -0.00100100
v 0.01100000 -0.15687800 -0.00173300
v 0.01100000 -0.15687800 -0.00173300
v 0.01100000 -0.15587800 -0.00200100
v 0.01100000 -0.15587800 -0.00200100
v 0.01100000 -0.15487800 -0.00173300
v 0.01100000 -0.15487800 -0.00173300
v 0.01100000 -0.15414600 -0.00100100
v 0.01100000 -0.15414600 -0.00100100
v 0.01100000 -0.15934200 0.00199900
v 0.01100000 -0.15934200 0.00199900
v 0.01100000 -0.15987800 -0.00000100
v 0.01100000 -0.15987800 -0.00000100
v 0.01100000 -0.15987800 -0.00000100
v 0.01100000 -0.15934200 -0.00200100
v 0.01100000 -0.15934200 -0.00200100
v 0.01100000 -0.15787800 -0.00346500
v 0.01100000 -0.15787800 -0.00346500
v 0.01100000 -0.15587800 -0.00400100
v 0.01100000 -0.15587800 -0.00400100
v 0.01100000 -0.15387800 -0.00346500
v 0.01100000 -0.15387800 -0.00346500
v 0.01100000 -0.15241400 -0.00200100
v 0.01100000 -0.15241400 -0.00200100
v 0.01100000 -0.15187800 -0.00000100
v 0.01100000 -0.15187800 -0.00000100
v 0.01100000 -0.15241400 0.00199900
v 0.01100000 -0.15241400 0.00199900
v 0.01100000 -0.15387800 0.00346300
v 0.01100000 -0.15387800 0.00346300
v 0.01100000 -0.15587800 0.00399900
v 0.01100000 -0.15587800 0.00399900
v 0.01100000 -0.15787800 0.00346300
v 0.01100000 -0.15787800 0.00346300
v -0.01100000 -0.15414600 -0.00100100
v -0.01100000 -0.15414600 -0.00100100
v -0.01100000 -0.15387800 -0.00000100
v -0.01100000 -0.15387800 -0.00000100
v -0.01100000 -0.15487800 -0.00173300
v -0.01100000 -0.15487800 -0.00173300
v -0.01100000 -0.15587800 -0.00200100
v -0.01100000 -0.15587800 -0.00200100
v -0.01100000 -0.15687800 -0.00173300
v -0.01100000 -0.15687800 -0.00173300
v -0.01100000 -0.15761000 -0.00100100
v -0.01100000 -0.15761000 -0.00100100
v -0.01100000 -0.15787800 -0.00000100
v -0.01100000 -0.15787800 -0.00000100
v -0.01100000 -0.15787800 -0.00000100
v -0.01100000 -0.15761000 0.00099900
v -0.01100000 -0.15761000 0.00099900
v -0.01100000 -0.15687800 0.00173100
v -0.01100000 -0.15687800 0.00173100
v -0.01100000 -0.15587800 0.00199900
v -0.01100000 -0.15587800 0.00199900
v -0.01100000 -0.15487800 0.00173100
v -0.01100000 -0.15487800 0.00173100
v -0.01100000 -0.15414600 0.00099900
v -0.01100000 -0.15414600 0.00099900
v -0.01600000 -0.15987800 -0.00000100
v -0.01600000 -0.15987800 -0.00000100
v -0.01600000 -0.15987800 -0.00000100
v -0.01600000 -0.15934200 -0.00200100
v -0.01600000 -0.15934200 -0.00200100
v -0.01600000 -0.15787800 -0.00346500
v -0.01600000 -0.15787800 -0.00346500
v -0.01600000 -0.15587800 0.00399900
v -0.01600000 -0.15587800 0.00399900
v -0.01600000 -0.15787800 0.00346300
v -0.01600000 -0.15787800 0.00346300
v -0.01600000 -0.15934200 0.00199900
v -0.01600000 -0.15934200 0.00199900
v -0.01600000 -0.15187800 -0.00000100
v -0.01600000 -0.15187800 -0.00000100
v -0.01600000 -0.15241400 0.00199900
v -0.01600000 -0.15241400 0.00199900
v -0.01600000 -0.15387800 0.00346300
v -0.01600000 -0.15387800 0.00346300
v -0.01600000 -0.15587800 -0.00400100
v -0.01600000 -0.15587800 -0.00400100
v -0.01600000 -0.15387800 -0.00346500
v -0.01600000 -0.15387800 -0.00346500
v -0.01600000 -0.15241400 -0.00200100
v -0.01600000 -0.15241400 -0.00200100
v -0.01100000 -0.15241400 0.00199900
v -0.01100000 -0.15241400 0.00199900
v -0.01100000 -0.15187800 -0.00000100
v -0.01100000 -0.15187800 -0.00000100
v -0.01100000 -0.15241400 -0.00200100
v -0.01100000 -0.15241400 -0.00200100
v -0.01100000 -0.15387800 -0.00346500
v -0.01100000 -0.15387800 -0.00346500
v -0.01100000 -0.15587800 -0.00400100
v -0.01100000 -0.15587800 -0.00400100
v -0.01100000 -0.15787800 -0.00346500
v -0.01100000 -0.15787800 -0.00346500
v -0.01100000 -0.15934200 -0.00200100
v -0.01100000 -0.15934200 -0.00200100
v -0.01100000 -0.15987800 -0.00000100
v -0.01100000 -0.15987800 -0.00000100
v -0.01100000 -0.15987800 -0.00000100
v -0.01100000 -0.15934200 0.00199900
v -0.01100000 -0.15934200 0.00199900
v -0.01100000 -0.15787800 0.00346300
v -0.01100000 -0.15787800 0.00346300
v -0.01100000 -0.15587800 0.00399900
v -0.01100000 -0.15587800 0.00399900
v -0.01100000 -0.15387800 0.00346300
v -0.01100000 -0.15387800 0.00346300
v -0.01100000 -0.15284700 0.00174900
v -0.01100000 -0.15284700 0.00174900
v -0.01100000 -0.15414600 0.00099900
v -0.01100000 -0.15414600 0.00099900
v -0.01100000 -0.15237800 -0.00000100
v -0.01100000 -0.15237800 -0.00000100
v -0.01100000 -0.15387800 -0.00000100
v -0.01100000 -0.15387800 -0.00000100
v -0.01100000 -0.15284700 -0.00175100
v -0.01100000 -0.15284700 -0.00175100
v -0.01100000 -0.15414600 -0.00100100
v -0.01100000 -0.15414600 -0.00100100
v -0.01100000 -0.15487800 -0.00173300
v -0.01100000 -0.15487800 -0.00173300
v -0.01100000 -0.15487800 0.00173100
v -0.01100000 -0.15487800 0.00173100
v -0.01100000 -0.15412800 0.00303000
v -0.01100000 -0.15412800 0.00303000
v -0.01100000 -0.15587800 0.00199900
v -0.01100000 -0.15587800 0.00199900
v -0.01100000 -0.15587800 0.00349900
v -0.01100000 -0.15587800 0.00349900
v -0.01100000 -0.15762800 0.00303000
v -0.01100000 -0.15762800 0.00303000
v -0.01100000 -0.15687800 0.00173100
v -0.01100000 -0.15687800 0.00173100
v -0.01100000 -0.15890900 0.00174900
v -0.01100000 -0.15890900 0.00174900
v -0.01100000 -0.15761000 0.00099900
v -0.01100000 -0.15761000 0.00099900
v -0.01100000 -0.15937800 -0.00000100
v -0.01100000 -0.15937800 -0.00000100
v -0.01100000 -0.15937800 -0.00000100
v -0.01100000 -0.15787800 -0.00000100
v -0.01100000 -0.15787800 -0.00000100
v -0.01100000 -0.15787800 -0.00000100
v -0.01100000 -0.15761000 -0.00100100
v -0.01100000 -0.15761000 -0.00100100
v -0.01100000 -0.15890900 -0.00175100
v -0.01100000 -0.15890900 -0.00175100
v -0.01100000 -0.15687800 -0.00173300
v -0.01100000 -0.15687800 -0.00173300
v -0.01100000 -0.15762800 -0.00303200
v -0.01100000 -0.15762800 -0.00303200
v -0.01100000 -0.15587800 -0.00200100
v -0.01100000 -0.15587800 -0.00200100
v -0.01100000 -0.15587800 -0.00350100
v -0.01100000 -0.15587800 -0.00350100
v -0.01100000 -0.15412800 -0.00303200
v -0.01100000 -0.15412800 -0.00303200
v 0.01100000 -0.15890900 0.00174900
v 0.01100000 -0.15890900 0.00174900
v 0.01100000 -0.15761000 0.00099900
v 0.01100000 -0.15761000 0.00099900
v 0.01100000 -0.15937800 -0.00000100
v 0.01100000 -0.15937800 -0.00000100
v 0.01100000 -0.15937800 -0.00000100
v 0.01100000 -0.15787800 -0.00000100
v 0.01100000 -0.15787800 -0.00000100
v 0.01100000 -0.15787800 -0.00000100
v 0.01100000 -0.15890900 -0.00175100
v 0.01100000 -0.15890900 -0.00175100
v 0.01100000 -0.15761000 -0.00100100
v 0.01100000 -0.15761000 -0.00100100
v 0.01100000 -0.15687800 -0.00173300
v 0.01100000 -0.15687800 -0.00173300
v 0.01100000 -0.15687800 0.00173100
v 0.01100000 -0.15687800 0.00173100
v 0.01100000 -0.15762800 0.00303000
v 0.01100000 -0.15762800 0.00303000
v 0.01100000 -0.15587800 0.00199900
v 0.01100000 -0.15587800 0.00199900
v 0.01100000 -0.15587800 0.00349900
v 0.01100000 -0.15587800 0.00349900
v 0.01100000 -0.15412800 0.00303000
v 0.01100000 -0.15412800 0.00303000
v 0.01100000 -0.15487800 0.00173100
v 0.01100000 -0.15487800 0.00173100
v 0.01100000 -0.15284700 0.00174900
v 0.01100000 -0.15284700 0.00174900
v 0.01100000 -0.15414600 0.00099900
v 0.01100000 -0.15414600 0.00099900
v 0.01100000 -0.15237800 -0.00000100
v 0.01100000 -0.15237800 -0.00000100
v 0.01100000 -0.15387800 -0.00000100
v 0.01100000 -0.15387800 -0.00000100
v 0.01100000 -0.15414600 -0.00100100
v 0.01100000 -0.15414600 -0.00100100
v 0.01100000 -0.15284700 -0.00175100
v 0.01100000 -0.15284700 -0.00175100
v 0.01100000 -0.15487800 -0.00173300
v 0.01100000 -0.15487800 -0.00173300
v 0.01100000 -0.15412800 -0.00303200
v 0.01100000 -0.15412800 -0.00303200
v 0.01100000 -0.15587800 -0.00200100
v 0.01100000 -0.15587800 -0.00200100
v 0.01100000 -0.15587800 -0.00350100
v 0.01100000 -0.15587800 -0.00350100
v 0.01100000 -0.15762800 -0.00303200
v 0.01100000 -0.15762800 -0.00303200
v 0.01300000 -0.15657800 -0.00343000
v 0.01300000 -0.15657800 -0.00343000
v 0.01300000 -0.15657800 -0.00343000
v 0.01400000 -0.15657800 -0.00343000
v 0.01400000 -0.15657800 -0.00343000
v 0.01400000 -0.15657800 -0.00343000
v 0.01400000 -0.15801800 -0.00277100
v 0.01400000 -0.15801800 -0.00277100
v 0.01400000 -0.15902000 -0.00154400
v 0.01400000 -0.15902000 -0.00154400
v 0.01400000 -0.15937800 -0.00000100
v 0.01400000 -0.15937800 -0.00000100
v 0.01400000 -0.15937800 -0.00000100
v 0.01400000 -0.15902000 0.00154200
v 0.01400000 -0.15902000 0.00154200
v 0.01400000 -0.15801800 0.00276800
v 0.01400000 -0.15801800 0.00276800
v 0.01300000 -0.15657800 0.00342800
v 0.01300000 -0.15657800 0.00342800
v 0.01300000 -0.15657800 0.00342800
v 0.01300000 -0.15611300 0.00349100
v 0.01300000 -0.15611300 0.00349100
v 0.01300000 -0.15564400 0.00349100
v 0.01300000 -0.15564400 0.00349100
v 0.01400000 -0.15657800 0.00342800
v 0.01400000 -0.15657800 0.00342800
v 0.01400000 -0.15657800 0.00342800
v 0.01300000 -0.15517800 0.00342800
v 0.01300000 -0.15517800 0.00342800
v 0.01300000 -0.15517800 0.00342800
v 0.01400000 -0.15517800 0.00342800
v 0.01400000 -0.15517800 0.00342800
v 0.01400000 -0.15517800 0.00342800
v 0.01400000 -0.15373800 0.00276800
v 0.01400000 -0.15373800 0.00276800
v 0.01400000 -0.15273700 0.00154200
v 0.01400000 -0.15273700 0.00154200
v 0.01400000 -0.15237800 -0.00000100
v 0.01400000 -0.15237800 -0.00000100
v 0.01400000 -0.15273700 -0.00154400
v 0.01400000 -0.15273700 -0.00154400
v 0.01400000 -0.15373800 -0.00277100
v 0.01400000 -0.15373800 -0.00277100
v 0.01300000 -0.15517800 -0.00343000
v 0.01300000 -0.15517800 -0.00343000
v 0.01300000 -0.15517800 -0.00343000
v 0.01300000 -0.15564400 -0.00349300
v 0.01300000 -0.15564400 -0.00349300
v 0.01300000 -0.15611300 -0.00349300
v 0.01300000 -0.15611300 -0.00349300
v 0.01400000 -0.15517800 -0.00343000
v 0.01400000 -0.15517800 -0.00343000
v 0.01400000 -0.15517800 -0.00343000
v 0.01438700 -0.15657800 0.00334800
v 0.01438700 -0.15657800 0.00334800
v 0.01450000 -0.15793600 0.00266200
v 0.01471300 -0.15657800 0.00312300
v 0.01471300 -0.15657800 0.00312300
v 0.01486600 -0.15771300 0.00237300
v 0.01492600 -0.15657800 0.00278900
v 0.01492600 -0.15657800 0.00278900
v 0.01500000 -0.15657800 0.00239900
v 0.01500000 -0.15657800 0.00239900
v 0.01500000 -0.15657800 0.00239900
v 0.01500000 -0.15766900 0.00174300
v 0.01500000 -0.15766900 0.00174300
v 0.01486600 -0.15857100 0.00132100
v 0.01500000 -0.15829600 0.00063500
v 0.01500000 -0.15829600 0.00063500
v 0.01486600 -0.15887800 -0.00000100
v 0.01500000 -0.15829600 -0.00063800
v 0.01500000 -0.15829600 -0.00063800
v 0.01486600 -0.15857100 -0.00132300
v 0.01500000 -0.15766900 -0.00174500
v 0.01500000 -0.15766900 -0.00174500
v 0.01486600 -0.15771300 -0.00237500
v 0.01500000 -0.15657800 -0.00240100
v 0.01500000 -0.15657800 -0.00240100
v 0.01500000 -0.15657800 -0.00240100
v 0.01492600 -0.15657800 -0.00279100
v 0.01492600 -0.15657800 -0.00279100
v 0.01471300 -0.15657800 -0.00312500
v 0.01471300 -0.15657800 -0.00312500
v 0.01450000 -0.15793600 -0.00266500
v 0.01438700 -0.15657800 -0.00335100
v 0.01438700 -0.15657800 -0.00335100
v 0.01450000 -0.15890000 0.00148300
v 0.01450000 -0.15924400 -0.00000100
v 0.01450000 -0.15890000 -0.00148500
v 0.01438700 -0.15517800 -0.00335100
v 0.01438700 -0.15517800 -0.00335100
v 0.01438700 -0.15517800 0.00334800
v 0.01438700 -0.15517800 0.00334800
v 0.01471300 -0.15517800 -0.00312500
v 0.01471300 -0.15517800 -0.00312500
v 0.01500000 -0.15517800 0.00239900
v 0.01500000 -0.15517800 0.00239900
v 0.01500000 -0.15517800 0.00239900
v 0.01471300 -0.15517800 0.00312300
v 0.01471300 -0.15517800 0.00312300
v 0.01492600 -0.15517800 -0.00279100
v 0.01492600 -0.15517800 -0.00279100
v 0.01500000 -0.15517800 -0.00240100
v 0.01500000 -0.15517800 -0.00240100
v 0.01500000 -0.15517800 -0.00240100
v 0.01492600 -0.15517800 0.00278900
v 0.01492600 -0.15517800 0.00278900
v 0.01486600 -0.15404400 0.00237300
v 0.01500000 -0.15408700 0.00174300
v 0.01500000 -0.15408700 0.00174300
v 0.01486600 -0.15318600 0.00132100
v 0.01500000 -0.15346100 0.00063500
v 0.01500000 -0.15346100 0.00063500
v 0.01486600 -0.15287800 -0.00000100
v 0.01500000 -0.15346100 -0.00063800
v 0.01500000 -0.15346100 -0.00063800
v 0.01486600 -0.15318600 -0.00132300
v 0.01500000 -0.15408700 -0.00174500
v 0.01500000 -0.15408700 -0.00174500
v 0.01486600 -0.15404400 -0.00237500
v 0.01450000 -0.15382000 -0.00266500
v 0.01450000 -0.15285700 -0.00148500
v 0.01450000 -0.15251200 -0.00000100
v 0.01450000 -0.15285700 0.00148300
v 0.01450000 -0.15382000 0.00266200
v -0.01300000 -0.15657800 0.00342800
v -0.01300000 -0.15657800 0.00342800
v -0.01300000 -0.15657800 0.00342800
v -0.01300000 -0.15611300 0.00349100
v -0.01300000 -0.15611300 0.00349100
v -0.01300000 -0.15657800 -0.00343000
v -0.01300000 -0.15657800 -0.00343000
v -0.01300000 -0.15657800 -0.00343000
v -0.01300000 -0.15611300 -0.00349300
v -0.01300000 -0.15611300 -0.00349300
v -0.01300000 -0.15564400 0.00349100
v -0.01300000 -0.15564400 0.00349100
v -0.01300000 -0.15564400 -0.00349300
v -0.01300000 -0.15564400 -0.00349300
v -0.01300000 -0.15517800 -0.00343000
v -0.01300000 -0.15517800 -0.00343000
v -0.01300000 -0.15517800 -0.00343000
v -0.01300000 -0.15517800 0.00342800
v -0.01300000 -0.15517800 0.00342800
v -0.01300000 -0.15517800 0.00342800
v -0.01500000 -0.15657800 0.00239900
v -0.01500000 -0.15657800 0.00239900
v -0.01500000 -0.15657800 0.00239900
v -0.01500000 -0.15657800 -0.00240100
v -0.01500000 -0.15657800 -0.00240100
v -0.01500000 -0.15657800 -0.00240100
v -0.01500000 -0.15766900 0.00174300
v -0.01500000 -0.15766900 0.00174300
v -0.01500000 -0.15766900 -0.00174500
v -0.01500000 -0.15766900 -0.00174500
v -0.01500000 -0.15829600 -0.00063800
v -0.01500000 -0.15829600 -0.00063800
v -0.01500000 -0.15829600 0.00063500
v -0.01500000 -0.15829600 0.00063500
v -0.01492600 -0.15657800 -0.00279100
v -0.01492600 -0.15657800 -0.00279100
v -0.01471300 -0.15657800 -0.00312500
v -0.01471300 -0.15657800 -0.00312500
v -0.01438700 -0.15657800 -0.00335100
v -0.01438700 -0.15657800 -0.00335100
v -0.01471300 -0.15657800 0.00312300
v -0.01471300 -0.15657800 0.00312300
v -0.01438700 -0.15657800 0.00334800
v -0.01438700 -0.15657800 0.00334800
v -0.01492600 -0.15657800 0.00278900
v -0.01492600 -0.15657800 0.00278900
v -0.01400000 -0.15657800 -0.00343000
v -0.01400000 -0.15657800 -0.00343000
v -0.01400000 -0.15657800 -0.00343000
v -0.01400000 -0.15657800 0.00342800
v -0.01400000 -0.15657800 0.00342800
v -0.01400000 -0.15657800 0.00342800
v -0.01400000 -0.15801800 -0.00277100
v -0.01400000 -0.15801800 -0.00277100
v -0.01450000 -0.15793600 -0.00266500
v -0.01486600 -0.15771300 -0.00237500
v -0.01486600 -0.15857100 -0.00132300
v -0.01486600 -0.15887800 -0.00000100
v -0.01486600 -0.15857100 0.00132100
v -0.01486600 -0.15771300 0.00237300
v -0.01450000 -0.15793600 0.00266200
v -0.01400000 -0.15801800 0.00276800
v -0.01400000 -0.15801800 0.00276800
v -0.01400000 -0.15902000 0.00154200
v -0.01400000 -0.15902000 0.00154200
v -0.01450000 -0.15890000 0.00148300
v -0.01400000 -0.15937800 -0.00000100
v -0.01400000 -0.15937800 -0.00000100
v -0.01400000 -0.15937800 -0.00000100
v -0.01450000 -0.15924400 -0.00000100
v -0.01400000 -0.15902000 -0.00154400
v -0.01400000 -0.15902000 -0.00154400
v -0.01450000 -0.15890000 -0.00148500
v -0.01500000 -0.15517800 0.00239900
v -0.01500000 -0.15517800 0.00239900
v -0.01500000 -0.15517800 0.00239900
v -0.01500000 -0.15408700 0.00174300
v -0.01500000 -0.15408700 0.00174300
v -0.01500000 -0.15517800 -0.00240100
v -0.01500000 -0.15517800 -0.00240100
v -0.01500000 -0.15517800 -0.00240100
v -0.01500000 -0.15408700 -0.00174500
v -0.01500000 -0.15408700 -0.00174500
v -0.01500000 -0.15346100 -0.00063800
v -0.01500000 -0.15346100 -0.00063800
v -0.01500000 -0.15346100 0.00063500
v -0.01500000 -0.15346100 0.00063500
v -0.01492600 -0.15517800 0.00278900
v -0.01492600 -0.15517800 0.00278900
v -0.01471300 -0.15517800 0.00312300
v -0.01471300 -0.15517800 0.00312300
v -0.01438700 -0.15517800 0.00334800
v -0.01438700 -0.15517800 0.00334800
v -0.01471300 -0.15517800 -0.00312500
v -0.01471300 -0.15517800 -0.00312500
v -0.01438700 -0.15517800 -0.00335100
v -0.01438700 -0.15517800 -0.00335100
v -0.01492600 -0.15517800 -0.00279100
v -0.01492600 -0.15517800 -0.00279100
v -0.01400000 -0.15517800 0.00342800
v -0.01400000 -0.15517800 0.00342800
v -0.01400000 -0.15517800 0.00342800
v -0.01400000 -0.15517800 -0.00343000
v -0.01400000 -0.15517800 -0.00343000
v -0.01400000 -0.15517800 -0.00343000
v -0.01400000 -0.15373800 -0.00277100
v -0.01400000 -0.15373800 -0.00277100
v -0.01400000 -0.15273700 -0.00154400
v -0.01400000 -0.15273700 -0.00154400
v -0.01400000 -0.15237800 -0.00000100
v -0.01400000 -0.15237800 -0.00000100
v -0.01400000 -0.15273700 0.00154200
v -0.01400000 -0.15273700 0.00154200
v -0.01400000 -0.15373800 0.00276800
v -0.01400000 -0.15373800 0.00276800
v -0.01450000 -0.15382000 0.00266200
v -0.01486600 -0.15404400 0.00237300
v -0.01486600 -0.15318600 0.00132100
v -0.01486600 -0.15287800 -0.00000100
v -0.01486600 -0.15318600 -0.00132300
v -0.01486600 -0.15404400 -0.00237500
v -0.01450000 -0.15382000 -0.00266500
v -0.01450000 -0.15285700 -0.00148500
v -0.01450000 -0.15251200 -0.00000100
v -0.01450000 -0.15285700 0.00148300
v 0.00796300 0.20596400 -0.00076800
v 0.00796300 0.20596400 -0.00076800
v 0.00800000 0.20611700 -0.00000100
v 0.00800000 0.20611700 -0.00000100
v 0.00800000 0.20611700 -0.00000100
v 0.00800000 0.22411700 -0.00000100
v 0.00800000 0.22411700 -0.00000100
v 0.00800000 0.22411700 -0.00000100
v 0.00796300 0.20596400 0.00076600
v 0.00796300 0.20596400 0.00076600
v 0.00787400 0.20553100 0.00141300
v 0.00787400 0.20553100 0.00141300
v 0.00778400 0.20488400 0.00184600
v 0.00778400 0.20488400 0.00184600
v 0.00692800 0.22411700 0.00399900
v 0.00692800 0.22411700 0.00399900
v 0.00774600 0.20411700 0.00199900
v 0.00774600 0.20411700 0.00199900
v 0.00692800 0.18411700 0.00399900
v 0.00692800 0.18411700 0.00399900
v 0.00778400 0.20335000 0.00184600
v 0.00778400 0.20335000 0.00184600
v 0.00800000 0.18411700 -0.00000100
v 0.00800000 0.18411700 -0.00000100
v 0.00800000 0.18411700 -0.00000100
v 0.00787400 0.20270300 0.00141300
v 0.00787400 0.20270300 0.00141300
v 0.00796300 0.20227000 0.00076600
v 0.00796300 0.20227000 0.00076600
v 0.00800000 0.20211700 -0.00000100
v 0.00800000 0.20211700 -0.00000100
v 0.00800000 0.20211700 -0.00000100
v 0.00800000 0.20211700 -0.00000100
v 0.00796300 0.20227000 -0.00076800
v 0.00796300 0.20227000 -0.00076800
v 0.00787400 0.20270300 -0.00141500
v 0.00787400 0.20270300 -0.00141500
v 0.00778400 0.20335000 -0.00184800
v 0.00778400 0.20335000 -0.00184800
v 0.00774600 0.20411700 -0.00200100
v 0.00774600 0.20411700 -0.00200100
v 0.00692800 0.18411700 -0.00400100
v 0.00692800 0.18411700 -0.00400100
v 0.00692800 0.22411700 -0.00400100
v 0.00692800 0.22411700 -0.00400100
v 0.00400000 0.18411700 -0.00692900
v 0.00400000 0.18411700 -0.00692900
v 0.00400000 0.22411700 -0.00692900
v 0.00400000 0.22411700 -0.00692900
v 0.00000000 0.18411700 -0.00800100
v 0.00000000 0.18411700 -0.00800100
v 0.00000000 0.22411700 -0.00800100
v 0.00000000 0.22411700 -0.00800100
v -0.00400000 0.18411700 -0.00692900
v -0.00400000 0.18411700 -0.00692900
v -0.00400000 0.22411700 -0.00692900
v -0.00400000 0.22411700 -0.00692900
v -0.00692800 0.18411700 -0.00400100
v -0.00692800 0.18411700 -0.00400100
v -0.00692800 0.22411700 -0.00400100
v -0.00692800 0.22411700 -0.00400100
v -0.00774600 0.20411700 -0.00200100
v -0.00774600 0.20411700 -0.00200100
v -0.00778400 0.20488400 -0.00184800
v -0.00778400 0.20488400 -0.00184800
v -0.00800000 0.22411700 -0.00000100
v -0.00800000 0.22411700 -0.00000100
v -0.00787400 0.20553100 -0.00141500
v -0.00787400 0.20553100 -0.00141500
v -0.00796300 0.20596400 -0.00076800
v -0.00796300 0.20596400 -0.00076800
v -0.00800000 0.20611700 -0.00000100
v -0.00800000 0.20611700 -0.00000100
v -0.00796300 0.20596400 0.00076600
v -0.00796300 0.20596400 0.00076600
v -0.00787400 0.20553100 0.00141300
v -0.00787400 0.20553100 0.00141300
v -0.00778400 0.20488400 0.00184600
v -0.00778400 0.20488400 0.00184600
v -0.00774600 0.20411700 0.00199900
v -0.00774600 0.20411700 0.00199900
v -0.00692800 0.22411700 0.00399900
v -0.00692800 0.22411700 0.00399900
v -0.00692800 0.18411700 0.00399900
v -0.00692800 0.18411700 0.00399900
v -0.00400000 0.18411700 0.00692700
v -0.00400000 0.18411700 0.00692700
v -0.00400000 0.22411700 0.00692700
v -0.00400000 0.22411700 0.00692700
v 0.00000000 0.18411700 0.00799900
v 0.00000000 0.18411700 0.00799900
v 0.00000000 0.22411700 0.00799900
v 0.00000000 0.22411700 0.00799900
v 0.00400000 0.18411700 0.00692700
v 0.00400000 0.18411700 0.00692700
v 0.00400000 0.22411700 0.00692700
v 0.00400000 0.22411700 0.00692700
v 0.00778400 0.20488400 -0.00184800
v 0.00778400 0.20488400 -0.00184800
v 0.00787400 0.20553100 -0.00141500
v 0.00787400 0.20553100 -0.00141500
v -0.00800000 0.18411700 -0.00000100
v -0.00800000 0.18411700 -0.00000100
v -0.00778400 0.20335000 0.00184600
v -0.00778400 0.20335000 0.00184600
v -0.00787400 0.20270300 0.00141300
v -0.00787400 0.20270300 0.00141300
v -0.00796300 0.20227000 0.00076600
v -0.00796300 0.20227000 0.00076600
v -0.00800000 0.20211700 -0.00000100
v -0.00800000 0.20211700 -0.00000100
v -0.00800000 0.20211700 -0.00000100
v -0.00796300 0.20227000 -0.00076800
v -0.00796300 0.20227000 -0.00076800
v -0.00787400 0.20270300 -0.00141500
v -0.00787400 0.20270300 -0.00141500
v -0.00778400 0.20335000 -0.00184800
v -0.00778400 0.20335000 -0.00184800
v -0.01559800 0.18411700 -0.01050100
v -0.01559800 0.18411700 -0.01050100
v -0.01300000 0.18411700 -0.01200100
v -0.01300000 0.18411700 -0.01200100
v -0.01300000 0.18411700 -0.01200100
v -0.01600000 0.18411700 -0.00900100
v -0.01600000 0.18411700 -0.00900100
v -0.01600000 0.18411700 -0.00900100
v -0.01450000 0.18411700 -0.01159900
v -0.01450000 0.18411700 -0.01159900
v 0.01300000 0.18411700 -0.01200100
v 0.01300000 0.18411700 -0.01200100
v 0.01300000 0.18411700 -0.01200100
v 0.01450000 0.18411700 -0.01159900
v 0.01450000 0.18411700 -0.01159900
v 0.01559800 0.18411700 -0.01050100
v 0.01559800 0.18411700 -0.01050100
v 0.01600000 0.18411700 -0.00900100
v 0.01600000 0.18411700 -0.00900100
v 0.01600000 0.18411700 -0.00900100
v 0.01600000 0.18411700 0.00899900
v 0.01600000 0.18411700 0.00899900
v 0.01600000 0.18411700 0.00899900
v 0.01300000 0.18411700 0.01199900
v 0.01300000 0.18411700 0.01199900
v 0.01300000 0.18411700 0.01199900
v -0.01300000 0.18411700 0.01199900
v -0.01300000 0.18411700 0.01199900
v -0.01300000 0.18411700 0.01199900
v -0.01600000 0.18411700 0.00899900
v -0.01600000 0.18411700 0.00899900
v -0.01600000 0.18411700 0.00899900
v 0.01559800 0.18411700 0.01049900
v 0.01559800 0.18411700 0.01049900
v 0.01450000 0.18411700 0.01159700
v 0.01450000 0.18411700 0.01159700
v -0.01450000 0.18411700 0.01159700
v -0.01450000 0.18411700 0.01159700
v -0.01559800 0.18411700 0.01049900
v -0.01559800 0.18411700 0.01049900
v 0.01300000 0.22411700 -0.01200100
v 0.01300000 0.22411700 -0.01200100
v 0.01300000 0.22411700 -0.01200100
v 0.01450000 0.20411700 -0.01159900
v 0.01450000 0.22411700 -0.01159900
v 0.01450000 0.22411700 -0.01159900
v 0.01559800 0.20411700 -0.01050100
v 0.01559800 0.22411700 -0.01050100
v 0.01559800 0.22411700 -0.01050100
v 0.01600000 0.22411700 -0.00900100
v 0.01600000 0.22411700 -0.00900100
v 0.01600000 0.22411700 -0.00900100
v -0.00520300 0.21265700 0.01881800
v -0.00520300 0.21265700 0.01881800
v -0.00520300 0.21265700 0.01199900
v -0.00520300 0.21265700 0.01199900
v -0.00877600 0.20891100 0.01881800
v -0.00877600 0.20891100 0.01881800
v -0.00877600 0.20891100 0.01881800
v -0.00877600 0.20891100 0.01881800
v -0.00877600 0.20891100 0.01199900
v -0.00877600 0.20891100 0.01199900
v -0.00877600 0.20891100 0.01199900
v -0.00999700 0.20388100 0.01881800
v -0.00999700 0.20388100 0.01881800
v -0.00999700 0.20388100 0.01199900
v -0.00999700 0.20388100 0.01199900
v -0.00854000 0.19891400 0.01881800
v -0.00854000 0.19891400 0.01881800
v -0.00854000 0.19891400 0.01199900
v -0.00854000 0.19891400 0.01199900
v -0.00479400 0.19534100 0.01881800
v -0.00479400 0.19534100 0.01881800
v -0.00479400 0.19534100 0.01199900
v -0.00479400 0.19534100 0.01199900
v 0.00023600 0.19412000 0.01881800
v 0.00023600 0.19412000 0.01881800
v 0.00023600 0.19412000 0.01199900
v 0.00023600 0.19412000 0.01199900
v 0.00520300 0.19557700 0.01881800
v 0.00520300 0.19557700 0.01881800
v 0.00520300 0.19557700 0.01199900
v 0.00520300 0.19557700 0.01199900
v 0.00877600 0.19932300 0.01881800
v 0.00877600 0.19932300 0.01881800
v 0.00877600 0.19932300 0.01199900
v 0.00877600 0.19932300 0.01199900
v 0.00999700 0.20435300 0.01881800
v 0.00999700 0.20435300 0.01881800
v 0.00999700 0.20435300 0.01199900
v 0.00999700 0.20435300 0.01199900
v 0.00854000 0.20932000 0.01881800
v 0.00854000 0.20932000 0.01881800
v 0.00854000 0.20932000 0.01199900
v 0.00854000 0.20932000 0.01199900
v 0.00479400 0.21289300 0.01881800
v 0.00479400 0.21289300 0.01881800
v 0.00479400 0.21289300 0.01199900
v 0.00479400 0.21289300 0.01199900
v -0.00023600 0.21411400 0.01881800
v -0.00023600 0.21411400 0.01881800
v -0.00023600 0.21411400 0.01199900
v -0.00023600 0.21411400 0.01199900
v -0.01355900 0.20481200 0.02362200
v -0.01191500 0.21062600 0.02362200
v -0.01191500 0.21062600 0.02362200
v -0.00791100 0.21515100 0.02362200
v -0.01315500 0.21130300 0.02944200
v -0.01315500 0.21130300 0.02944200
v -0.00873400 0.21629900 0.02944200
v -0.01229700 0.21083500 0.03535100
v -0.01229700 0.21083500 0.03535100
v -0.00816400 0.21550500 0.03535100
v -0.00947900 0.20929500 0.04040600
v -0.00947900 0.20929500 0.04040600
v -0.00629400 0.21289600 0.04040600
v -0.00515000 0.20693100 0.04380300
v -0.00515000 0.20693100 0.04380300
v -0.00341900 0.20888600 0.04380300
v 0.00000000 0.20411700 0.04499800
v 0.00000000 0.20411700 0.04499800
v 0.00000000 0.20411700 0.04499800
v 0.00000000 0.20411700 0.04499800
v 0.00000000 0.20411700 0.04499800
v 0.00000000 0.20411700 0.04499800
v 0.00000000 0.20411700 0.04499800
v 0.00000000 0.20411700 0.04499800
v 0.00000000 0.20411700 0.04499800
v 0.00000000 0.20411700 0.04499800
v 0.00000000 0.20411700 0.04499800
v 0.00000000 0.20411700 0.04499800
v 0.00000000 0.20411700 0.04499800
v 0.00000000 0.20411700 0.04499800
v -0.01251800 0.19886000 0.02362200
v -0.00899700 0.19394900 0.02362200
v -0.00369500 0.19105200 0.02362200
v 0.00234000 0.19074300 0.02362200
v 0.00791100 0.19308300 0.02362200
v 0.01191500 0.19760800 0.02362200
v 0.01355900 0.20342200 0.02362200
v 0.01497000 0.20335000 0.02944200
v 0.01382000 0.20992100 0.02944200
v 0.01291900 0.20954300 0.03535100
v 0.00928600 0.21461100 0.03535100
v 0.00715800 0.21220600 0.04040600
v 0.00293900 0.21451100 0.04040600
v 0.00159700 0.20976400 0.04380300
v -0.00101100 0.20989800 0.04380300
v 0.01251800 0.20937400 0.02362200
v 0.00993300 0.21534300 0.02944200
v 0.00381300 0.21760100 0.03535100
v -0.00186100 0.21475700 0.04040600
v 0.00899700 0.21428500 0.02362200
v 0.00407900 0.21854100 0.02944200
v -0.00241500 0.21792000 0.03535100
v 0.00369500 0.21718200 0.02362200
v -0.00258300 0.21888200 0.02944200
v -0.00234000 0.21749100 0.02362200
v 0.00388900 0.20851200 0.04380300
v 0.00541100 0.20638900 0.04380300
v 0.00586100 0.20381700 0.04380300
v 0.00515000 0.20130300 0.04380300
v 0.00341900 0.19934800 0.04380300
v 0.00101100 0.19833600 0.04380300
v -0.00159700 0.19847000 0.04380300
v -0.00388900 0.19972200 0.04380300
v -0.00541100 0.20184500 0.04380300
v -0.00586100 0.20441700 0.04380300
v -0.01497000 0.20488400 0.02944200
v -0.01382000 0.19831300 0.02944200
v -0.00993300 0.19289100 0.02944200
v -0.00407900 0.18969300 0.02944200
v 0.00258300 0.18935200 0.02944200
v 0.00873400 0.19193500 0.02944200
v 0.01315500 0.19693100 0.02944200
v -0.01399400 0.20483400 0.03535100
v -0.01291900 0.19869100 0.03535100
v -0.00928600 0.19362300 0.03535100
v -0.00381300 0.19063300 0.03535100
v 0.00241500 0.19031400 0.03535100
v 0.00816400 0.19272900 0.03535100
v 0.01229700 0.19739900 0.03535100
v 0.01399400 0.20340000 0.03535100
v -0.01078700 0.20467000 0.04040600
v -0.00995900 0.19993500 0.04040600
v -0.00715800 0.19602800 0.04040600
v -0.00293900 0.19372300 0.04040600
v 0.00186100 0.19347700 0.04040600
v 0.00629400 0.19533800 0.04040600
v 0.00947900 0.19893900 0.04040600
v 0.01078700 0.20356400 0.04040600
v 0.00995900 0.20829900 0.04040600
v -0.00764700 0.21911700 -0.01200100
v -0.00764700 0.21911700 -0.01200100
v -0.00764700 0.21911700 -0.01200100
v 0.01000000 0.21911700 -0.01200100
v 0.01000000 0.21911700 -0.01200100
v 0.01000000 0.21911700 -0.01200100
v -0.00682300 0.21711700 -0.03100100
v -0.00682300 0.21711700 -0.03100100
v 0.00600000 0.21511700 -0.05000000
v 0.00600000 0.21511700 -0.05000000
v 0.00600000 0.21511700 -0.05000000
v -0.00600000 0.21511700 -0.05000000
v -0.00600000 0.21511700 -0.05000000
v -0.00600000 0.21511700 -0.05000000
v 0.01000000 0.18911700 -0.01200100
v 0.01000000 0.18911700 -0.01200100
v 0.01000000 0.18911700 -0.01200100
v 0.00600000 0.19311700 -0.05000000
v 0.00600000 0.19311700 -0.05000000
v 0.00600000 0.19311700 -0.05000000
v -0.01000000 0.18911700 -0.01200100
v -0.01000000 0.18911700 -0.01200100
v -0.01000000 0.18911700 -0.01200100
v -0.00600000 0.19311700 -0.05000000
v -0.00600000 0.19311700 -0.05000000
v -0.00600000 0.19311700 -0.05000000
v -0.01000000 0.21911700 -0.01200100
v -0.01000000 0.21911700 -0.01200100
v -0.01000000 0.21911700 -0.01200100
v -0.00800000 0.21631700 -0.03100100
v -0.00800000 0.21631700 -0.03100100
v -0.00700000 0.21491700 -0.04050100
v -0.00700000 0.21491700 -0.04050100
v -0.00600000 0.21351700 -0.05000000
v -0.00600000 0.21351700 -0.05000000
v -0.00600000 0.21351700 -0.05000000
v -0.00811800 0.21791700 -0.02150100
v -0.00741200 0.21671700 -0.03100100
v -0.00670600 0.21551700 -0.04050100
v 0.00750000 0.19161700 -0.05000000
v 0.00750000 0.19161700 -0.05000000
v 0.00750000 0.19161700 -0.05000000
v -0.00750000 0.19161700 -0.05000000
v -0.00750000 0.19161700 -0.05000000
v -0.00750000 0.19161700 -0.05000000
v 0.00750000 0.21661700 -0.05000000
v 0.00750000 0.21661700 -0.05000000
v 0.00750000 0.21661700 -0.05000000
v -0.00661800 0.21661700 -0.05000000
v -0.00661800 0.21661700 -0.05000000
v -0.00661800 0.21661700 -0.05000000
v -0.00750000 0.21661700 -0.05000000
v -0.00750000 0.21661700 -0.05000000
v -0.00750000 0.21661700 -0.05000000
v -0.00321700 0.19590100 -0.07000000
v -0.00321700 0.19590100 -0.07000000
v -0.00321700 0.19590100 -0.07000000
v -0.00321700 0.21233400 -0.07000000
v -0.00321700 0.21233400 -0.07000000
v -0.00321700 0.21233400 -0.07000000
v 0.00321700 0.19590100 -0.07000000
v 0.00321700 0.19590100 -0.07000000
v 0.00321700 0.19590100 -0.07000000
v 0.00321700 0.21233400 -0.07000000
v 0.00321700 0.21233400 -0.07000000
v 0.00321700 0.21233400 -0.07000000
v -0.00620800 0.21467900 -0.06722500
v -0.00620800 0.21467900 -0.06722500
v -0.00620800 0.21467900 -0.06722500
v -0.00618400 0.21470100 -0.06744300
v -0.00618400 0.21470100 -0.06744300
v -0.00620800 0.19290900 -0.06722500
v -0.00620800 0.19290900 -0.06722500
v -0.00620800 0.19290900 -0.06722500
v -0.00620800 0.19290900 -0.06722500
v -0.00614900 0.21481200 -0.06763100
v -0.00614900 0.21481200 -0.06763100
v -0.00591900 0.19319800 -0.06830200
v -0.00591900 0.19319800 -0.06830200
v -0.00607600 0.21519300 -0.06790900
v -0.00607600 0.21519300 -0.06790900
v -0.00607600 0.21519300 -0.06790900
v -0.00565200 0.21476900 -0.06875200
v -0.00565200 0.21476900 -0.06875200
v -0.00525700 0.19386000 -0.06919900
v -0.00525700 0.19386000 -0.06919900
v -0.00498800 0.21410500 -0.06942100
v -0.00498800 0.21410500 -0.06942100
v -0.00431200 0.19480500 -0.06979300
v -0.00431200 0.19480500 -0.06979300
v -0.00608600 0.21532500 -0.06722500
v -0.00608600 0.21532500 -0.06722500
v -0.00608600 0.21532500 -0.06722500
v 0.00620800 0.21532500 -0.06722500
v 0.00620800 0.21532500 -0.06722500
v 0.00620800 0.21532500 -0.06722500
v 0.00620800 0.21532500 -0.06722500
v 0.00591900 0.21503600 -0.06830200
v 0.00591900 0.21503600 -0.06830200
v 0.00525700 0.21437400 -0.06919900
v 0.00525700 0.21437400 -0.06919900
v 0.00431200 0.21342900 -0.06979300
v 0.00431200 0.21342900 -0.06979300
v 0.00620800 0.19290900 -0.06722500
v 0.00620800 0.19290900 -0.06722500
v 0.00620800 0.19290900 -0.06722500
v 0.00620800 0.19290900 -0.06722500
v 0.00591900 0.19319800 -0.06830200
v 0.00591900 0.19319800 -0.06830200
v 0.00525700 0.19386000 -0.06919900
v 0.00525700 0.19386000 -0.06919900
v 0.00431200 0.19480500 -0.06979300
v 0.00431200 0.19480500 -0.06979300
v -0.00685400 0.21564800 -0.05861200
v -0.00685400 0.21564800 -0.05861200
v -0.00635200 0.21597100 -0.05861200
v -0.00635200 0.21597100 -0.05861200
v -0.00632000 0.21530900 -0.06395400
v -0.00652900 0.21567900 -0.06000000
v -0.00679400 0.21614800 -0.05500000
v -0.01600000 0.22411700 -0.00900100
v -0.01600000 0.22411700 -0.00900100
v -0.01600000 0.22411700 -0.00900100
v -0.01559800 0.20411700 -0.01050100
v -0.01559800 0.22411700 -0.01050100
v -0.01559800 0.22411700 -0.01050100
v -0.01450000 0.20411700 -0.01159900
v -0.01450000 0.22411700 -0.01159900
v -0.01450000 0.22411700 -0.01159900
v -0.01300000 0.22411700 -0.01200100
v -0.01300000 0.22411700 -0.01200100
v -0.01300000 0.22411700 -0.01200100
v -0.01300000 0.22411700 0.01199900
v -0.01300000 0.22411700 0.01199900
v -0.01300000 0.22411700 0.01199900
v 0.01300000 0.22411700 0.01199900
v 0.01300000 0.22411700 0.01199900
v 0.01300000 0.22411700 0.01199900
v -0.01450000 0.20411700 0.01159700
v -0.01450000 0.22411700 0.01159700
v -0.01450000 0.22411700 0.01159700
v -0.01559800 0.20411700 0.01049900
v -0.01559800 0.22411700 0.01049900
v -0.01559800 0.22411700 0.01049900
v -0.01600000 0.22411700 0.00899900
v -0.01600000 0.22411700 0.00899900
v -0.01600000 0.22411700 0.00899900
v 0.01600000 0.22411700 0.00899900
v 0.01600000 0.22411700 0.00899900
v 0.01600000 0.22411700 0.00899900
v 0.01559800 0.20411700 0.01049900
v 0.01559800 0.22411700 0.01049900
v 0.01559800 0.22411700 0.01049900
v 0.01450000 0.20411700 0.01159700
v 0.01450000 0.22411700 0.01159700
v 0.01450000 0.22411700 0.01159700
v 0.01600000 0.20811700 -0.00000100
v 0.01600000 0.20811700 -0.00000100
v 0.01600000 0.20758100 -0.00200100
v 0.01600000 0.20758100 -0.00200100
v 0.01600000 0.20611700 -0.00346500
v 0.01600000 0.20611700 -0.00346500
v 0.01600000 0.20411700 0.00399900
v 0.01600000 0.20411700 0.00399900
v 0.01600000 0.20611700 0.00346300
v 0.01600000 0.20611700 0.00346300
v 0.01600000 0.20758100 0.00199900
v 0.01600000 0.20758100 0.00199900
v 0.01600000 0.20011700 -0.00000100
v 0.01600000 0.20011700 -0.00000100
v 0.01600000 0.20011700 -0.00000100
v 0.01600000 0.20065300 0.00199900
v 0.01600000 0.20065300 0.00199900
v 0.01600000 0.20211700 0.00346300
v 0.01600000 0.20211700 0.00346300
v 0.01600000 0.20411700 -0.00400100
v 0.01600000 0.20411700 -0.00400100
v 0.01600000 0.20211700 -0.00346500
v 0.01600000 0.20211700 -0.00346500
v 0.01600000 0.20065300 -0.00200100
v 0.01600000 0.20065300 -0.00200100
v 0.01100000 0.20584900 0.00099900
v 0.01100000 0.20584900 0.00099900
v 0.01100000 0.20611700 -0.00000100
v 0.01100000 0.20611700 -0.00000100
v 0.01100000 0.20511700 0.00173100
v 0.01100000 0.20511700 0.00173100
v 0.01100000 0.20411700 0.00199900
v 0.01100000 0.20411700 0.00199900
v 0.01100000 0.20311700 0.00173100
v 0.01100000 0.20311700 0.00173100
v 0.01100000 0.20238500 0.00099900
v 0.01100000 0.20238500 0.00099900
v 0.01100000 0.20211700 -0.00000100
v 0.01100000 0.20211700 -0.00000100
v 0.01100000 0.20211700 -0.00000100
v 0.01100000 0.20238500 -0.00100100
v 0.01100000 0.20238500 -0.00100100
v 0.01100000 0.20311700 -0.00173300
v 0.01100000 0.20311700 -0.00173300
v 0.01100000 0.20411700 -0.00200100
v 0.01100000 0.20411700 -0.00200100
v 0.01100000 0.20511700 -0.00173300
v 0.01100000 0.20511700 -0.00173300
v 0.01100000 0.20584900 -0.00100100
v 0.01100000 0.20584900 -0.00100100
v 0.01100000 0.20065300 0.00199900
v 0.01100000 0.20065300 0.00199900
v 0.01100000 0.20011700 -0.00000100
v 0.01100000 0.20011700 -0.00000100
v 0.01100000 0.20011700 -0.00000100
v 0.01100000 0.20065300 -0.00200100
v 0.01100000 0.20065300 -0.00200100
v 0.01100000 0.20211700 -0.00346500
v 0.01100000 0.20211700 -0.00346500
v 0.01100000 0.20411700 -0.00400100
v 0.01100000 0.20411700 -0.00400100
v 0.01100000 0.20611700 -0.00346500
v 0.01100000 0.20611700 -0.00346500
v 0.01100000 0.20758100 -0.00200100
v 0.01100000 0.20758100 -0.00200100
v 0.01100000 0.20811700 -0.00000100
v 0.01100000 0.20811700 -0.00000100
v 0.01100000 0.20758100 0.00199900
v 0.01100000 0.20758100 0.00199900
v 0.01100000 0.20611700 0.00346300
v 0.01100000 0.20611700 0.00346300
v 0.01100000 0.20411700 0.00399900
v 0.01100000 0.20411700 0.00399900
v 0.01100000 0.20211700 0.00346300
v 0.01100000 0.20211700 0.00346300
v -0.01100000 0.20584900 -0.00100100
v -0.01100000 0.20584900 -0.00100100
v -0.01100000 0.20611700 -0.00000100
v -0.01100000 0.20611700 -0.00000100
v -0.01100000 0.20511700 -0.00173300
v -0.01100000 0.20511700 -0.00173300
v -0.01100000 0.20411700 -0.00200100
v -0.01100000 0.20411700 -0.00200100
v -0.01100000 0.20311700 -0.00173300
v -0.01100000 0.20311700 -0.00173300
v -0.01100000 0.20238500 -0.00100100
v -0.01100000 0.20238500 -0.00100100
v -0.01100000 0.20211700 -0.00000100
v -0.01100000 0.20211700 -0.00000100
v -0.01100000 0.20211700 -0.00000100
v -0.01100000 0.20238500 0.00099900
v -0.01100000 0.20238500 0.00099900
v -0.01100000 0.20311700 0.00173100
v -0.01100000 0.20311700 0.00173100
v -0.01100000 0.20411700 0.00199900
v -0.01100000 0.20411700 0.00199900
v -0.01100000 0.20511700 0.00173100
v -0.01100000 0.20511700 0.00173100
v -0.01100000 0.20584900 0.00099900
v -0.01100000 0.20584900 0.00099900
v -0.01600000 0.20011700 -0.00000100
v -0.01600000 0.20011700 -0.00000100
v -0.01600000 0.20011700 -0.00000100
v -0.01600000 0.20065300 -0.00200100
v -0.01600000 0.20065300 -0.00200100
v -0.01600000 0.20211700 -0.00346500
v -0.01600000 0.20211700 -0.00346500
v -0.01600000 0.20411700 0.00399900
v -0.01600000 0.20411700 0.00399900
v -0.01600000 0.20211700 0.00346300
v -0.01600000 0.20211700 0.00346300
v -0.01600000 0.20065300 0.00199900
v -0.01600000 0.20065300 0.00199900
v -0.01600000 0.20811700 -0.00000100
v -0.01600000 0.20811700 -0.00000100
v -0.01600000 0.20758100 0.00199900
v -0.01600000 0.20758100 0.00199900
v -0.01600000 0.20611700 0.00346300
v -0.01600000 0.20611700 0.00346300
v -0.01600000 0.20411700 -0.00400100
v -0.01600000 0.20411700 -0.00400100
v -0.01600000 0.20611700 -0.00346500
v -0.01600000 0.20611700 -0.00346500
v -0.01600000 0.20758100 -0.00200100
v -0.01600000 0.20758100 -0.00200100
v -0.01100000 0.20758100 0.00199900
v -0.01100000 0.20758100 0.00199900
v -0.01100000 0.20811700 -0.00000100
v -0.01100000 0.20811700 -0.00000100
v -0.01100000 0.20758100 -0.00200100
v -0.01100000 0.20758100 -0.00200100
v -0.01100000 0.20611700 -0.00346500
v -0.01100000 0.20611700 -0.00346500
v -0.01100000 0.20411700 -0.00400100
v -0.01100000 0.20411700 -0.00400100
v -0.01100000 0.20211700 -0.00346500
v -0.01100000 0.20211700 -0.00346500
v -0.01100000 0.20065300 -0.00200100
v -0.01100000 0.20065300 -0.00200100
v -0.01100000 0.20011700 -0.00000100
v -0.01100000 0.20011700 -0.00000100
v -0.01100000 0.20011700 -0.00000100
v -0.01100000 0.20065300 0.00199900
v -0.01100000 0.20065300 0.00199900
v -0.01100000 0.20211700 0.00346300
v -0.01100000 0.20211700 0.00346300
v -0.01100000 0.20411700 0.00399900
v -0.01100000 0.20411700 0.00399900
v -0.01100000 0.20611700 0.00346300
v -0.01100000 0.20611700 0.00346300
v -0.01100000 0.20714800 0.00174900
v -0.01100000 0.20714800 0.00174900
v -0.01100000 0.20584900 0.00099900
v -0.01100000 0.20584900 0.00099900
v -0.01100000 0.20761700 -0.00000100
v -0.01100000 0.20761700 -0.00000100
v -0.01100000 0.20611700 -0.00000100
v -0.01100000 0.20611700 -0.00000100
v -0.01100000 0.20714800 -0.00175100
v -0.01100000 0.20714800 -0.00175100
v -0.01100000 0.20584900 -0.00100100
v -0.01100000 0.20584900 -0.00100100
v -0.01100000 0.20511700 -0.00173300
v -0.01100000 0.20511700 -0.00173300
v -0.01100000 0.20511700 0.00173100
v -0.01100000 0.20511700 0.00173100
v -0.01100000 0.20586700 0.00303000
v -0.01100000 0.20586700 0.00303000
v -0.01100000 0.20411700 0.00199900
v -0.01100000 0.20411700 0.00199900
v -0.01100000 0.20411700 0.00349900
v -0.01100000 0.20411700 0.00349900
v -0.01100000 0.20236700 0.00303000
v -0.01100000 0.20236700 0.00303000
v -0.01100000 0.20311700 0.00173100
v -0.01100000 0.20311700 0.00173100
v -0.01100000 0.20108600 0.00174900
v -0.01100000 0.20108600 0.00174900
v -0.01100000 0.20238500 0.00099900
v -0.01100000 0.20238500 0.00099900
v -0.01100000 0.20061700 -0.00000100
v -0.01100000 0.20061700 -0.00000100
v -0.01100000 0.20061700 -0.00000100
v -0.01100000 0.20211700 -0.00000100
v -0.01100000 0.20211700 -0.00000100
v -0.01100000 0.20211700 -0.00000100
v -0.01100000 0.20238500 -0.00100100
v -0.01100000 0.20238500 -0.00100100
v -0.01100000 0.20108600 -0.00175100
v -0.01100000 0.20108600 -0.00175100
v -0.01100000 0.20311700 -0.00173300
v -0.01100000 0.20311700 -0.00173300
v -0.01100000 0.20236700 -0.00303200
v -0.01100000 0.20236700 -0.00303200
v -0.01100000 0.20411700 -0.00200100
v -0.01100000 0.20411700 -0.00200100
v -0.01100000 0.20411700 -0.00350100
v -0.01100000 0.20411700 -0.00350100
v -0.01100000 0.20586700 -0.00303200
v -0.01100000 0.20586700 -0.00303200
v 0.01100000 0.20108600 0.00174900
v 0.01100000 0.20108600 0.00174900
v 0.01100000 0.20238500 0.00099900
v 0.01100000 0.20238500 0.00099900
v 0.01100000 0.20061700 -0.00000100
v 0.01100000 0.20061700 -0.00000100
v 0.01100000 0.20061700 -0.00000100
v 0.01100000 0.20211700 -0.00000100
v 0.01100000 0.20211700 -0.00000100
v 0.01100000 0.20211700 -0.00000100
v 0.01100000 0.20108600 -0.00175100
v 0.01100000 0.20108600 -0.00175100
v 0.01100000 0.20238500 -0.00100100
v 0.01100000 0.20238500 -0.00100100
v 0.01100000 0.20311700 -0.00173300
v 0.01100000 0.20311700 -0.00173300
v 0.01100000 0.20311700 0.00173100
v 0.01100000 0.20311700 0.00173100
v 0.01100000 0.20236700 0.00303000
v 0.01100000 0.20236700 0.00303000
v 0.01100000 0.20411700 0.00199900
v 0.01100000 0.20411700 0.00199900
v 0.01100000 0.20411700 0.00349900
v 0.01100000 0.20411700 0.00349900
v 0.01100000 0.20586700 0.00303000
v 0.01100000 0.20586700 0.00303000
v 0.01100000 0.20511700 0.00173100
v 0.01100000 0.20511700 0.00173100
v 0.01100000 0.20714800 0.00174900
v 0.01100000 0.20714800 0.00174900
v 0.01100000 0.20584900 0.00099900
v 0.01100000 0.20584900 0.00099900
v 0.01100000 0.20761700 -0.00000100
v 0.01100000 0.20761700 -0.00000100
v 0.01100000 0.20611700 -0.00000100
v 0.01100000 0.20611700 -0.00000100
v 0.01100000 0.20584900 -0.00100100
v 0.01100000 0.20584900 -0.00100100
v 0.01100000 0.20714800 -0.00175100
v 0.01100000 0.20714800 -0.00175100
v 0.01100000 0.20511700 -0.00173300
v 0.01100000 0.20511700 -0.00173300
v 0.01100000 0.20586700 -0.00303200
v 0.01100000 0.20586700 -0.00303200
v 0.01100000 0.20411700 -0.00200100
v 0.01100000 0.20411700 -0.00200100
v 0.01100000 0.20411700 -0.00350100
v 0.01100000 0.20411700 -0.00350100
v 0.01100000 0.20236700 -0.00303200
v 0.01100000 0.20236700 -0.00303200
v 0.01300000 0.20341700 -0.00343000
v 0.01300000 0.20341700 -0.00343000
v 0.01300000 0.20341700 -0.00343000
v 0.01400000 0.20341700 -0.00343000
v 0.01400000 0.20341700 -0.00343000
v 0.01400000 0.20341700 -0.00343000
v 0.01400000 0.20197700 -0.00277100
v 0.01400000 0.20197700 -0.00277100
v 0.01400000 0.20097500 -0.00154400
v 0.01400000 0.20097500 -0.00154400
v 0.01400000 0.20061700 -0.00000100
v 0.01400000 0.20061700 -0.00000100
v 0.01400000 0.20061700 -0.00000100
v 0.01400000 0.20097500 0.00154200
v 0.01400000 0.20097500 0.00154200
v 0.01400000 0.20197700 0.00276900
v 0.01400000 0.20197700 0.00276900
v 0.01300000 0.20341700 0.00342800
v 0.01300000 0.20341700 0.00342800
v 0.01300000 0.20341700 0.00342800
v 0.01300000 0.20388200 0.00349100
v 0.01300000 0.20388200 0.00349100
v 0.01300000 0.20435200 0.00349100
v 0.01300000 0.20435200 0.00349100
v 0.01400000 0.20341700 0.00342800
v 0.01400000 0.20341700 0.00342800
v 0.01400000 0.20341700 0.00342800
v 0.01300000 0.20481700 0.00342800
v 0.01300000 0.20481700 0.00342800
v 0.01300000 0.20481700 0.00342800
v 0.01400000 0.20481700 0.00342800
v 0.01400000 0.20481700 0.00342800
v 0.01400000 0.20481700 0.00342800
v 0.01400000 0.20625700 0.00276900
v 0.01400000 0.20625700 0.00276900
v 0.01400000 0.20725900 0.00154200
v 0.01400000 0.20725900 0.00154200
v 0.01400000 0.20761700 -0.00000100
v 0.01400000 0.20761700 -0.00000100
v 0.01400000 0.20725900 -0.00154400
v 0.01400000 0.20725900 -0.00154400
v 0.01400000 0.20625700 -0.00277100
v 0.01400000 0.20625700 -0.00277100
v 0.01300000 0.20481700 -0.00343000
v 0.01300000 0.20481700 -0.00343000
v 0.01300000 0.20481700 -0.00343000
v 0.01300000 0.20435200 -0.00349300
v 0.01300000 0.20435200 -0.00349300
v 0.01300000 0.20388200 -0.00349300
v 0.01300000 0.20388200 -0.00349300
v 0.01400000 0.20481700 -0.00343000
v 0.01400000 0.20481700 -0.00343000
v 0.01400000 0.20481700 -0.00343000
v 0.01438700 0.20341700 0.00334800
v 0.01438700 0.20341700 0.00334800
v 0.01450000 0.20205900 0.00266300
v 0.01471300 0.20341700 0.00312300
v 0.01471300 0.20341700 0.00312300
v 0.01486600 0.20228300 0.00237300
v 0.01492600 0.20341700 0.00278900
v 0.01492600 0.20341700 0.00278900
v 0.01500000 0.20341700 0.00239900
v 0.01500000 0.20341700 0.00239900
v 0.01500000 0.20341700 0.00239900
v 0.01500000 0.20232600 0.00174300
v 0.01500000 0.20232600 0.00174300
v 0.01486600 0.20142400 0.00132100
v 0.01500000 0.20169900 0.00063500
v 0.01500000 0.20169900 0.00063500
v 0.01486600 0.20111700 -0.00000100
v 0.01500000 0.20169900 -0.00063700
v 0.01500000 0.20169900 -0.00063700
v 0.01486600 0.20142400 -0.00132300
v 0.01500000 0.20232600 -0.00174500
v 0.01500000 0.20232600 -0.00174500
v 0.01486600 0.20228300 -0.00237500
v 0.01500000 0.20341700 -0.00240100
v 0.01500000 0.20341700 -0.00240100
v 0.01500000 0.20341700 -0.00240100
v 0.01492600 0.20341700 -0.00279100
v 0.01492600 0.20341700 -0.00279100
v 0.01471300 0.20341700 -0.00312500
v 0.01471300 0.20341700 -0.00312500
v 0.01450000 0.20205900 -0.00266500
v 0.01438700 0.20341700 -0.00335100
v 0.01438700 0.20341700 -0.00335100
v 0.01450000 0.20109600 0.00148300
v 0.01450000 0.20075100 -0.00000100
v 0.01450000 0.20109600 -0.00148500
v 0.01438700 0.20481700 -0.00335100
v 0.01438700 0.20481700 -0.00335100
v 0.01438700 0.20481700 0.00334800
v 0.01438700 0.20481700 0.00334800
v 0.01471300 0.20481700 -0.00312500
v 0.01471300 0.20481700 -0.00312500
v 0.01500000 0.20481700 0.00239900
v 0.01500000 0.20481700 0.00239900
v 0.01500000 0.20481700 0.00239900
v 0.01471300 0.20481700 0.00312300
v 0.01471300 0.20481700 0.00312300
v 0.01492600 0.20481700 -0.00279100
v 0.01492600 0.20481700 -0.00279100
v 0.01500000 0.20481700 -0.00240100
v 0.01500000 0.20481700 -0.00240100
v 0.01500000 0.20481700 -0.00240100
v 0.01492600 0.20481700 0.00278900
v 0.01492600 0.20481700 0.00278900
v 0.01486600 0.20595100 0.00237300
v 0.01500000 0.20590800 0.00174300
v 0.01500000 0.20590800 0.00174300
v 0.01486600 0.20681000 0.00132100
v 0.01500000 0.20653500 0.00063500
v 0.01500000 0.20653500 0.00063500
v 0.01486600 0.20711700 -0.00000100
v 0.01500000 0.20653500 -0.00063700
v 0.01500000 0.20653500 -0.00063700
v 0.01486600 0.20681000 -0.00132300
v 0.01500000 0.20590800 -0.00174500
v 0.01500000 0.20590800 -0.00174500
v 0.01486600 0.20595100 -0.00237500
v 0.01450000 0.20617500 -0.00266500
v 0.01450000 0.20713800 -0.00148500
v 0.01450000 0.20748300 -0.00000100
v 0.01450000 0.20713800 0.00148300
v 0.01450000 0.20617500 0.00266300
v -0.01300000 0.20341700 0.00342800
v -0.01300000 0.20341700 0.00342800
v -0.01300000 0.20341700 0.00342800
v -0.01300000 0.20388200 0.00349100
v -0.01300000 0.20388200 0.00349100
v -0.01300000 0.20341700 -0.00343000
v -0.01300000 0.20341700 -0.00343000
v -0.01300000 0.20341700 -0.00343000
v -0.01300000 0.20388200 -0.00349300
v -0.01300000 0.20388200 -0.00349300
v -0.01300000 0.20435200 0.00349100
v -0.01300000 0.20435200 0.00349100
v -0.01300000 0.20435200 -0.00349300
v -0.01300000 0.20435200 -0.00349300
v -0.01300000 0.20481700 -0.00343000
v -0.01300000 0.20481700 -0.00343000
v -0.01300000 0.20481700 -0.00343000
v -0.01300000 0.20481700 0.00342800
v -0.01300000 0.20481700 0.00342800
v -0.01300000 0.20481700 0.00342800
v -0.01500000 0.20341700 0.00239900
v -0.01500000 0.20341700 0.00239900
v -0.01500000 0.20341700 0.00239900
v -0.01500000 0.20341700 -0.00240100
v -0.01500000 0.20341700 -0.00240100
v -0.01500000 0.20341700 -0.00240100
v -0.01500000 0.20232600 0.00174300
v -0.01500000 0.20232600 0.00174300
v -0.01500000 0.20232600 -0.00174500
v -0.01500000 0.20232600 -0.00174500
v -0.01500000 0.20169900 -0.00063700
v -0.01500000 0.20169900 -0.00063700
v -0.01500000 0.20169900 0.00063500
v -0.01500000 0.20169900 0.00063500
v -0.01492600 0.20341700 -0.00279100
v -0.01492600 0.20341700 -0.00279100
v -0.01471300 0.20341700 -0.00312500
v -0.01471300 0.20341700 -0.00312500
v -0.01438700 0.20341700 -0.00335100
v -0.01438700 0.20341700 -0.00335100
v -0.01471300 0.20341700 0.00312300
v -0.01471300 0.20341700 0.00312300
v -0.01438700 0.20341700 0.00334800
v -0.01438700 0.20341700 0.00334800
v -0.01492600 0.20341700 0.00278900
v -0.01492600 0.20341700 0.00278900
v -0.01400000 0.20341700 -0.00343000
v -0.01400000 0.20341700 -0.00343000
v -0.01400000 0.20341700 -0.00343000
v -0.01400000 0.20341700 0.00342800
v -0.01400000 0.20341700 0.00342800
v -0.01400000 0.20341700 0.00342800
v -0.01400000 0.20197700 -0.00277100
v -0.01400000 0.20197700 -0.00277100
v -0.01450000 0.20205900 -0.00266500
v -0.01486600 0.20228300 -0.00237500
v -0.01486600 0.20142400 -0.00132300
v -0.01486600 0.20111700 -0.00000100
v -0.01486600 0.20142400 0.00132100
v -0.01486600 0.20228300 0.00237300
v -0.01450000 0.20205900 0.00266300
v -0.01400000 0.20197700 0.00276900
v -0.01400000 0.20197700 0.00276900
v -0.01400000 0.20097500 0.00154200
v -0.01400000 0.20097500 0.00154200
v -0.01450000 0.20109600 0.00148300
v -0.01400000 0.20061700 -0.00000100
v -0.01400000 0.20061700 -0.00000100
v -0.01400000 0.20061700 -0.00000100
v -0.01450000 0.20075100 -0.00000100
v -0.01400000 0.20097500 -0.00154400
v -0.01400000 0.20097500 -0.00154400
v -0.01450000 0.20109600 -0.00148500
v -0.01500000 0.20481700 0.00239900
v -0.01500000 0.20481700 0.00239900
v -0.01500000 0.20481700 0.00239900
v -0.01500000 0.20590800 0.00174300
v -0.01500000 0.20590800 0.00174300
v -0.01500000 0.20481700 -0.00240100
v -0.01500000 0.20481700 -0.00240100
v -0.01500000 0.20481700 -0.00240100
v -0.01500000 0.20590800 -0.00174500
v -0.01500000 0.20590800 -0.00174500
v -0.01500000 0.20653500 -0.00063700
v -0.01500000 0.20653500 -0.00063700
v -0.01500000 0.20653500 0.00063500
v -0.01500000 0.20653500 0.00063500
v -0.01492600 0.20481700 0.00278900
v -0.01492600 0.20481700 0.00278900
v -0.01471300 0.20481700 0.00312300
v -0.01471300 0.20481700 0.00312300
v -0.01438700 0.20481700 0.00334800
v -0.01438700 0.20481700 0.00334800
v -0.01471300 0.20481700 -0.00312500
v -0.01471300 0.20481700 -0.00312500
v -0.01438700 0.20481700 -0.00335100
v -0.01438700 0.20481700 -0.00335100
v -0.01492600 0.20481700 -0.00279100
v -0.01492600 0.20481700 -0.00279100
v -0.01400000 0.20481700 0.00342800
v -0.01400000 0.20481700 0.00342800
v -0.01400000 0.20481700 0.00342800
v -0.01400000 0.20481700 -0.00343000
v -0.01400000 0.20481700 -0.00343000
v -0.01400000 0.20481700 -0.00343000
v -0.01400000 0.20625700 -0.00277100
v -0.01400000 0.20625700 -0.00277100
v -0.01400000 0.20725900 -0.00154400
v -0.01400000 0.20725900 -0.00154400
v -0.01400000 0.20761700 -0.00000100
v -0.01400000 0.20761700 -0.00000100
v -0.01400000 0.20725900 0.00154200
v -0.01400000 0.20725900 0.00154200
v -0.01400000 0.20625700 0.00276900
v -0.01400000 0.20625700 0.00276900
v -0.01450000 0.20617500 0.00266300
v -0.01486600 0.20595100 0.00237300
v -0.01486600 0.20681000 0.00132100
v -0.01486600 0.20711700 -0.00000100
v -0.01486600 0.20681000 -0.00132300
v -0.01486600 0.20595100 -0.00237500
v -0.01450000 0.20617500 -0.00266500
v -0.01450000 0.20713800 -0.00148500
v -0.01450000 0.20748300 -0.00000100
v -0.01450000 0.20713800 0.00148300
v 0.00796300 0.08596600 -0.00076800
v 0.00796300 0.08596600 -0.00076800
v 0.00800000 0.08611900 -0.00000100
v 0.00800000 0.08611900 -0.00000100
v 0.00800000 0.08611900 -0.00000100
v 0.00800000 0.10411800 -0.00000100
v 0.00800000 0.10411800 -0.00000100
v 0.00800000 0.10411800 -0.00000100
v 0.00796300 0.08596600 0.00076600
v 0.00796300 0.08596600 0.00076600
v 0.00787400 0.08553300 0.00141300
v 0.00787400 0.08553300 0.00141300
v 0.00778400 0.08488500 0.00184600
v 0.00778400 0.08488500 0.00184600
v 0.00692800 0.10411800 0.00399900
v 0.00692800 0.10411800 0.00399900
v 0.00774600 0.08411900 0.00199900
v 0.00774600 0.08411900 0.00199900
v 0.00692800 0.06411900 0.00399900
v 0.00692800 0.06411900 0.00399900
v 0.00778400 0.08335200 0.00184600
v 0.00778400 0.08335200 0.00184600
v 0.00800000 0.06411900 -0.00000100
v 0.00800000 0.06411900 -0.00000100
v 0.00800000 0.06411900 -0.00000100
v 0.00787400 0.08270400 0.00141300
v 0.00787400 0.08270400 0.00141300
v 0.00796300 0.08227100 0.00076600
v 0.00796300 0.08227100 0.00076600
v 0.00800000 0.08211900 -0.00000100
v 0.00800000 0.08211900 -0.00000100
v 0.00800000 0.08211900 -0.00000100
v 0.00800000 0.08211900 -0.00000100
v 0.00796300 0.08227100 -0.00076800
v 0.00796300 0.08227100 -0.00076800
v 0.00787400 0.08270400 -0.00141500
v 0.00787400 0.08270400 -0.00141500
v 0.00778400 0.08335200 -0.00184800
v 0.00778400 0.08335200 -0.00184800
v 0.00774600 0.08411900 -0.00200100
v 0.00774600 0.08411900 -0.00200100
v 0.00692800 0.06411900 -0.00400100
v 0.00692800 0.06411900 -0.00400100
v 0.00692800 0.10411800 -0.00400100
v 0.00692800 0.10411800 -0.00400100
v 0.00400000 0.06411900 -0.00692900
v 0.00400000 0.06411900 -0.00692900
v 0.00400000 0.10411800 -0.00692900
v 0.00400000 0.10411800 -0.00692900
v 0.00000000 0.06411900 -0.00800100
v 0.00000000 0.06411900 -0.00800100
v 0.00000000 0.10411800 -0.00800100
v 0.00000000 0.10411800 -0.00800100
v -0.00400000 0.06411900 -0.00692900
v -0.00400000 0.06411900 -0.00692900
v -0.00400000 0.10411800 -0.00692900
v -0.00400000 0.10411800 -0.00692900
v -0.00692800 0.06411900 -0.00400100
v -0.00692800 0.06411900 -0.00400100
v -0.00692800 0.10411800 -0.00400100
v -0.00692800 0.10411800 -0.00400100
v -0.00774600 0.08411900 -0.00200100
v -0.00774600 0.08411900 -0.00200100
v -0.00778400 0.08488500 -0.00184800
v -0.00778400 0.08488500 -0.00184800
v -0.00800000 0.10411800 -0.00000100
v -0.00800000 0.10411800 -0.00000100
v -0.00787400 0.08553300 -0.00141500
v -0.00787400 0.08553300 -0.00141500
v -0.00796300 0.08596600 -0.00076800
v -0.00796300 0.08596600 -0.00076800
v -0.00800000 0.08611900 -0.00000100
v -0.00800000 0.08611900 -0.00000100
v -0.00796300 0.08596600 0.00076600
v -0.00796300 0.08596600 0.00076600
v -0.00787400 0.08553300 0.00141300
v -0.00787400 0.08553300 0.00141300
v -0.00778400 0.08488500 0.00184600
v -0.00778400 0.08488500 0.00184600
v -0.00774600 0.08411900 0.00199900
v -0.00774600 0.08411900 0.00199900
v -0.00692800 0.10411800 0.00399900
v -0.00692800 0.10411800 0.00399900
v -0.00692800 0.06411900 0.00399900
v -0.00692800 0.06411900 0.00399900
v -0.00400000 0.06411900 0.00692700
v -0.00400000 0.06411900 0.00692700
v -0.00400000 0.10411800 0.00692700
v -0.00400000 0.10411800 0.00692700
v 0.00000000 0.06411900 0.00799900
v 0.00000000 0.06411900 0.00799900
v 0.00000000 0.10411800 0.00799900
v 0.00000000 0.10411800 0.00799900
v 0.00400000 0.06411900 0.00692700
v 0.00400000 0.06411900 0.00692700
v 0.00400000 0.10411800 0.00692700
v 0.00400000 0.10411800 0.00692700
v 0.00778400 0.08488500 -0.00184800
v 0.00778400 0.08488500 -0.00184800
v 0.00787400 0.08553300 -0.00141500
v 0.00787400 0.08553300 -0.00141500
v -0.00800000 0.06411900 -0.00000100
v -0.00800000 0.06411900 -0.00000100
v -0.00778400 0.08335200 0.00184600
v -0.00778400 0.08335200 0.00184600
v -0.00787400 0.08270400 0.00141300
v -0.00787400 0.08270400 0.00141300
v -0.00796300 0.08227100 0.00076600
v -0.00796300 0.08227100 0.00076600
v -0.00800000 0.08211900 -0.00000100
v -0.00800000 0.08211900 -0.00000100
v -0.00800000 0.08211900 -0.00000100
v -0.00796300 0.08227100 -0.00076800
v -0.00796300 0.08227100 -0.00076800
v -0.00787400 0.08270400 -0.00141500
v -0.00787400 0.08270400 -0.00141500
v -0.00778400 0.08335200 -0.00184800
v -0.00778400 0.08335200 -0.00184800
v -0.01559800 0.06411900 -0.01050100
v -0.01559800 0.06411900 -0.01050100
v -0.01300000 0.06411900 -0.01200100
v -0.01300000 0.06411900 -0.01200100
v -0.01300000 0.06411900 -0.01200100
v -0.01600000 0.06411900 -0.00900100
v -0.01600000 0.06411900 -0.00900100
v -0.01600000 0.06411900 -0.00900100
v -0.01450000 0.06411900 -0.01159900
v -0.01450000 0.06411900 -0.01159900
v 0.01300000 0.06411900 -0.01200100
v 0.01300000 0.06411900 -0.01200100
v 0.01300000 0.06411900 -0.01200100
v 0.01450000 0.06411900 -0.01159900
v 0.01450000 0.06411900 -0.01159900
v 0.01559800 0.06411900 -0.01050100
v 0.01559800 0.06411900 -0.01050100
v 0.01600000 0.06411900 -0.00900100
v 0.01600000 0.06411900 -0.00900100
v 0.01600000 0.06411900 -0.00900100
v 0.01600000 0.06411900 0.00899900
v 0.01600000 0.06411900 0.00899900
v 0.01600000 0.06411900 0.00899900
v 0.01300000 0.06411900 0.01199900
v 0.01300000 0.06411900 0.01199900
v 0.01300000 0.06411900 0.01199900
v -0.01300000 0.06411900 0.01199900
v -0.01300000 0.06411900 0.01199900
v -0.01300000 0.06411900 0.01199900
v -0.01600000 0.06411900 0.00899900
v -0.01600000 0.06411900 0.00899900
v -0.01600000 0.06411900 0.00899900
v 0.01559800 0.06411900 0.01049900
v 0.01559800 0.06411900 0.01049900
v 0.01450000 0.06411900 0.01159700
v 0.01450000 0.06411900 0.01159700
v -0.01450000 0.06411900 0.01159700
v -0.01450000 0.06411900 0.01159700
v -0.01559800 0.06411900 0.01049900
v -0.01559800 0.06411900 0.01049900
v 0.01300000 0.10411800 -0.01200100
v 0.01300000 0.10411800 -0.01200100
v 0.01300000 0.10411800 -0.01200100
v 0.01450000 0.08411900 -0.01159900
v 0.01450000 0.10411800 -0.01159900
v 0.01450000 0.10411800 -0.01159900
v 0.01559800 0.08411900 -0.01050100
v 0.01559800 0.10411800 -0.01050100
v 0.01559800 0.10411800 -0.01050100
v 0.01600000 0.10411800 -0.00900100
v 0.01600000 0.10411800 -0.00900100
v 0.01600000 0.10411800 -0.00900100
v -0.00520300 0.09265800 0.01881800
v -0.00520300 0.09265800 0.01881800
v -0.00520300 0.09265800 0.01199900
v -0.00520300 0.09265800 0.01199900
v -0.00877600 0.08891300 0.01881800
v -0.00877600 0.08891300 0.01881800
v -0.00877600 0.08891300 0.01881800
v -0.00877600 0.08891300 0.01881800
v -0.00877600 0.08891300 0.01199900
v -0.00877600 0.08891300 0.01199900
v -0.00877600 0.08891300 0.01199900
v -0.00999700 0.08388300 0.01881800
v -0.00999700 0.08388300 0.01881800
v -0.00999700 0.08388300 0.01199900
v -0.00999700 0.08388300 0.01199900
v -0.00854000 0.07891600 0.01881800
v -0.00854000 0.07891600 0.01881800
v -0.00854000 0.07891600 0.01199900
v -0.00854000 0.07891600 0.01199900
v -0.00479400 0.07534300 0.01881800
v -0.00479400 0.07534300 0.01881800
v -0.00479400 0.07534300 0.01199900
v -0.00479400 0.07534300 0.01199900
v 0.00023600 0.07412100 0.01881800
v 0.00023600 0.07412100 0.01881800
v 0.00023600 0.07412100 0.01199900
v 0.00023600 0.07412100 0.01199900
v 0.00520300 0.07557900 0.01881800
v 0.00520300 0.07557900 0.01881800
v 0.00520300 0.07557900 0.01199900
v 0.00520300 0.07557900 0.01199900
v 0.00877600 0.07932400 0.01881800
v 0.00877600 0.07932400 0.01881800
v 0.00877600 0.07932400 0.01199900
v 0.00877600 0.07932400 0.01199900
v 0.00999700 0.08435500 0.01881800
v 0.00999700 0.08435500 0.01881800
v 0.00999700 0.08435500 0.01199900
v 0.00999700 0.08435500 0.01199900
v 0.00854000 0.08932100 0.01881800
v 0.00854000 0.08932100 0.01881800
v 0.00854000 0.08932100 0.01199900
v 0.00854000 0.08932100 0.01199900
v 0.00479400 0.09289400 0.01881800
v 0.00479400 0.09289400 0.01881800
v 0.00479400 0.09289400 0.01199900
v 0.00479400 0.09289400 0.01199900
v -0.00023600 0.09411600 0.01881800
v -0.00023600 0.09411600 0.01881800
v -0.00023600 0.09411600 0.01199900
v -0.00023600 0.09411600 0.01199900
v -0.01355900 0.08481300 0.02362200
v -0.01191500 0.09062800 0.02362200
v -0.01191500 0.09062800 0.02362200
v -0.00791100 0.09515300 0.02362200
v -0.01315500 0.09130500 0.02944200
v -0.01315500 0.09130500 0.02944200
v -0.00873400 0.09630100 0.02944200
v -0.01229700 0.09083600 0.03535100
v -0.01229700 0.09083600 0.03535100
v -0.00816400 0.09550700 0.03535100
v -0.00947900 0.08929700 0.04040600
v -0.00947900 0.08929700 0.04040600
v -0.00629400 0.09289700 0.04040600
v -0.00515000 0.08693200 0.04380300
v -0.00515000 0.08693200 0.04380300
v -0.00341900 0.08888800 0.04380300
v 0.00000000 0.08411900 0.04499800
v 0.00000000 0.08411900 0.04499800
v 0.00000000 0.08411900 0.04499800
v 0.00000000 0.08411900 0.04499800
v 0.00000000 0.08411900 0.04499800
v 0.00000000 0.08411900 0.04499800
v 0.00000000 0.08411900 0.04499800
v 0.00000000 0.08411900 0.04499800
v 0.00000000 0.08411900 0.04499800
v 0.00000000 0.08411900 0.04499800
v 0.00000000 0.08411900 0.04499800
v 0.00000000 0.08411900 0.04499800
v 0.00000000 0.08411900 0.04499800
v 0.00000000 0.08411900 0.04499800
v -0.01251800 0.07886200 0.02362200
v -0.00899700 0.07395100 0.02362200
v -0.00369500 0.07105400 0.02362200
v 0.00234000 0.07074500 0.02362200
v 0.00791100 0.07308400 0.02362200
v 0.01191500 0.07760900 0.02362200
v 0.01355900 0.08342400 0.02362200
v 0.01497000 0.08335100 0.02944200
v 0.01382000 0.08992300 0.02944200
v 0.01291900 0.08954400 0.03535100
v 0.00928600 0.09461200 0.03535100
v 0.00715800 0.09220800 0.04040600
v 0.00293900 0.09451200 0.04040600
v 0.00159700 0.08976600 0.04380300
v -0.00101100 0.08989900 0.04380300
v 0.01251800 0.08937600 0.02362200
v 0.00993300 0.09534400 0.02944200
v 0.00381300 0.09760200 0.03535100
v -0.00186100 0.09475800 0.04040600
v 0.00899700 0.09428600 0.02362200
v 0.00407900 0.09854200 0.02944200
v -0.00241500 0.09792100 0.03535100
v 0.00369500 0.09718300 0.02362200
v -0.00258300 0.09888400 0.02944200
v -0.00234000 0.09749200 0.02362200
v 0.00388900 0.08851300 0.04380300
v 0.00541100 0.08639100 0.04380300
v 0.00586100 0.08381800 0.04380300
v 0.00515000 0.08130500 0.04380300
v 0.00341900 0.07934900 0.04380300
v 0.00101100 0.07833800 0.04380300
v -0.00159700 0.07847200 0.04380300
v -0.00388900 0.07972400 0.04380300
v -0.00541100 0.08184600 0.04380300
v -0.00586100 0.08441900 0.04380300
v -0.01497000 0.08488600 0.02944200
v -0.01382000 0.07831500 0.02944200
v -0.00993300 0.07289300 0.02944200
v -0.00407900 0.06969500 0.02944200
v 0.00258300 0.06935300 0.02944200
v 0.00873400 0.07193600 0.02944200
v 0.01315500 0.07693200 0.02944200
v -0.01399400 0.08483600 0.03535100
v -0.01291900 0.07869300 0.03535100
v -0.00928600 0.07362500 0.03535100
v -0.00381300 0.07063500 0.03535100
v 0.00241500 0.07031600 0.03535100
v 0.00816400 0.07273000 0.03535100
v 0.01229700 0.07740100 0.03535100
v 0.01399400 0.08340100 0.03535100
v -0.01078700 0.08467100 0.04040600
v -0.00995900 0.07993600 0.04040600
v -0.00715800 0.07602900 0.04040600
v -0.00293900 0.07372500 0.04040600
v 0.00186100 0.07347900 0.04040600
v 0.00629400 0.07534000 0.04040600
v 0.00947900 0.07894000 0.04040600
v 0.01078700 0.08356600 0.04040600
v 0.00995900 0.08830100 0.04040600
v -0.00764700 0.09911800 -0.01200100
v -0.00764700 0.09911800 -0.01200100
v -0.00764700 0.09911800 -0.01200100
v 0.01000000 0.09911800 -0.01200100
v 0.01000000 0.09911800 -0.01200100
v 0.01000000 0.09911800 -0.01200100
v -0.00682300 0.09711800 -0.03100100
v -0.00682300 0.09711800 -0.03100100
v 0.00600000 0.09511800 -0.05000000
v 0.00600000 0.09511800 -0.05000000
v 0.00600000 0.09511800 -0.05000000
v -0.00600000 0.09511800 -0.05000000
v -0.00600000 0.09511800 -0.05000000
v -0.00600000 0.09511800 -0.05000000
v 0.01000000 0.06911900 -0.01200100
v 0.01000000 0.06911900 -0.01200100
v 0.01000000 0.06911900 -0.01200100
v 0.00600000 0.07311900 -0.05000000
v 0.00600000 0.07311900 -0.05000000
v 0.00600000 0.07311900 -0.05000000
v -0.01000000 0.06911900 -0.01200100
v -0.01000000 0.06911900 -0.01200100
v -0.01000000 0.06911900 -0.01200100
v -0.00600000 0.07311900 -0.05000000
v -0.00600000 0.07311900 -0.05000000
v -0.00600000 0.07311900 -0.05000000
v -0.01000000 0.09911800 -0.01200100
v -0.01000000 0.09911800 -0.01200100
v -0.01000000 0.09911800 -0.01200100
v -0.00800000 0.09631800 -0.03100100
v -0.00800000 0.09631800 -0.03100100
v -0.00700000 0.09491800 -0.04050100
v -0.00700000 0.09491800 -0.04050100
v -0.00600000 0.09351800 -0.05000000
v -0.00600000 0.09351800 -0.05000000
v -0.00600000 0.09351800 -0.05000000
v -0.00811800 0.09791800 -0.02150100
v -0.00741200 0.09671800 -0.03100100
v -0.00670600 0.09551800 -0.04050100
v 0.00750000 0.07161900 -0.05000000
v 0.00750000 0.07161900 -0.05000000
v 0.00750000 0.07161900 -0.05000000
v -0.00750000 0.07161900 -0.05000000
v -0.00750000 0.07161900 -0.05000000
v -0.00750000 0.07161900 -0.05000000
v 0.00750000 0.09661800 -0.05000000
v 0.00750000 0.09661800 -0.05000000
v 0.00750000 0.09661800 -0.05000000
v -0.00661800 0.09661800 -0.05000000
v -0.00661800 0.09661800 -0.05000000
v -0.00661800 0.09661800 -0.05000000
v -0.00750000 0.09661800 -0.05000000
v -0.00750000 0.09661800 -0.05000000
v -0.00750000 0.09661800 -0.05000000
v -0.00321700 0.07590200 -0.07000000
v -0.00321700 0.07590200 -0.07000000
v -0.00321700 0.07590200 -0.07000000
v -0.00321700 0.09233500 -0.07000000
v -0.00321700 0.09233500 -0.07000000
v -0.00321700 0.09233500 -0.07000000
v 0.00321700 0.07590200 -0.07000000
v 0.00321700 0.07590200 -0.07000000
v 0.00321700 0.07590200 -0.07000000
v 0.00321700 0.09233500 -0.07000000
v 0.00321700 0.09233500 -0.07000000
v 0.00321700 0.09233500 -0.07000000
v -0.00620800 0.09468100 -0.06722500
v -0.00620800 0.09468100 -0.06722500
v -0.00620800 0.09468100 -0.06722500
v -0.00618400 0.09470300 -0.06744300
v -0.00618400 0.09470300 -0.06744300
v -0.00620800 0.07291100 -0.06722500
v -0.00620800 0.07291100 -0.06722500
v -0.00620800 0.07291100 -0.06722500
v -0.00620800 0.07291100 -0.06722500
v -0.00614900 0.09481400 -0.06763100
v -0.00614900 0.09481400 -0.06763100
v -0.00591900 0.07319900 -0.06830200
v -0.00591900 0.07319900 -0.06830200
v -0.00607600 0.09519400 -0.06790900
v -0.00607600 0.09519400 -0.06790900
v -0.00607600 0.09519400 -0.06790900
v -0.00565200 0.09477100 -0.06875200
v -0.00565200 0.09477100 -0.06875200
v -0.00525700 0.07386200 -0.06919900
v -0.00525700 0.07386200 -0.06919900
v -0.00498800 0.09410600 -0.06942100
v -0.00498800 0.09410600 -0.06942100
v -0.00431200 0.07480600 -0.06979300
v -0.00431200 0.07480600 -0.06979300
v -0.00608600 0.09532700 -0.06722500
v -0.00608600 0.09532700 -0.06722500
v -0.00608600 0.09532700 -0.06722500
v 0.00620800 0.09532700 -0.06722500
v 0.00620800 0.09532700 -0.06722500
v 0.00620800 0.09532700 -0.06722500
v 0.00620800 0.09532700 -0.06722500
v 0.00591900 0.09503800 -0.06830200
v 0.00591900 0.09503800 -0.06830200
v 0.00525700 0.09437500 -0.06919900
v 0.00525700 0.09437500 -0.06919900
v 0.00431200 0.09343100 -0.06979300
v 0.00431200 0.09343100 -0.06979300
v 0.00620800 0.07291100 -0.06722500
v 0.00620800 0.07291100 -0.06722500
v 0.00620800 0.07291100 -0.06722500
v 0.00620800 0.07291100 -0.06722500
v 0.00591900 0.07319900 -0.06830200
v 0.00591900 0.07319900 -0.06830200
v 0.00525700 0.07386200 -0.06919900
v 0.00525700 0.07386200 -0.06919900
v 0.00431200 0.07480600 -0.06979300
v 0.00431200 0.07480600 -0.06979300
v -0.00685400 0.09565000 -0.05861200
v -0.00685400 0.09565000 -0.05861200
v -0.00635200 0.09597200 -0.05861200
v -0.00635200 0.09597200 -0.05861200
v -0.00632000 0.09531000 -0.06395400
v -0.00652900 0.09568100 -0.06000000
v -0.00679400 0.09615000 -0.05500000
v -0.01600000 0.10411800 -0.00900100
v -0.01600000 0.10411800 -0.00900100
v -0.01600000 0.10411800 -0.00900100
v -0.01559800 0.08411900 -0.01050100
v -0.01559800 0.10411800 -0.01050100
v -0.01559800 0.10411800 -0.01050100
v -0.01450000 0.08411900 -0.01159900
v -0.01450000 0.10411800 -0.01159900
v -0.01450000 0.10411800 -0.01159900
v -0.01300000 0.10411800 -0.01200100
v -0.01300000 0.10411800 -0.01200100
v -0.01300000 0.10411800 -0.01200100
v -0.01300000 0.10411800 0.01199900
v -0.01300000 0.10411800 0.01199900
v -0.01300000 0.10411800 0.01199900
v 0.01300000 0.10411800 0.01199900
v 0.01300000 0.10411800 0.01199900
v 0.01300000 0.10411800 0.01199900
v -0.01450000 0.08411900 0.01159700
v -0.01450000 0.10411800 0.01159700
v -0.01450000 0.10411800 0.01159700
v -0.01559800 0.08411900 0.01049900
v -0.01559800 0.10411800 0.01049900
v -0.01559800 0.10411800 0.01049900
v -0.01600000 0.10411800 0.00899900
v -0.01600000 0.10411800 0.00899900
v -0.01600000 0.10411800 0.00899900
v 0.01600000 0.10411800 0.00899900
v 0.01600000 0.10411800 0.00899900
v 0.01600000 0.10411800 0.00899900
v 0.01559800 0.08411900 0.01049900
v 0.01559800 0.10411800 0.01049900
v 0.01559800 0.10411800 0.01049900
v 0.01450000 0.08411900 0.01159700
v 0.01450000 0.10411800 0.01159700
v 0.01450000 0.10411800 0.01159700
v 0.01600000 0.08811900 -0.00000100
v 0.01600000 0.08811900 -0.00000100
v 0.01600000 0.08758300 -0.00200100
v 0.01600000 0.08758300 -0.00200100
v 0.01600000 0.08611900 -0.00346500
v 0.01600000 0.08611900 -0.00346500
v 0.01600000 0.08411900 0.00399900
v 0.01600000 0.08411900 0.00399900
v 0.01600000 0.08611900 0.00346300
v 0.01600000 0.08611900 0.00346300
v 0.01600000 0.08758300 0.00199900
v 0.01600000 0.08758300 0.00199900
v 0.01600000 0.08011900 -0.00000100
v 0.01600000 0.08011900 -0.00000100
v 0.01600000 0.08011900 -0.00000100
v 0.01600000 0.08065500 0.00199900
v 0.01600000 0.08065500 0.00199900
v 0.01600000 0.08211900 0.00346300
v 0.01600000 0.08211900 0.00346300
v 0.01600000 0.08411900 -0.00400100
v 0.01600000 0.08411900 -0.00400100
v 0.01600000 0.08211900 -0.00346500
v 0.01600000 0.08211900 -0.00346500
v 0.01600000 0.08065500 -0.00200100
v 0.01600000 0.08065500 -0.00200100
v 0.01100000 0.08585100 0.00099900
v 0.01100000 0.08585100 0.00099900
v 0.01100000 0.08611900 -0.00000100
v 0.01100000 0.08611900 -0.00000100
v 0.01100000 0.08511900 0.00173100
v 0.01100000 0.08511900 0.00173100
v 0.01100000 0.08411900 0.00199900
v 0.01100000 0.08411900 0.00199900
v 0.01100000 0.08311900 0.00173100
v 0.01100000 0.08311900 0.00173100
v 0.01100000 0.08238700 0.00099900
v 0.01100000 0.08238700 0.00099900
v 0.01100000 0.08211900 -0.00000100
v 0.01100000 0.08211900 -0.00000100
v 0.01100000 0.08211900 -0.00000100
v 0.01100000 0.08238700 -0.00100100
v 0.01100000 0.08238700 -0.00100100
v 0.01100000 0.08311900 -0.00173300
v 0.01100000 0.08311900 -0.00173300
v 0.01100000 0.08411900 -0.00200100
v 0.01100000 0.08411900 -0.00200100
v 0.01100000 0.08511900 -0.00173300
v 0.01100000 0.08511900 -0.00173300
v 0.01100000 0.08585100 -0.00100100
v 0.01100000 0.08585100 -0.00100100
v 0.01100000 0.08065500 0.00199900
v 0.01100000 0.08065500 0.00199900
v 0.01100000 0.08011900 -0.00000100
v 0.01100000 0.08011900 -0.00000100
v 0.01100000 0.08011900 -0.00000100
v 0.01100000 0.08065500 -0.00200100
v 0.01100000 0.08065500 -0.00200100
v 0.01100000 0.08211900 -0.00346500
v 0.01100000 0.08211900 -0.00346500
v 0.01100000 0.08411900 -0.00400100
v 0.01100000 0.08411900 -0.00400100
v 0.01100000 0.08611900 -0.00346500
v 0.01100000 0.08611900 -0.00346500
v 0.01100000 0.08758300 -0.00200100
v 0.01100000 0.08758300 -0.00200100
v 0.01100000 0.08811900 -0.00000100
v 0.01100000 0.08811900 -0.00000100
v 0.01100000 0.08758300 0.00199900
v 0.01100000 0.08758300 0.00199900
v 0.01100000 0.08611900 0.00346300
v 0.01100000 0.08611900 0.00346300
v 0.01100000 0.08411900 0.00399900
v 0.01100000 0.08411900 0.00399900
v 0.01100000 0.08211900 0.00346300
v 0.01100000 0.08211900 0.00346300
v -0.01100000 0.08585100 -0.00100100
v -0.01100000 0.08585100 -0.00100100
v -0.01100000 0.08611900 -0.00000100
v -0.01100000 0.08611900 -0.00000100
v -0.01100000 0.08511900 -0.00173300
v -0.01100000 0.08511900 -0.00173300
v -0.01100000 0.08411900 -0.00200100
v -0.01100000 0.08411900 -0.00200100
v -0.01100000 0.08311900 -0.00173300
v -0.01100000 0.08311900 -0.00173300
v -0.01100000 0.08238700 -0.00100100
v -0.01100000 0.08238700 -0.00100100
v -0.01100000 0.08211900 -0.00000100
v -0.01100000 0.08211900 -0.00000100
v -0.01100000 0.08211900 -0.00000100
v -0.01100000 0.08238700 0.00099900
v -0.01100000 0.08238700 0.00099900
v -0.01100000 0.08311900 0.00173100
v -0.01100000 0.08311900 0.00173100
v -0.01100000 0.08411900 0.00199900
v -0.01100000 0.08411900 0.00199900
v -0.01100000 0.08511900 0.00173100
v -0.01100000 0.08511900 0.00173100
v -0.01100000 0.08585100 0.00099900
v -0.01100000 0.08585100 0.00099900
v -0.01600000 0.08011900 -0.00000100
v -0.01600000 0.08011900 -0.00000100
v -0.01600000 0.08011900 -0.00000100
v -0.01600000 0.08065500 -0.00200100
v -0.01600000 0.08065500 -0.00200100
v -0.01600000 0.08211900 -0.00346500
v -0.01600000 0.08211900 -0.00346500
v -0.01600000 0.08411900 0.00399900
v -0.01600000 0.08411900 0.00399900
v -0.01600000 0.08211900 0.00346300
v -0.01600000 0.08211900 0.00346300
v -0.01600000 0.08065500 0.00199900
v -0.01600000 0.08065500 0.00199900
v -0.01600000 0.08811900 -0.00000100
v -0.01600000 0.08811900 -0.00000100
v -0.01600000 0.08758300 0.00199900
v -0.01600000 0.08758300 0.00199900
v -0.01600000 0.08611900 0.00346300
v -0.01600000 0.08611900 0.00346300
v -0.01600000 0.08411900 -0.00400100
v -0.01600000 0.08411900 -0.00400100
v -0.01600000 0.08611900 -0.00346500
v -0.01600000 0.08611900 -0.00346500
v -0.01600000 0.08758300 -0.00200100
v -0.01600000 0.08758300 -0.00200100
v -0.01100000 0.08758300 0.00199900
v -0.01100000 0.08758300 0.00199900
v -0.01100000 0.08811900 -0.00000100
v -0.01100000 0.08811900 -0.00000100
v -0.01100000 0.08758300 -0.00200100
v -0.01100000 0.08758300 -0.00200100
v -0.01100000 0.08611900 -0.00346500
v -0.01100000 0.08611900 -0.00346500
v -0.01100000 0.08411900 -0.00400100
v -0.01100000 0.08411900 -0.00400100
v -0.01100000 0.08211900 -0.00346500
v -0.01100000 0.08211900 -0.00346500
v -0.01100000 0.08065500 -0.00200100
v -0.01100000 0.08065500 -0.00200100
v -0.01100000 0.08011900 -0.00000100
v -0.01100000 0.08011900 -0.00000100
v -0.01100000 0.08011900 -0.00000100
v -0.01100000 0.08065500 0.00199900
v -0.01100000 0.08065500 0.00199900
v -0.01100000 0.08211900 0.00346300
v -0.01100000 0.08211900 0.00346300
v -0.01100000 0.08411900 0.00399900
v -0.01100000 0.08411900 0.00399900
v -0.01100000 0.08611900 0.00346300
v -0.01100000 0.08611900 0.00346300
v -0.01100000 0.08715000 0.00174900
v -0.01100000 0.08715000 0.00174900
v -0.01100000 0.08585100 0.00099900
v -0.01100000 0.08585100 0.00099900
v -0.01100000 0.08761900 -0.00000100
v -0.01100000 0.08761900 -0.00000100
v -0.01100000 0.08611900 -0.00000100
v -0.01100000 0.08611900 -0.00000100
v -0.01100000 0.08715000 -0.00175100
v -0.01100000 0.08715000 -0.00175100
v -0.01100000 0.08585100 -0.00100100
v -0.01100000 0.08585100 -0.00100100
v -0.01100000 0.08511900 -0.00173300
v -0.01100000 0.08511900 -0.00173300
v -0.01100000 0.08511900 0.00173100
v -0.01100000 0.08511900 0.00173100
v -0.01100000 0.08586900 0.00303000
v -0.01100000 0.08586900 0.00303000
v -0.01100000 0.08411900 0.00199900
v -0.01100000 0.08411900 0.00199900
v -0.01100000 0.08411900 0.00349900
v -0.01100000 0.08411900 0.00349900
v -0.01100000 0.08236900 0.00303000
v -0.01100000 0.08236900 0.00303000
v -0.01100000 0.08311900 0.00173100
v -0.01100000 0.08311900 0.00173100
v -0.01100000 0.08108800 0.00174900
v -0.01100000 0.08108800 0.00174900
v -0.01100000 0.08238700 0.00099900
v -0.01100000 0.08238700 0.00099900
v -0.01100000 0.08061900 -0.00000100
v -0.01100000 0.08061900 -0.00000100
v -0.01100000 0.08061900 -0.00000100
v -0.01100000 0.08211900 -0.00000100
v -0.01100000 0.08211900 -0.00000100
v -0.01100000 0.08211900 -0.00000100
v -0.01100000 0.08238700 -0.00100100
v -0.01100000 0.08238700 -0.00100100
v -0.01100000 0.08108800 -0.00175100
v -0.01100000 0.08108800 -0.00175100
v -0.01100000 0.08311900 -0.00173300
v -0.01100000 0.08311900 -0.00173300
v -0.01100000 0.08236900 -0.00303200
v -0.01100000 0.08236900 -0.00303200
v -0.01100000 0.08411900 -0.00200100
v -0.01100000 0.08411900 -0.00200100
v -0.01100000 0.08411900 -0.00350100
v -0.01100000 0.08411900 -0.00350100
v -0.01100000 0.08586900 -0.00303200
v -0.01100000 0.08586900 -0.00303200
v 0.01100000 0.08108800 0.00174900
v 0.01100000 0.08108800 0.00174900
v 0.01100000 0.08238700 0.00099900
v 0.01100000 0.08238700 0.00099900
v 0.01100000 0.08061900 -0.00000100
v 0.01100000 0.08061900 -0.00000100
v 0.01100000 0.08061900 -0.00000100
v 0.01100000 0.08211900 -0.00000100
v 0.01100000 0.08211900 -0.00000100
v 0.01100000 0.08211900 -0.00000100
v 0.01100000 0.08108800 -0.00175100
v 0.01100000 0.08108800 -0.00175100
v 0.01100000 0.08238700 -0.00100100
v 0.01100000 0.08238700 -0.00100100
v 0.01100000 0.08311900 -0.00173300
v 0.01100000 0.08311900 -0.00173300
v 0.01100000 0.08311900 0.00173100
v 0.01100000 0.08311900 0.00173100
v 0.01100000 0.08236900 0.00303000
v 0.01100000 0.08236900 0.00303000
v 0.01100000 0.08411900 0.00199900
v 0.01100000 0.08411900 0.00199900
v 0.01100000 0.08411900 0.00349900
v 0.01100000 0.08411900 0.00349900
v 0.01100000 0.08586900 0.00303000
v 0.01100000 0.08586900 0.00303000
v 0.01100000 0.08511900 0.00173100
v 0.01100000 0.08511900 0.00173100
v 0.01100000 0.08715000 0.00174900
v 0.01100000 0.08715000 0.00174900
v 0.01100000 0.08585100 0.00099900
v 0.01100000 0.08585100 0.00099900
v 0.01100000 0.08761900 -0.00000100
v 0.01100000 0.08761900 -0.00000100
v 0.01100000 0.08611900 -0.00000100
v 0.01100000 0.08611900 -0.00000100
v 0.01100000 0.08585100 -0.00100100
v 0.01100000 0.08585100 -0.00100100
v 0.01100000 0.08715000 -0.00175100
v 0.01100000 0.08715000 -0.00175100
v 0.01100000 0.08511900 -0.00173300
v 0.01100000 0.08511900 -0.00173300
v 0.01100000 0.08586900 -0.00303200
v 0.01100000 0.08586900 -0.00303200
v 0.01100000 0.08411900 -0.00200100
v 0.01100000 0.08411900 -0.00200100
v 0.01100000 0.08411900 -0.00350100
v 0.01100000 0.08411900 -0.00350100
v 0.01100000 0.08236900 -0.00303200
v 0.01100000 0.08236900 -0.00303200
v 0.01300000 0.08341900 -0.00343000
v 0.01300000 0.08341900 -0.00343000
v 0.01300000 0.08341900 -0.00343000
v 0.01400000 0.08341900 -0.00343000
v 0.01400000 0.08341900 -0.00343000
v 0.01400000 0.08341900 -0.00343000
v 0.01400000 0.08197900 -0.00277100
v 0.01400000 0.08197900 -0.00277100
v 0.01400000 0.08097700 -0.00154400
v 0.01400000 0.08097700 -0.00154400
v 0.01400000 0.08061900 -0.00000100
v 0.01400000 0.08061900 -0.00000100
v 0.01400000 0.08061900 -0.00000100
v 0.01400000 0.08097700 0.00154200
v 0.01400000 0.08097700 0.00154200
v 0.01400000 0.08197900 0.00276900
v 0.01400000 0.08197900 0.00276900
v 0.01300000 0.08341900 0.00342800
v 0.01300000 0.08341900 0.00342800
v 0.01300000 0.08341900 0.00342800
v 0.01300000 0.08388400 0.00349100
v 0.01300000 0.08388400 0.00349100
v 0.01300000 0.08435300 0.00349100
v 0.01300000 0.08435300 0.00349100
v 0.01400000 0.08341900 0.00342800
v 0.01400000 0.08341900 0.00342800
v 0.01400000 0.08341900 0.00342800
v 0.01300000 0.08481900 0.00342800
v 0.01300000 0.08481900 0.00342800
v 0.01300000 0.08481900 0.00342800
v 0.01400000 0.08481900 0.00342800
v 0.01400000 0.08481900 0.00342800
v 0.01400000 0.08481900 0.00342800
v 0.01400000 0.08625800 0.00276900
v 0.01400000 0.08625800 0.00276900
v 0.01400000 0.08726000 0.00154200
v 0.01400000 0.08726000 0.00154200
v 0.01400000 0.08761900 -0.00000100
v 0.01400000 0.08761900 -0.00000100
v 0.01400000 0.08726000 -0.00154400
v 0.01400000 0.08726000 -0.00154400
v 0.01400000 0.08625800 -0.00277100
v 0.01400000 0.08625800 -0.00277100
v 0.01300000 0.08481900 -0.00343000
v 0.01300000 0.08481900 -0.00343000
v 0.01300000 0.08481900 -0.00343000
v 0.01300000 0.08435300 -0.00349300
v 0.01300000 0.08435300 -0.00349300
v 0.01300000 0.08388400 -0.00349300
v 0.01300000 0.08388400 -0.00349300
v 0.01400000 0.08481900 -0.00343000
v 0.01400000 0.08481900 -0.00343000
v 0.01400000 0.08481900 -0.00343000
v 0.01438700 0.08341900 0.00334800
v 0.01438700 0.08341900 0.00334800
v 0.01450000 0.08206100 0.00266200
v 0.01471300 0.08341900 0.00312300
v 0.01471300 0.08341900 0.00312300
v 0.01486600 0.08228400 0.00237300
v 0.01492600 0.08341900 0.00278900
v 0.01492600 0.08341900 0.00278900
v 0.01500000 0.08341900 0.00239900
v 0.01500000 0.08341900 0.00239900
v 0.01500000 0.08341900 0.00239900
v 0.01500000 0.08232800 0.00174300
v 0.01500000 0.08232800 0.00174300
v 0.01486600 0.08142600 0.00132100
v 0.01500000 0.08170100 0.00063500
v 0.01500000 0.08170100 0.00063500
v 0.01486600 0.08111900 -0.00000100
v 0.01500000 0.08170100 -0.00063700
v 0.01500000 0.08170100 -0.00063700
v 0.01486600 0.08142600 -0.00132300
v 0.01500000 0.08232800 -0.00174500
v 0.01500000 0.08232800 -0.00174500
v 0.01486600 0.08228400 -0.00237500
v 0.01500000 0.08341900 -0.00240100
v 0.01500000 0.08341900 -0.00240100
v 0.01500000 0.08341900 -0.00240100
v 0.01492600 0.08341900 -0.00279100
v 0.01492600 0.08341900 -0.00279100
v 0.01471300 0.08341900 -0.00312500
v 0.01471300 0.08341900 -0.00312500
v 0.01450000 0.08206100 -0.00266500
v 0.01438700 0.08341900 -0.00335100
v 0.01438700 0.08341900 -0.00335100
v 0.01450000 0.08109700 0.00148300
v 0.01450000 0.08075300 -0.00000100
v 0.01450000 0.08109700 -0.00148500
v 0.01438700 0.08481900 -0.00335100
v 0.01438700 0.08481900 -0.00335100
v 0.01438700 0.08481900 0.00334800
v 0.01438700 0.08481900 0.00334800
v 0.01471300 0.08481900 -0.00312500
v 0.01471300 0.08481900 -0.00312500
v 0.01500000 0.08481900 0.00239900
v 0.01500000 0.08481900 0.00239900
v 0.01500000 0.08481900 0.00239900
v 0.01471300 0.08481900 0.00312300
v 0.01471300 0.08481900 0.00312300
v 0.01492600 0.08481900 -0.00279100
v 0.01492600 0.08481900 -0.00279100
v 0.01500000 0.08481900 -0.00240100
v 0.01500000 0.08481900 -0.00240100
v 0.01500000 0.08481900 -0.00240100
v 0.01492600 0.08481900 0.00278900
v 0.01492600 0.08481900 0.00278900
v 0.01486600 0.08595300 0.00237300
v 0.01500000 0.08590900 0.00174300
v 0.01500000 0.08590900 0.00174300
v 0.01486600 0.08681100 0.00132100
v 0.01500000 0.08653600 0.00063500
v 0.01500000 0.08653600 0.00063500
v 0.01486600 0.08711900 -0.00000100
v 0.01500000 0.08653600 -0.00063700
v 0.01500000 0.08653600 -0.00063700
v 0.01486600 0.08681100 -0.00132300
v 0.01500000 0.08590900 -0.00174500
v 0.01500000 0.08590900 -0.00174500
v 0.01486600 0.08595300 -0.00237500
v 0.01450000 0.08617700 -0.00266500
v 0.01450000 0.08714000 -0.00148500
v 0.01450000 0.08748500 -0.00000100
v 0.01450000 0.08714000 0.00148300
v 0.01450000 0.08617700 0.00266200
v -0.01300000 0.08341900 0.00342800
v -0.01300000 0.08341900 0.00342800
v -0.01300000 0.08341900 0.00342800
v -0.01300000 0.08388400 0.00349100
v -0.01300000 0.08388400 0.00349100
v -0.01300000 0.08341900 -0.00343000
v -0.01300000 0.08341900 -0.00343000
v -0.01300000 0.08341900 -0.00343000
v -0.01300000 0.08388400 -0.00349300
v -0.01300000 0.08388400 -0.00349300
v -0.01300000 0.08435300 0.00349100
v -0.01300000 0.08435300 0.00349100
v -0.01300000 0.08435300 -0.00349300
v -0.01300000 0.08435300 -0.00349300
v -0.01300000 0.08481900 -0.00343000
v -0.01300000 0.08481900 -0.00343000
v -0.01300000 0.08481900 -0.00343000
v -0.01300000 0.08481900 0.00342800
v -0.01300000 0.08481900 0.00342800
v -0.01300000 0.08481900 0.00342800
v -0.01500000 0.08341900 0.00239900
v -0.01500000 0.08341900 0.00239900
v -0.01500000 0.08341900 0.00239900
v -0.01500000 0.08341900 -0.00240100
v -0.01500000 0.08341900 -0.00240100
v -0.01500000 0.08341900 -0.00240100
v -0.01500000 0.08232800 0.00174300
v -0.01500000 0.08232800 0.00174300
v -0.01500000 0.08232800 -0.00174500
v -0.01500000 0.08232800 -0.00174500
v -0.01500000 0.08170100 -0.00063700
v -0.01500000 0.08170100 -0.00063700
v -0.01500000 0.08170100 0.00063500
v -0.01500000 0.08170100 0.00063500
v -0.01492600 0.08341900 -0.00279100
v -0.01492600 0.08341900 -0.00279100
v -0.01471300 0.08341900 -0.00312500
v -0.01471300 0.08341900 -0.00312500
v -0.01438700 0.08341900 -0.00335100
v -0.01438700 0.08341900 -0.00335100
v -0.01471300 0.08341900 0.00312300
v -0.01471300 0.08341900 0.00312300
v -0.01438700 0.08341900 0.00334800
v -0.01438700 0.08341900 0.00334800
v -0.01492600 0.08341900 0.00278900
v -0.01492600 0.08341900 0.00278900
v -0.01400000 0.08341900 -0.00343000
v -0.01400000 0.08341900 -0.00343000
v -0.01400000 0.08341900 -0.00343000
v -0.01400000 0.08341900 0.00342800
v -0.01400000 0.08341900 0.00342800
v -0.01400000 0.08341900 0.00342800
v -0.01400000 0.08197900 -0.00277100
v -0.01400000 0.08197900 -0.00277100
v -0.01450000 0.08206100 -0.00266500
v -0.01486600 0.08228400 -0.00237500
v -0.01486600 0.08142600 -0.00132300
v -0.01486600 0.08111900 -0.00000100
v -0.01486600 0.08142600 0.00132100
v -0.01486600 0.08228400 0.00237300
v -0.01450000 0.08206100 0.00266200
v -0.01400000 0.08197900 0.00276900
v -0.01400000 0.08197900 0.00276900
v -0.01400000 0.08097700 0.00154200
v -0.01400000 0.08097700 0.00154200
v -0.01450000 0.08109700 0.00148300
v -0.01400000 0.08061900 -0.00000100
v -0.01400000 0.08061900 -0.00000100
v -0.01400000 0.08061900 -0.00000100
v -0.01450000 0.08075300 -0.00000100
v -0.01400000 0.08097700 -0.00154400
v -0.01400000 0.08097700 -0.00154400
v -0.01450000 0.08109700 -0.00148500
v -0.01500000 0.08481900 0.00239900
v -0.01500000 0.08481900 0.00239900
v -0.01500000 0.08481900 0.00239900
v -0.01500000 0.08590900 0.00174300
v -0.01500000 0.08590900 0.00174300
v -0.01500000 0.08481900 -0.00240100
v -0.01500000 0.08481900 -0.00240100
v -0.01500000 0.08481900 -0.00240100
v -0.01500000 0.08590900 -0.00174500
v -0.01500000 0.08590900 -0.00174500
v -0.01500000 0.08653600 -0.00063700
v -0.01500000 0.08653600 -0.00063700
v -0.01500000 0.08653600 0.00063500
v -0.01500000 0.08653600 0.00063500
v -0.01492600 0.08481900 0.00278900
v -0.01492600 0.08481900 0.00278900
v -0.01471300 0.08481900 0.00312300
v -0.01471300 0.08481900 0.00312300
v -0.01438700 0.08481900 0.00334800
v -0.01438700 0.08481900 0.00334800
v -0.01471300 0.08481900 -0.00312500
v -0.01471300 0.08481900 -0.00312500
v -0.01438700 0.08481900 -0.00335100
v -0.01438700 0.08481900 -0.00335100
v -0.01492600 0.08481900 -0.00279100
v -0.01492600 0.08481900 -0.00279100
v -0.01400000 0.08481900 0.00342800
v -0.01400000 0.08481900 0.00342800
v -0.01400000 0.08481900 0.00342800
v -0.01400000 0.08481900 -0.00343000
v -0.01400000 0.08481900 -0.00343000
v -0.01400000 0.08481900 -0.00343000
v -0.01400000 0.08625800 -0.00277100
v -0.01400000 0.08625800 -0.00277100
v -0.01400000 0.08726000 -0.00154400
v -0.01400000 0.08726000 -0.00154400
v -0.01400000 0.08761900 -0.00000100
v -0.01400000 0.08761900 -0.00000100
v -0.01400000 0.08726000 0.00154200
v -0.01400000 0.08726000 0.00154200
v -0.01400000 0.08625800 0.00276900
v -0.01400000 0.08625800 0.00276900
v -0.01450000 0.08617700 0.00266200
v -0.01486600 0.08595300 0.00237300
v -0.01486600 0.08681100 0.00132100
v -0.01486600 0.08711900 -0.00000100
v -0.01486600 0.08681100 -0.00132300
v -0.01486600 0.08595300 -0.00237500
v -0.01450000 0.08617700 -0.00266500
v -0.01450000 0.08714000 -0.00148500
v -0.01450000 0.08748500 -0.00000100
v -0.01450000 0.08714000 0.00148300
v 0.00796300 -0.03403300 -0.00076800
v 0.00796300 -0.03403300 -0.00076800
v 0.00800000 -0.03388000 -0.00000100
v 0.00800000 -0.03388000 -0.00000100
v 0.00800000 -0.03388000 -0.00000100
v 0.00800000 -0.01588000 -0.00000100
v 0.00800000 -0.01588000 -0.00000100
v 0.00800000 -0.01588000 -0.00000100
v 0.00796300 -0.03403300 0.00076600
v 0.00796300 -0.03403300 0.00076600
v 0.00787400 -0.03446600 0.00141300
v 0.00787400 -0.03446600 0.00141300
v 0.00778400 -0.03511300 0.00184600
v 0.00778400 -0.03511300 0.00184600
v 0.00692800 -0.01588000 0.00399900
v 0.00692800 -0.01588000 0.00399900
v 0.00774600 -0.03588000 0.00199900
v 0.00774600 -0.03588000 0.00199900
v 0.00692800 -0.05588000 0.00399900
v 0.00692800 -0.05588000 0.00399900
v 0.00778400 -0.03664700 0.00184600
v 0.00778400 -0.03664700 0.00184600
v 0.00800000 -0.05588000 -0.00000100
v 0.00800000 -0.05588000 -0.00000100
v 0.00800000 -0.05588000 -0.00000100
v 0.00787400 -0.03729400 0.00141300
v 0.00787400 -0.03729400 0.00141300
v 0.00796300 -0.03772700 0.00076600
v 0.00796300 -0.03772700 0.00076600
v 0.00800000 -0.03788000 -0.00000100
v 0.00800000 -0.03788000 -0.00000100
v 0.00800000 -0.03788000 -0.00000100
v 0.00800000 -0.03788000 -0.00000100
v 0.00796300 -0.03772700 -0.00076800
v 0.00796300 -0.03772700 -0.00076800
v 0.00787400 -0.03729400 -0.00141500
v 0.00787400 -0.03729400 -0.00141500
v 0.00778400 -0.03664700 -0.00184800
v 0.00778400 -0.03664700 -0.00184800
v 0.00774600 -0.03588000 -0.00200100
v 0.00774600 -0.03588000 -0.00200100
v 0.00692800 -0.05588000 -0.00400100
v 0.00692800 -0.05588000 -0.00400100
v 0.00692800 -0.01588000 -0.00400100
v 0.00692800 -0.01588000 -0.00400100
v 0.00400000 -0.05588000 -0.00692900
v 0.00400000 -0.05588000 -0.00692900
v 0.00400000 -0.01588000 -0.00692900
v 0.00400000 -0.01588000 -0.00692900
v 0.00000000 -0.05588000 -0.00800100
v 0.00000000 -0.05588000 -0.00800100
v 0.00000000 -0.01588000 -0.00800100
v 0.00000000 -0.01588000 -0.00800100
v -0.00400000 -0.05588000 -0.00692900
v -0.00400000 -0.05588000 -0.00692900
v -0.00400000 -0.01588000 -0.00692900
v -0.00400000 -0.01588000 -0.00692900
v -0.00692800 -0.05588000 -0.00400100
v -0.00692800 -0.05588000 -0.00400100
v -0.00692800 -0.01588000 -0.00400100
v -0.00692800 -0.01588000 -0.00400100
v -0.00774600 -0.03588000 -0.00200100
v -0.00774600 -0.03588000 -0.00200100
v -0.00778400 -0.03511300 -0.00184800
v -0.00778400 -0.03511300 -0.00184800
v -0.00800000 -0.01588000 -0.00000100
v -0.00800000 -0.01588000 -0.00000100
v -0.00787400 -0.03446600 -0.00141500
v -0.00787400 -0.03446600 -0.00141500
v -0.00796300 -0.03403300 -0.00076800
v -0.00796300 -0.03403300 -0.00076800
v -0.00800000 -0.03388000 -0.00000100
v -0.00800000 -0.03388000 -0.00000100
v -0.00796300 -0.03403300 0.00076600
v -0.00796300 -0.03403300 0.00076600
v -0.00787400 -0.03446600 0.00141300
v -0.00787400 -0.03446600 0.00141300
v -0.00778400 -0.03511300 0.00184600
v -0.00778400 -0.03511300 0.00184600
v -0.00774600 -0.03588000 0.00199900
v -0.00774600 -0.03588000 0.00199900
v -0.00692800 -0.01588000 0.00399900
v -0.00692800 -0.01588000 0.00399900
v -0.00692800 -0.05588000 0.00399900
v -0.00692800 -0.05588000 0.00399900
v -0.00400000 -0.05588000 0.00692700
v -0.00400000 -0.05588000 0.00692700
v -0.00400000 -0.01588000 0.00692700
v -0.00400000 -0.01588000 0.00692700
v 0.00000000 -0.05588000 0.00799900
v 0.00000000 -0.05588000 0.00799900
v 0.00000000 -0.01588000 0.00799900
v 0.00000000 -0.01588000 0.00799900
v 0.00400000 -0.05588000 0.00692700
v 0.00400000 -0.05588000 0.00692700
v 0.00400000 -0.01588000 0.00692700
v 0.00400000 -0.01588000 0.00692700
v 0.00778400 -0.03511300 -0.00184800
v 0.00778400 -0.03511300 -0.00184800
v 0.00787400 -0.03446600 -0.00141500
v 0.00787400 -0.03446600 -0.00141500
v -0.00800000 -0.05588000 -0.00000100
v -0.00800000 -0.05588000 -0.00000100
v -0.00778400 -0.03664700 0.00184600
v -0.00778400 -0.03664700 0.00184600
v -0.00787400 -0.03729400 0.00141300
v -0.00787400 -0.03729400 0.00141300
v -0.00796300 -0.03772700 0.00076600
v -0.00796300 -0.03772700 0.00076600
v -0.00800000 -0.03788000 -0.00000100
v -0.00800000 -0.03788000 -0.00000100
v -0.00800000 -0.03788000 -0.00000100
v -0.00796300 -0.03772700 -0.00076800
v -0.00796300 -0.03772700 -0.00076800
v -0.00787400 -0.03729400 -0.00141500
v -0.00787400 -0.03729400 -0.00141500
v -0.00778400 -0.03664700 -0.00184800
v -0.00778400 -0.03664700 -0.00184800
v -0.01559800 -0.05588000 -0.01050100
v -0.01559800 -0.05588000 -0.01050100
v -0.01300000 -0.05588000 -0.01200100
v -0.01300000 -0.05588000 -0.01200100
v -0.01300000 -0.05588000 -0.01200100
v -0.01600000 -0.05588000 -0.00900100
v -0.01600000 -0.05588000 -0.00900100
v -0.01600000 -0.05588000 -0.00900100
v -0.01450000 -0.05588000 -0.01159900
v -0.01450000 -0.05588000 -0.01159900
v 0.01300000 -0.05588000 -0.01200100
v 0.01300000 -0.05588000 -0.01200100
v 0.01300000 -0.05588000 -0.01200100
v 0.01450000 -0.05588000 -0.01159900
v 0.01450000 -0.05588000 -0.01159900
v 0.01559800 -0.05588000 -0.01050100
v 0.01559800 -0.05588000 -0.01050100
v 0.01600000 -0.05588000 -0.00900100
v 0.01600000 -0.05588000 -0.00900100
v 0.01600000 -0.05588000 -0.00900100
v 0.01600000 -0.05588000 0.00899900
v 0.01600000 -0.05588000 0.00899900
v 0.01600000 -0.05588000 0.00899900
v 0.01300000 -0.05588000 0.01199900
v 0.01300000 -0.05588000 0.01199900
v 0.01300000 -0.05588000 0.01199900
v -0.01300000 -0.05588000 0.01199900
v -0.01300000 -0.05588000 0.01199900
v -0.01300000 -0.05588000 0.01199900
v -0.01600000 -0.05588000 0.00899900
v -0.01600000 -0.05588000 0.00899900
v -0.01600000 -0.05588000 0.00899900
v 0.01559800 -0.05588000 0.01049900
v 0.01559800 -0.05588000 0.01049900
v 0.01450000 -0.05588000 0.01159700
v 0.01450000 -0.05588000 0.01159700
v -0.01450000 -0.05588000 0.01159700
v -0.01450000 -0.05588000 0.01159700
v -0.01559800 -0.05588000 0.01049900
v -0.01559800 -0.05588000 0.01049900
v 0.01300000 -0.01588000 -0.01200100
v 0.01300000 -0.01588000 -0.01200100
v 0.01300000 -0.01588000 -0.01200100
v 0.01450000 -0.03588000 -0.01159900
v 0.01450000 -0.01588000 -0.01159900
v 0.01450000 -0.01588000 -0.01159900
v 0.01559800 -0.03588000 -0.01050100
v 0.01559800 -0.01588000 -0.01050100
v 0.01559800 -0.01588000 -0.01050100
v 0.01600000 -0.01588000 -0.00900100
v 0.01600000 -0.01588000 -0.00900100
v 0.01600000 -0.01588000 -0.00900100
v -0.00520300 -0.02734000 0.01881800
v -0.00520300 -0.02734000 0.01881800
v -0.00520300 -0.02734000 0.01199900
v -0.00520300 -0.02734000 0.01199900
v -0.00877600 -0.03108600 0.01881800
v -0.00877600 -0.03108600 0.01881800
v -0.00877600 -0.03108600 0.01881800
v -0.00877600 -0.03108600 0.01881800
v -0.00877600 -0.03108600 0.01199900
v -0.00877600 -0.03108600 0.01199900
v -0.00877600 -0.03108600 0.01199900
v -0.00999700 -0.03611600 0.01881800
v -0.00999700 -0.03611600 0.01881800
v -0.00999700 -0.03611600 0.01199900
v -0.00999700 -0.03611600 0.01199900
v -0.00854000 -0.04108300 0.01881800
v -0.00854000 -0.04108300 0.01881800
v -0.00854000 -0.04108300 0.01199900
v -0.00854000 -0.04108300 0.01199900
v -0.00479400 -0.04465600 0.01881800
v -0.00479400 -0.04465600 0.01881800
v -0.00479400 -0.04465600 0.01199900
v -0.00479400 -0.04465600 0.01199900
v 0.00023600 -0.04587700 0.01881800
v 0.00023600 -0.04587700 0.01881800
v 0.00023600 -0.04587700 0.01199900
v 0.00023600 -0.04587700 0.01199900
v 0.00520300 -0.04442000 0.01881800
v 0.00520300 -0.04442000 0.01881800
v 0.00520300 -0.04442000 0.01199900
v 0.00520300 -0.04442000 0.01199900
v 0.00877600 -0.04067400 0.01881800
v 0.00877600 -0.04067400 0.01881800
v 0.00877600 -0.04067400 0.01199900
v 0.00877600 -0.04067400 0.01199900
v 0.00999700 -0.03564400 0.01881800
v 0.00999700 -0.03564400 0.01881800
v 0.00999700 -0.03564400 0.01199900
v 0.00999700 -0.03564400 0.01199900
v 0.00854000 -0.03067700 0.01881800
v 0.00854000 -0.03067700 0.01881800
v 0.00854000 -0.03067700 0.01199900
v 0.00854000 -0.03067700 0.01199900
v 0.00479400 -0.02710400 0.01881800
v 0.00479400 -0.02710400 0.01881800
v 0.00479400 -0.02710400 0.01199900
v 0.00479400 -0.02710400 0.01199900
v -0.00023600 -0.02588300 0.01881800
v -0.00023600 -0.02588300 0.01881800
v -0.00023600 -0.02588300 0.01199900
v -0.00023600 -0.02588300 0.01199900
v -0.01355900 -0.03518500 0.02362200
v -0.01191500 -0.02937100 0.02362200
v -0.01191500 -0.02937100 0.02362200
v -0.00791100 -0.02484600 0.02362200
v -0.01315500 -0.02869400 0.02944200
v -0.01315500 -0.02869400 0.02944200
v -0.00873400 -0.02369800 0.02944200
v -0.01229700 -0.02916200 0.03535100
v -0.01229700 -0.02916200 0.03535100
v -0.00816400 -0.02449200 0.03535100
v -0.00947900 -0.03070100 0.04040600
v -0.00947900 -0.03070100 0.04040600
v -0.00629400 -0.02710100 0.04040600
v -0.00515000 -0.03306600 0.04380300
v -0.00515000 -0.03306600 0.04380300
v -0.00341900 -0.03111000 0.04380300
v 0.00000000 -0.03588000 0.04499800
v 0.00000000 -0.03588000 0.04499800
v 0.00000000 -0.03588000 0.04499800
v 0.00000000 -0.03588000 0.04499800
v 0.00000000 -0.03588000 0.04499800
v 0.00000000 -0.03588000 0.04499800
v 0.00000000 -0.03588000 0.04499800
v 0.00000000 -0.03588000 0.04499800
v 0.00000000 -0.03588000 0.04499800
v 0.00000000 -0.03588000 0.04499800
v 0.00000000 -0.03588000 0.04499800
v 0.00000000 -0.03588000 0.04499800
v 0.00000000 -0.03588000 0.04499800
v 0.00000000 -0.03588000 0.04499800
v -0.01251800 -0.04113700 0.02362200
v -0.00899700 -0.04604800 0.02362200
v -0.00369500 -0.04894400 0.02362200
v 0.00234000 -0.04925400 0.02362200
v 0.00791100 -0.04691400 0.02362200
v 0.01191500 -0.04238900 0.02362200
v 0.01355900 -0.03657500 0.02362200
v 0.01497000 -0.03664700 0.02944200
v 0.01382000 -0.03007600 0.02944200
v 0.01291900 -0.03045400 0.03535100
v 0.00928600 -0.02538600 0.03535100
v 0.00715800 -0.02779100 0.04040600
v 0.00293900 -0.02548600 0.04040600
v 0.00159700 -0.03023300 0.04380300
v -0.00101100 -0.03009900 0.04380300
v 0.01251800 -0.03062300 0.02362200
v 0.00993300 -0.02465400 0.02944200
v 0.00381300 -0.02239600 0.03535100
v -0.00186100 -0.02524000 0.04040600
v 0.00899700 -0.02571200 0.02362200
v 0.00407900 -0.02145600 0.02944200
v -0.00241500 -0.02207700 0.03535100
v 0.00369500 -0.02281500 0.02362200
v -0.00258300 -0.02111500 0.02944200
v -0.00234000 -0.02250600 0.02362200
v 0.00388900 -0.03148500 0.04380300
v 0.00541100 -0.03360800 0.04380300
v 0.00586100 -0.03618000 0.04380300
v 0.00515000 -0.03869300 0.04380300
v 0.00341900 -0.04064900 0.04380300
v 0.00101100 -0.04166100 0.04380300
v -0.00159700 -0.04152700 0.04380300
v -0.00388900 -0.04027500 0.04380300
v -0.00541100 -0.03815200 0.04380300
v -0.00586100 -0.03558000 0.04380300
v -0.01497000 -0.03511300 0.02944200
v -0.01382000 -0.04168400 0.02944200
v -0.00993300 -0.04710500 0.02944200
v -0.00407900 -0.05030400 0.02944200
v 0.00258300 -0.05064500 0.02944200
v 0.00873400 -0.04806200 0.02944200
v 0.01315500 -0.04306600 0.02944200
v -0.01399400 -0.03516300 0.03535100
v -0.01291900 -0.04130600 0.03535100
v -0.00928600 -0.04637400 0.03535100
v -0.00381300 -0.04936400 0.03535100
v 0.00241500 -0.04968300 0.03535100
v 0.00816400 -0.04726800 0.03535100
v 0.01229700 -0.04259800 0.03535100
v 0.01399400 -0.03659700 0.03535100
v -0.01078700 -0.03532700 0.04040600
v -0.00995900 -0.04006200 0.04040600
v -0.00715800 -0.04396900 0.04040600
v -0.00293900 -0.04627400 0.04040600
v 0.00186100 -0.04652000 0.04040600
v 0.00629400 -0.04465800 0.04040600
v 0.00947900 -0.04105800 0.04040600
v 0.01078700 -0.03643300 0.04040600
v 0.00995900 -0.03169800 0.04040600
v -0.00764700 -0.02088000 -0.01200100
v -0.00764700 -0.02088000 -0.01200100
v -0.00764700 -0.02088000 -0.01200100
v 0.01000000 -0.02088000 -0.01200100
v 0.01000000 -0.02088000 -0.01200100
v 0.01000000 -0.02088000 -0.01200100
v -0.00682300 -0.02288000 -0.03100100
v -0.00682300 -0.02288000 -0.03100100
v 0.00600000 -0.02488000 -0.05000000
v 0.00600000 -0.02488000 -0.05000000
v 0.00600000 -0.02488000 -0.05000000
v -0.00600000 -0.02488000 -0.05000000
v -0.00600000 -0.02488000 -0.05000000
v -0.00600000 -0.02488000 -0.05000000
v 0.01000000 -0.05088000 -0.01200100
v 0.01000000 -0.05088000 -0.01200100
v 0.01000000 -0.05088000 -0.01200100
v 0.00600000 -0.04688000 -0.05000000
v 0.00600000 -0.04688000 -0.05000000
v 0.00600000 -0.04688000 -0.05000000
v -0.01000000 -0.05088000 -0.01200100
v -0.01000000 -0.05088000 -0.01200100
v -0.01000000 -0.05088000 -0.01200100
v -0.00600000 -0.04688000 -0.05000000
v -0.00600000 -0.04688000 -0.05000000
v -0.00600000 -0.04688000 -0.05000000
v -0.01000000 -0.02088000 -0.01200100
v -0.01000000 -0.02088000 -0.01200100
v -0.01000000 -0.02088000 -0.01200100
v -0.00800000 -0.02368000 -0.03100100
v -0.00800000 -0.02368000 -0.03100100
v -0.00700000 -0.02508000 -0.04050100
v -0.00700000 -0.02508000 -0.04050100
v -0.00600000 -0.02648000 -0.05000000
v -0.00600000 -0.02648000 -0.05000000
v -0.00600000 -0.02648000 -0.05000000
v -0.00811800 -0.02208000 -0.02150100
v -0.00741200 -0.02328000 -0.03100100
v -0.00670600 -0.02448000 -0.04050100
v 0.00750000 -0.04838000 -0.05000000
v 0.00750000 -0.04838000 -0.05000000
v 0.00750000 -0.04838000 -0.05000000
v -0.00750000 -0.04838000 -0.05000000
v -0.00750000 -0.04838000 -0.05000000
v -0.00750000 -0.04838000 -0.05000000
v 0.00750000 -0.02338000 -0.05000000
v 0.00750000 -0.02338000 -0.05000000
v 0.00750000 -0.02338000 -0.05000000
v -0.00661800 -0.02338000 -0.05000000
v -0.00661800 -0.02338000 -0.05000000
v -0.00661800 -0.02338000 -0.05000000
v -0.00750000 -0.02338000 -0.05000000
v -0.00750000 -0.02338000 -0.05000000
v -0.00750000 -0.02338000 -0.05000000
v -0.00321700 -0.04409600 -0.07000000
v -0.00321700 -0.04409600 -0.07000000
v -0.00321700 -0.04409600 -0.07000000
v -0.00321700 -0.02766300 -0.07000000
v -0.00321700 -0.02766300 -0.07000000
v -0.00321700 -0.02766300 -0.07000000
v 0.00321700 -0.04409600 -0.07000000
v 0.00321700 -0.04409600 -0.07000000
v 0.00321700 -0.04409600 -0.07000000
v 0.00321700 -0.02766300 -0.07000000
v 0.00321700 -0.02766300 -0.07000000
v 0.00321700 -0.02766300 -0.07000000
v -0.00620800 -0.02531800 -0.06722500
v -0.00620800 -0.02531800 -0.06722500
v -0.00620800 -0.02531800 -0.06722500
v -0.00618400 -0.02529600 -0.06744300
v -0.00618400 -0.02529600 -0.06744300
v -0.00620800 -0.04708800 -0.06722500
v -0.00620800 -0.04708800 -0.06722500
v -0.00620800 -0.04708800 -0.06722500
v -0.00620800 -0.04708800 -0.06722500
v -0.00614900 -0.02518500 -0.06763100
v -0.00614900 -0.02518500 -0.06763100
v -0.00591900 -0.04679900 -0.06830200
v -0.00591900 -0.04679900 -0.06830200
v -0.00607600 -0.02480400 -0.06790900
v -0.00607600 -0.02480400 -0.06790900
v -0.00607600 -0.02480400 -0.06790900
v -0.00565200 -0.02522800 -0.06875200
v -0.00565200 -0.02522800 -0.06875200
v -0.00525700 -0.04613700 -0.06919900
v -0.00525700 -0.04613700 -0.06919900
v -0.00498800 -0.02589200 -0.06942100
v -0.00498800 -0.02589200 -0.06942100
v -0.00431200 -0.04519200 -0.06979300
v -0.00431200 -0.04519200 -0.06979300
v -0.00608600 -0.02467200 -0.06722500
v -0.00608600 -0.02467200 -0.06722500
v -0.00608600 -0.02467200 -0.06722500
v 0.00620800 -0.02467200 -0.06722500
v 0.00620800 -0.02467200 -0.06722500
v 0.00620800 -0.02467200 -0.06722500
v 0.00620800 -0.02467200 -0.06722500
v 0.00591900 -0.02496100 -0.06830200
v 0.00591900 -0.02496100 -0.06830200
v 0.00525700 -0.02562300 -0.06919900
v 0.00525700 -0.02562300 -0.06919900
v 0.00431200 -0.02656700 -0.06979300
v 0.00431200 -0.02656700 -0.06979300
v 0.00620800 -0.04708800 -0.06722500
v 0.00620800 -0.04708800 -0.06722500
v 0.00620800 -0.04708800 -0.06722500
v 0.00620800 -0.04708800 -0.06722500
v 0.00591900 -0.04679900 -0.06830200
v 0.00591900 -0.04679900 -0.06830200
v 0.00525700 -0.04613700 -0.06919900
v 0.00525700 -0.04613700 -0.06919900
v 0.00431200 -0.04519200 -0.06979300
v 0.00431200 -0.04519200 -0.06979300
v -0.00685400 -0.02434900 -0.05861300
v -0.00685400 -0.02434900 -0.05861300
v -0.00635200 -0.02402600 -0.05861300
v -0.00635200 -0.02402600 -0.05861300
v -0.00632000 -0.02468800 -0.06395400
v -0.00652900 -0.02431800 -0.06000000
v -0.00679400 -0.02384900 -0.05500000
v -0.01600000 -0.01588000 -0.00900100
v -0.01600000 -0.01588000 -0.00900100
v -0.01600000 -0.01588000 -0.00900100
v -0.01559800 -0.03588000 -0.01050100
v -0.01559800 -0.01588000 -0.01050100
v -0.01559800 -0.01588000 -0.01050100
v -0.01450000 -0.03588000 -0.01159900
v -0.01450000 -0.01588000 -0.01159900
v -0.01450000 -0.01588000 -0.01159900
v -0.01300000 -0.01588000 -0.01200100
v -0.01300000 -0.01588000 -0.01200100
v -0.01300000 -0.01588000 -0.01200100
v -0.01300000 -0.01588000 0.01199900
v -0.01300000 -0.01588000 0.01199900
v -0.01300000 -0.01588000 0.01199900
v 0.01300000 -0.01588000 0.01199900
v 0.01300000 -0.01588000 0.01199900
v 0.01300000 -0.01588000 0.01199900
v -0.01450000 -0.03588000 0.01159700
v -0.01450000 -0.01588000 0.01159700
v -0.01450000 -0.01588000 0.01159700
v -0.01559800 -0.03588000 0.01049900
v -0.01559800 -0.01588000 0.01049900
v -0.01559800 -0.01588000 0.01049900
v -0.01600000 -0.01588000 0.00899900
v -0.01600000 -0.01588000 0.00899900
v -0.01600000 -0.01588000 0.00899900
v 0.01600000 -0.01588000 0.00899900
v 0.01600000 -0.01588000 0.00899900
v 0.01600000 -0.01588000 0.00899900
v 0.01559800 -0.03588000 0.01049900
v 0.01559800 -0.01588000 0.01049900
v 0.01559800 -0.01588000 0.01049900
v 0.01450000 -0.03588000 0.01159700
v 0.01450000 -0.01588000 0.01159700
v 0.01450000 -0.01588000 0.01159700
v 0.01600000 -0.03188000 -0.00000100
v 0.01600000 -0.03188000 -0.00000100
v 0.01600000 -0.03241600 -0.00200100
v 0.01600000 -0.03241600 -0.00200100
v 0.01600000 -0.03388000 -0.00346500
v 0.01600000 -0.03388000 -0.00346500
v 0.01600000 -0.03588000 0.00399900
v 0.01600000 -0.03588000 0.00399900
v 0.01600000 -0.03388000 0.00346300
v 0.01600000 -0.03388000 0.00346300
v 0.01600000 -0.03241600 0.00199900
v 0.01600000 -0.03241600 0.00199900
v 0.01600000 -0.03988000 -0.00000100
v 0.01600000 -0.03988000 -0.00000100
v 0.01600000 -0.03988000 -0.00000100
v 0.01600000 -0.03934400 0.00199900
v 0.01600000 -0.03934400 0.00199900
v 0.01600000 -0.03788000 0.00346300
v 0.01600000 -0.03788000 0.00346300
v 0.01600000 -0.03588000 -0.00400100
v 0.01600000 -0.03588000 -0.00400100
v 0.01600000 -0.03788000 -0.00346500
v 0.01600000 -0.03788000 -0.00346500
v 0.01600000 -0.03934400 -0.00200100
v 0.01600000 -0.03934400 -0.00200100
v 0.01100000 -0.03414800 0.00099900
v 0.01100000 -0.03414800 0.00099900
v 0.01100000 -0.03388000 -0.00000100
v 0.01100000 -0.03388000 -0.00000100
v 0.01100000 -0.03488000 0.00173100
v 0.01100000 -0.03488000 0.00173100
v 0.01100000 -0.03588000 0.00199900
v 0.01100000 -0.03588000 0.00199900
v 0.01100000 -0.03688000 0.00173100
v 0.01100000 -0.03688000 0.00173100
v 0.01100000 -0.03761200 0.00099900
v 0.01100000 -0.03761200 0.00099900
v 0.01100000 -0.03788000 -0.00000100
v 0.01100000 -0.03788000 -0.00000100
v 0.01100000 -0.03788000 -0.00000100
v 0.01100000 -0.03761200 -0.00100100
v 0.01100000 -0.03761200 -0.00100100
v 0.01100000 -0.03688000 -0.00173300
v 0.01100000 -0.03688000 -0.00173300
v 0.01100000 -0.03588000 -0.00200100
v 0.01100000 -0.03588000 -0.00200100
v 0.01100000 -0.03488000 -0.00173300
v 0.01100000 -0.03488000 -0.00173300
v 0.01100000 -0.03414800 -0.00100100
v 0.01100000 -0.03414800 -0.00100100
v 0.01100000 -0.03934400 0.00199900
v 0.01100000 -0.03934400 0.00199900
v 0.01100000 -0.03988000 -0.00000100
v 0.01100000 -0.03988000 -0.00000100
v 0.01100000 -0.03988000 -0.00000100
v 0.01100000 -0.03934400 -0.00200100
v 0.01100000 -0.03934400 -0.00200100
v 0.01100000 -0.03788000 -0.00346500
v 0.01100000 -0.03788000 -0.00346500
v 0.01100000 -0.03588000 -0.00400100
v 0.01100000 -0.03588000 -0.00400100
v 0.01100000 -0.03388000 -0.00346500
v 0.01100000 -0.03388000 -0.00346500
v 0.01100000 -0.03241600 -0.00200100
v 0.01100000 -0.03241600 -0.00200100
v 0.01100000 -0.03188000 -0.00000100
v 0.01100000 -0.03188000 -0.00000100
v 0.01100000 -0.03241600 0.00199900
v 0.01100000 -0.03241600 0.00199900
v 0.01100000 -0.03388000 0.00346300
v 0.01100000 -0.03388000 0.00346300
v 0.01100000 -0.03588000 0.00399900
v 0.01100000 -0.03588000 0.00399900
v 0.01100000 -0.03788000 0.00346300
v 0.01100000 -0.03788000 0.00346300
v -0.01100000 -0.03414800 -0.00100100
v -0.01100000 -0.03414800 -0.00100100
v -0.01100000 -0.03388000 -0.00000100
v -0.01100000 -0.03388000 -0.00000100
v -0.01100000 -0.03488000 -0.00173300
v -0.01100000 -0.03488000 -0.00173300
v -0.01100000 -0.03588000 -0.00200100
v -0.01100000 -0.03588000 -0.00200100
v -0.01100000 -0.03688000 -0.00173300
v -0.01100000 -0.03688000 -0.00173300
v -0.01100000 -0.03761200 -0.00100100
v -0.01100000 -0.03761200 -0.00100100
v -0.01100000 -0.03788000 -0.00000100
v -0.01100000 -0.03788000 -0.00000100
v -0.01100000 -0.03788000 -0.00000100
v -0.01100000 -0.03761200 0.00099900
v -0.01100000 -0.03761200 0.00099900
v -0.01100000 -0.03688000 0.00173100
v -0.01100000 -0.03688000 0.00173100
v -0.01100000 -0.03588000 0.00199900
v -0.01100000 -0.03588000 0.00199900
v -0.01100000 -0.03488000 0.00173100
v -0.01100000 -0.03488000 0.00173100
v -0.01100000 -0.03414800 0.00099900
v -0.01100000 -0.03414800 0.00099900
v -0.01600000 -0.03988000 -0.00000100
v -0.01600000 -0.03988000 -0.00000100
v -0.01600000 -0.03988000 -0.00000100
v -0.01600000 -0.03934400 -0.00200100
v -0.01600000 -0.03934400 -0.00200100
v -0.01600000 -0.03788000 -0.00346500
v -0.01600000 -0.03788000 -0.00346500
v -0.01600000 -0.03588000 0.00399900
v -0.01600000 -0.03588000 0.00399900
v -0.01600000 -0.03788000 0.00346300
v -0.01600000 -0.03788000 0.00346300
v -0.01600000 -0.03934400 0.00199900
v -0.01600000 -0.03934400 0.00199900
v -0.01600000 -0.03188000 -0.00000100
v -0.01600000 -0.03188000 -0.00000100
v -0.01600000 -0.03241600 0.00199900
v -0.01600000 -0.03241600 0.00199900
v -0.01600000 -0.03388000 0.00346300
v -0.01600000 -0.03388000 0.00346300
v -0.01600000 -0.03588000 -0.00400100
v -0.01600000 -0.03588000 -0.00400100
v -0.01600000 -0.03388000 -0.00346500
v -0.01600000 -0.03388000 -0.00346500
v -0.01600000 -0.03241600 -0.00200100
v -0.01600000 -0.03241600 -0.00200100
v -0.01100000 -0.03241600 0.00199900
v -0.01100000 -0.03241600 0.00199900
v -0.01100000 -0.03188000 -0.00000100
v -0.01100000 -0.03188000 -0.00000100
v -0.01100000 -0.03241600 -0.00200100
v -0.01100000 -0.03241600 -0.00200100
v -0.01100000 -0.03388000 -0.00346500
v -0.01100000 -0.03388000 -0.00346500
v -0.01100000 -0.03588000 -0.00400100
v -0.01100000 -0.03588000 -0.00400100
v -0.01100000 -0.03788000 -0.00346500
v -0.01100000 -0.03788000 -0.00346500
v -0.01100000 -0.03934400 -0.00200100
v -0.01100000 -0.03934400 -0.00200100
v -0.01100000 -0.03988000 -0.00000100
v -0.01100000 -0.03988000 -0.00000100
v -0.01100000 -0.03988000 -0.00000100
v -0.01100000 -0.03934400 0.00199900
v -0.01100000 -0.03934400 0.00199900
v -0.01100000 -0.03788000 0.00346300
v -0.01100000 -0.03788000 0.00346300
v -0.01100000 -0.03588000 0.00399900
v -0.01100000 -0.03588000 0.00399900
v -0.01100000 -0.03388000 0.00346300
v -0.01100000 -0.03388000 0.00346300
v -0.01100000 -0.03284900 0.00174900
v -0.01100000 -0.03284900 0.00174900
v -0.01100000 -0.03414800 0.00099900
v -0.01100000 -0.03414800 0.00099900
v -0.01100000 -0.03238000 -0.00000100
v -0.01100000 -0.03238000 -0.00000100
v -0.01100000 -0.03388000 -0.00000100
v -0.01100000 -0.03388000 -0.00000100
v -0.01100000 -0.03284900 -0.00175100
v -0.01100000 -0.03284900 -0.00175100
v -0.01100000 -0.03414800 -0.00100100
v -0.01100000 -0.03414800 -0.00100100
v -0.01100000 -0.03488000 -0.00173300
v -0.01100000 -0.03488000 -0.00173300
v -0.01100000 -0.03488000 0.00173100
v -0.01100000 -0.03488000 0.00173100
v -0.01100000 -0.03413000 0.00303000
v -0.01100000 -0.03413000 0.00303000
v -0.01100000 -0.03588000 0.00199900
v -0.01100000 -0.03588000 0.00199900
v -0.01100000 -0.03588000 0.00349900
v -0.01100000 -0.03588000 0.00349900
v -0.01100000 -0.03763000 0.00303000
v -0.01100000 -0.03763000 0.00303000
v -0.01100000 -0.03688000 0.00173100
v -0.01100000 -0.03688000 0.00173100
v -0.01100000 -0.03891100 0.00174900
v -0.01100000 -0.03891100 0.00174900
v -0.01100000 -0.03761200 0.00099900
v -0.01100000 -0.03761200 0.00099900
v -0.01100000 -0.03938000 -0.00000100
v -0.01100000 -0.03938000 -0.00000100
v -0.01100000 -0.03938000 -0.00000100
v -0.01100000 -0.03788000 -0.00000100
v -0.01100000 -0.03788000 -0.00000100
v -0.01100000 -0.03788000 -0.00000100
v -0.01100000 -0.03761200 -0.00100100
v -0.01100000 -0.03761200 -0.00100100
v -0.01100000 -0.03891100 -0.00175100
v -0.01100000 -0.03891100 -0.00175100
v -0.01100000 -0.03688000 -0.00173300
v -0.01100000 -0.03688000 -0.00173300
v -0.01100000 -0.03763000 -0.00303200
v -0.01100000 -0.03763000 -0.00303200
v -0.01100000 -0.03588000 -0.00200100
v -0.01100000 -0.03588000 -0.00200100
v -0.01100000 -0.03588000 -0.00350100
v -0.01100000 -0.03588000 -0.00350100
v -0.01100000 -0.03413000 -0.00303200
v -0.01100000 -0.03413000 -0.00303200
v 0.01100000 -0.03891100 0.00174900
v 0.01100000 -0.03891100 0.00174900
v 0.01100000 -0.03761200 0.00099900
v 0.01100000 -0.03761200 0.00099900
v 0.01100000 -0.03938000 -0.00000100
v 0.01100000 -0.03938000 -0.00000100
v 0.01100000 -0.03938000 -0.00000100
v 0.01100000 -0.03788000 -0.00000100
v 0.01100000 -0.03788000 -0.00000100
v 0.01100000 -0.03788000 -0.00000100
v 0.01100000 -0.03891100 -0.00175100
v 0.01100000 -0.03891100 -0.00175100
v 0.01100000 -0.03761200 -0.00100100
v 0.01100000 -0.03761200 -0.00100100
v 0.01100000 -0.03688000 -0.00173300
v 0.01100000 -0.03688000 -0.00173300
v 0.01100000 -0.03688000 0.00173100
v 0.01100000 -0.03688000 0.00173100
v 0.01100000 -0.03763000 0.00303000
v 0.01100000 -0.03763000 0.00303000
v 0.01100000 -0.03588000 0.00199900
v 0.01100000 -0.03588000 0.00199900
v 0.01100000 -0.03588000 0.00349900
v 0.01100000 -0.03588000 0.00349900
v 0.01100000 -0.03413000 0.00303000
v 0.01100000 -0.03413000 0.00303000
v 0.01100000 -0.03488000 0.00173100
v 0.01100000 -0.03488000 0.00173100
v 0.01100000 -0.03284900 0.00174900
v 0.01100000 -0.03284900 0.00174900
v 0.01100000 -0.03414800 0.00099900
v 0.01100000 -0.03414800 0.00099900
v 0.01100000 -0.03238000 -0.00000100
v 0.01100000 -0.03238000 -0.00000100
v 0.01100000 -0.03388000 -0.00000100
v 0.01100000 -0.03388000 -0.00000100
v 0.01100000 -0.03414800 -0.00100100
v 0.01100000 -0.03414800 -0.00100100
v 0.01100000 -0.03284900 -0.00175100
v 0.01100000 -0.03284900 -0.00175100
v 0.01100000 -0.03488000 -0.00173300
v 0.01100000 -0.03488000 -0.00173300
v 0.01100000 -0.03413000 -0.00303200
v 0.01100000 -0.03413000 -0.00303200
v 0.01100000 -0.03588000 -0.00200100
v 0.01100000 -0.03588000 -0.00200100
v 0.01100000 -0.03588000 -0.00350100
v 0.01100000 -0.03588000 -0.00350100
v 0.01100000 -0.03763000 -0.00303200
v 0.01100000 -0.03763000 -0.00303200
v 0.01300000 -0.03658000 -0.00343000
v 0.01300000 -0.03658000 -0.00343000
v 0.01300000 -0.03658000 -0.00343000
v 0.01400000 -0.03658000 -0.00343000
v 0.01400000 -0.03658000 -0.00343000
v 0.01400000 -0.03658000 -0.00343000
v 0.01400000 -0.03802000 -0.00277100
v 0.01400000 -0.03802000 -0.00277100
v 0.01400000 -0.03902100 -0.00154400
v 0.01400000 -0.03902100 -0.00154400
v 0.01400000 -0.03938000 -0.00000100
v 0.01400000 -0.03938000 -0.00000100
v 0.01400000 -0.03938000 -0.00000100
v 0.01400000 -0.03902100 0.00154200
v 0.01400000 -0.03902100 0.00154200
v 0.01400000 -0.03802000 0.00276800
v 0.01400000 -0.03802000 0.00276800
v 0.01300000 -0.03658000 0.00342800
v 0.01300000 -0.03658000 0.00342800
v 0.01300000 -0.03658000 0.00342800
v 0.01300000 -0.03611500 0.00349100
v 0.01300000 -0.03611500 0.00349100
v 0.01300000 -0.03564500 0.00349100
v 0.01300000 -0.03564500 0.00349100
v 0.01400000 -0.03658000 0.00342800
v 0.01400000 -0.03658000 0.00342800
v 0.01400000 -0.03658000 0.00342800
v 0.01300000 -0.03518000 0.00342800
v 0.01300000 -0.03518000 0.00342800
v 0.01300000 -0.03518000 0.00342800
v 0.01400000 -0.03518000 0.00342800
v 0.01400000 -0.03518000 0.00342800
v 0.01400000 -0.03518000 0.00342800
v 0.01400000 -0.03374000 0.00276800
v 0.01400000 -0.03374000 0.00276800
v 0.01400000 -0.03273800 0.00154200
v 0.01400000 -0.03273800 0.00154200
v 0.01400000 -0.03238000 -0.00000100
v 0.01400000 -0.03238000 -0.00000100
v 0.01400000 -0.03273800 -0.00154400
v 0.01400000 -0.03273800 -0.00154400
v 0.01400000 -0.03374000 -0.00277100
v 0.01400000 -0.03374000 -0.00277100
v 0.01300000 -0.03518000 -0.00343000
v 0.01300000 -0.03518000 -0.00343000
v 0.01300000 -0.03518000 -0.00343000
v 0.01300000 -0.03564500 -0.00349300
v 0.01300000 -0.03564500 -0.00349300
v 0.01300000 -0.03611500 -0.00349300
v 0.01300000 -0.03611500 -0.00349300
v 0.01400000 -0.03518000 -0.00343000
v 0.01400000 -0.03518000 -0.00343000
v 0.01400000 -0.03518000 -0.00343000
v 0.01438700 -0.03658000 0.00334800
v 0.01438700 -0.03658000 0.00334800
v 0.01450000 -0.03793800 0.00266200
v 0.01471300 -0.03658000 0.00312300
v 0.01471300 -0.03658000 0.00312300
v 0.01486600 -0.03771400 0.00237300
v 0.01492600 -0.03658000 0.00278900
v 0.01492600 -0.03658000 0.00278900
v 0.01500000 -0.03658000 0.00239900
v 0.01500000 -0.03658000 0.00239900
v 0.01500000 -0.03658000 0.00239900
v 0.01500000 -0.03767100 0.00174300
v 0.01500000 -0.03767100 0.00174300
v 0.01486600 -0.03857300 0.00132100
v 0.01500000 -0.03829800 0.00063500
v 0.01500000 -0.03829800 0.00063500
v 0.01486600 -0.03888000 -0.00000100
v 0.01500000 -0.03829800 -0.00063700
v 0.01500000 -0.03829800 -0.00063700
v 0.01486600 -0.03857300 -0.00132300
v 0.01500000 -0.03767100 -0.00174500
v 0.01500000 -0.03767100 -0.00174500
v 0.01486600 -0.03771400 -0.00237500
v 0.01500000 -0.03658000 -0.00240100
v 0.01500000 -0.03658000 -0.00240100
v 0.01500000 -0.03658000 -0.00240100
v 0.01492600 -0.03658000 -0.00279100
v 0.01492600 -0.03658000 -0.00279100
v 0.01471300 -0.03658000 -0.00312500
v 0.01471300 -0.03658000 -0.00312500
v 0.01450000 -0.03793800 -0.00266500
v 0.01438700 -0.03658000 -0.00335100
v 0.01438700 -0.03658000 -0.00335100
v 0.01450000 -0.03890100 0.00148300
v 0.01450000 -0.03924600 -0.00000100
v 0.01450000 -0.03890100 -0.00148500
v 0.01438700 -0.03518000 -0.00335100
v 0.01438700 -0.03518000 -0.00335100
v 0.01438700 -0.03518000 0.00334800
v 0.01438700 -0.03518000 0.00334800
v 0.01471300 -0.03518000 -0.00312500
v 0.01471300 -0.03518000 -0.00312500
v 0.01500000 -0.03518000 0.00239900
v 0.01500000 -0.03518000 0.00239900
v 0.01500000 -0.03518000 0.00239900
v 0.01471300 -0.03518000 0.00312300
v 0.01471300 -0.03518000 0.00312300
v 0.01492600 -0.03518000 -0.00279100
v 0.01492600 -0.03518000 -0.00279100
v 0.01500000 -0.03518000 -0.00240100
v 0.01500000 -0.03518000 -0.00240100
v 0.01500000 -0.03518000 -0.00240100
v 0.01492600 -0.03518000 0.00278900
v 0.01492600 -0.03518000 0.00278900
v 0.01486600 -0.03404600 0.00237300
v 0.01500000 -0.03408900 0.00174300
v 0.01500000 -0.03408900 0.00174300
v 0.01486600 -0.03318700 0.00132100
v 0.01500000 -0.03346200 0.00063500
v 0.01500000 -0.03346200 0.00063500
v 0.01486600 -0.03288000 -0.00000100
v 0.01500000 -0.03346200 -0.00063700
v 0.01500000 -0.03346200 -0.00063700
v 0.01486600 -0.03318700 -0.00132300
v 0.01500000 -0.03408900 -0.00174500
v 0.01500000 -0.03408900 -0.00174500
v 0.01486600 -0.03404600 -0.00237500
v 0.01450000 -0.03382200 -0.00266500
v 0.01450000 -0.03285900 -0.00148500
v 0.01450000 -0.03251400 -0.00000100
v 0.01450000 -0.03285900 0.00148300
v 0.01450000 -0.03382200 0.00266200
v -0.01300000 -0.03658000 0.00342800
v -0.01300000 -0.03658000 0.00342800
v -0.01300000 -0.03658000 0.00342800
v -0.01300000 -0.03611500 0.00349100
v -0.01300000 -0.03611500 0.00349100
v -0.01300000 -0.03658000 -0.00343000
v -0.01300000 -0.03658000 -0.00343000
v -0.01300000 -0.03658000 -0.00343000
v -0.01300000 -0.03611500 -0.00349300
v -0.01300000 -0.03611500 -0.00349300
v -0.01300000 -0.03564500 0.00349100
v -0.01300000 -0.03564500 0.00349100
v -0.01300000 -0.03564500 -0.00349300
v -0.01300000 -0.03564500 -0.00349300
v -0.01300000 -0.03518000 -0.00343000
v -0.01300000 -0.03518000 -0.00343000
v -0.01300000 -0.03518000 -0.00343000
v -0.01300000 -0.03518000 0.00342800
v -0.01300000 -0.03518000 0.00342800
v -0.01300000 -0.03518000 0.00342800
v -0.01500000 -0.03658000 0.00239900
v -0.01500000 -0.03658000 0.00239900
v -0.01500000 -0.03658000 0.00239900
v -0.01500000 -0.03658000 -0.00240100
v -0.01500000 -0.03658000 -0.00240100
v -0.01500000 -0.03658000 -0.00240100
v -0.01500000 -0.03767100 0.00174300
v -0.01500000 -0.03767100 0.00174300
v -0.01500000 -0.03767100 -0.00174500
v -0.01500000 -0.03767100 -0.00174500
v -0.01500000 -0.03829800 -0.00063700
v -0.01500000 -0.03829800 -0.00063700
v -0.01500000 -0.03829800 0.00063500
v -0.01500000 -0.03829800 0.00063500
v -0.01492600 -0.03658000 -0.00279100
v -0.01492600 -0.03658000 -0.00279100
v -0.01471300 -0.03658000 -0.00312500
v -0.01471300 -0.03658000 -0.00312500
v -0.01438700 -0.03658000 -0.00335100
v -0.01438700 -0.03658000 -0.00335100
v -0.01471300 -0.03658000 0.00312300
v -0.01471300 -0.03658000 0.00312300
v -0.01438700 -0.03658000 0.00334800
v -0.01438700 -0.03658000 0.00334800
v -0.01492600 -0.03658000 0.00278900
v -0.01492600 -0.03658000 0.00278900
v -0.01400000 -0.03658000 -0.00343000
v -0.01400000 -0.03658000 -0.00343000
v -0.01400000 -0.03658000 -0.00343000
v -0.01400000 -0.03658000 0.00342800
v -0.01400000 -0.03658000 0.00342800
v -0.01400000 -0.03658000 0.00342800
v -0.01400000 -0.03802000 -0.00277100
v -0.01400000 -0.03802000 -0.00277100
v -0.01450000 -0.03793800 -0.00266500
v -0.01486600 -0.03771400 -0.00237500
v -0.01486600 -0.03857300 -0.00132300
v -0.01486600 -0.03888000 -0.00000100
v -0.01486600 -0.03857300 0.00132100
v -0.01486600 -0.03771400 0.00237300
v -0.01450000 -0.03793800 0.00266200
v -0.01400000 -0.03802000 0.00276800
v -0.01400000 -0.03802000 0.00276800
v -0.01400000 -0.03902100 0.00154200
v -0.01400000 -0.03902100 0.00154200
v -0.01450000 -0.03890100 0.00148300
v -0.01400000 -0.03938000 -0.00000100
v -0.01400000 -0.03938000 -0.00000100
v -0.01400000 -0.03938000 -0.00000100
v -0.01450000 -0.03924600 -0.00000100
v -0.01400000 -0.03902100 -0.00154400
v -0.01400000 -0.03902100 -0.00154400
v -0.01450000 -0.03890100 -0.00148500
v -0.01500000 -0.03518000 0.00239900
v -0.01500000 -0.03518000 0.00239900
v -0.01500000 -0.03518000 0.00239900
v -0.01500000 -0.03408900 0.00174300
v -0.01500000 -0.03408900 0.00174300
v -0.01500000 -0.03518000 -0.00240100
v -0.01500000 -0.03518000 -0.00240100
v -0.01500000 -0.03518000 -0.00240100
v -0.01500000 -0.03408900 -0.00174500
v -0.01500000 -0.03408900 -0.00174500
v -0.01500000 -0.03346200 -0.00063700
v -0.01500000 -0.03346200 -0.00063700
v -0.01500000 -0.03346200 0.00063500
v -0.01500000 -0.03346200 0.00063500
v -0.01492600 -0.03518000 0.00278900
v -0.01492600 -0.03518000 0.00278900
v -0.01471300 -0.03518000 0.00312300
v -0.01471300 -0.03518000 0.00312300
v -0.01438700 -0.03518000 0.00334800
v -0.01438700 -0.03518000 0.00334800
v -0.01471300 -0.03518000 -0.00312500
v -0.01471300 -0.03518000 -0.00312500
v -0.01438700 -0.03518000 -0.00335100
v -0.01438700 -0.03518000 -0.00335100
v -0.01492600 -0.03518000 -0.00279100
v -0.01492600 -0.03518000 -0.00279100
v -0.01400000 -0.03518000 0.00342800
v -0.01400000 -0.03518000 0.00342800
v -0.01400000 -0.03518000 0.00342800
v -0.01400000 -0.03518000 -0.00343000
v -0.01400000 -0.03518000 -0.00343000
v -0.01400000 -0.03518000 -0.00343000
v -0.01400000 -0.03374000 -0.00277100
v -0.01400000 -0.03374000 -0.00277100
v -0.01400000 -0.03273800 -0.00154400
v -0.01400000 -0.03273800 -0.00154400
v -0.01400000 -0.03238000 -0.00000100
v -0.01400000 -0.03238000 -0.00000100
v -0.01400000 -0.03273800 0.00154200
v -0.01400000 -0.03273800 0.00154200
v -0.01400000 -0.03374000 0.00276800
v -0.01400000 -0.03374000 0.00276800
v -0.01450000 -0.03382200 0.00266200
v -0.01486600 -0.03404600 0.00237300
v -0.01486600 -0.03318700 0.00132100
v -0.01486600 -0.03288000 -0.00000100
v -0.01486600 -0.03318700 -0.00132300
v -0.01486600 -0.03404600 -0.00237500
v -0.01450000 -0.03382200 -0.00266500
v -0.01450000 -0.03285900 -0.00148500
v -0.01450000 -0.03251400 -0.00000100
v -0.01450000 -0.03285900 0.00148300
v 0.00140500 0.56022600 0.01559300
v 0.00140500 0.56022600 0.01559300
v 0.00150000 0.56411200 0.01645300
v 0.00150000 0.56411200 0.01645300
v 0.00150000 0.56411200 0.01645300
v 0.00150000 0.56411200 0.01645300
v 0.00074000 0.56226300 0.01655300
v 0.00077600 0.56411200 0.01675300
v 0.00077600 0.56411200 0.01675300
v 0.00000000 0.56411200 0.01685500
v 0.00000000 0.56411200 0.01685500
v -0.00004500 0.56224300 0.01664300
v -0.00077600 0.56411200 0.01675300
v -0.00077600 0.56411200 0.01675300
v -0.00140500 0.56022600 0.01559300
v -0.00140500 0.56022600 0.01559300
v -0.00150000 0.56411200 0.01645300
v -0.00150000 0.56411200 0.01645300
v -0.00150000 0.56411200 0.01645300
v -0.00150000 0.56411200 0.01645300
v -0.00004100 0.55801800 0.01484800
v -0.00134300 0.55660000 0.01363800
v -0.00134300 0.55660000 0.01363800
v -0.00004100 0.55720400 0.01437100
v -0.00004100 0.55598300 0.01363700
v 0.00067100 0.55724300 0.01430600
v 0.00067200 0.55602300 0.01357200
v 0.00134300 0.55660000 0.01363800
v 0.00134300 0.55660000 0.01363800
v 0.00069800 0.55360900 0.01221000
v 0.00142000 0.55299100 0.01161700
v 0.00142000 0.55299100 0.01161700
v 0.00052100 0.54911500 0.01103600
v 0.00052100 0.54911500 0.01103600
v 0.00150000 0.54911300 0.01068000
v 0.00150000 0.54911300 0.01068000
v 0.00150000 0.54911300 0.01068000
v 0.00150000 0.54911300 0.01068000
v -0.00142000 0.55299100 0.01161700
v -0.00142000 0.55299100 0.01161700
v -0.00004200 0.55357200 0.01228400
v -0.00150000 0.54911300 0.01068000
v -0.00150000 0.54911300 0.01068000
v -0.00150000 0.54911300 0.01068000
v -0.00150000 0.54911300 0.01068000
v -0.00052100 0.54911500 0.01103600
v -0.00052100 0.54911500 0.01103600
v 0.00067600 0.55805600 0.01478100
v 0.00148200 0.54658200 0.01063200
v 0.00148200 0.54658200 0.01063200
v 0.00073700 0.54403500 0.01071400
v 0.00147000 0.54406900 0.01042300
v 0.00147000 0.54406900 0.01042300
v 0.00146600 0.54158100 0.01005900
v 0.00146600 0.54158100 0.01005900
v 0.00050900 0.53903300 0.00987400
v 0.00050900 0.53903300 0.00987400
v 0.00146900 0.53911300 0.00954300
v 0.00146900 0.53911300 0.00954300
v 0.00146900 0.53911300 0.00954300
v 0.00146900 0.53911300 0.00954300
v -0.00004700 0.54402500 0.01080500
v -0.00148200 0.54658200 0.01063200
v -0.00148200 0.54658200 0.01063200
v -0.00147000 0.54406900 0.01042300
v -0.00147000 0.54406900 0.01042300
v -0.00146600 0.54158100 0.01005900
v -0.00146600 0.54158100 0.01005900
v -0.00050900 0.53903300 0.00987400
v -0.00050900 0.53903300 0.00987400
v -0.00146900 0.53911300 0.00954300
v -0.00146900 0.53911300 0.00954300
v -0.00146900 0.53911300 0.00954300
v -0.00146900 0.53911300 0.00954300
v 0.00149900 0.53766500 0.00925500
v 0.00149900 0.53766500 0.00925500
v 0.00075500 0.53403400 0.00954300
v 0.00149200 0.53329600 0.00935000
v 0.00149200 0.53329600 0.00935000
v 0.00048100 0.52924000 0.01101800
v 0.00048100 0.52924000 0.01101800
v 0.00139300 0.52911300 0.01074200
v 0.00139300 0.52911300 0.01074200
v 0.00139300 0.52911300 0.01074200
v 0.00139300 0.52911300 0.01074200
v -0.00004600 0.53404600 0.00963800
v -0.00149900 0.53766500 0.00925500
v -0.00149900 0.53766500 0.00925500
v -0.00149200 0.53329600 0.00935000
v -0.00149200 0.53329600 0.00935000
v -0.00048100 0.52924000 0.01101800
v -0.00048100 0.52924000 0.01101800
v -0.00139300 0.52911300 0.01074200
v -0.00139300 0.52911300 0.01074200
v -0.00139300 0.52911300 0.01074200
v -0.00139300 0.52911300 0.01074200
v 0.00144000 0.52643000 0.01178800
v 0.00144000 0.52643000 0.01178800
v 0.00073800 0.52433300 0.01267800
v 0.00150000 0.51911300 0.01298900
v 0.00150000 0.51911300 0.01298900
v 0.00150000 0.51911300 0.01298900
v 0.00150000 0.51911300 0.01298900
v 0.00077600 0.51911300 0.01328900
v 0.00077600 0.51911300 0.01328900
v 0.00000000 0.51911300 0.01339100
v 0.00000000 0.51911300 0.01339100
v -0.00004500 0.52435400 0.01276800
v -0.00077600 0.51911300 0.01328900
v -0.00077600 0.51911300 0.01328900
v -0.00150000 0.51911300 0.01298900
v -0.00150000 0.51911300 0.01298900
v -0.00150000 0.51911300 0.01298900
v -0.00150000 0.51911300 0.01298900
v -0.00144000 0.52643000 0.01178800
v -0.00144000 0.52643000 0.01178800
v -0.00150000 0.66011500 0.01645300
v -0.00150000 0.66011500 0.01645300
v -0.00150000 0.66011500 0.01645300
v -0.00077600 0.65993900 0.01675200
v -0.00077600 0.65993900 0.01675200
v 0.00000000 0.62811400 0.01685500
v 0.00000000 0.65987900 0.01685500
v 0.00000000 0.65987900 0.01685500
v 0.00077600 0.65993900 0.01675200
v 0.00077600 0.65993900 0.01675200
v 0.00000000 0.59611300 0.01685500
v 0.00150000 0.66011500 0.01645300
v 0.00150000 0.66011500 0.01645300
v 0.00150000 0.66011500 0.01645300
v -0.01000000 0.52425900 0.00746900
v -0.01000000 0.52425900 0.00746900
v -0.01050000 0.51911300 0.00779300
v -0.01050000 0.51911300 0.00779300
v -0.01050000 0.51911300 0.00779300
v -0.01050000 0.51911300 0.00779300
v -0.00577300 0.52387800 0.00999800
v -0.00860700 0.52911300 0.00657700
v -0.00860700 0.52911300 0.00657700
v -0.00860700 0.52911300 0.00657700
v -0.00860700 0.52911300 0.00657700
v -0.00725100 0.53399600 0.00592000
v -0.00725100 0.53399600 0.00592000
v -0.00439300 0.53475900 0.00748500
v -0.00753100 0.53911300 0.00604300
v -0.00753100 0.53911300 0.00604300
v -0.00753100 0.53911300 0.00604300
v -0.00753100 0.53911300 0.00604300
v -0.00850000 0.54911300 0.00663800
v -0.00850000 0.54911300 0.00663800
v -0.00850000 0.54911300 0.00663800
v -0.00850000 0.54911300 0.00663800
v -0.00490600 0.54426300 0.00848100
v -0.00850100 0.54942800 0.00664200
v -0.00850100 0.54942800 0.00664200
v -0.00789800 0.55419700 0.00844900
v -0.00563100 0.55419700 0.00975200
v -0.00661800 0.55808400 0.01146100
v -0.00738300 0.56204900 0.01278500
v -0.01350000 0.56411200 0.00952500
v -0.01350000 0.56411200 0.00952500
v -0.01350000 0.56411200 0.00952500
v -0.01350000 0.56411200 0.00952500
v -0.01034300 0.56204900 0.01107600
v -0.01282700 0.56030000 0.00903100
v -0.01282700 0.56030000 0.00903100
v -0.00927700 0.55808400 0.00992900
v -0.01121300 0.55674100 0.00802400
v -0.01121300 0.55674100 0.00802400
v -0.00944200 0.55320600 0.00708200
v -0.00944200 0.55320600 0.00708200
v -0.01350000 0.66011500 0.00952500
v -0.01350000 0.66011500 0.00952500
v -0.01350000 0.66011500 0.00952500
v -0.00750000 0.66119200 0.01298900
v -0.00750000 0.66119200 0.01298900
v -0.00750000 0.66119200 0.01298900
v -0.01396600 0.56226300 0.00891700
v -0.01412100 0.56411200 0.00904800
v -0.01412100 0.56411200 0.00904800
v -0.01459800 0.56411200 0.00842700
v -0.01459800 0.56411200 0.00842700
v -0.01443700 0.56224300 0.00828200
v -0.01500000 0.56411200 0.00692700
v -0.01500000 0.56411200 0.00692700
v -0.01500000 0.56411200 0.00692700
v -0.01500000 0.56411200 0.00692700
v -0.01420800 0.56022600 0.00657900
v -0.01420800 0.56022600 0.00657900
v -0.01288000 0.55801800 0.00738800
v -0.01248300 0.55660000 0.00565500
v -0.01248300 0.55660000 0.00565500
v -0.01246700 0.55720400 0.00715000
v -0.01183100 0.55598300 0.00678300
v -0.01205500 0.55724300 0.00773400
v -0.01141900 0.55602300 0.00736700
v -0.01022600 0.55360900 0.00671000
v -0.00929800 0.54911500 0.00596900
v -0.00929800 0.54911500 0.00596900
v -0.01077100 0.55299100 0.00457800
v -0.01077100 0.55299100 0.00457800
v -0.01066000 0.55357200 0.00610500
v -0.01000000 0.54911300 0.00404000
v -0.01000000 0.54911300 0.00404000
v -0.01000000 0.54911300 0.00404000
v -0.01000000 0.54911300 0.00404000
v -0.00981900 0.54911500 0.00506600
v -0.00981900 0.54911500 0.00506600
v -0.01246400 0.55805600 0.00797500
v -0.00891100 0.54403500 0.00599500
v -0.00938200 0.54402500 0.00536200
v -0.00994900 0.54658200 0.00403200
v -0.00994900 0.54658200 0.00403200
v -0.00976300 0.54406900 0.00393800
v -0.00976300 0.54406900 0.00393800
v -0.00944600 0.54158100 0.00375900
v -0.00944600 0.54158100 0.00375900
v -0.00880700 0.53903300 0.00449600
v -0.00880700 0.53903300 0.00449600
v -0.00900000 0.53911300 0.00349900
v -0.00900000 0.53911300 0.00349900
v -0.00900000 0.53911300 0.00349900
v -0.00900000 0.53911300 0.00349900
v -0.00829800 0.53903300 0.00537800
v -0.00829800 0.53903300 0.00537800
v -0.00788800 0.53403400 0.00542500
v -0.00930200 0.52924000 0.00592500
v -0.00930200 0.52924000 0.00592500
v -0.00837100 0.53404600 0.00477900
v -0.00978300 0.52924000 0.00509200
v -0.00978300 0.52924000 0.00509200
v -0.00884200 0.53330700 0.00338100
v -0.00884200 0.53330700 0.00338100
v -0.00999200 0.52913400 0.00415900
v -0.00999200 0.52913400 0.00415900
v -0.00876500 0.53766500 0.00332800
v -0.00876500 0.53766500 0.00332800
v -0.01000000 0.52911300 0.00416400
v -0.01000000 0.52911300 0.00416400
v -0.01000000 0.52911300 0.00416400
v -0.01000000 0.52911300 0.00416400
v -0.01061200 0.52433300 0.00697800
v -0.01108000 0.52435400 0.00634500
v -0.01092900 0.52643000 0.00464700
v -0.01092900 0.52643000 0.00464700
v -0.01200000 0.51911300 0.00519500
v -0.01200000 0.51911300 0.00519500
v -0.01200000 0.51911300 0.00519500
v -0.01200000 0.51911300 0.00519500
v -0.01189700 0.51911300 0.00597200
v -0.01189700 0.51911300 0.00597200
v -0.01159800 0.51911300 0.00669500
v -0.01159800 0.51911300 0.00669500
v -0.01112100 0.51911300 0.00731600
v -0.01112100 0.51911300 0.00731600
v -0.01500000 0.66011500 0.00692700
v -0.01500000 0.66011500 0.00692700
v -0.01500000 0.66011500 0.00692700
v -0.01489700 0.65993900 0.00770300
v -0.01489700 0.65993900 0.00770300
v -0.01459800 0.62811400 0.00842700
v -0.01459800 0.65987900 0.00842700
v -0.01459800 0.65987900 0.00842700
v -0.01412000 0.65993900 0.00904800
v -0.01412000 0.65993900 0.00904800
v -0.01459800 0.59611300 0.00842700
v -0.01146900 0.52425900 -0.00492600
v -0.01146900 0.52425900 -0.00492600
v -0.01200000 0.51911300 -0.00519700
v -0.01200000 0.51911300 -0.00519700
v -0.01200000 0.51911300 -0.00519700
v -0.01200000 0.51911300 -0.00519700
v -0.01154600 0.52387800 -0.00000100
v -0.01000000 0.52911300 -0.00416600
v -0.01000000 0.52911300 -0.00416600
v -0.01000000 0.52911300 -0.00416600
v -0.01000000 0.52911300 -0.00416600
v -0.00875300 0.53399600 -0.00332000
v -0.00875300 0.53399600 -0.00332000
v -0.00868000 0.53475900 -0.00006300
v -0.00900000 0.53911300 -0.00350100
v -0.00900000 0.53911300 -0.00350100
v -0.00900000 0.53911300 -0.00350100
v -0.00900000 0.53911300 -0.00350100
v -0.01000000 0.54911300 -0.00404200
v -0.01000000 0.54911300 -0.00404200
v -0.01000000 0.54911300 -0.00404200
v -0.01000000 0.54911300 -0.00404200
v -0.00979900 0.54426300 -0.00000900
v -0.01000300 0.54942800 -0.00404200
v -0.01000300 0.54942800 -0.00404200
v -0.01126700 0.55419700 -0.00261600
v -0.01126200 0.55419700 -0.00000100
v -0.01323500 0.55808400 -0.00000100
v -0.01476500 0.56204900 -0.00000100
v -0.01500000 0.56411200 -0.00692900
v -0.01500000 0.56411200 -0.00692900
v -0.01500000 0.56411200 -0.00692900
v -0.01500000 0.56411200 -0.00692900
v -0.01476500 0.56204900 -0.00342000
v -0.01423500 0.56030000 -0.00659400
v -0.01423500 0.56030000 -0.00659400
v -0.01323800 0.55808400 -0.00307000
v -0.01255700 0.55674100 -0.00569900
v -0.01255700 0.55674100 -0.00569900
v -0.01085500 0.55320600 -0.00463600
v -0.01085500 0.55320600 -0.00463600
v -0.01500000 0.66119200 -0.00000100
v -0.01500000 0.66119200 -0.00000100
v -0.01500000 0.66093700 -0.00330600
v -0.01500000 0.66093700 -0.00330600
v -0.01500000 0.66011500 -0.00692900
v -0.01500000 0.66011500 -0.00692900
v -0.01500000 0.66011500 -0.00692900
v -0.01500000 0.66093700 0.00330400
v -0.01500000 0.66093700 0.00330400
v -0.01470600 0.56226300 -0.00763700
v -0.01459800 0.56411200 -0.00842900
v -0.01459800 0.56411200 -0.00842900
v -0.01439200 0.56224300 -0.00836200
v -0.01412100 0.56411200 -0.00905000
v -0.01412100 0.56411200 -0.00905000
v -0.01280200 0.56022600 -0.00901500
v -0.01280200 0.56022600 -0.00901500
v -0.01350000 0.56411200 -0.00952700
v -0.01350000 0.56411200 -0.00952700
v -0.01350000 0.56411200 -0.00952700
v -0.01350000 0.56411200 -0.00952700
v -0.01283900 0.55801800 -0.00746100
v -0.01114000 0.55660000 -0.00798400
v -0.01114000 0.55660000 -0.00798400
v -0.01242600 0.55720400 -0.00722200
v -0.01179000 0.55598300 -0.00685500
v -0.01272600 0.55724300 -0.00657300
v -0.01209000 0.55602300 -0.00620600
v -0.01092500 0.55360900 -0.00550200
v -0.00981900 0.54911500 -0.00506800
v -0.00981900 0.54911500 -0.00506800
v -0.00935100 0.55299100 -0.00704000
v -0.00935100 0.55299100 -0.00704000
v -0.01061800 0.55357200 -0.00618000
v -0.00850000 0.54911300 -0.00664000
v -0.00850000 0.54911300 -0.00664000
v -0.00850000 0.54911300 -0.00664000
v -0.00850000 0.54911300 -0.00664000
v -0.00929800 0.54911500 -0.00597100
v -0.00929800 0.54911500 -0.00597100
v -0.01313900 0.55805600 -0.00680700
v -0.00964800 0.54403500 -0.00472000
v -0.00933500 0.54402500 -0.00544500
v -0.00846700 0.54658200 -0.00660100
v -0.00846700 0.54658200 -0.00660100
v -0.00829200 0.54406900 -0.00648700
v -0.00829200 0.54406900 -0.00648700
v -0.00797900 0.54158100 -0.00630100
v -0.00797900 0.54158100 -0.00630100
v -0.00829800 0.53903300 -0.00538000
v -0.00829800 0.53903300 -0.00538000
v -0.00753100 0.53911300 -0.00604500
v -0.00753100 0.53911300 -0.00604500
v -0.00753100 0.53911300 -0.00604500
v -0.00753100 0.53911300 -0.00604500
v -0.00880700 0.53903300 -0.00449800
v -0.00880700 0.53903300 -0.00449800
v -0.00864300 0.53403400 -0.00411900
v -0.00978300 0.52924000 -0.00509400
v -0.00978300 0.52924000 -0.00509400
v -0.00832500 0.53404600 -0.00486100
v -0.00930200 0.52924000 -0.00592700
v -0.00930200 0.52924000 -0.00592700
v -0.00735000 0.53330700 -0.00596800
v -0.00735000 0.53330700 -0.00596800
v -0.00859800 0.52913400 -0.00657400
v -0.00859800 0.52913400 -0.00657400
v -0.00726600 0.53766500 -0.00592700
v -0.00726600 0.53766500 -0.00592700
v -0.00860700 0.52911300 -0.00657800
v -0.00860700 0.52911300 -0.00657800
v -0.00860700 0.52911300 -0.00657800
v -0.00860700 0.52911300 -0.00657800
v -0.01134900 0.52433300 -0.00570200
v -0.01103600 0.52435400 -0.00642400
v -0.00949000 0.52643000 -0.00714200
v -0.00949000 0.52643000 -0.00714200
v -0.01050000 0.51911300 -0.00779500
v -0.01050000 0.51911300 -0.00779500
v -0.01050000 0.51911300 -0.00779500
v -0.01050000 0.51911300 -0.00779500
v -0.01112100 0.51911300 -0.00731800
v -0.01112100 0.51911300 -0.00731800
v -0.01159800 0.51911300 -0.00669700
v -0.01159800 0.51911300 -0.00669700
v -0.01189700 0.51911300 -0.00597400
v -0.01189700 0.51911300 -0.00597400
v -0.01350000 0.66011500 -0.00952700
v -0.01350000 0.66011500 -0.00952700
v -0.01350000 0.66011500 -0.00952700
v -0.01412000 0.65993900 -0.00905000
v -0.01412000 0.65993900 -0.00905000
v -0.01459800 0.62811400 -0.00842900
v -0.01459800 0.65987900 -0.00842900
v -0.01459800 0.65987900 -0.00842900
v -0.01489700 0.65993900 -0.00770500
v -0.01489700 0.65993900 -0.00770500
v -0.01459800 0.59611300 -0.00842900
v -0.00146900 0.52425900 -0.01239600
v -0.00146900 0.52425900 -0.01239600
v -0.00150000 0.51911300 -0.01299100
v -0.00150000 0.51911300 -0.01299100
v -0.00150000 0.51911300 -0.01299100
v -0.00150000 0.51911300 -0.01299100
v -0.00577300 0.52387800 -0.01000000
v -0.00139300 0.52911300 -0.01074400
v -0.00139300 0.52911300 -0.01074400
v -0.00139300 0.52911300 -0.01074400
v -0.00139300 0.52911300 -0.01074400
v -0.00150200 0.53399600 -0.00924100
v -0.00150200 0.53399600 -0.00924100
v -0.00428600 0.53475900 -0.00754900
v -0.00146900 0.53911300 -0.00954500
v -0.00146900 0.53911300 -0.00954500
v -0.00146900 0.53911300 -0.00954500
v -0.00146900 0.53911300 -0.00954500
v -0.00150000 0.54911300 -0.01068200
v -0.00150000 0.54911300 -0.01068200
v -0.00150000 0.54911300 -0.01068200
v -0.00150000 0.54911300 -0.01068200
v -0.00489200 0.54426300 -0.00849100
v -0.00150200 0.54942800 -0.01068500
v -0.00150200 0.54942800 -0.01068500
v -0.00336900 0.55419700 -0.01106600
v -0.00563100 0.55419700 -0.00975400
v -0.00661700 0.55808400 -0.01146300
v -0.00738200 0.56204900 -0.01278800
v -0.00150000 0.56411200 -0.01645500
v -0.00150000 0.56411200 -0.01645500
v -0.00150000 0.56411200 -0.01645500
v -0.00150000 0.56411200 -0.01645500
v -0.00442200 0.56204900 -0.01449700
v -0.00140800 0.56030000 -0.01562600
v -0.00140800 0.56030000 -0.01562600
v -0.00396200 0.55808400 -0.01300000
v -0.00134400 0.55674100 -0.01372500
v -0.00134400 0.55674100 -0.01372500
v -0.00141300 0.55320600 -0.01171900
v -0.00141300 0.55320600 -0.01171900
v -0.00750000 0.66119200 -0.01299100
v -0.00750000 0.66119200 -0.01299100
v -0.00463800 0.66093700 -0.01464400
v -0.00463800 0.66093700 -0.01464400
v -0.00150000 0.66011500 -0.01645500
v -0.00150000 0.66011500 -0.01645500
v -0.00150000 0.66011500 -0.01645500
v -0.01036200 0.66093700 -0.01133900
v -0.01036200 0.66093700 -0.01133900
v 0.01412000 0.65993900 -0.00905000
v 0.01412000 0.65993900 -0.00905000
v 0.01350000 0.66011500 -0.00952700
v 0.01350000 0.66011500 -0.00952700
v 0.01350000 0.66011500 -0.00952700
v 0.00928400 0.66411100 -0.00565700
v 0.00928400 0.66411100 -0.00565700
v 0.00750000 0.66119200 -0.01299100
v 0.00750000 0.66119200 -0.01299100
v 0.00521200 0.66411100 -0.00954100
v 0.00521200 0.66411100 -0.00954100
v 0.00150000 0.66011500 -0.01645500
v 0.00150000 0.66011500 -0.01645500
v 0.00150000 0.66011500 -0.01645500
v -0.00025700 0.66411100 -0.01086900
v -0.00025700 0.66411100 -0.01086900
v 0.00077600 0.65993900 -0.01675400
v 0.00077600 0.65993900 -0.01675400
v 0.00000000 0.65987900 -0.01685700
v 0.00000000 0.65987900 -0.01685700
v -0.00077600 0.65993900 -0.01675400
v -0.00077600 0.65993900 -0.01675400
v -0.00565600 0.66411100 -0.00928500
v -0.00565600 0.66411100 -0.00928500
v -0.00954000 0.66411100 -0.00521300
v -0.00954000 0.66411100 -0.00521300
v -0.01086800 0.66411100 0.00025600
v -0.01086800 0.66411100 0.00025600
v -0.00928400 0.66411100 0.00565500
v -0.00928400 0.66411100 0.00565500
v -0.00521200 0.66411100 0.00953900
v -0.00521200 0.66411100 0.00953900
v -0.00521200 0.66411100 0.00953900
v 0.00025700 0.66411100 0.01086700
v 0.00025700 0.66411100 0.01086700
v 0.00463800 0.66093700 0.01464200
v 0.00463800 0.66093700 0.01464200
v 0.00565600 0.66411100 0.00928300
v 0.00565600 0.66411100 0.00928300
v 0.00750000 0.66119200 0.01298900
v 0.00750000 0.66119200 0.01298900
v 0.01036200 0.66093700 0.01133700
v 0.01036200 0.66093700 0.01133700
v 0.00954000 0.66411100 0.00521100
v 0.00954000 0.66411100 0.00521100
v 0.01350000 0.66011500 0.00952500
v 0.01350000 0.66011500 0.00952500
v 0.01350000 0.66011500 0.00952500
v 0.01412000 0.65993900 0.00904800
v 0.01412000 0.65993900 0.00904800
v 0.01459800 0.65987900 0.00842700
v 0.01459800 0.65987900 0.00842700
v 0.01489700 0.65993900 0.00770300
v 0.01489700 0.65993900 0.00770300
v 0.01500000 0.66011500 0.00692700
v 0.01500000 0.66011500 0.00692700
v 0.01500000 0.66011500 0.00692700
v 0.01500000 0.66093700 0.00330400
v 0.01500000 0.66093700 0.00330400
v 0.01086800 0.66411100 -0.00025700
v 0.01086800 0.66411100 -0.00025700
v 0.01500000 0.66119200 -0.00000100
v 0.01500000 0.66119200 -0.00000100
v 0.01500000 0.66093700 -0.00330600
v 0.01500000 0.66093700 -0.00330600
v 0.01500000 0.66011500 -0.00692900
v 0.01500000 0.66011500 -0.00692900
v 0.01500000 0.66011500 -0.00692900
v 0.01489700 0.65993900 -0.00770500
v 0.01489700 0.65993900 -0.00770500
v 0.01459800 0.65987900 -0.00842900
v 0.01459800 0.65987900 -0.00842900
v -0.00074000 0.56226300 -0.01655500
v -0.00077600 0.56411200 -0.01675500
v -0.00077600 0.56411200 -0.01675500
v 0.00000000 0.56411200 -0.01685700
v 0.00000000 0.56411200 -0.01685700
v 0.00004500 0.56224300 -0.01664500
v 0.00077600 0.56411200 -0.01675500
v 0.00077600 0.56411200 -0.01675500
v 0.00140500 0.56022600 -0.01559500
v 0.00140500 0.56022600 -0.01559500
v 0.00150000 0.56411200 -0.01645500
v 0.00150000 0.56411200 -0.01645500
v 0.00150000 0.56411200 -0.01645500
v 0.00150000 0.56411200 -0.01645500
v 0.00004100 0.55801800 -0.01485000
v 0.00134300 0.55660000 -0.01364000
v 0.00134300 0.55660000 -0.01364000
v 0.00004100 0.55720400 -0.01437300
v 0.00004100 0.55598300 -0.01363900
v -0.00067100 0.55724300 -0.01430800
v -0.00067200 0.55602300 -0.01357400
v -0.00069800 0.55360900 -0.01221200
v -0.00052100 0.54911500 -0.01103800
v -0.00052100 0.54911500 -0.01103800
v 0.00142000 0.55299100 -0.01161900
v 0.00142000 0.55299100 -0.01161900
v 0.00004200 0.55357200 -0.01228600
v 0.00150000 0.54911300 -0.01068200
v 0.00150000 0.54911300 -0.01068200
v 0.00150000 0.54911300 -0.01068200
v 0.00150000 0.54911300 -0.01068200
v 0.00052100 0.54911500 -0.01103800
v 0.00052100 0.54911500 -0.01103800
v -0.00067600 0.55805600 -0.01478300
v -0.00073700 0.54403500 -0.01071600
v 0.00004700 0.54402500 -0.01080700
v 0.00148200 0.54658200 -0.01063400
v 0.00148200 0.54658200 -0.01063400
v 0.00147000 0.54406900 -0.01042500
v 0.00147000 0.54406900 -0.01042500
v 0.00146600 0.54158100 -0.01006100
v 0.00146600 0.54158100 -0.01006100
v 0.00050900 0.53903300 -0.00987600
v 0.00050900 0.53903300 -0.00987600
v 0.00146900 0.53911300 -0.00954500
v 0.00146900 0.53911300 -0.00954500
v 0.00146900 0.53911300 -0.00954500
v 0.00146900 0.53911300 -0.00954500
v -0.00050900 0.53903300 -0.00987600
v -0.00050900 0.53903300 -0.00987600
v -0.00075500 0.53403400 -0.00954500
v -0.00048100 0.52924000 -0.01102000
v -0.00048100 0.52924000 -0.01102000
v 0.00004600 0.53404600 -0.00964000
v 0.00048100 0.52924000 -0.01102000
v 0.00048100 0.52924000 -0.01102000
v 0.00149200 0.53330700 -0.00935000
v 0.00149200 0.53330700 -0.00935000
v 0.00139300 0.52913400 -0.01073400
v 0.00139300 0.52913400 -0.01073400
v 0.00149900 0.53766500 -0.00925700
v 0.00149900 0.53766500 -0.00925700
v 0.00139300 0.52911300 -0.01074400
v 0.00139300 0.52911300 -0.01074400
v 0.00139300 0.52911300 -0.01074400
v 0.00139300 0.52911300 -0.01074400
v -0.00073800 0.52433300 -0.01268000
v 0.00004500 0.52435400 -0.01277000
v 0.00144000 0.52643000 -0.01179000
v 0.00144000 0.52643000 -0.01179000
v 0.00150000 0.51911300 -0.01299100
v 0.00150000 0.51911300 -0.01299100
v 0.00150000 0.51911300 -0.01299100
v 0.00150000 0.51911300 -0.01299100
v 0.00077600 0.51911300 -0.01329100
v 0.00077600 0.51911300 -0.01329100
v 0.00000000 0.51911300 -0.01339300
v 0.00000000 0.51911300 -0.01339300
v -0.00077600 0.51911300 -0.01329100
v -0.00077600 0.51911300 -0.01329100
v 0.00000000 0.62811400 -0.01685700
v 0.00000000 0.59611300 -0.01685700
v 0.01000000 0.52425900 -0.00747100
v 0.01000000 0.52425900 -0.00747100
v 0.01050000 0.51911300 -0.00779500
v 0.01050000 0.51911300 -0.00779500
v 0.01050000 0.51911300 -0.00779500
v 0.01050000 0.51911300 -0.00779500
v 0.00577300 0.52387800 -0.01000000
v 0.00860700 0.52911300 -0.00657800
v 0.00860700 0.52911300 -0.00657800
v 0.00860700 0.52911300 -0.00657800
v 0.00860700 0.52911300 -0.00657800
v 0.00725100 0.53399600 -0.00592200
v 0.00725100 0.53399600 -0.00592200
v 0.00439300 0.53475900 -0.00748700
v 0.00753100 0.53911300 -0.00604500
v 0.00753100 0.53911300 -0.00604500
v 0.00753100 0.53911300 -0.00604500
v 0.00753100 0.53911300 -0.00604500
v 0.00850000 0.54911300 -0.00664000
v 0.00850000 0.54911300 -0.00664000
v 0.00850000 0.54911300 -0.00664000
v 0.00850000 0.54911300 -0.00664000
v 0.00490600 0.54426300 -0.00848300
v 0.00850100 0.54942800 -0.00664400
v 0.00850100 0.54942800 -0.00664400
v 0.00789800 0.55419700 -0.00845100
v 0.00563100 0.55419700 -0.00975400
v 0.00661800 0.55808400 -0.01146300
v 0.00738300 0.56204900 -0.01278700
v 0.01350000 0.56411200 -0.00952700
v 0.01350000 0.56411200 -0.00952700
v 0.01350000 0.56411200 -0.00952700
v 0.01350000 0.56411200 -0.00952700
v 0.01034300 0.56204900 -0.01107800
v 0.01282700 0.56030000 -0.00903300
v 0.01282700 0.56030000 -0.00903300
v 0.00927700 0.55808400 -0.00993100
v 0.01121300 0.55674100 -0.00802600
v 0.01121300 0.55674100 -0.00802600
v 0.00944200 0.55320600 -0.00708400
v 0.00944200 0.55320600 -0.00708400
v 0.01396600 0.56226300 -0.00891900
v 0.01412100 0.56411200 -0.00905000
v 0.01412100 0.56411200 -0.00905000
v 0.01459800 0.56411200 -0.00842900
v 0.01459800 0.56411200 -0.00842900
v 0.01443700 0.56224300 -0.00828400
v 0.01500000 0.56411200 -0.00692900
v 0.01500000 0.56411200 -0.00692900
v 0.01500000 0.56411200 -0.00692900
v 0.01500000 0.56411200 -0.00692900
v 0.01420800 0.56022600 -0.00658100
v 0.01420800 0.56022600 -0.00658100
v 0.01288000 0.55801800 -0.00739000
v 0.01248300 0.55660000 -0.00565700
v 0.01248300 0.55660000 -0.00565700
v 0.01246700 0.55720400 -0.00715200
v 0.01183100 0.55598300 -0.00678500
v 0.01205500 0.55724300 -0.00773600
v 0.01141900 0.55602300 -0.00736900
v 0.01022600 0.55360900 -0.00671100
v 0.00929800 0.54911500 -0.00597100
v 0.00929800 0.54911500 -0.00597100
v 0.01077100 0.55299100 -0.00458000
v 0.01077100 0.55299100 -0.00458000
v 0.01066000 0.55357200 -0.00610700
v 0.01000000 0.54911300 -0.00404200
v 0.01000000 0.54911300 -0.00404200
v 0.01000000 0.54911300 -0.00404200
v 0.01000000 0.54911300 -0.00404200
v 0.00981900 0.54911500 -0.00506800
v 0.00981900 0.54911500 -0.00506800
v 0.01246400 0.55805600 -0.00797700
v 0.00891100 0.54403500 -0.00599700
v 0.00938200 0.54402500 -0.00536400
v 0.00994900 0.54658200 -0.00403400
v 0.00994900 0.54658200 -0.00403400
v 0.00976300 0.54406900 -0.00394000
v 0.00976300 0.54406900 -0.00394000
v 0.00944600 0.54158100 -0.00376100
v 0.00944600 0.54158100 -0.00376100
v 0.00880700 0.53903300 -0.00449800
v 0.00880700 0.53903300 -0.00449800
v 0.00900000 0.53911300 -0.00350100
v 0.00900000 0.53911300 -0.00350100
v 0.00900000 0.53911300 -0.00350100
v 0.00900000 0.53911300 -0.00350100
v 0.00829800 0.53903300 -0.00538000
v 0.00829800 0.53903300 -0.00538000
v 0.00788800 0.53403400 -0.00542700
v 0.00930200 0.52924000 -0.00592700
v 0.00930200 0.52924000 -0.00592700
v 0.00837100 0.53404600 -0.00478100
v 0.00978300 0.52924000 -0.00509400
v 0.00978300 0.52924000 -0.00509400
v 0.00884400 0.53329600 -0.00338400
v 0.00884400 0.53329600 -0.00338400
v 0.01000000 0.52911300 -0.00416600
v 0.01000000 0.52911300 -0.00416600
v 0.01000000 0.52911300 -0.00416600
v 0.01000000 0.52911300 -0.00416600
v 0.00876500 0.53766500 -0.00333000
v 0.00876500 0.53766500 -0.00333000
v 0.01061200 0.52433300 -0.00697900
v 0.01108000 0.52435400 -0.00634700
v 0.01092900 0.52643000 -0.00464900
v 0.01092900 0.52643000 -0.00464900
v 0.01200000 0.51911300 -0.00519700
v 0.01200000 0.51911300 -0.00519700
v 0.01200000 0.51911300 -0.00519700
v 0.01200000 0.51911300 -0.00519700
v 0.01189700 0.51911300 -0.00597400
v 0.01189700 0.51911300 -0.00597400
v 0.01159800 0.51911300 -0.00669700
v 0.01159800 0.51911300 -0.00669700
v 0.01112100 0.51911300 -0.00731800
v 0.01112100 0.51911300 -0.00731800
v 0.01459800 0.62811400 -0.00842900
v 0.01459800 0.59611300 -0.00842900
v 0.01000000 0.52425900 0.00746900
v 0.01000000 0.52425900 0.00746900
v 0.00860700 0.52911300 0.00657700
v 0.00860700 0.52911300 0.00657700
v 0.00860700 0.52911300 0.00657700
v 0.00860700 0.52911300 0.00657700
v 0.00577300 0.52387800 0.00999800
v 0.01050000 0.51911300 0.00779300
v 0.01050000 0.51911300 0.00779300
v 0.01050000 0.51911300 0.00779300
v 0.01050000 0.51911300 0.00779300
v 0.00725100 0.53399600 0.00592000
v 0.00725100 0.53399600 0.00592000
v 0.00753100 0.53911300 0.00604300
v 0.00753100 0.53911300 0.00604300
v 0.00753100 0.53911300 0.00604300
v 0.00753100 0.53911300 0.00604300
v 0.00428600 0.53475900 0.00754700
v 0.00489200 0.54426300 0.00848900
v 0.00850000 0.54911300 0.00663800
v 0.00850000 0.54911300 0.00663800
v 0.00850000 0.54911300 0.00663800
v 0.00850000 0.54911300 0.00663800
v 0.01282700 0.56030000 0.00903100
v 0.01282700 0.56030000 0.00903100
v 0.01350000 0.56411200 0.00952500
v 0.01350000 0.56411200 0.00952500
v 0.01350000 0.56411200 0.00952500
v 0.01350000 0.56411200 0.00952500
v 0.00738200 0.56204900 0.01278600
v 0.00442200 0.56204900 0.01449500
v 0.00396200 0.55808400 0.01299800
v 0.00336900 0.55419700 0.01106400
v 0.00850100 0.54942800 0.00664200
v 0.00850100 0.54942800 0.00664200
v 0.00944200 0.55320600 0.00708200
v 0.00944200 0.55320600 0.00708200
v 0.00563100 0.55419700 0.00975200
v 0.00661700 0.55808400 0.01146100
v 0.01121300 0.55674100 0.00802400
v 0.01121300 0.55674100 0.00802400
v 0.01146900 0.52425900 0.00492400
v 0.01146900 0.52425900 0.00492400
v 0.01200000 0.51911300 0.00519500
v 0.01200000 0.51911300 0.00519500
v 0.01200000 0.51911300 0.00519500
v 0.01200000 0.51911300 0.00519500
v 0.01154600 0.52387800 -0.00000100
v 0.01000000 0.52911300 0.00416400
v 0.01000000 0.52911300 0.00416400
v 0.01000000 0.52911300 0.00416400
v 0.01000000 0.52911300 0.00416400
v 0.00875300 0.53399600 0.00331900
v 0.00875300 0.53399600 0.00331900
v 0.00868000 0.53475900 0.00006100
v 0.00900000 0.53911300 0.00349900
v 0.00900000 0.53911300 0.00349900
v 0.00900000 0.53911300 0.00349900
v 0.00900000 0.53911300 0.00349900
v 0.01000000 0.54911300 0.00404000
v 0.01000000 0.54911300 0.00404000
v 0.01000000 0.54911300 0.00404000
v 0.01000000 0.54911300 0.00404000
v 0.00979900 0.54426300 0.00000700
v 0.01000300 0.54942800 0.00404000
v 0.01000300 0.54942800 0.00404000
v 0.01126700 0.55419700 0.00261400
v 0.01126200 0.55419700 -0.00000100
v 0.01323500 0.55808400 -0.00000100
v 0.01476500 0.56204900 -0.00000100
v 0.01500000 0.56411200 0.00692700
v 0.01500000 0.56411200 0.00692700
v 0.01500000 0.56411200 0.00692700
v 0.01500000 0.56411200 0.00692700
v 0.01476500 0.56204900 0.00341800
v 0.01423500 0.56030000 0.00659200
v 0.01423500 0.56030000 0.00659200
v 0.01323800 0.55808400 0.00306800
v 0.01255700 0.55674100 0.00569700
v 0.01255700 0.55674100 0.00569700
v 0.01085500 0.55320600 0.00463400
v 0.01085500 0.55320600 0.00463400
v 0.01470600 0.56226300 0.00763500
v 0.01459800 0.56411200 0.00842700
v 0.01459800 0.56411200 0.00842700
v 0.01439200 0.56224300 0.00836000
v 0.01412100 0.56411200 0.00904800
v 0.01412100 0.56411200 0.00904800
v 0.01283900 0.55801800 0.00745900
v 0.01242600 0.55720400 0.00722000
v 0.01179000 0.55598300 0.00685300
v 0.01061800 0.55357200 0.00617800
v 0.01209000 0.55602300 0.00620400
v 0.01092500 0.55360900 0.00550000
v 0.00981900 0.54911500 0.00506600
v 0.00981900 0.54911500 0.00506600
v 0.00929800 0.54911500 0.00596900
v 0.00929800 0.54911500 0.00596900
v 0.01272600 0.55724300 0.00657100
v 0.01313900 0.55805600 0.00680500
v 0.00964800 0.54403500 0.00471800
v 0.00933500 0.54402500 0.00544300
v 0.00829800 0.53903300 0.00537800
v 0.00829800 0.53903300 0.00537800
v 0.00880700 0.53903300 0.00449600
v 0.00880700 0.53903300 0.00449600
v 0.00864300 0.53403400 0.00411700
v 0.00978300 0.52924000 0.00509200
v 0.00978300 0.52924000 0.00509200
v 0.00832500 0.53404600 0.00485900
v 0.00930200 0.52924000 0.00592500
v 0.00930200 0.52924000 0.00592500
v 0.01134900 0.52433300 0.00570000
v 0.01103600 0.52435400 0.00642200
v 0.01112100 0.51911300 0.00731600
v 0.01112100 0.51911300 0.00731600
v 0.01159800 0.51911300 0.00669500
v 0.01159800 0.51911300 0.00669500
v 0.01189700 0.51911300 0.00597200
v 0.01189700 0.51911300 0.00597200
v 0.01459800 0.62811400 0.00842700
v 0.01459800 0.59611300 0.00842700
v 0.00150000 0.51611300 0.01298900
v 0.00150000 0.51611300 0.01298900
v 0.00150000 0.51611300 0.01298900
v 0.00150000 0.51611300 0.01298900
v 0.00052100 0.51611300 0.01334600
v 0.00052100 0.51611300 0.01334600
v -0.00052100 0.51611300 0.01334600
v -0.00052100 0.51611300 0.01334600
v -0.00150000 0.51611300 0.01298900
v -0.00150000 0.51611300 0.01298900
v -0.00150000 0.51611300 0.01298900
v -0.00150000 0.51611300 0.01298900
v -0.01050000 0.51611300 0.00779300
v -0.01050000 0.51611300 0.00779300
v -0.01050000 0.51611300 0.00779300
v -0.01050000 0.51611300 0.00779300
v -0.01129800 0.51611300 0.00712300
v -0.01129800 0.51611300 0.00712300
v -0.01181900 0.51611300 0.00622100
v -0.01181900 0.51611300 0.00622100
v -0.01200000 0.51611300 0.00519500
v -0.01200000 0.51611300 0.00519500
v -0.01200000 0.51611300 0.00519500
v -0.01200000 0.51611300 0.00519500
v -0.01200000 0.51611300 -0.00519700
v -0.01200000 0.51611300 -0.00519700
v -0.01200000 0.51611300 -0.00519700
v -0.01200000 0.51611300 -0.00519700
v -0.01181900 0.51611300 -0.00622300
v -0.01181900 0.51611300 -0.00622300
v -0.01129800 0.51611300 -0.00712500
v -0.01129800 0.51611300 -0.00712500
v -0.01050000 0.51611300 -0.00779500
v -0.01050000 0.51611300 -0.00779500
v -0.01050000 0.51611300 -0.00779500
v -0.01050000 0.51611300 -0.00779500
v -0.00150000 0.51611300 -0.01299100
v -0.00150000 0.51611300 -0.01299100
v -0.00150000 0.51611300 -0.01299100
v -0.00150000 0.51611300 -0.01299100
v -0.00052100 0.51611300 -0.01334800
v -0.00052100 0.51611300 -0.01334800
v 0.00052100 0.51611300 -0.01334800
v 0.00052100 0.51611300 -0.01334800
v 0.00150000 0.51611300 -0.01299100
v 0.00150000 0.51611300 -0.01299100
v 0.00150000 0.51611300 -0.01299100
v 0.00150000 0.51611300 -0.01299100
v 0.01050000 0.51611300 -0.00779500
v 0.01050000 0.51611300 -0.00779500
v 0.01050000 0.51611300 -0.00779500
v 0.01050000 0.51611300 -0.00779500
v 0.01129800 0.51611300 -0.00712500
v 0.01129800 0.51611300 -0.00712500
v 0.01181900 0.51611300 -0.00622300
v 0.01181900 0.51611300 -0.00622300
v 0.01200000 0.51611300 -0.00519700
v 0.01200000 0.51611300 -0.00519700
v 0.01200000 0.51611300 -0.00519700
v 0.01200000 0.51611300 -0.00519700
v 0.01050000 0.51611300 0.00779300
v 0.01050000 0.51611300 0.00779300
v 0.01050000 0.51611300 0.00779300
v 0.01050000 0.51611300 0.00779300
v 0.01200000 0.51611300 0.00519500
v 0.01200000 0.51611300 0.00519500
v 0.01200000 0.51611300 0.00519500
v 0.01200000 0.51611300 0.00519500
v 0.01181900 0.51611300 0.00622100
v 0.01181900 0.51611300 0.00622100
v 0.01129800 0.51611300 0.00712300
v 0.01129800 0.51611300 0.00712300
v -0.01173200 0.51511300 0.00519500
v -0.01173200 0.51511300 0.00519500
v -0.01173200 0.51511300 -0.00519700
v -0.01173200 0.51511300 -0.00519700
v -0.01100000 0.51438100 0.00519500
v -0.01100000 0.51438100 0.00519500
v -0.01100000 0.51438100 -0.00519700
v -0.01100000 0.51438100 -0.00519700
v -0.01000000 0.51411300 0.00519500
v -0.01000000 0.51411300 0.00519500
v -0.01000000 0.51411300 0.00519500
v -0.01000000 0.51411300 -0.00519700
v -0.01000000 0.51411300 -0.00519700
v -0.01000000 0.51411300 -0.00519700
v -0.01179100 0.51529800 0.00563900
v -0.01130700 0.51462500 0.00556200
v -0.01069400 0.51424500 0.00546500
v -0.00994000 0.51411300 0.00553700
v -0.00994000 0.51411300 0.00553700
v -0.01039700 0.51424500 0.00619000
v -0.00976600 0.51411300 0.00583800
v -0.00976600 0.51411300 0.00583800
v -0.01000000 0.51438100 0.00692700
v -0.01000000 0.51438100 0.00692700
v -0.00950000 0.51411300 0.00606100
v -0.00950000 0.51411300 0.00606100
v -0.00950000 0.51411300 0.00606100
v -0.01090300 0.51462500 0.00655000
v -0.01036600 0.51511300 0.00756100
v -0.01036600 0.51511300 0.00756100
v -0.01130300 0.51529800 0.00683400
v -0.00136600 0.51511300 0.01275700
v -0.00136600 0.51511300 0.01275700
v -0.00100000 0.51438100 0.01212300
v -0.00100000 0.51438100 0.01212300
v -0.00050000 0.51411300 0.01125700
v -0.00050000 0.51411300 0.01125700
v -0.00050000 0.51411300 0.01125700
v -0.00101100 0.51529800 0.01303100
v -0.00083500 0.51462500 0.01257300
v -0.00061300 0.51424500 0.01199300
v -0.00017400 0.51411300 0.01137600
v -0.00017400 0.51411300 0.01137600
v 0.00016300 0.51424500 0.01209900
v 0.00017400 0.51411300 0.01137600
v 0.00017400 0.51411300 0.01137600
v 0.00100000 0.51438100 0.01212300
v 0.00100000 0.51438100 0.01212300
v 0.00050000 0.51411300 0.01125700
v 0.00050000 0.51411300 0.01125700
v 0.00050000 0.51411300 0.01125700
v 0.00022200 0.51462500 0.01271700
v 0.00136600 0.51511300 0.01275700
v 0.00136600 0.51511300 0.01275700
v 0.00026800 0.51529800 0.01320500
v 0.01036600 0.51511300 0.00756100
v 0.01036600 0.51511300 0.00756100
v 0.01000000 0.51438100 0.00692700
v 0.01000000 0.51438100 0.00692700
v 0.00950000 0.51411300 0.00606100
v 0.00950000 0.51411300 0.00606100
v 0.00950000 0.51411300 0.00606100
v 0.01078000 0.51529800 0.00739000
v 0.01047100 0.51462500 0.00700900
v 0.01008000 0.51424500 0.00652700
v 0.00976600 0.51411300 0.00583800
v 0.00976600 0.51411300 0.00583800
v 0.01056000 0.51424500 0.00590800
v 0.00994000 0.51411300 0.00553700
v 0.00994000 0.51411300 0.00553700
v 0.01100000 0.51438100 0.00519500
v 0.01100000 0.51438100 0.00519500
v 0.01000000 0.51411300 0.00519500
v 0.01000000 0.51411300 0.00519500
v 0.01000000 0.51411300 0.00519500
v 0.01112500 0.51462500 0.00616600
v 0.01173200 0.51511300 0.00519500
v 0.01173200 0.51511300 0.00519500
v 0.01157100 0.51529800 0.00637000
v 0.01173200 0.51511300 -0.00519700
v 0.01173200 0.51511300 -0.00519700
v 0.01100000 0.51438100 -0.00519700
v 0.01100000 0.51438100 -0.00519700
v 0.01000000 0.51411300 -0.00519700
v 0.01000000 0.51411300 -0.00519700
v 0.01000000 0.51411300 -0.00519700
v 0.01179100 0.51529800 -0.00564100
v 0.01130700 0.51462500 -0.00556400
v 0.01069400 0.51424500 -0.00546700
v 0.00994000 0.51411300 -0.00553900
v 0.00994000 0.51411300 -0.00553900
v 0.01039700 0.51424500 -0.00619200
v 0.00976600 0.51411300 -0.00584000
v 0.00976600 0.51411300 -0.00584000
v 0.01000000 0.51438100 -0.00692900
v 0.01000000 0.51438100 -0.00692900
v 0.00950000 0.51411300 -0.00606300
v 0.00950000 0.51411300 -0.00606300
v 0.00950000 0.51411300 -0.00606300
v 0.01090300 0.51462500 -0.00655200
v 0.01036600 0.51511300 -0.00756300
v 0.01036600 0.51511300 -0.00756300
v 0.01130300 0.51529800 -0.00683600
v 0.00136600 0.51511300 -0.01275900
v 0.00136600 0.51511300 -0.01275900
v 0.00100000 0.51438100 -0.01212500
v 0.00100000 0.51438100 -0.01212500
v 0.00050000 0.51411300 -0.01125900
v 0.00050000 0.51411300 -0.01125900
v 0.00050000 0.51411300 -0.01125900
v 0.00101100 0.51529800 -0.01303300
v 0.00083500 0.51462500 -0.01257500
v 0.00061300 0.51424500 -0.01199500
v 0.00017400 0.51411300 -0.01137800
v 0.00017400 0.51411300 -0.01137800
v -0.00016300 0.51424500 -0.01210100
v -0.00017400 0.51411300 -0.01137800
v -0.00017400 0.51411300 -0.01137800
v -0.00100000 0.51438100 -0.01212500
v -0.00100000 0.51438100 -0.01212500
v -0.00050000 0.51411300 -0.01125900
v -0.00050000 0.51411300 -0.01125900
v -0.00050000 0.51411300 -0.01125900
v -0.00022200 0.51462500 -0.01271900
v -0.00136600 0.51511300 -0.01275900
v -0.00136600 0.51511300 -0.01275900
v -0.00026800 0.51529800 -0.01320700
v -0.01036600 0.51511300 -0.00756300
v -0.01036600 0.51511300 -0.00756300
v -0.01000000 0.51438100 -0.00692900
v -0.01000000 0.51438100 -0.00692900
v -0.00950000 0.51411300 -0.00606300
v -0.00950000 0.51411300 -0.00606300
v -0.00950000 0.51411300 -0.00606300
v -0.01078000 0.51529800 -0.00739200
v -0.01047100 0.51462500 -0.00701100
v -0.01008000 0.51424500 -0.00652900
v -0.00976600 0.51411300 -0.00584000
v -0.00976600 0.51411300 -0.00584000
v -0.01056000 0.51424500 -0.00591000
v -0.00994000 0.51411300 -0.00553900
v -0.00994000 0.51411300 -0.00553900
v -0.01112500 0.51462500 -0.00616800
v -0.01157100 0.51529800 -0.00637200
v -0.00692800 0.51411300 -0.00400100
v -0.00692800 0.51411300 -0.00400100
v -0.00400000 0.51411300 -0.00692900
v -0.00400000 0.51411300 -0.00692900
v 0.00000000 0.51411300 -0.00800100
v 0.00000000 0.51411300 -0.00800100
v 0.00400000 0.51411300 -0.00692900
v 0.00400000 0.51411300 -0.00692900
v 0.00692800 0.51411300 -0.00400100
v 0.00692800 0.51411300 -0.00400100
v 0.00800000 0.51411300 -0.00000100
v 0.00800000 0.51411300 -0.00000100
v 0.00692800 0.51411300 0.00399900
v 0.00692800 0.51411300 0.00399900
v 0.00400000 0.51411300 0.00692700
v 0.00400000 0.51411300 0.00692700
v 0.00000000 0.51411300 0.00799900
v 0.00000000 0.51411300 0.00799900
v -0.00400000 0.51411300 0.00692700
v -0.00400000 0.51411300 0.00692700
v -0.00692800 0.51411300 0.00399900
v -0.00692800 0.51411300 0.00399900
v -0.00800000 0.51411300 -0.00000100
v -0.00800000 0.51411300 -0.00000100
v -0.00800000 0.51411300 -0.00000100
v -0.00692800 0.65611100 0.00399900
v -0.00692800 0.65611100 0.00399900
v -0.00692800 0.58511200 0.00399900
v -0.00800000 0.65611100 -0.00000100
v -0.00800000 0.65611100 -0.00000100
v -0.00800000 0.65611100 -0.00000100
v -0.00800000 0.58511200 -0.00000100
v -0.00800000 0.58511200 -0.00000100
v -0.00692800 0.65611100 -0.00400100
v -0.00692800 0.65611100 -0.00400100
v -0.00692800 0.58511200 -0.00400100
v -0.00400000 0.65611100 -0.00692900
v -0.00400000 0.65611100 -0.00692900
v -0.00400000 0.58511200 -0.00692900
v 0.00000000 0.65611100 -0.00800100
v 0.00000000 0.65611100 -0.00800100
v 0.00000000 0.58511200 -0.00800100
v 0.00400000 0.65611100 -0.00692900
v 0.00400000 0.65611100 -0.00692900
v 0.00400000 0.58511200 -0.00692900
v 0.00692800 0.65611100 -0.00400100
v 0.00692800 0.65611100 -0.00400100
v 0.00692800 0.58511200 -0.00400100
v 0.00800000 0.65611100 -0.00000100
v 0.00800000 0.65611100 -0.00000100
v 0.00800000 0.58511200 -0.00000100
v 0.00692800 0.65611100 0.00399900
v 0.00692800 0.65611100 0.00399900
v 0.00692800 0.58511200 0.00399900
v 0.00400000 0.65611100 0.00692700
v 0.00400000 0.65611100 0.00692700
v 0.00400000 0.58511200 0.00692700
v 0.00000000 0.65611100 0.00799900
v 0.00000000 0.65611100 0.00799900
v 0.00000000 0.58511200 0.00799900
v -0.00400000 0.65611100 0.00692700
v -0.00400000 0.65611100 0.00692700
v -0.00400000 0.58511200 0.00692700
v 0.00000000 0.66411100 -0.00500100
v 0.00000000 0.66411100 -0.00500100
v 0.00250000 0.66411100 -0.00433100
v 0.00250000 0.66411100 -0.00433100
v 0.00433000 0.66411100 -0.00250100
v 0.00433000 0.66411100 -0.00250100
v 0.00500000 0.66411100 -0.00000100
v 0.00500000 0.66411100 -0.00000100
v 0.00500000 0.66411100 -0.00000100
v 0.00433000 0.66411100 0.00249900
v 0.00433000 0.66411100 0.00249900
v 0.00250000 0.66411100 0.00432900
v 0.00250000 0.66411100 0.00432900
v 0.00000000 0.66411100 0.00499900
v 0.00000000 0.66411100 0.00499900
v -0.00250000 0.66411100 0.00432900
v -0.00250000 0.66411100 0.00432900
v -0.00433000 0.66411100 0.00249900
v -0.00433000 0.66411100 0.00249900
v -0.00500000 0.66411100 -0.00000100
v -0.00500000 0.66411100 -0.00000100
v -0.00433000 0.66411100 -0.00250100
v -0.00433000 0.66411100 -0.00250100
v -0.00250000 0.66411100 -0.00433100
v -0.00250000 0.66411100 -0.00433100
v 0.00433000 0.65911100 0.00249900
v 0.00433000 0.65911100 0.00249900
v 0.00500000 0.65911100 -0.00000100
v 0.00500000 0.65911100 -0.00000100
v 0.00500000 0.65911100 -0.00000100
v 0.00433000 0.65911100 -0.00250100
v 0.00433000 0.65911100 -0.00250100
v 0.00250000 0.65911100 -0.00433100
v 0.00250000 0.65911100 -0.00433100
v 0.00000000 0.65911100 -0.00500100
v 0.00000000 0.65911100 -0.00500100
v -0.00250000 0.65911100 -0.00433100
v -0.00250000 0.65911100 -0.00433100
v -0.00433000 0.65911100 -0.00250100
v -0.00433000 0.65911100 -0.00250100
v -0.00500000 0.65911100 -0.00000100
v -0.00500000 0.65911100 -0.00000100
v -0.00433000 0.65911100 0.00249900
v -0.00433000 0.65911100 0.00249900
v -0.00250000 0.65911100 0.00432900
v -0.00250000 0.65911100 0.00432900
v 0.00000000 0.65911100 0.00499900
v 0.00000000 0.65911100 0.00499900
v 0.00250000 0.65911100 0.00432900
v 0.00250000 0.65911100 0.00432900
v 0.00259800 0.65911100 -0.00150100
v 0.00259800 0.65911100 -0.00150100
v 0.00300000 0.65911100 -0.00000100
v 0.00300000 0.65911100 -0.00000100
v 0.00300000 0.65911100 -0.00000100
v 0.00259800 0.65911100 0.00149900
v 0.00259800 0.65911100 0.00149900
v 0.00150000 0.65911100 -0.00259900
v 0.00150000 0.65911100 -0.00259900
v 0.00000000 0.65911100 -0.00300100
v 0.00000000 0.65911100 -0.00300100
v -0.00150000 0.65911100 -0.00259900
v -0.00150000 0.65911100 -0.00259900
v -0.00259800 0.65911100 -0.00150100
v -0.00259800 0.65911100 -0.00150100
v -0.00300000 0.65911100 -0.00000100
v -0.00300000 0.65911100 -0.00000100
v -0.00259800 0.65911100 0.00149900
v -0.00259800 0.65911100 0.00149900
v -0.00150000 0.65911100 0.00259700
v -0.00150000 0.65911100 0.00259700
v 0.00000000 0.65911100 0.00299900
v 0.00000000 0.65911100 0.00299900
v 0.00150000 0.65911100 0.00259700
v 0.00150000 0.65911100 0.00259700
v -0.00259800 0.65611100 -0.00150100
v -0.00259800 0.65611100 -0.00150100
v -0.00300000 0.65611100 -0.00000100
v -0.00300000 0.65611100 -0.00000100
v -0.00259800 0.65611100 0.00149900
v -0.00259800 0.65611100 0.00149900
v -0.00150000 0.65611100 -0.00259900
v -0.00150000 0.65611100 -0.00259900
v 0.00000000 0.65611100 -0.00300100
v 0.00000000 0.65611100 -0.00300100
v 0.00150000 0.65611100 -0.00259900
v 0.00150000 0.65611100 -0.00259900
v 0.00259800 0.65611100 -0.00150100
v 0.00259800 0.65611100 -0.00150100
v 0.00300000 0.65611100 -0.00000100
v 0.00300000 0.65611100 -0.00000100
v 0.00300000 0.65611100 -0.00000100
v 0.00259800 0.65611100 0.00149900
v 0.00259800 0.65611100 0.00149900
v 0.00150000 0.65611100 0.00259700
v 0.00150000 0.65611100 0.00259700
v 0.00000000 0.65611100 0.00299900
v 0.00000000 0.65611100 0.00299900
v -0.00150000 0.65611100 0.00259700
v -0.00150000 0.65611100 0.00259700
v -0.01200000 0.51911300 -0.00692900
v 0.00000000 0.51911300 -0.01385700
v -0.01200000 0.51911300 0.00692700
v 0.00000000 0.51911300 0.01385500
v 0.01200000 0.51911300 -0.00692900
v 0.01200000 0.51911300 0.00692700
v 0.01000000 0.52911300 -0.00577400
v 0.00000000 0.52911300 0.01154600
v 0.00000000 0.52911300 -0.01154800
v -0.01000000 0.52911300 0.00577200
v -0.01000000 0.52911300 -0.00577400
v 0.01000000 0.52911300 0.00577200
v -0.00900000 0.53911300 -0.00519700
v 0.00000000 0.53911300 -0.01039300
v -0.00900000 0.53911300 0.00519500
v 0.00000000 0.53911300 0.01039100
v 0.00900000 0.53911300 -0.00519700
v 0.00900000 0.53911300 0.00519500
v -0.01000000 0.54911300 0.00577200
v 0.00000000 0.54911300 -0.01154800
v 0.00000000 0.54911300 0.01154600
v 0.01000000 0.54911300 -0.00577400
v 0.01000000 0.54911300 0.00577200
v -0.01000000 0.54911300 -0.00577400
v -0.01500000 0.56411200 0.00865900
v 0.00000000 0.56411200 0.01731900
v -0.01500000 0.56411200 -0.00866100
v 0.00000000 0.56411200 -0.01732100
v 0.01500000 0.56411200 0.00865900
v 0.01500000 0.56411200 -0.00866100
v -0.00779400 -0.55587300 0.00449900
v -0.00779400 -0.55587300 0.00449900
v -0.00692800 -0.55587300 0.00399900
v -0.00692800 -0.55587300 0.00399900
v -0.00900000 -0.55587300 -0.00000100
v -0.00900000 -0.55587300 -0.00000100
v -0.00900000 -0.55587300 -0.00000100
v -0.00800000 -0.55587300 -0.00000100
v -0.00800000 -0.55587300 -0.00000100
v -0.00779400 -0.55587300 -0.00450100
v -0.00779400 -0.55587300 -0.00450100
v -0.00692800 -0.55587300 -0.00400100
v -0.00692800 -0.55587300 -0.00400100
v -0.00400000 -0.55587300 -0.00692900
v -0.00400000 -0.55587300 -0.00692900
v -0.00400000 -0.55587300 0.00692700
v -0.00400000 -0.55587300 0.00692700
v -0.00450000 -0.55587300 0.00779300
v -0.00450000 -0.55587300 0.00779300
v 0.00000000 -0.55587300 0.00799900
v 0.00000000 -0.55587300 0.00799900
v 0.00000000 -0.55587300 0.00899900
v 0.00000000 -0.55587300 0.00899900
v 0.00450000 -0.55587300 0.00779300
v 0.00450000 -0.55587300 0.00779300
v 0.00400000 -0.55587300 0.00692700
v 0.00400000 -0.55587300 0.00692700
v 0.00779400 -0.55587300 0.00449900
v 0.00779400 -0.55587300 0.00449900
v 0.00692800 -0.55587300 0.00399900
v 0.00692800 -0.55587300 0.00399900
v 0.00900000 -0.55587300 -0.00000100
v 0.00900000 -0.55587300 -0.00000100
v 0.00800000 -0.55587300 -0.00000100
v 0.00800000 -0.55587300 -0.00000100
v 0.00800000 -0.55587300 -0.00000100
v 0.00692800 -0.55587300 -0.00400100
v 0.00692800 -0.55587300 -0.00400100
v 0.00779400 -0.55587300 -0.00450100
v 0.00779400 -0.55587300 -0.00450100
v 0.00400000 -0.55587300 -0.00692900
v 0.00400000 -0.55587300 -0.00692900
v 0.00450000 -0.55587300 -0.00779500
v 0.00450000 -0.55587300 -0.00779500
v 0.00000000 -0.55587300 -0.00800100
v 0.00000000 -0.55587300 -0.00800100
v 0.00000000 -0.55587300 -0.00900100
v 0.00000000 -0.55587300 -0.00900100
v -0.00450000 -0.55587300 -0.00779500
v -0.00450000 -0.55587300 -0.00779500
v 0.00692800 -0.57587300 0.00399900
v 0.00692800 -0.57587300 0.00399900
v 0.00800000 -0.57587300 -0.00000100
v 0.00800000 -0.57587300 -0.00000100
v 0.00800000 -0.57587300 -0.00000100
v 0.00692800 -0.57587300 -0.00400100
v 0.00692800 -0.57587300 -0.00400100
v 0.00400000 -0.57587300 -0.00692900
v 0.00400000 -0.57587300 -0.00692900
v 0.00000000 -0.57587300 -0.00800100
v 0.00000000 -0.57587300 -0.00800100
v -0.00400000 -0.57587300 -0.00692900
v -0.00400000 -0.57587300 -0.00692900
v -0.00692800 -0.57587300 -0.00400100
v -0.00692800 -0.57587300 -0.00400100
v -0.00800000 -0.57587300 -0.00000100
v -0.00800000 -0.57587300 -0.00000100
v -0.00692800 -0.57587300 0.00399900
v -0.00692800 -0.57587300 0.00399900
v -0.00400000 -0.57587300 0.00692700
v -0.00400000 -0.57587300 0.00692700
v 0.00000000 -0.57587300 0.00799900
v 0.00000000 -0.57587300 0.00799900
v 0.00400000 -0.57587300 0.00692700
v 0.00400000 -0.57587300 0.00692700
v -0.00779400 -0.57587300 0.00449900
v -0.00779400 -0.57587300 0.00449900
v -0.00900000 -0.57587300 -0.00000100
v -0.00900000 -0.57587300 -0.00000100
v -0.00900000 -0.57587300 -0.00000100
v -0.00900000 -0.57587300 -0.00000100
v -0.00779400 -0.57587300 -0.00450100
v -0.00779400 -0.57587300 -0.00450100
v -0.00450000 -0.57587300 -0.00779500
v -0.00450000 -0.57587300 -0.00779500
v 0.00000000 -0.57587300 -0.00900100
v 0.00000000 -0.57587300 -0.00900100
v 0.00450000 -0.57587300 -0.00779500
v 0.00450000 -0.57587300 -0.00779500
v 0.00779400 -0.57587300 -0.00450100
v 0.00779400 -0.57587300 -0.00450100
v 0.00900000 -0.57587300 -0.00000100
v 0.00900000 -0.57587300 -0.00000100
v 0.00779400 -0.57587300 0.00449900
v 0.00779400 -0.57587300 0.00449900
v 0.00450000 -0.57587300 0.00779300
v 0.00450000 -0.57587300 0.00779300
v 0.00000000 -0.57587300 0.00899900
v 0.00000000 -0.57587300 0.00899900
v -0.00450000 -0.57587300 0.00779300
v -0.00450000 -0.57587300 0.00779300
v -0.00519600 -0.57887300 -0.00300100
v -0.00519600 -0.57887300 -0.00300100
v 0.00519600 -0.57887300 -0.00300100
v 0.00519600 -0.57887300 -0.00300100
v -0.00600000 -0.57887300 -0.00000100
v -0.00600000 -0.57887300 -0.00000100
v -0.00600000 -0.57887300 -0.00000100
v 0.00600000 -0.57887300 -0.00000100
v 0.00600000 -0.57887300 -0.00000100
v -0.00519600 -0.57887300 0.00299900
v -0.00519600 -0.57887300 0.00299900
v 0.00519600 -0.57887300 0.00299900
v 0.00519600 -0.57887300 0.00299900
v -0.00300000 -0.57887300 0.00519500
v -0.00300000 -0.57887300 0.00519500
v 0.00300000 -0.57887300 0.00519500
v 0.00300000 -0.57887300 0.00519500
v -0.00000000 -0.57887300 0.00599900
v -0.00000000 -0.57887300 0.00599900
v 0.00300000 -0.57887300 -0.00519700
v 0.00300000 -0.57887300 -0.00519700
v -0.00300000 -0.57887300 -0.00519700
v -0.00300000 -0.57887300 -0.00519700
v 0.00000000 -0.57887300 -0.00600100
v 0.00000000 -0.57887300 -0.00600100
v -0.00750000 -0.57847100 -0.00000100
v -0.00750000 -0.57847100 -0.00000100
v -0.00649500 -0.57847100 -0.00375100
v -0.00375000 -0.57847100 -0.00649600
v 0.00000000 -0.57847100 -0.00750100
v 0.00375000 -0.57847100 -0.00649600
v 0.00649500 -0.57847100 -0.00375100
v 0.00750000 -0.57847100 -0.00000100
v 0.00649500 -0.57847100 0.00374900
v 0.00375000 -0.57847100 0.00649400
v -0.00000000 -0.57847100 0.00749900
v -0.00375000 -0.57847100 0.00649400
v -0.00649500 -0.57847100 0.00374900
v -0.00859800 -0.57737300 -0.00000100
v -0.00859800 -0.57737300 -0.00000100
v -0.00744600 -0.57737300 0.00429800
v -0.00429900 -0.57737300 0.00744500
v 0.00000000 -0.57737300 0.00859700
v 0.00429900 -0.57737300 0.00744500
v 0.00744600 -0.57737300 0.00429800
v 0.00859800 -0.57737300 -0.00000100
v 0.00744600 -0.57737300 -0.00430000
v 0.00429900 -0.57737300 -0.00744700
v 0.00000000 -0.57737300 -0.00859900
v -0.00429900 -0.57737300 -0.00744700
v -0.00744600 -0.57737300 -0.00430000
v 0.00070000 0.65991100 0.00393700
v 0.00070000 0.65991100 0.00393700
v 0.00070000 0.65991100 0.00393700
v 0.00070000 0.65991100 -0.00393900
v 0.00070000 0.65991100 -0.00393900
v 0.00070000 0.65991100 -0.00393900
v 0.00023400 0.65991100 0.00399200
v 0.00023400 0.65991100 0.00399200
v 0.00023400 0.65991100 -0.00399400
v 0.00023400 0.65991100 -0.00399400
v -0.00023400 0.65991100 -0.00399400
v -0.00023400 0.65991100 -0.00399400
v -0.00023400 0.65991100 0.00399200
v -0.00023400 0.65991100 0.00399200
v -0.00070000 0.65991100 -0.00393900
v -0.00070000 0.65991100 -0.00393900
v -0.00070000 0.65991100 -0.00393900
v -0.00070000 0.65991100 0.00393700
v -0.00070000 0.65991100 0.00393700
v -0.00070000 0.65991100 0.00393700
v -0.00070000 0.66011100 0.00393700
v -0.00070000 0.66011100 0.00393700
v -0.00070000 0.66011100 0.00393700
v -0.00208100 0.65911100 0.00341500
v -0.00208100 0.65911100 0.00341500
v -0.00239200 0.66011100 0.00320500
v -0.00239200 0.66011100 0.00320500
v -0.00351000 0.65911100 0.00191700
v -0.00351000 0.65911100 0.00191700
v -0.00357500 0.66011100 0.00179300
v -0.00357500 0.66011100 0.00179300
v -0.00399900 0.65911100 -0.00009500
v -0.00399900 0.65911100 -0.00009500
v -0.00400000 0.66011100 -0.00000100
v -0.00400000 0.66011100 -0.00000100
v -0.00357500 0.66011100 -0.00179500
v -0.00357500 0.66011100 -0.00179500
v -0.00341600 0.65911100 -0.00208200
v -0.00341600 0.65911100 -0.00208200
v -0.00239200 0.66011100 -0.00320700
v -0.00239200 0.66011100 -0.00320700
v -0.00239200 0.66011100 -0.00320700
v -0.00191800 0.65911100 -0.00351100
v -0.00191800 0.65911100 -0.00351100
v -0.00191800 0.65911100 -0.00351100
v 0.00009400 0.65911100 -0.00400000
v 0.00009400 0.65911100 -0.00400000
v -0.00070000 0.66011100 -0.00393900
v -0.00070000 0.66011100 -0.00393900
v -0.00070000 0.66011100 -0.00393900
v 0.00208100 0.65911100 -0.00341700
v 0.00208100 0.65911100 -0.00341700
v 0.00070000 0.66011100 -0.00393900
v 0.00070000 0.66011100 -0.00393900
v 0.00070000 0.66011100 -0.00393900
v 0.00239200 0.66011100 -0.00320700
v 0.00239200 0.66011100 -0.00320700
v 0.00351000 0.65911100 -0.00191900
v 0.00351000 0.65911100 -0.00191900
v 0.00357500 0.66011100 -0.00179500
v 0.00357500 0.66011100 -0.00179500
v 0.00399900 0.65911100 0.00009300
v 0.00399900 0.65911100 0.00009300
v 0.00400000 0.66011100 -0.00000100
v 0.00400000 0.66011100 -0.00000100
v 0.00357500 0.66011100 0.00179300
v 0.00357500 0.66011100 0.00179300
v 0.00341600 0.65911100 0.00208000
v 0.00341600 0.65911100 0.00208000
v 0.00239200 0.66011100 0.00320500
v 0.00239200 0.66011100 0.00320500
v 0.00191800 0.65911100 0.00350900
v 0.00191800 0.65911100 0.00350900
v -0.00009400 0.65911100 0.00399800
v -0.00009400 0.65911100 0.00399800
v 0.00070000 0.66011100 0.00393700
v 0.00070000 0.66011100 0.00393700
v 0.00070000 0.66011100 0.00393700
v -0.00070000 0.66083000 0.00134400
v -0.00070000 0.66083000 0.00134400
v -0.00070000 0.66083000 -0.00134600
v -0.00070000 0.66083000 -0.00134600
v 0.00070000 0.66083000 -0.00134600
v 0.00070000 0.66083000 -0.00134600
v 0.00070000 0.66083000 0.00134400
v 0.00070000 0.66083000 0.00134400
v 0.00000000 0.65911100 -0.00200100
v 0.00000000 0.65911100 -0.00200100
v -0.00100000 0.65911100 -0.00173300
v -0.00100000 0.65911100 -0.00173300
v -0.00173200 0.65911100 -0.00100100
v -0.00173200 0.65911100 -0.00100100
v -0.00200000 0.65911100 -0.00000100
v -0.00200000 0.65911100 -0.00000100
v -0.00173200 0.65911100 0.00099900
v -0.00173200 0.65911100 0.00099900
v -0.00100000 0.65911100 0.00173100
v -0.00100000 0.65911100 0.00173100
v 0.00000000 0.65911100 0.00199900
v 0.00000000 0.65911100 0.00199900
v 0.00100000 0.65911100 0.00173100
v 0.00100000 0.65911100 0.00173100
v 0.00173200 0.65911100 0.00099900
v 0.00173200 0.65911100 0.00099900
v 0.00200000 0.65911100 -0.00000100
v 0.00200000 0.65911100 -0.00000100
v 0.00200000 0.65911100 -0.00000100
v 0.00173200 0.65911100 -0.00100100
v 0.00173200 0.65911100 -0.00100100
v 0.00100000 0.65911100 -0.00173300
v 0.00100000 0.65911100 -0.00173300
v -0.00173200 0.64011100 0.00099900
v -0.00173200 0.64011100 0.00099900
v -0.00200000 0.64011100 -0.00000100
v -0.00200000 0.64011100 -0.00000100
v -0.00173200 0.64011100 -0.00100100
v -0.00173200 0.64011100 -0.00100100
v -0.00100000 0.64011100 -0.00173300
v -0.00100000 0.64011100 -0.00173300
v -0.00100000 0.64011100 -0.00173300
v 0.00000000 0.64011100 -0.00200100
v 0.00000000 0.64011100 -0.00200100
v 0.00100000 0.64011100 -0.00173300
v 0.00100000 0.64011100 -0.00173300
v 0.00173200 0.64011100 -0.00100100
v 0.00173200 0.64011100 -0.00100100
v 0.00200000 0.64011100 -0.00000100
v 0.00200000 0.64011100 -0.00000100
v 0.00200000 0.64011100 -0.00000100
v 0.00173200 0.64011100 0.00099900
v 0.00173200 0.64011100 0.00099900
v 0.00100000 0.64011100 0.00173100
v 0.00100000 0.64011100 0.00173100
v 0.00000000 0.64011100 0.00199900
v 0.00000000 0.64011100 0.00199900
v -0.00100000 0.64011100 0.00173100
v -0.00100000 0.64011100 0.00173100
v -0.00086600 0.63911100 -0.00050100
v -0.00086600 0.63911100 -0.00050100
v 0.00086600 0.63911100 -0.00050100
v 0.00086600 0.63911100 -0.00050100
v -0.00100000 0.63911100 -0.00000100
v -0.00100000 0.63911100 -0.00000100
v 0.00100000 0.63911100 -0.00000100
v 0.00100000 0.63911100 -0.00000100
v -0.00086600 0.63911100 0.00049900
v -0.00086600 0.63911100 0.00049900
v 0.00086600 0.63911100 0.00049900
v 0.00086600 0.63911100 0.00049900
v -0.00050000 0.63911100 0.00086500
v -0.00050000 0.63911100 0.00086500
v 0.00050000 0.63911100 0.00086500
v 0.00050000 0.63911100 0.00086500
v 0.00000000 0.63911100 0.00099900
v 0.00000000 0.63911100 0.00099900
v 0.00050000 0.63911100 -0.00086700
v 0.00050000 0.63911100 -0.00086700
v -0.00050000 0.63911100 -0.00086700
v -0.00050000 0.63911100 -0.00086700
v -0.00050000 0.63911100 -0.00086700
v 0.00000000 0.63911100 -0.00100100
v 0.00000000 0.63911100 -0.00100100
vn -0.86600000 0.00000000 -0.50000000
vn 0.00000000 -1.00000000 -0.00000000
vn 0.00000000 -1.00000000 -0.00000000
vn 0.86600000 0.00000000 -0.50000000
vn -1.00000000 -0.00000000 -0.00000000
vn 0.00000000 -1.00000000 -0.00000000
vn 1.00000000 -0.00000000 0.00000000
vn 1.00000000 -0.00000000 0.00000000
vn 0.00000000 -1.00000000 -0.00000000
vn -0.86600000 -0.00000000 0.50000000
vn 0.00000000 -1.00000000 -0.00000000
vn 0.00000000 -1.00000000 -0.00000000
vn 0.86600000 -0.00000000 0.50000000
vn -0.50000000 -0.00000000 0.86600000
vn 0.00000000 -1.00000000 -0.00000000
vn 0.00000000 -1.00000000 -0.00000000
vn 0.50000000 -0.00000000 0.86600000
vn 0.00000000 -0.00000000 1.00000000
vn 0.00000000 -1.00000000 -0.00000000
vn 0.50000000 0.00000000 -0.86600000
vn 0.00000000 -1.00000000 -0.00000000
vn -0.50000000 0.00000000 -0.86600000
vn 0.00000000 -1.00000000 -0.00000000
vn 0.00000000 -1.00000000 -0.00000000
vn 0.00000000 0.00000000 -1.00000000
vn 0.00000000 1.00000000 -0.00000000
vn 0.86600000 0.00000000 -0.50000000
vn 0.00000000 1.00000000 -0.00000000
vn -0.86600000 -0.00000000 0.50000000
vn 1.00000000 -0.00010000 0.00010000
vn 0.00000000 1.00000000 -0.00000000
vn 1.00000000 -0.00010000 0.00010000
vn -1.00000000 -0.00000000 -0.00000000
vn 0.00000000 1.00000000 -0.00000000
vn -1.00000000 -0.00000000 -0.00000000
vn -0.86600000 0.00000000 -0.50000000
vn 0.00000000 1.00000000 -0.00000000
vn -0.50000000 -0.00000000 0.86600000
vn 0.00000000 1.00000000 -0.00000000
vn 0.00000000 1.00000000 -0.00000000
vn 0.50000000 0.00000000 -0.86600000
vn 0.00000000 -0.00000000 1.00000000
vn 0.00000000 1.00000000 -0.00000000
vn 0.00000000 0.00000000 -1.00000000
vn 0.00000000 1.00000000 -0.00000000
vn 0.00000000 1.00000000 -0.00000000
vn -0.50000000 0.00000000 -0.86600000
vn 0.00000000 1.00000000 -0.00000000
vn 0.50000000 -0.00000000 0.86600000
vn -0.86610000 -0.00020000 -0.49990000
vn 0.00000000 1.00000000 -0.00000000
vn 0.00000000 1.00000000 -0.00000000
vn 0.86600000 -0.00000000 0.50000000
vn 0.00000000 1.00000000 -0.00010000
vn 1.00000000 -0.00000000 0.00000000
vn -1.00000000 0.00010000 0.00010000
vn 0.00000000 1.00000000 -0.00000000
vn 0.00000000 1.00000000 -0.00000000
vn 0.86600000 0.00000000 -0.50000000
vn 0.00000000 1.00000000 -0.00000000
vn -0.86600000 -0.00000000 0.50000000
vn 0.50000000 0.00000000 -0.86600000
vn 0.00000000 1.00000000 -0.00000000
vn -0.50000000 -0.00000000 0.86600000
vn 0.00000000 1.00000000 -0.00000000
vn 0.00000000 1.00000000 -0.00000000
vn 0.00000000 0.00000000 -1.00000000
vn 0.00000000 1.00000000 -0.00000000
vn 0.00000000 -0.00000000 1.00000000
vn 0.50000000 -0.00000000 0.86600000
vn 0.00000000 1.00000000 -0.00000000
vn -0.50000000 0.00000000 -0.86600000
vn 0.00000000 1.00000000 -0.00000000
vn 0.00000000 1.00000000 -0.00000000
vn 0.86600000 -0.00000000 0.50000000
vn 0.00000000 1.00000000 -0.00000000
vn -0.86600000 0.00000000 -0.50000000
vn 0.00000000 1.00000000 -0.00000000
vn -1.00000000 -0.00000000 -0.00000000
vn -1.00000000 -0.00000000 -0.00000000
vn 0.00000000 1.00000000 0.00010000
vn -0.86600000 -0.00000000 0.50000000
vn 0.00000000 1.00000000 0.00010000
vn -0.50000000 -0.00000000 0.86600000
vn 0.00000000 1.00000000 -0.00000000
vn 0.00000000 -0.00000000 1.00000000
vn 0.00000000 1.00000000 -0.00010000
vn 0.50000000 -0.00000000 0.86600000
vn 0.86600000 -0.00000000 0.50000000
vn 0.00000000 1.00000000 -0.00000000
vn 1.00000000 -0.00000000 0.00000000
vn 0.00000000 1.00000000 -0.00010000
vn 0.86600000 0.00000000 -0.50000000
vn 0.00000000 1.00000000 -0.00010000
vn 0.00000000 1.00000000 -0.00010000
vn 0.50000000 0.00000000 -0.86600000
vn 0.00000000 1.00000000 -0.00000000
vn 0.00000000 0.00000000 -1.00000000
vn -0.50000000 0.00000000 -0.86600000
vn 0.00000000 1.00000000 0.00010000
vn -0.00000000 0.92360000 0.38350000
vn 0.99540000 0.00000000 -0.09590000
vn 0.00000000 1.00000000 -0.00000000
vn 1.00000000 -0.00000000 0.00000000
vn 1.00000000 -0.00000000 0.00000000
vn 0.00000000 1.00000000 -0.00000000
vn 1.00000000 -0.00000000 0.00000000
vn 1.00000000 -0.00000000 0.00000000
vn -0.00000000 0.92360000 -0.38350000
vn 0.99540000 0.00000000 0.09590000
vn 0.96820000 0.00000000 0.25000000
vn -0.00000000 0.70710000 -0.70710000
vn 0.98430000 0.00000000 0.17680000
vn 0.97300000 -0.00000000 0.23090000
vn -0.00000000 0.38340000 -0.92360000
vn 0.96820000 0.00000000 0.25000000
vn 0.00000000 0.00000000 -1.00000000
vn 0.86600000 -0.00000000 0.50000000
vn 0.96820000 0.00000000 0.25000000
vn 0.00000000 0.00000000 -1.00000000
vn 0.86600000 -0.00000000 0.50000000
vn 0.96820000 0.00000000 0.25000000
vn 0.96820000 0.00000000 0.25000000
vn 0.00000000 0.00000000 -1.00000000
vn 0.97300000 -0.00000000 0.23090000
vn 0.00000000 -0.38340000 -0.92360000
vn 0.96660000 -0.00000000 0.25620000
vn 0.00000000 -0.38340000 -0.92360000
vn 0.97300000 -0.00000000 0.23090000
vn 0.98420000 -0.00000000 0.17680000
vn -0.00000000 -0.70710000 -0.70710000
vn 0.99540000 -0.00000000 0.09580000
vn -0.00000000 -0.92360000 -0.38340000
vn 1.00000000 -0.00000000 0.00000000
vn 1.00000000 -0.00000000 0.00000000
vn 1.00000000 -0.00000000 0.00000000
vn 1.00000000 -0.00000000 0.00000000
vn 0.98420000 0.00000000 -0.17680000
vn 0.00000000 -0.70710000 0.70710000
vn -0.00000000 -0.38340000 0.92360000
vn 0.97300000 -0.00000000 -0.23090000
vn 1.00000000 -0.00000000 0.00000000
vn 0.00000000 -1.00000000 -0.00000000
vn 1.00000000 -0.00000000 0.00000000
vn 0.00000000 -0.92350000 0.38350000
vn 0.99540000 0.00000000 -0.09590000
vn 0.96820000 -0.00000000 -0.25000000
vn 0.00000000 -0.00000000 1.00000000
vn 0.86600000 0.00000000 -0.50000000
vn 0.86600000 0.00000000 -0.50000000
vn 0.50000000 0.00000000 -0.86600000
vn 0.50000000 0.00000000 -0.86600000
vn 0.00000000 0.00000000 -1.00000000
vn 0.00000000 0.00000000 -1.00000000
vn -0.50000000 0.00000000 -0.86600000
vn -0.86600000 0.00000000 -0.50000000
vn -0.89130000 -0.00000000 -0.45350000
vn -0.86600000 0.00000000 -0.50000000
vn -0.91400000 -0.00000000 -0.40580000
vn -0.86600000 0.00000000 -0.50000000
vn -0.93420000 -0.00000000 -0.35690000
vn -0.86600000 0.00000000 -0.50000000
vn -0.95170000 -0.00000000 -0.30700000
vn -0.86600000 0.00000000 -0.50000000
vn -0.96660000 -0.00000000 -0.25620000
vn -0.86600000 0.00000000 -0.50000000
vn 0.00000000 -0.00000000 1.00000000
vn -0.96820000 0.00000000 -0.25000000
vn -0.96820000 0.00000000 -0.25000000
vn -0.97300000 -0.00000000 -0.23090000
vn 0.00000000 0.38340000 0.92360000
vn -0.00000000 0.70710000 0.70710000
vn -0.98430000 0.00000000 -0.17680000
vn -0.00000000 0.92360000 0.38350000
vn -0.99540000 0.00000000 -0.09590000
vn -1.00000000 -0.00000000 -0.00000000
vn -1.00000000 -0.00000000 -0.00000000
vn 0.00000000 1.00000000 -0.00000000
vn 0.00000000 1.00000000 -0.00000000
vn -0.99540000 0.00000000 0.09590000
vn -0.00000000 0.92360000 -0.38350000
vn -0.98420000 -0.00000000 0.17680000
vn 0.00000000 0.70710000 -0.70720000
vn -0.00000000 0.38340000 -0.92360000
vn -0.97300000 -0.00000000 0.23090000
vn 0.00000000 0.00000000 -1.00000000
vn -0.96820000 -0.00000000 0.25000000
vn -0.86600000 -0.00000000 0.50000000
vn -0.86600000 -0.00000000 0.50000000
vn -0.50000000 -0.00000000 0.86600000
vn -0.50000000 -0.00000000 0.86600000
vn 0.00000000 -0.00000000 1.00000000
vn 0.00000000 -0.00000000 1.00000000
vn 0.50000000 -0.00000000 0.86600000
vn 0.50000000 -0.00000000 0.86600000
vn 0.86600000 -0.00000000 0.50000000
vn 0.86600000 -0.00000000 0.50000000
vn 0.89130000 0.00030000 0.45350000
vn 1.00000000 -0.00000000 0.00000000
vn 1.00000000 -0.00000000 0.00000000
vn 0.86600000 0.00000000 -0.50000000
vn 0.50000000 0.00000000 -0.86600000
vn 0.97300000 -0.00000000 -0.23090000
vn 0.00000000 0.38340000 0.92360000
vn 0.86600000 0.00000000 -0.50000000
vn 0.86600000 0.00000000 -0.50000000
vn 0.50000000 0.00000000 -0.86600000
vn 0.50000000 0.00000000 -0.86600000
vn 0.00000000 0.00000000 -1.00000000
vn 0.00000000 0.00000000 -1.00000000
vn -0.50000000 0.00000000 -0.86600000
vn -0.50000000 0.00000000 -0.86600000
vn -0.00000000 0.70710000 0.70720000
vn 0.98430000 0.00000000 -0.17680000
vn 0.50000000 -0.00000000 0.86600000
vn 0.00000000 -0.00000000 1.00000000
vn -0.50000000 -0.00000000 0.86600000
vn -0.86600000 -0.00000000 0.50000000
vn -1.00000000 -0.00000000 -0.00000000
vn -0.00000000 -0.38340000 0.92360000
vn -0.97300000 -0.00000000 -0.23090000
vn 0.00000000 -0.70710000 0.70710000
vn -0.98420000 -0.00000000 -0.17680000
vn -0.99540000 -0.00000000 -0.09580000
vn 0.00000000 -0.92360000 0.38340000
vn -1.00000000 -0.00000000 -0.00000000
vn 0.00000000 -1.00000000 -0.00010000
vn -1.00000000 -0.00000000 -0.00000000
vn -0.99540000 0.00000000 0.09590000
vn 0.00000000 -0.92350000 -0.38350000
vn -0.00000000 -0.70710000 -0.70710000
vn -0.98420000 -0.00000000 0.17680000
vn -1.00000000 -0.00000000 -0.00000000
vn 0.00000000 -0.38340000 -0.92360000
vn -0.97300000 -0.00000000 0.23090000
vn -0.86600000 -0.00000000 0.50000000
vn -0.00000000 0.92350000 -0.38350000
vn -0.99540000 0.00000000 0.09590000
vn 0.00000000 1.00000000 -0.00000000
vn -1.00000000 -0.00000000 -0.00000000
vn 0.00000000 1.00000000 -0.00000000
vn -1.00000000 -0.00000000 -0.00000000
vn -0.00000000 0.92360000 0.38350000
vn -0.99540000 0.00000000 -0.09590000
vn -0.96820000 0.00000000 -0.25000000
vn -0.00000000 0.70710000 0.70710000
vn -0.98420000 -0.00000000 -0.17680000
vn 0.00000000 0.38340000 0.92360000
vn -0.97300000 -0.00000000 -0.23090000
vn 0.00000000 -0.00000000 1.00000000
vn -0.96820000 0.00000000 -0.25000000
vn -0.86600000 0.00000000 -0.50000000
vn 0.00000000 -0.00000000 1.00000000
vn -0.96820000 0.00000000 -0.25000000
vn -0.86600000 0.00000000 -0.50000000
vn -0.96820000 0.00000000 -0.25000000
vn -0.86600000 0.00000000 -0.50000000
vn -0.96820000 0.00000000 -0.25000000
vn 0.00000000 -0.00000000 1.00000000
vn -0.96820000 0.00000000 -0.25000000
vn -0.97300000 -0.00000000 -0.23090000
vn -0.00000000 -0.38340000 0.92360000
vn -0.00000000 -0.38340000 0.92360000
vn -0.97300000 -0.00000000 -0.23090000
vn -0.50000000 0.00000000 -0.86600000
vn -0.50000000 0.00000000 -0.86600000
vn 0.00000000 0.00000000 -1.00000000
vn 0.00000000 0.00000000 -1.00000000
vn 0.50000000 0.00000000 -0.86600000
vn 0.50000000 0.00000000 -0.86600000
vn 0.86600000 0.00000000 -0.50000000
vn 0.86600000 0.00000000 -0.50000000
vn 0.00000000 -0.00000000 1.00000000
vn 0.96820000 -0.00000000 -0.25000000
vn 1.00000000 -0.00000000 0.00000000
vn 1.00000000 -0.00000000 0.00000000
vn 0.00000000 0.38340000 0.92360000
vn 0.97300000 -0.00000000 -0.23090000
vn -0.00000000 0.70710000 0.70710000
vn 0.98420000 0.00000000 -0.17680000
vn -0.98420000 -0.00000000 -0.17680000
vn 0.00000000 -0.70710000 0.70710000
vn -0.99540000 0.00000000 -0.09590000
vn 0.00000000 -0.92360000 0.38340000
vn 0.00000000 -1.00000000 -0.00000000
vn -1.00000000 -0.00000000 -0.00000000
vn -0.99540000 -0.00000000 0.09580000
vn 0.00000000 -0.92350000 -0.38350000
vn -0.98430000 -0.00000000 0.17680000
vn -0.00000000 -0.70710000 -0.70710000
vn 0.00000000 -0.38340000 -0.92360000
vn -0.97300000 -0.00000000 0.23090000
vn 0.00000000 0.00000000 -1.00000000
vn -0.96830000 -0.00000000 0.25000000
vn -0.00000000 0.38340000 -0.92360000
vn -0.97300000 -0.00000000 0.23090000
vn -0.86610000 0.00000000 0.50000000
vn -0.50000000 -0.00000000 0.86600000
vn 0.00000000 -0.00000000 1.00000000
vn 0.50000000 -0.00000000 0.86600000
vn 0.86600000 -0.00000000 0.50000000
vn 0.91400000 0.00020000 0.40580000
vn -0.00000000 0.70710000 -0.70710000
vn -0.98420000 -0.00000000 0.17680000
vn 0.00000000 0.92360000 -0.38340000
vn -0.99540000 0.00000000 0.09590000
vn 0.00000000 1.00000000 -0.00000000
vn 0.00000000 1.00000000 -0.00000000
vn -1.00000000 -0.00000000 -0.00000000
vn -1.00000000 -0.00000000 -0.00000000
vn -0.00000000 0.92360000 0.38340000
vn -0.99540000 0.00000000 -0.09590000
vn -0.98420000 -0.00000000 -0.17680000
vn -0.00000000 0.70710000 0.70710000
vn -0.97300000 -0.00000000 -0.23090000
vn 0.00000000 0.38340000 0.92360000
vn -0.97300000 -0.00000000 -0.23090000
vn -0.00000000 -0.38340000 0.92360000
vn -0.98430000 0.00000000 -0.17680000
vn 0.00000000 -0.70710000 0.70710000
vn 0.00000000 -0.92350000 0.38350000
vn -0.99540000 0.00000000 -0.09590000
vn -1.00000000 -0.00000000 -0.00000000
vn 0.00000000 -1.00000000 -0.00000000
vn -0.99540000 0.00000000 0.09590000
vn -0.00000000 -0.92360000 -0.38340000
vn -0.98430000 -0.00000000 0.17680000
vn -0.00000000 -0.70710000 -0.70710000
vn -0.97300000 -0.00000000 0.23090000
vn 0.00000000 -0.38340000 -0.92360000
vn -0.96820000 -0.00000000 0.25000000
vn 0.00000000 0.00000000 -1.00000000
vn -0.00000000 0.38340000 -0.92360000
vn -0.97300000 -0.00000000 0.23090000
vn 0.00000000 0.00000000 -1.00000000
vn -0.96820000 -0.00000000 0.25000000
vn -0.86600000 -0.00000000 0.50000000
vn -0.86600000 -0.00000000 0.50000000
vn -0.50000000 -0.00000000 0.86600000
vn -0.50000000 -0.00000000 0.86600000
vn 0.00000000 -0.00000000 1.00000000
vn 0.00000000 -0.00000000 1.00000000
vn 0.50000000 -0.00000000 0.86600000
vn 0.50000000 -0.00000000 0.86600000
vn 0.86600000 -0.00000000 0.50000000
vn 0.86600000 -0.00000000 0.50000000
vn 0.95170000 0.00010000 0.30700000
vn 0.93420000 -0.00000000 0.35690000
vn 1.00000000 0.00020000 -0.00000000
vn 1.00000000 0.00020000 -0.00000000
vn 1.00000000 -0.00000000 0.00000000
vn 1.00000000 -0.00000000 0.00000000
vn 0.86600000 0.00000000 -0.50000000
vn -0.00000000 0.70710000 -0.70710000
vn -0.98430000 -0.00000000 0.17680000
vn -1.00000000 -0.00000000 -0.00000000
vn 0.00000000 -0.38340000 -0.92360000
vn -0.97300000 -0.00000000 0.23090000
vn -0.99540000 -0.00000000 0.09580000
vn 0.00000000 0.92360000 -0.38340000
vn -1.00000000 -0.00000000 -0.00000000
vn 0.00000000 1.00000000 -0.00000000
vn 0.00000000 1.00000000 -0.00000000
vn -1.00000000 -0.00000000 -0.00000000
vn 0.00000000 0.92350000 0.38350000
vn -0.99540000 0.00000000 -0.09590000
vn -0.96830000 -0.00000000 -0.25000000
vn -0.00000000 0.70710000 0.70710000
vn -0.98430000 0.00000000 -0.17680000
vn 0.00000000 0.38340000 0.92360000
vn -0.97300000 -0.00000000 -0.23090000
vn -0.86600000 0.00000000 -0.50000000
vn -0.96820000 0.00000000 -0.25000000
vn 0.00000000 -0.00000000 1.00000000
vn -0.86600000 0.00000000 -0.50000000
vn -0.97300000 -0.00000000 -0.23090000
vn 0.00000000 0.38340000 0.92360000
vn -1.00000000 -0.00000000 -0.00000000
vn -0.98420000 -0.00000000 -0.17680000
vn -0.00000000 0.70700000 0.70720000
vn 0.00000000 0.92350000 0.38350000
vn -0.99540000 0.00000000 -0.09590000
vn -1.00000000 -0.00000000 -0.00000000
vn 0.00000000 1.00000000 0.00010000
vn 0.00000000 1.00000000 0.00010000
vn 0.00000000 0.92360000 -0.38340000
vn -0.99540000 0.00000000 0.09590000
vn -0.98430000 -0.00000000 0.17680000
vn -0.00000000 0.70710000 -0.70710000
vn -0.97300000 -0.00000000 0.23090000
vn -0.00000000 0.38340000 -0.92360000
vn -0.96820000 -0.00000000 0.25000000
vn 0.00000000 0.00000000 -1.00000000
vn -0.86600000 -0.00000000 0.50000000
vn -0.86600000 -0.00000000 0.50000000
vn -0.50000000 -0.00000000 0.86600000
vn -0.50000000 -0.00000000 0.86600000
vn 0.00000000 -0.00000000 1.00000000
vn 0.00000000 -0.00000000 1.00000000
vn 0.50000000 -0.00000000 0.86600000
vn 0.50000000 -0.00000000 0.86600000
vn 0.00000000 -0.70710000 0.70720000
vn -0.98420000 -0.00000000 -0.17680000
vn 0.00000000 -0.92350000 0.38350000
vn -0.99540000 -0.00000000 -0.09580000
vn 0.00000000 -1.00000000 -0.00000000
vn -1.00000000 -0.00000000 -0.00000000
vn 0.00000000 -0.92360000 -0.38350000
vn -0.99540000 0.00000000 0.09590000
vn -0.98420000 -0.00000000 0.17680000
vn -0.00000000 -0.70710000 -0.70710000
vn -0.00000000 0.38340000 -0.92360000
vn -0.97300000 -0.00000000 0.23090000
vn -0.00000000 0.70710000 -0.70710000
vn -0.98420000 -0.00000000 0.17680000
vn -0.97300000 -0.00000000 -0.23090000
vn -0.00000000 -0.38340000 0.92360000
vn 0.00000000 -0.70710000 0.70710000
vn -0.98420000 -0.00000000 -0.17680000
vn -0.99540000 0.00000000 -0.09590000
vn -0.00000000 -0.92360000 0.38350000
vn 0.00000000 -1.00000000 -0.00000000
vn -1.00000000 -0.00000000 -0.00000000
vn -0.00000000 -0.92360000 -0.38340000
vn -0.99540000 0.00000000 0.09590000
vn -0.00000000 -0.70710000 -0.70710000
vn -0.98420000 -0.00000000 0.17680000
vn -0.97300000 -0.00000000 0.23090000
vn 0.00000000 -0.38340000 -0.92360000
vn -0.86600000 -0.00000000 0.50000000
vn -1.00000000 -0.00000000 -0.00000000
vn -0.86600000 0.00000000 -0.50000000
vn -0.50000000 0.00000000 -0.86600000
vn 0.00000000 0.00000000 -1.00000000
vn 0.50000000 0.00000000 -0.86600000
vn 0.86600000 0.00000000 -0.50000000
vn 1.00000000 -0.00000000 0.00000000
vn 1.00000000 -0.00000000 0.00000000
vn 0.86600000 -0.00000000 0.50000000
vn 0.50000000 -0.00000000 0.86600000
vn 0.00000000 -0.00000000 1.00000000
vn -0.50000000 -0.00000000 0.86600000
vn -0.00000000 0.92360000 0.38340000
vn 0.99540000 0.00000000 -0.09590000
vn 0.00000000 1.00000000 -0.00010000
vn 0.00000000 1.00000000 -0.00010000
vn 1.00000000 -0.00000000 0.00000000
vn 1.00000000 -0.00000000 0.00000000
vn -0.00000000 0.92350000 -0.38350000
vn 0.99540000 0.00000000 0.09590000
vn 0.00000000 0.70700000 -0.70720000
vn 0.98430000 0.00000000 0.17680000
vn 0.97300000 -0.00000000 0.23090000
vn -0.00000000 0.38340000 -0.92360000
vn 0.86600000 -0.00000000 0.50000000
vn 0.86600000 -0.00000000 0.50000000
vn 0.50000000 -0.00000000 0.86600000
vn 0.96820000 0.00000000 0.25000000
vn 0.00000000 0.00000000 -1.00000000
vn 0.86600000 -0.00000000 0.50000000
vn 0.50000000 -0.00000000 0.86600000
vn 0.50000000 -0.00000000 0.86600000
vn 0.00000000 -0.00000000 1.00000000
vn 0.00000000 -0.00000000 1.00000000
vn -0.50000000 -0.00000000 0.86600000
vn 0.96830000 -0.00000000 0.25000000
vn 0.97300000 -0.00000000 0.23090000
vn 0.00000000 -0.38340000 -0.92360000
vn -0.00000000 -0.70710000 -0.70710000
vn 0.98420000 -0.00000000 0.17680000
vn 0.00000000 -0.92360000 -0.38350000
vn 0.99540000 -0.00000000 0.09580000
vn 1.00000000 0.00040000 -0.00000000
vn 1.00000000 0.00040000 -0.00000000
vn 0.99540000 0.00000000 0.09590000
vn -0.00000000 0.92350000 -0.38350000
vn 0.00000000 1.00000000 -0.00000000
vn 1.00000000 -0.00000000 0.00000000
vn 1.00000000 -0.00000000 0.00000000
vn 0.00000000 1.00000000 -0.00000000
vn -0.00000000 0.92360000 0.38340000
vn 0.99540000 0.00000000 -0.09580000
vn -0.00000000 0.70710000 0.70720000
vn 0.98420000 0.00000000 -0.17680000
vn 0.00000000 0.38340000 0.92360000
vn 0.97300000 -0.00000000 -0.23090000
vn 0.00000000 -0.00000000 1.00000000
vn 0.96820000 -0.00000000 -0.25000000
vn 0.86600000 0.00000000 -0.50000000
vn 0.50000000 0.00000000 -0.86600000
vn 0.00000000 0.00000000 -1.00000000
vn -0.50000000 0.00000000 -0.86600000
vn 1.00000000 -0.00000000 0.00000000
vn 1.00000000 -0.00000000 0.00000000
vn 0.00000000 -1.00000000 -0.00000000
vn 0.99540000 0.00000000 -0.09590000
vn 0.00000000 -0.92360000 0.38340000
vn 0.98420000 0.00000000 -0.17680000
vn 0.00000000 -0.70710000 0.70710000
vn -0.00000000 -0.38340000 0.92360000
vn 0.97300000 -0.00000000 -0.23090000
vn -0.00000000 0.70710000 -0.70710000
vn 0.98420000 -0.00000000 0.17680000
vn -0.00000000 0.38340000 -0.92360000
vn 0.97300000 -0.00000000 0.23090000
vn 0.96820000 0.00000000 0.25000000
vn 0.00000000 0.00000000 -1.00000000
vn 0.00000000 -0.38340000 -0.92360000
vn 0.97300000 -0.00000000 0.23090000
vn 0.96820000 0.00000000 0.25000000
vn 0.86600000 -0.00000000 0.50000000
vn 0.98420000 -0.00000000 0.17680000
vn 0.00000000 -0.70700000 -0.70720000
vn 0.99540000 -0.00000000 0.09580000
vn 0.00000000 -0.92360000 -0.38350000
vn 1.00000000 -0.00000000 0.00000000
vn 1.00000000 -0.00000000 0.00000000
vn 0.00000000 -1.00000000 -0.00000000
vn 1.00000000 -0.00000000 0.00000000
vn 1.00000000 -0.00000000 0.00000000
vn 0.99540000 0.00000000 -0.09590000
vn -0.00000000 -0.92360000 0.38350000
vn 0.00000000 -0.70710000 0.70710000
vn 0.98420000 0.00000000 -0.17680000
vn -0.00000000 -0.38340000 0.92360000
vn 0.97300000 -0.00000000 -0.23090000
vn 0.97300000 -0.00000000 -0.23090000
vn 0.00000000 0.38340000 0.92360000
vn 0.96820000 -0.00000000 -0.25000000
vn 0.00000000 -0.00000000 1.00000000
vn 0.86600000 0.00000000 -0.50000000
vn 0.50000000 0.00000000 -0.86600000
vn 0.00000000 0.00000000 -1.00000000
vn -0.50000000 0.00000000 -0.86600000
vn -0.00000000 0.92360000 0.38340000
vn 0.99540000 0.00000000 -0.09590000
vn 0.00000000 1.00000000 -0.00000000
vn 0.00000000 1.00000000 -0.00000000
vn 1.00000000 -0.00000000 0.00000000
vn 1.00000000 -0.00000000 0.00000000
vn 1.00000000 -0.00000000 0.00000000
vn 1.00000000 -0.00000000 0.00000000
vn 0.99540000 0.00000000 0.09590000
vn -0.00000000 0.92350000 -0.38350000
vn 0.96820000 0.00000000 0.25000000
vn -0.00000000 0.70710000 -0.70710000
vn 0.98420000 -0.00000000 0.17680000
vn 0.97300000 -0.00000000 0.23090000
vn -0.00000000 0.38340000 -0.92360000
vn 0.86600000 -0.00000000 0.50000000
vn 0.50000000 -0.00000000 0.86600000
vn 0.98420000 -0.00000000 0.17680000
vn -0.00000000 -0.70710000 -0.70710000
vn -0.00000000 -0.92360000 -0.38340000
vn 0.99540000 0.00000000 0.09590000
vn 1.00000000 -0.00070000 -0.00000000
vn 1.00000000 -0.00070000 -0.00000000
vn 0.00000000 -1.00000000 -0.00000000
vn 1.00000000 -0.00000000 0.00000000
vn 1.00000000 -0.00000000 0.00000000
vn 0.00000000 -0.92350000 0.38350000
vn 0.99540000 0.00000000 -0.09590000
vn 0.00000000 -0.70710000 0.70710000
vn 0.98420000 0.00000000 -0.17680000
vn -0.00000000 -0.38340000 0.92360000
vn 0.97300000 -0.00000000 -0.23090000
vn -0.00000000 0.70710000 0.70710000
vn 0.98420000 0.00000000 -0.17680000
vn 0.00000000 0.92350000 0.38350000
vn 0.99540000 0.00000000 -0.09590000
vn 0.00000000 1.00000000 -0.00000000
vn 0.00000000 1.00000000 -0.00000000
vn 1.00000000 -0.00000000 0.00000000
vn 1.00000000 -0.00000000 0.00000000
vn -0.00000000 0.92360000 -0.38350000
vn 0.99540000 0.00000000 0.09590000
vn -0.00000000 0.70710000 -0.70710000
vn 0.98420000 -0.00000000 0.17680000
vn 0.97300000 -0.00000000 0.23090000
vn -0.00000000 0.38340000 -0.92360000
vn 0.00000000 -0.38340000 -0.92360000
vn 0.97300000 -0.00000000 0.23090000
vn 0.98420000 -0.00000000 0.17680000
vn -0.00000000 -0.70710000 -0.70710000
vn 0.99540000 0.00000000 0.09590000
vn -0.00000000 -0.92360000 -0.38340000
vn 0.00000000 -1.00000000 -0.00000000
vn 1.00000000 -0.00000000 0.00000000
vn 1.00000000 -0.00000000 0.00000000
vn 0.99540000 0.00000000 -0.09580000
vn 0.00000000 -0.92350000 0.38350000
vn 0.98430000 0.00000000 -0.17680000
vn 0.00000000 -0.70710000 0.70710000
vn 0.97300000 -0.00000000 -0.23090000
vn -0.00000000 -0.38340000 0.92360000
vn 0.96830000 -0.00000000 -0.25000000
vn 0.00000000 -0.00000000 1.00000000
vn 0.00000000 0.38340000 0.92360000
vn 0.97300000 -0.00000000 -0.23090000
vn 0.86600000 0.00000000 -0.50000000
vn 0.50000000 0.00000000 -0.86600000
vn 0.00000000 0.00000000 -1.00000000
vn -0.50000000 0.00000000 -0.86600000
vn -0.00000000 0.70710000 0.70710000
vn 0.98420000 0.00000000 -0.17680000
vn 1.00000000 -0.00000000 0.00000000
vn 1.00000000 -0.00000000 0.00000000
vn 0.86600000 0.00000000 -0.50000000
vn 0.50000000 0.00000000 -0.86600000
vn 0.50000000 0.00000000 -0.86600000
vn 0.00000000 0.00000000 -1.00000000
vn 0.00000000 0.00000000 -1.00000000
vn -0.50000000 0.00000000 -0.86600000
vn -0.50000000 0.00000000 -0.86600000
vn -0.86600000 0.00000000 -0.50000000
vn -1.00000000 -0.00000000 -0.00000000
vn -0.86600000 -0.00000000 0.50000000
vn -0.50000000 -0.00000000 0.86600000
vn 0.00000000 -0.00000000 1.00000000
vn 0.00000000 -0.00000000 1.00000000
vn -0.50000000 -0.00000000 0.86600000
vn -0.50000000 -0.00000000 0.86600000
vn -0.86600000 -0.00000000 0.50000000
vn -1.00000000 -0.00000000 -0.00000000
vn -0.86600000 -0.00000000 0.50000000
vn -1.00000000 -0.00000000 -0.00000000
vn -0.50000000 0.00000000 -0.86600000
vn -0.50000000 0.00000000 -0.86600000
vn 0.00000000 0.00000000 -1.00000000
vn 0.00000000 -0.92360000 0.38340000
vn -0.99540000 0.00000000 0.09590000
vn -1.00000000 -0.00000000 -0.00000000
vn -1.00000000 -0.00000000 -0.00000000
vn 0.00000000 -1.00000000 -0.00000000
vn -1.00000000 -0.00000000 -0.00000000
vn 0.00000000 1.00000000 -0.00000000
vn -1.00000000 -0.00000000 -0.00000000
vn -0.99540000 0.00000000 -0.09590000
vn -0.00000000 -0.92360000 -0.38340000
vn -0.98420000 -0.00000000 -0.17680000
vn -0.00000000 -0.70710000 -0.70710000
vn -0.97300000 -0.00000000 -0.23090000
vn 0.00000000 -0.38340000 -0.92360000
vn 0.00000000 1.00000000 -0.00000000
vn -0.86600000 0.00000000 -0.50000000
vn 0.00000000 0.00000000 -1.00000000
vn -0.96820000 0.00000000 -0.25000000
vn -0.86600000 0.00000000 -0.50000000
vn 0.00000000 -1.00000000 -0.00000000
vn -0.00000000 0.38340000 -0.92360000
vn -0.97300000 -0.00000000 -0.23090000
vn -1.00000000 -0.00000000 -0.00000000
vn 0.00000000 -1.00000000 -0.00000000
vn -1.00000000 -0.00000000 -0.00000000
vn 0.00000000 0.70710000 -0.70720000
vn -0.98430000 0.00000000 -0.17680000
vn -0.00000000 0.92360000 -0.38350000
vn -0.99540000 0.00000000 -0.09590000
vn 0.00000000 1.00000000 -0.00000000
vn 0.00000000 1.00000000 -0.00000000
vn -1.00000000 -0.00000000 -0.00000000
vn -1.00000000 -0.00000000 -0.00000000
vn -0.99540000 0.00000000 0.09590000
vn -0.00000000 0.92360000 0.38350000
vn -0.00000000 0.70710000 0.70720000
vn -0.98430000 -0.00000000 0.17680000
vn -0.97300000 -0.00000000 0.23090000
vn 0.00000000 0.38340000 0.92360000
vn -0.96820000 -0.00000000 0.25000000
vn 0.00000000 -0.00000000 1.00000000
vn -0.86600000 -0.00000000 0.50000000
vn 0.00000000 -1.00000000 -0.00000000
vn 0.00000000 1.00000000 -0.00000000
vn -0.86600000 -0.00000000 0.50000000
vn 0.00000000 -1.00000000 -0.00000000
vn -0.50000000 -0.00000000 0.86600000
vn -0.50000000 -0.00000000 0.86600000
vn 0.00000000 1.00000000 -0.00000000
vn 0.00000000 -1.00000000 -0.00000000
vn 0.00000000 -0.00000000 1.00000000
vn 0.00000000 1.00000000 -0.00000000
vn 0.00000000 -0.00000000 1.00000000
vn 0.50000000 -0.00000000 0.86600000
vn 0.00000000 -1.00000000 -0.00000000
vn 0.50000000 -0.00000000 0.86600000
vn 0.00000000 1.00000000 -0.00000000
vn 0.00000000 -1.00000000 -0.00000000
vn 0.86600000 -0.00000000 0.50000000
vn 0.86600000 -0.00000000 0.50000000
vn 0.00000000 1.00000000 -0.00000000
vn 0.96820000 0.00000000 0.25000000
vn 0.00000000 -0.00000000 1.00000000
vn -0.00000000 -0.38340000 0.92360000
vn 0.97300000 -0.00000000 0.23090000
vn 0.00000000 1.00000000 -0.00000000
vn 1.00000000 -0.00000000 0.00000000
vn 0.00000000 -0.70710000 0.70710000
vn 0.98430000 0.00000000 0.17680000
vn 0.00000000 -0.92360000 0.38340000
vn 0.99540000 0.00000000 0.09590000
vn 1.00000000 -0.00000000 0.00000000
vn 0.00000000 -1.00000000 -0.00000000
vn -0.00000000 -0.92360000 -0.38340000
vn 0.99540000 0.00000000 -0.09590000
vn 0.98420000 0.00000000 -0.17680000
vn -0.00000000 -0.70710000 -0.70710000
vn 0.97300000 -0.00000000 -0.23090000
vn 0.00000000 -0.38340000 -0.92360000
vn 0.96820000 -0.00000000 -0.25000000
vn 0.00000000 0.00000000 -1.00000000
vn 0.86600000 0.00000000 -0.50000000
vn 0.00000000 1.00000000 -0.00000000
vn 0.86600000 0.00000000 -0.50000000
vn 0.00000000 -1.00000000 -0.00000000
vn 0.00000000 -1.00000000 -0.00000000
vn 0.50000000 0.00000000 -0.86600000
vn 0.50000000 0.00000000 -0.86600000
vn 0.00000000 1.00000000 -0.00000000
vn 0.00000000 -1.00000000 -0.00000000
vn 0.00000000 0.00000000 -1.00000000
vn 0.00000000 0.00000000 -1.00000000
vn 0.00000000 1.00000000 -0.00000000
vn 0.00000000 -1.00000000 -0.00000000
vn -0.50000000 0.00000000 -0.86600000
vn -0.50000000 0.00000000 -0.86600000
vn 0.00000000 1.00000000 -0.00000000
vn -0.97300000 -0.00000000 0.23090000
vn -0.00000000 -0.38340000 0.92360000
vn 0.00000000 -0.70710000 0.70710000
vn -0.98420000 -0.00000000 0.17680000
vn 1.00000000 -0.00000000 0.00000000
vn 0.00000000 -1.00000000 -0.00000000
vn 0.97300000 -0.00000000 -0.23090000
vn -0.00000000 0.38340000 -0.92360000
vn 0.00000000 0.70710000 -0.70720000
vn 0.98430000 0.00000000 -0.17680000
vn -0.00000000 0.92360000 -0.38350000
vn 0.99540000 0.00000000 -0.09590000
vn 0.00000000 1.00000000 -0.00000000
vn 1.00000000 -0.00000000 0.00000000
vn 0.00000000 1.00000000 -0.00000000
vn 0.99540000 0.00000000 0.09590000
vn -0.00000000 0.92360000 0.38350000
vn 0.98430000 0.00000000 0.17680000
vn -0.00000000 0.70710000 0.70720000
vn 0.97300000 -0.00000000 0.23090000
vn 0.00000000 0.38340000 0.92360000
vn 0.00000000 -1.00000000 -0.00000000
vn -0.86600000 0.00000000 -0.50000000
vn 0.00000000 -0.00010000 -1.00000000
vn 0.00000000 -0.00010000 -1.00000000
vn 0.00000000 -1.00000000 -0.00000000
vn -1.00000000 -0.00000000 -0.00000000
vn 0.00000000 -1.00000000 -0.00000000
vn -1.00000000 -0.00000000 -0.00000000
vn 0.00000000 -1.00000000 -0.00000000
vn -0.50000000 0.00000000 -0.86600000
vn 0.00000000 0.00000000 -1.00000000
vn 0.00000000 0.00000000 -1.00000000
vn 0.00000000 -1.00000000 -0.00000000
vn 0.00000000 -1.00000000 -0.00010000
vn 0.50000000 0.00000000 -0.86600000
vn 0.00000000 -1.00000000 -0.00000000
vn 0.86600000 0.00000000 -0.50000000
vn 0.00000000 -1.00000000 -0.00000000
vn 1.00000000 -0.00000000 0.00000000
vn 1.00000000 -0.00000000 0.00000000
vn 1.00000000 -0.00000000 0.00000000
vn 0.00000000 -1.00000000 -0.00000000
vn 1.00000000 -0.00000000 0.00000000
vn 0.00000000 -1.00000000 -0.00000000
vn 0.00000000 -0.00000000 1.00000000
vn 0.00000000 -0.00000000 1.00000000
vn 0.00000000 -0.00000000 1.00000000
vn 0.00000000 -1.00000000 -0.00000000
vn 0.00000000 -0.00000000 1.00000000
vn -1.00000000 -0.00000000 -0.00000000
vn -1.00000000 -0.00000000 -0.00000000
vn 0.00000000 -1.00000000 -0.00000000
vn 0.00000000 -1.00000000 -0.00000000
vn 0.86600000 -0.00000000 0.50000000
vn 0.50000000 -0.00000000 0.86600000
vn 0.00000000 -1.00000000 -0.00000000
vn 0.00000000 -1.00000000 0.00010000
vn -0.50000000 -0.00000000 0.86600000
vn -0.86600000 -0.00000000 0.50000000
vn 0.00000000 -1.00000000 -0.00000000
vn 0.00000000 0.00000000 -1.00000000
vn 0.00000000 1.00000000 -0.00000000
vn 0.00000000 0.00000000 -1.00000000
vn 0.50000000 0.00000000 -0.86600000
vn 0.00000000 1.00000000 -0.00000000
vn 0.50000000 0.00000000 -0.86600000
vn 0.86600000 0.00000000 -0.50000000
vn 0.86600000 0.00000000 -0.50000000
vn 0.00000000 1.00000000 -0.00000000
vn 0.00000000 1.00000000 -0.00000000
vn 1.00000000 -0.00000000 0.00000000
vn 1.00000000 -0.00000000 0.00000000
vn -0.34690000 0.56930000 -0.74530000
vn -0.52030000 0.85400000 0.00000000
vn -0.52030000 0.85400000 0.00000000
vn 0.00000000 -0.00000000 1.00000000
vn -0.87760000 0.47940000 0.00000000
vn -0.58510000 0.31960000 -0.74540000
vn -0.58510000 0.31960000 -0.74540000
vn -0.87760000 0.47940000 0.00000000
vn -0.87760000 0.47940000 0.00000000
vn 0.00000000 -0.00000000 1.00000000
vn -0.87760000 0.47940000 0.00000000
vn -0.99970000 -0.02360000 0.00000000
vn -0.66650000 -0.01570000 -0.74530000
vn 0.00000000 -0.00000000 1.00000000
vn -0.99970000 -0.02360000 0.00000000
vn -0.85400000 -0.52030000 0.00000000
vn -0.56930000 -0.34680000 -0.74540000
vn 0.00000000 -0.00000000 1.00000000
vn -0.85400000 -0.52030000 0.00000000
vn -0.47940000 -0.87760000 0.00000000
vn -0.31960000 -0.58510000 -0.74540000
vn -0.47940000 -0.87760000 0.00000000
vn 0.00000000 -0.00000000 1.00000000
vn 0.02360000 -0.99970000 0.00000000
vn 0.01570000 -0.66650000 -0.74530000
vn 0.02360000 -0.99970000 0.00000000
vn 0.00000000 -0.00000000 1.00000000
vn 0.34690000 -0.56930000 -0.74530000
vn 0.52030000 -0.85400000 0.00000000
vn 0.52030000 -0.85400000 0.00000000
vn 0.00000000 -0.00000000 1.00000000
vn 0.87760000 -0.47940000 0.00000000
vn 0.58510000 -0.31960000 -0.74540000
vn 0.87760000 -0.47940000 0.00000000
vn 0.00000000 -0.00000000 1.00000000
vn 0.66650000 0.01570000 -0.74530000
vn 0.99970000 0.02360000 0.00000000
vn 0.00000000 -0.00000000 1.00000000
vn 0.99970000 0.02360000 0.00000000
vn 0.56930000 0.34690000 -0.74540000
vn 0.85400000 0.52030000 0.00000000
vn 0.00000000 -0.00000000 1.00000000
vn 0.85400000 0.52030000 0.00000000
vn 0.31960000 0.58500000 -0.74540000
vn 0.47940000 0.87760000 0.00000000
vn 0.47940000 0.87760000 0.00000000
vn 0.00000000 -0.00000000 1.00000000
vn -0.02360000 0.99970000 0.00000000
vn -0.01570000 0.66650000 -0.74530000
vn 0.00000000 -0.00000000 1.00000000
vn -0.02360000 0.99970000 0.00000000
vn -0.90400000 0.04630000 -0.42510000
vn -0.79430000 0.43390000 -0.42510000
vn -0.79430000 0.43390000 -0.42510000
vn -0.52740000 0.73560000 -0.42510000
vn -0.87700000 0.47910000 -0.03700000
vn -0.87700000 0.47910000 -0.03700000
vn -0.58230000 0.81220000 -0.03710000
vn -0.81980000 0.44790000 0.35680000
vn -0.81980000 0.44790000 0.35680000
vn -0.54430000 0.75920000 0.35680000
vn -0.63200000 0.34520000 0.69380000
vn -0.63200000 0.34520000 0.69380000
vn -0.41960000 0.58530000 0.69380000
vn -0.34330000 0.18760000 0.92030000
vn -0.34330000 0.18760000 0.92030000
vn -0.22800000 0.31800000 0.92030000
vn 0.00000000 -0.00000000 1.00000000
vn 0.00000000 -0.00000000 1.00000000
vn 0.00000000 -0.00000000 1.00000000
vn 0.00000000 -0.00000000 1.00000000
vn 0.00000000 -0.00000000 1.00000000
vn 0.00000000 -0.00000000 1.00000000
vn 0.00000000 -0.00000000 1.00000000
vn 0.00000000 -0.00000000 1.00000000
vn 0.00000000 -0.00000000 1.00000000
vn 0.00000000 -0.00000000 1.00000000
vn 0.00000000 -0.00000000 1.00000000
vn 0.00000000 -0.00000000 1.00000000
vn 0.00000000 -0.00000000 1.00000000
vn 0.00000000 -0.00000000 1.00000000
vn -0.83450000 -0.35050000 -0.42510000
vn -0.59980000 -0.67790000 -0.42510000
vn -0.24630000 -0.87100000 -0.42510000
vn 0.15600000 -0.89160000 -0.42510000
vn 0.52740000 -0.73560000 -0.42510000
vn 0.79430000 -0.43400000 -0.42510000
vn 0.90400000 -0.04630000 -0.42510000
vn 0.99800000 -0.05110000 -0.03700000
vn 0.92140000 0.38690000 -0.03710000
vn 0.86130000 0.36170000 0.35680000
vn 0.61910000 0.69960000 0.35680000
vn 0.47720000 0.53930000 0.69390000
vn 0.19600000 0.69290000 0.69380000
vn 0.10650000 0.37650000 0.92030000
vn -0.06740000 0.38540000 0.92030000
vn 0.83450000 0.35050000 -0.42510000
vn 0.66220000 0.74840000 -0.03720000
vn 0.25420000 0.89890000 0.35680000
vn -0.12410000 0.70930000 0.69390000
vn 0.59980000 0.67790000 -0.42510000
vn 0.27190000 0.96160000 -0.03710000
vn -0.16100000 0.92020000 0.35680000
vn 0.24630000 0.87100000 -0.42510000
vn -0.17220000 0.98440000 -0.03720000
vn -0.15600000 0.89160000 -0.42510000
vn 0.25930000 0.29300000 0.92030000
vn 0.36070000 0.15150000 0.92030000
vn 0.39070000 -0.02000000 0.92030000
vn 0.34330000 -0.18760000 0.92030000
vn 0.22800000 -0.31800000 0.92030000
vn 0.06740000 -0.38540000 0.92030000
vn -0.10650000 -0.37650000 0.92030000
vn -0.25930000 -0.29300000 0.92030000
vn -0.36070000 -0.15150000 0.92030000
vn -0.39070000 0.02000000 0.92030000
vn -0.99800000 0.05110000 -0.03700000
vn -0.92140000 -0.38690000 -0.03700000
vn -0.66220000 -0.74840000 -0.03710000
vn -0.27190000 -0.96160000 -0.03710000
vn 0.17220000 -0.98440000 -0.03720000
vn 0.58230000 -0.81220000 -0.03720000
vn 0.87700000 -0.47910000 -0.03700000
vn -0.93290000 0.04780000 0.35680000
vn -0.86130000 -0.36170000 0.35680000
vn -0.61910000 -0.69960000 0.35680000
vn -0.25420000 -0.89890000 0.35680000
vn 0.16100000 -0.92020000 0.35680000
vn 0.54430000 -0.75920000 0.35680000
vn 0.81980000 -0.44790000 0.35680000
vn 0.93290000 -0.04780000 0.35680000
vn -0.71920000 0.03690000 0.69390000
vn -0.66390000 -0.27880000 0.69380000
vn -0.47720000 -0.53930000 0.69380000
vn -0.19600000 -0.69290000 0.69380000
vn 0.12410000 -0.70930000 0.69380000
vn 0.41960000 -0.58530000 0.69380000
vn 0.63200000 -0.34520000 0.69390000
vn 0.71920000 -0.03680000 0.69380000
vn 0.66390000 0.27880000 0.69390000
vn 0.00000000 0.99450000 -0.10470000
vn 0.00000000 0.00000000 -1.00000000
vn 0.00000000 0.99450000 -0.10470000
vn 0.00000000 0.00000000 -1.00000000
vn 0.00000000 0.99450000 -0.10470000
vn 0.99450000 0.00000000 -0.10470000
vn -0.55880000 0.82190000 -0.11070000
vn 0.00000000 0.99450000 -0.10470000
vn 0.99450000 0.00000000 -0.10470000
vn 0.00000000 0.99450000 -0.10470000
vn 0.00000000 -0.00000000 1.00000000
vn 0.00000000 0.99450000 -0.10470000
vn 0.00000000 -0.00000000 1.00000000
vn -0.99910000 0.00000000 -0.04330000
vn 0.00000000 0.00000000 -1.00000000
vn 0.99450000 0.00000000 -0.10470000
vn 0.00000000 -0.99450000 -0.10470000
vn 0.00000000 -0.00000000 1.00000000
vn 0.00000000 -0.99450000 -0.10470000
vn 0.99450000 0.00000000 -0.10470000
vn 0.00000000 0.00000000 -1.00000000
vn -0.99450000 0.00000000 -0.10470000
vn 0.00000000 -0.99450000 -0.10470000
vn -0.99450000 0.00000000 -0.10470000
vn 0.00000000 -0.00000000 1.00000000
vn 0.00000000 -0.99450000 -0.10470000
vn 0.00000000 0.00000000 -1.00000000
vn -0.00000000 0.98930000 -0.14580000
vn -0.99450000 0.00000000 -0.10470000
vn -0.55330000 0.81370000 -0.17820000
vn -0.99450000 0.00000000 -0.10470000
vn -0.88670000 0.43470000 -0.15740000
vn -0.99450000 0.00000000 -0.10470000
vn -0.99450000 0.00000000 -0.10470000
vn 0.00000000 -0.00000000 1.00000000
vn -0.99450000 0.00000000 -0.10470000
vn -0.21900000 0.96590000 -0.13820000
vn -0.55640000 0.81820000 -0.14470000
vn -0.89130000 0.43690000 -0.12130000
vn -0.00000000 -0.99720000 -0.07480000
vn 0.99720000 -0.00000000 -0.07480000
vn 0.00000000 -0.00000000 1.00000000
vn 0.00000000 -0.00000000 1.00000000
vn -0.99720000 -0.00000000 -0.07480000
vn -0.00000000 -0.99720000 -0.07480000
vn 0.99720000 -0.00000000 -0.07480000
vn 0.00000000 0.99720000 -0.07480000
vn 0.00000000 -0.00000000 1.00000000
vn 0.00000000 0.99720000 -0.07480000
vn 0.00000000 -0.00000000 1.00000000
vn 0.00000000 0.99720000 -0.07480000
vn -0.99720000 -0.00000000 -0.07480000
vn -0.00000000 0.99370000 -0.11180000
vn 0.00000000 -0.00000000 1.00000000
vn 0.00000000 0.00000000 -1.00000000
vn 0.00000000 0.00000000 -1.00000000
vn 0.00000000 0.00000000 -1.00000000
vn 0.00000000 0.00000000 -1.00000000
vn 0.00000000 0.00000000 -1.00000000
vn 0.00000000 0.00000000 -1.00000000
vn 0.00000000 0.00000000 -1.00000000
vn 0.00000000 0.00000000 -1.00000000
vn 0.00000000 0.00000000 -1.00000000
vn 0.00000000 0.00000000 -1.00000000
vn 0.00000000 0.00000000 -1.00000000
vn 0.00000000 0.00000000 -1.00000000
vn -0.99720000 -0.00000000 -0.07480000
vn -0.99720000 -0.00000000 -0.07480000
vn -0.97810000 0.18550000 -0.09420000
vn -0.98910000 0.00000000 -0.14750000
vn -0.98150000 0.16930000 -0.08910000
vn -0.99720000 -0.00000000 -0.07480000
vn -0.00000000 -0.99720000 -0.07480000
vn -0.99720000 -0.00000000 -0.07480000
vn -0.00000000 -0.99720000 -0.07480000
vn -0.97760000 -0.00000000 -0.21040000
vn -0.98470000 0.15560000 -0.07800000
vn -0.90090000 0.00000000 -0.43390000
vn 0.00000000 -0.90090000 -0.43390000
vn -0.00000000 0.95310000 -0.30270000
vn -0.95310000 -0.00000000 -0.30280000
vn -0.98960000 0.13600000 -0.04660000
vn 0.00000000 0.81190000 -0.58380000
vn -0.81190000 0.00000000 -0.58380000
vn -0.68010000 -0.00000000 -0.73310000
vn 0.00000000 -0.68020000 -0.73310000
vn 0.00000000 0.59040000 -0.80710000
vn -0.59040000 -0.00000000 -0.80710000
vn -0.36530000 0.00000000 -0.93090000
vn -0.00000000 -0.36530000 -0.93090000
vn -0.98150000 0.18610000 -0.04420000
vn 0.00000000 0.99720000 -0.07480000
vn 0.00000000 0.99720000 -0.07480000
vn 0.00000000 0.99720000 -0.07480000
vn 0.99720000 -0.00000000 -0.07480000
vn 0.00000000 0.99720000 -0.07480000
vn 0.99720000 -0.00000000 -0.07480000
vn 0.90100000 -0.00000000 -0.43390000
vn 0.00000000 0.90090000 -0.43390000
vn 0.00000000 0.68020000 -0.73310000
vn 0.68010000 0.00000000 -0.73310000
vn 0.36530000 -0.00000000 -0.93090000
vn -0.00000000 0.36530000 -0.93090000
vn -0.00000000 -0.99720000 -0.07480000
vn 0.99720000 -0.00000000 -0.07480000
vn -0.00000000 -0.99720000 -0.07480000
vn 0.99720000 -0.00000000 -0.07480000
vn -0.00000000 -0.90100000 -0.43390000
vn 0.90100000 -0.00000000 -0.43390000
vn 0.68010000 0.00000000 -0.73310000
vn -0.00000000 -0.68010000 -0.73310000
vn 0.00000000 -0.36540000 -0.93090000
vn 0.36530000 -0.00000000 -0.93090000
vn -0.53580000 0.83360000 -0.13400000
vn -0.99720000 -0.00000000 -0.07480000
vn -0.53900000 0.83850000 -0.07960000
vn 0.00000000 0.99720000 -0.07480000
vn -0.88740000 0.45230000 -0.08940000
vn -0.64400000 0.75770000 -0.10510000
vn -0.27110000 0.95690000 -0.10400000
vn -1.00000000 0.00010000 0.00000000
vn -1.00000000 0.00010000 0.00000000
vn 0.00000000 1.00000000 -0.00000000
vn -0.86600000 0.00000000 -0.50000000
vn -0.86600000 0.00000000 -0.50000000
vn 0.00000000 1.00000000 -0.00000000
vn -0.50000000 0.00000000 -0.86600000
vn -0.50000000 0.00000000 -0.86600000
vn 0.00000000 1.00000000 -0.00000000
vn 0.00000000 0.00000000 -1.00000000
vn 0.00000000 0.00000000 -1.00000000
vn 0.00000000 1.00000000 -0.00000000
vn 0.00000000 0.00010000 1.00000000
vn 0.00000000 0.00010000 1.00000000
vn 0.00000000 1.00000000 -0.00000000
vn 0.00000000 -0.00000000 1.00000000
vn 0.00000000 -0.00000000 1.00000000
vn 0.00000000 1.00000000 -0.00000000
vn -0.50000000 -0.00000000 0.86600000
vn -0.50000000 -0.00000000 0.86600000
vn 0.00000000 1.00000000 -0.00000000
vn -0.86600000 -0.00000000 0.50000000
vn -0.86600000 -0.00000000 0.50000000
vn 0.00000000 1.00000000 -0.00000000
vn -1.00000000 -0.00000000 -0.00000000
vn -1.00000000 -0.00000000 -0.00000000
vn 0.00000000 1.00000000 -0.00000000
vn 0.00000000 1.00000000 -0.00000000
vn 1.00000000 -0.00000000 0.00000000
vn 1.00000000 -0.00000000 0.00000000
vn 0.86600000 -0.00000000 0.50000000
vn 0.86600000 -0.00000000 0.50000000
vn 0.00000000 1.00000000 -0.00000000
vn 0.50000000 -0.00000000 0.86600000
vn 0.00000000 1.00000000 -0.00000000
vn 0.50000000 -0.00000000 0.86600000
vn 1.00000000 -0.00000000 0.00000000
vn 0.00000000 -1.00000000 -0.00000000
vn 1.00000000 -0.00000000 0.00000000
vn -0.00000000 -0.86600000 0.50000000
vn -0.00000000 -0.50000000 0.86600000
vn 1.00000000 -0.00000000 0.00000000
vn 1.00000000 -0.00000000 0.00000000
vn 0.00000000 0.00000000 -1.00000000
vn -0.00000000 -0.50000000 -0.86600000
vn 1.00000000 -0.00000000 0.00000000
vn 1.00000000 -0.00000000 0.00000000
vn -0.00000000 -0.86600000 -0.50000000
vn 1.00000000 -0.00000000 0.00000000
vn 0.00000000 1.00000000 -0.00000000
vn 0.00000000 1.00000000 -0.00000000
vn -0.00000000 0.86600000 -0.50000000
vn 1.00000000 -0.00000000 0.00000000
vn -0.00000000 0.50000000 -0.86600000
vn 1.00000000 -0.00000000 0.00000000
vn 0.00000000 -0.00000000 1.00000000
vn 1.00000000 -0.00000000 0.00000000
vn 1.00000000 -0.00000000 0.00000000
vn -0.00000000 0.50000000 0.86600000
vn -0.00000000 0.86600000 0.50000000
vn 1.00000000 -0.00000000 0.00000000
vn -0.00000000 -0.86600000 -0.50000000
vn 1.00000000 -0.00000000 0.00000000
vn 0.00000000 -1.00000000 -0.00000000
vn 1.00000000 -0.00000000 0.00000000
vn -0.00000000 -0.50000000 -0.86600000
vn 1.00000000 -0.00000000 0.00000000
vn 1.00000000 -0.00000000 0.00000000
vn 0.00000000 0.00000000 -1.00000000
vn -0.00000000 0.50000000 -0.86600000
vn 1.00000000 -0.00000000 0.00000000
vn 1.00000000 -0.00000000 0.00000000
vn -0.00000000 0.86600000 -0.50000000
vn 1.00000000 -0.00000000 0.00000000
vn 0.00000000 1.00000000 -0.00000000
vn 0.00000000 1.00000000 -0.00000000
vn 1.00000000 -0.00000000 0.00000000
vn -0.00000000 0.86600000 0.50000000
vn 1.00000000 -0.00000000 0.00000000
vn -0.00000000 0.50000000 0.86600000
vn 0.00000000 -0.00000000 1.00000000
vn 1.00000000 -0.00000000 0.00000000
vn -0.00000000 -0.50000000 0.86600000
vn 1.00000000 -0.00000000 0.00000000
vn -0.00000000 -0.86600000 0.50000000
vn 1.00000000 -0.00000000 0.00000000
vn -0.00000000 0.86600000 -0.50000000
vn 1.00000000 -0.00000000 0.00000000
vn 0.00000000 1.00000000 -0.00000000
vn 0.00000000 1.00000000 -0.00000000
vn 1.00000000 -0.00000000 0.00000000
vn 1.00000000 -0.00000000 0.00000000
vn -0.00000000 0.86600000 0.50000000
vn 1.00000000 -0.00000000 0.00000000
vn -0.00000000 0.50000000 0.86600000
vn 0.00000000 -0.00000000 1.00000000
vn 1.00000000 -0.00000000 0.00000000
vn 1.00000000 -0.00000000 0.00000000
vn -0.00000000 -0.50000000 0.86600000
vn 1.00000000 -0.00000000 0.00000000
vn -0.00000000 -0.86600000 0.50000000
vn 1.00000000 -0.00000000 0.00000000
vn 0.00000000 -1.00000000 -0.00000000
vn -0.00000000 -0.86600000 -0.50000000
vn 1.00000000 -0.00000000 0.00000000
vn -0.00000000 -0.50000000 -0.86600000
vn 1.00000000 -0.00000000 0.00000000
vn 1.00000000 -0.00000000 0.00000000
vn 0.00000000 0.00000000 -1.00000000
vn -0.00000000 0.50000000 -0.86600000
vn 1.00000000 -0.00000000 0.00000000
vn -1.00000000 -0.00000000 -0.00000000
vn -0.00000000 -0.86600000 0.50000000
vn -1.00000000 -0.00000000 -0.00000000
vn 0.00000000 -1.00000000 -0.00000000
vn -0.00000000 -0.50000000 0.86600000
vn -1.00000000 -0.00000000 -0.00000000
vn 0.00000000 -0.00000000 1.00000000
vn -1.00000000 -0.00000000 -0.00000000
vn -1.00000000 -0.00000000 -0.00000000
vn -0.00000000 0.50000000 0.86600000
vn -0.00000000 0.86600000 0.50000000
vn -1.00000000 -0.00000000 -0.00000000
vn 0.00000000 1.00000000 -0.00000000
vn -1.00000000 -0.00000000 -0.00000000
vn 0.00000000 1.00000000 -0.00000000
vn -0.00000000 0.86600000 -0.50000000
vn -1.00000000 -0.00000000 -0.00000000
vn -1.00000000 -0.00000000 -0.00000000
vn -0.00000000 0.50000000 -0.86600000
vn -1.00000000 -0.00000000 -0.00000000
vn 0.00000000 0.00000000 -1.00000000
vn -0.00000000 -0.50000000 -0.86600000
vn -1.00000000 -0.00000000 -0.00000000
vn -1.00000000 -0.00000000 -0.00000000
vn -0.00000000 -0.86600000 -0.50000000
vn 0.00000000 1.00000000 -0.00000000
vn -1.00000000 -0.00000000 -0.00000000
vn 0.00000000 1.00000000 -0.00000000
vn -1.00000000 -0.00000000 -0.00000000
vn -0.00000000 0.86600000 0.50000000
vn -1.00000000 -0.00000000 -0.00000000
vn -0.00000000 0.50000000 0.86600000
vn 0.00000000 0.00000000 -1.00000000
vn -1.00000000 -0.00000000 -0.00000000
vn -1.00000000 -0.00000000 -0.00000000
vn -0.00000000 0.50000000 -0.86600000
vn -0.00000000 0.86600000 -0.50000000
vn -1.00000000 -0.00000000 -0.00000000
vn -1.00000000 -0.00000000 -0.00000000
vn 0.00000000 -1.00000000 -0.00000000
vn -1.00000000 -0.00000000 -0.00000000
vn -0.00000000 -0.86600000 -0.50000000
vn -1.00000000 -0.00000000 -0.00000000
vn -0.00000000 -0.50000000 -0.86600000
vn -1.00000000 -0.00000000 -0.00000000
vn 0.00000000 -0.00000000 1.00000000
vn -1.00000000 -0.00000000 -0.00000000
vn -0.00000000 -0.50000000 0.86600000
vn -0.00000000 -0.86600000 0.50000000
vn -1.00000000 -0.00000000 -0.00000000
vn -1.00000000 -0.00000000 -0.00000000
vn -0.00000000 -0.86600000 -0.50000000
vn -1.00000000 -0.00000000 -0.00000000
vn 0.00000000 -1.00000000 -0.00000000
vn -0.00000000 -0.86600000 0.50000000
vn -1.00000000 -0.00000000 -0.00000000
vn -1.00000000 -0.00000000 -0.00000000
vn -0.00000000 -0.50000000 0.86600000
vn 0.00000000 -0.00000000 1.00000000
vn -1.00000000 -0.00000000 -0.00000000
vn -0.00000000 0.50000000 0.86600000
vn -1.00000000 -0.00000000 -0.00000000
vn -1.00000000 -0.00000000 -0.00000000
vn -0.00000000 0.86600000 0.50000000
vn -1.00000000 -0.00000000 -0.00000000
vn 0.00000000 1.00000000 -0.00000000
vn 0.00000000 1.00000000 -0.00000000
vn -0.00000000 0.86600000 -0.50000000
vn -1.00000000 -0.00000000 -0.00000000
vn -1.00000000 -0.00000000 -0.00000000
vn -0.00000000 0.50000000 -0.86600000
vn 0.00000000 0.00000000 -1.00000000
vn -1.00000000 -0.00000000 -0.00000000
vn -0.00000000 -0.50000000 -0.86600000
vn -1.00000000 -0.00000000 -0.00000000
vn 1.00000000 -0.00000000 0.00000000
vn -0.00000000 0.86600000 0.50000000
vn -0.00000000 0.86600000 0.50000000
vn 1.00000000 -0.00000000 0.00000000
vn 1.00000000 -0.00000000 0.00000000
vn 0.00000000 1.00000000 -0.00000000
vn 0.00000000 1.00000000 -0.00000000
vn 1.00000000 -0.00000000 0.00000000
vn 1.00000000 -0.00000000 0.00000000
vn -0.00000000 0.86600000 -0.50000000
vn 1.00000000 -0.00000000 0.00000000
vn -0.00000000 0.86600000 -0.50000000
vn 1.00000000 -0.00000000 0.00000000
vn -0.00000000 0.50000000 -0.86600000
vn -0.00000000 0.50000000 0.86600000
vn 1.00000000 -0.00000000 0.00000000
vn -0.00000000 0.50000000 0.86600000
vn 1.00000000 -0.00000000 0.00000000
vn 1.00000000 -0.00000000 0.00000000
vn 0.00000000 -0.00000000 1.00000000
vn 1.00000000 -0.00000000 0.00000000
vn 0.00000000 -0.00000000 1.00000000
vn -0.00000000 -0.50000000 0.86600000
vn 1.00000000 -0.00000000 0.00000000
vn 1.00000000 -0.00000000 0.00000000
vn -0.00000000 -0.50000000 0.86600000
vn -0.00000000 -0.86600000 0.50000000
vn 1.00000000 -0.00000000 0.00000000
vn -0.00000000 -0.86600000 0.50000000
vn 1.00000000 -0.00000000 0.00000000
vn 1.00000000 -0.00000000 0.00000000
vn 0.00000000 -1.00000000 -0.00000000
vn 0.00000000 -1.00000000 -0.00000000
vn 1.00000000 -0.00000000 0.00000000
vn 0.00000000 -1.00000000 -0.00000000
vn 0.00000000 -1.00000000 -0.00000000
vn -0.00000000 -0.86600000 -0.50000000
vn 1.00000000 -0.00000000 0.00000000
vn 1.00000000 -0.00000000 0.00000000
vn -0.00000000 -0.86600000 -0.50000000
vn -0.00000000 -0.50000000 -0.86600000
vn 1.00000000 -0.00000000 0.00000000
vn 1.00000000 -0.00000000 0.00000000
vn -0.00000000 -0.50000000 -0.86600000
vn 1.00000000 -0.00000000 0.00000000
vn 0.00000000 0.00000000 -1.00000000
vn 0.00000000 0.00000000 -1.00000000
vn 1.00000000 -0.00000000 0.00000000
vn 1.00000000 -0.00000000 0.00000000
vn -0.00000000 0.50000000 -0.86600000
vn -1.00000000 -0.00000000 -0.00000000
vn -0.00000000 -0.86600000 0.50000000
vn -1.00000000 -0.00000000 -0.00000000
vn -0.00000000 -0.86600000 0.50000000
vn -1.00000000 -0.00000000 -0.00000000
vn 0.00000000 -1.00000000 -0.00000000
vn 0.00000000 -1.00000000 -0.00000000
vn 0.00000000 -1.00000000 -0.00000000
vn 0.00000000 -1.00000000 -0.00000000
vn -1.00000000 -0.00000000 -0.00000000
vn -1.00000000 -0.00000000 -0.00000000
vn -0.00000000 -0.86600000 -0.50000000
vn -0.00000000 -0.86600000 -0.50000000
vn -1.00000000 -0.00000000 -0.00000000
vn -1.00000000 -0.00000000 -0.00000000
vn -0.00000000 -0.50000000 -0.86600000
vn -0.00000000 -0.50000000 0.86600000
vn -1.00000000 -0.00000000 -0.00000000
vn -1.00000000 -0.00000000 -0.00000000
vn -0.00000000 -0.50000000 0.86600000
vn -1.00000000 -0.00000000 -0.00000000
vn 0.00000000 -0.00000000 1.00000000
vn 0.00000000 -0.00000000 1.00000000
vn -1.00000000 -0.00000000 -0.00000000
vn -0.00000000 0.50000000 0.86600000
vn -1.00000000 -0.00000000 -0.00000000
vn -1.00000000 -0.00000000 -0.00000000
vn -0.00000000 0.50000000 0.86600000
vn -1.00000000 -0.00000000 -0.00000000
vn -0.00000000 0.86600000 0.50000000
vn -0.00000000 0.86600000 0.50000000
vn -1.00000000 -0.00000000 -0.00000000
vn -1.00000000 -0.00000000 -0.00000000
vn 0.00000000 1.00000000 -0.00000000
vn 0.00000000 1.00000000 -0.00000000
vn -1.00000000 -0.00000000 -0.00000000
vn -0.00000000 0.86600000 -0.50000000
vn -1.00000000 -0.00000000 -0.00000000
vn -0.00000000 0.86600000 -0.50000000
vn -1.00000000 -0.00000000 -0.00000000
vn -0.00000000 0.50000000 -0.86600000
vn -1.00000000 -0.00000000 -0.00000000
vn -1.00000000 -0.00000000 -0.00000000
vn -0.00000000 0.50000000 -0.86600000
vn 0.00000000 0.00000000 -1.00000000
vn -1.00000000 -0.00000000 -0.00000000
vn 0.00000000 0.00000000 -1.00000000
vn -1.00000000 -0.00000000 -0.00000000
vn -0.00000000 -0.50000000 -0.86600000
vn -1.00000000 -0.00000000 -0.00000000
vn -0.00000000 -0.20000000 -0.97980000
vn 0.00000000 1.00000000 -0.00000000
vn 1.00000000 -0.00000000 0.00000000
vn -0.00000000 -0.20000000 -0.97980000
vn -0.00000000 -0.20000000 -0.97980000
vn 0.00000000 1.00000000 -0.00000000
vn -0.00000000 -0.61140000 -0.79130000
vn -0.00000000 -0.61140000 -0.79130000
vn -0.00000000 -0.89760000 -0.44080000
vn -0.00000000 -0.89760000 -0.44080000
vn 0.00000000 -1.00000000 -0.00000000
vn 0.00000000 -1.00000000 -0.00000000
vn 0.00000000 -1.00000000 -0.00000000
vn -0.00000000 -0.89760000 0.44080000
vn -0.00000000 -0.89760000 0.44080000
vn 0.00000000 -0.61140000 0.79130000
vn 0.00000000 -0.61140000 0.79130000
vn -0.00000000 -0.20000000 0.97980000
vn 0.00000000 1.00000000 -0.00000000
vn 1.00000000 -0.00000000 0.00000000
vn 1.00000000 -0.00000000 0.00000000
vn -0.00000000 -0.06710000 0.99770000
vn 1.00000000 -0.00000000 0.00000000
vn -0.00000000 0.06710000 0.99770000
vn -0.00000000 -0.20000000 0.97980000
vn -0.00000000 -0.20000000 0.97980000
vn 0.00000000 1.00000000 -0.00000000
vn 0.00000000 -1.00000000 -0.00000000
vn 1.00000000 -0.00000000 0.00000000
vn -0.00000000 0.20000000 0.97980000
vn -0.00000000 0.20000000 0.97980000
vn -0.00000000 0.20000000 0.97980000
vn 0.00000000 -1.00000000 -0.00000000
vn -0.00000000 0.61140000 0.79130000
vn -0.00000000 0.61140000 0.79130000
vn -0.00000000 0.89760000 0.44080000
vn -0.00000000 0.89760000 0.44080000
vn 0.00000000 1.00000000 -0.00000000
vn 0.00000000 1.00000000 -0.00000000
vn 0.00000000 0.89760000 -0.44080000
vn 0.00000000 0.89760000 -0.44080000
vn 0.00000000 0.61140000 -0.79130000
vn 0.00000000 0.61140000 -0.79130000
vn 1.00000000 -0.00000000 0.00000000
vn 0.00000000 0.20000000 -0.97980000
vn 0.00000000 -1.00000000 -0.00000000
vn 1.00000000 -0.00000000 0.00000000
vn 0.00000000 0.06710000 -0.99770000
vn -0.00000000 -0.06710000 -0.99770000
vn 1.00000000 -0.00000000 0.00000000
vn 0.00000000 -1.00000000 -0.00000000
vn 0.00000000 0.20000000 -0.97980000
vn 0.00000000 0.20000000 -0.97980000
vn 0.38750000 -0.18860000 0.90240000
vn 0.00000000 1.00000000 -0.00000000
vn 0.50000000 -0.52950000 0.68530000
vn 0.00000000 1.00000000 -0.00000000
vn 0.71280000 -0.15340000 0.68440000
vn 0.86600000 -0.30570000 0.39560000
vn 0.92640000 -0.09160000 0.36530000
vn 0.00000000 1.00000000 -0.00010000
vn 0.00000000 1.00000000 -0.00000000
vn 1.00000000 -0.00000000 0.00000000
vn 1.00000000 -0.00000000 0.00000000
vn 1.00000000 -0.00000000 0.00000000
vn 1.00000000 -0.00000000 0.00000000
vn 0.86600000 -0.44880000 0.22040000
vn 1.00000000 -0.00000000 0.00000000
vn 1.00000000 -0.00000000 0.00000000
vn 0.86600000 -0.50000000 0.00000000
vn 1.00000000 -0.00000000 0.00000000
vn 1.00000000 -0.00000000 0.00000000
vn 0.86600000 -0.44880000 -0.22040000
vn 1.00000000 -0.00000000 0.00000000
vn 1.00000000 -0.00000000 0.00000000
vn 0.86600000 -0.30570000 -0.39570000
vn 1.00000000 -0.00000000 0.00000000
vn 1.00000000 -0.00000000 0.00000000
vn 0.00000000 1.00000000 -0.00000000
vn 0.00000000 1.00000000 -0.00000000
vn 0.92660000 -0.09150000 -0.36480000
vn 0.71280000 -0.15340000 -0.68440000
vn 0.00000000 1.00000000 -0.00000000
vn 0.50000000 -0.52950000 -0.68530000
vn 0.00000000 1.00000000 -0.00000000
vn 0.38740000 -0.18860000 -0.90240000
vn 0.50000000 -0.77740000 0.38170000
vn 0.50000000 -0.86600000 0.00000000
vn 0.50000000 -0.77740000 -0.38170000
vn 0.38740000 0.18860000 -0.90240000
vn 0.00000000 -1.00000000 -0.00000000
vn 0.00000000 -1.00000000 -0.00000000
vn 0.38740000 0.18860000 0.90240000
vn 0.71280000 0.15340000 -0.68440000
vn 0.00000000 -1.00000000 -0.00000000
vn 1.00000000 -0.00000000 0.00000000
vn 0.00000000 -1.00000000 -0.00000000
vn 1.00000000 -0.00000000 0.00000000
vn 0.71280000 0.15340000 0.68440000
vn 0.00000000 -1.00000000 -0.00000000
vn 0.92660000 0.09150000 -0.36480000
vn 0.00000000 -1.00000000 -0.00000000
vn 1.00000000 -0.00000000 0.00000000
vn 1.00000000 -0.00000000 0.00000000
vn 0.00000000 -1.00000000 -0.00000000
vn 0.00000000 -1.00000000 -0.00000000
vn 0.92660000 0.09150000 0.36480000
vn 0.86600000 0.30570000 0.39570000
vn 1.00000000 -0.00000000 0.00000000
vn 1.00000000 -0.00000000 0.00000000
vn 0.86600000 0.44880000 0.22040000
vn 1.00000000 -0.00000000 0.00000000
vn 1.00000000 -0.00000000 0.00000000
vn 0.86600000 0.50000000 0.00000000
vn 1.00000000 -0.00000000 0.00000000
vn 1.00000000 -0.00000000 0.00000000
vn 0.86600000 0.44880000 -0.22040000
vn 1.00000000 -0.00000000 0.00000000
vn 1.00000000 -0.00000000 0.00000000
vn 0.86600000 0.30570000 -0.39570000
vn 0.50000000 0.52950000 -0.68530000
vn 0.50000000 0.77730000 -0.38170000
vn 0.50000000 0.86600000 0.00000000
vn 0.50000000 0.77740000 0.38170000
vn 0.50000000 0.52950000 0.68530000
vn -0.00000000 -0.20000000 0.97980000
vn 0.00000000 1.00000000 -0.00000000
vn -1.00000000 -0.00000000 -0.00000000
vn -0.00000000 -0.06710000 0.99770000
vn -1.00000000 -0.00000000 -0.00000000
vn 0.00000000 1.00000000 -0.00000000
vn -1.00000000 -0.00000000 -0.00000000
vn -0.00000000 -0.20000000 -0.97980000
vn -1.00000000 -0.00000000 -0.00000000
vn -0.00000000 -0.06710000 -0.99770000
vn -1.00000000 -0.00000000 -0.00000000
vn -0.00000000 0.06710000 0.99770000
vn -1.00000000 -0.00000000 -0.00000000
vn 0.00000000 0.06710000 -0.99770000
vn 0.00000000 0.20000000 -0.97980000
vn -1.00000000 -0.00000000 -0.00000000
vn 0.00000000 -1.00000000 -0.00000000
vn -1.00000000 -0.00000000 -0.00000000
vn -0.00000000 0.20000000 0.97980000
vn 0.00000000 -1.00000000 -0.00000000
vn 0.00000000 1.00000000 -0.00000000
vn -1.00000000 -0.00000000 -0.00000000
vn -1.00000000 -0.00000000 -0.00000000
vn -1.00000000 -0.00000000 -0.00000000
vn 0.00000000 1.00000000 -0.00000000
vn -1.00000000 -0.00000000 -0.00000000
vn -1.00000000 -0.00000000 -0.00000000
vn -1.00000000 -0.00000000 -0.00000000
vn -1.00000000 -0.00000000 -0.00000000
vn -1.00000000 -0.00000000 -0.00000000
vn -1.00000000 -0.00000000 -0.00000000
vn -1.00000000 -0.00000000 -0.00000000
vn -1.00000000 -0.00000000 -0.00000000
vn -1.00000000 -0.00000000 -0.00000000
vn 0.00000000 1.00000000 -0.00000000
vn -0.92660000 -0.09150000 -0.36480000
vn -0.71280000 -0.15340000 -0.68440000
vn 0.00000000 1.00000000 -0.00000000
vn -0.38740000 -0.18860000 -0.90240000
vn 0.00000000 1.00000000 -0.00000000
vn -0.71280000 -0.15340000 0.68440000
vn 0.00000000 1.00000000 -0.00000000
vn -0.38740000 -0.18830000 0.90250000
vn 0.00000000 1.00000000 -0.00000000
vn 0.00000000 1.00000000 -0.00000000
vn -0.92660000 -0.09150000 0.36480000
vn -0.00000000 -0.20000000 -0.97980000
vn 0.00000000 1.00000000 -0.00000000
vn -0.00000000 -0.20000000 -0.97980000
vn 0.00000000 1.00000000 -0.00000000
vn -0.00000000 -0.20000000 0.97980000
vn -0.00000000 -0.20000000 0.97980000
vn -0.00000000 -0.61140000 -0.79130000
vn -0.00000000 -0.61140000 -0.79130000
vn -0.50000000 -0.52950000 -0.68530000
vn -0.86600000 -0.30570000 -0.39560000
vn -0.86600000 -0.44880000 -0.22040000
vn -0.86600000 -0.50000000 -0.00000000
vn -0.86600000 -0.44880000 0.22040000
vn -0.86600000 -0.30570000 0.39570000
vn -0.50000000 -0.52950000 0.68530000
vn 0.00000000 -0.61140000 0.79130000
vn 0.00000000 -0.61140000 0.79130000
vn -0.00000000 -0.89760000 0.44080000
vn -0.00000000 -0.89760000 0.44080000
vn -0.50000000 -0.77740000 0.38170000
vn 0.00000000 -1.00000000 -0.00000000
vn 0.00000000 -1.00000000 -0.00000000
vn 0.00000000 -1.00000000 -0.00000000
vn -0.50000000 -0.86600000 -0.00000000
vn -0.00000000 -0.89760000 -0.44080000
vn -0.00000000 -0.89760000 -0.44080000
vn -0.50000000 -0.77740000 -0.38170000
vn -1.00000000 -0.00000000 -0.00000000
vn -1.00000000 -0.00000000 -0.00000000
vn 0.00000000 -1.00000000 -0.00000000
vn -1.00000000 -0.00000000 -0.00000000
vn -1.00000000 -0.00000000 -0.00000000
vn -1.00000000 -0.00000000 -0.00000000
vn 0.00000000 -1.00000000 -0.00000000
vn -1.00000000 -0.00000000 -0.00000000
vn -1.00000000 -0.00000000 -0.00000000
vn -1.00000000 -0.00000000 -0.00000000
vn -1.00000000 -0.00000000 -0.00000000
vn -1.00000000 -0.00000000 -0.00000000
vn -1.00000000 -0.00000000 -0.00000000
vn -1.00000000 -0.00000000 -0.00000000
vn -0.92660000 0.09150000 0.36480000
vn 0.00000000 -1.00000000 -0.00000000
vn 0.00000000 -1.00000000 -0.00000000
vn -0.71280000 0.15340000 0.68440000
vn -0.38740000 0.18860000 0.90240000
vn 0.00000000 -1.00000000 -0.00000000
vn -0.71280000 0.15330000 -0.68440000
vn 0.00000000 -1.00000000 -0.00000000
vn -0.38740000 0.18830000 -0.90250000
vn 0.00000000 -1.00000000 -0.00000000
vn -0.92660000 0.09150000 -0.36480000
vn 0.00000000 -1.00000000 -0.00000000
vn -0.00000000 0.20000000 0.97980000
vn 0.00000000 -1.00000000 -0.00000000
vn -0.00000000 0.20000000 0.97980000
vn 0.00000000 0.20000000 -0.97980000
vn 0.00000000 0.20000000 -0.97980000
vn 0.00000000 -1.00000000 -0.00000000
vn 0.00000000 0.61140000 -0.79130000
vn 0.00000000 0.61140000 -0.79130000
vn 0.00000000 0.89760000 -0.44080000
vn 0.00000000 0.89760000 -0.44080000
vn 0.00000000 1.00000000 -0.00000000
vn 0.00000000 1.00000000 -0.00000000
vn -0.00000000 0.89760000 0.44080000
vn -0.00000000 0.89760000 0.44080000
vn -0.00000000 0.61140000 0.79130000
vn -0.00000000 0.61140000 0.79130000
vn -0.50000000 0.52950000 0.68530000
vn -0.86600000 0.30570000 0.39570000
vn -0.86600000 0.44880000 0.22040000
vn -0.86600000 0.50000000 -0.00000000
vn -0.86600000 0.44880000 -0.22040000
vn -0.86600000 0.30570000 -0.39570000
vn -0.50000000 0.52950000 -0.68530000
vn -0.50000000 0.77740000 -0.38170000
vn -0.50000000 0.86600000 -0.00000000
vn -0.50000000 0.77730000 0.38170000
vn 0.00000000 -0.92360000 0.38340000
vn -0.99540000 0.00000000 0.09590000
vn -1.00000000 -0.00000000 -0.00000000
vn 0.00000000 -1.00000000 -0.00000000
vn -1.00000000 -0.00000000 -0.00000000
vn -1.00000000 -0.00000000 -0.00000000
vn 0.00000000 1.00000000 -0.00000000
vn -1.00000000 -0.00000000 -0.00000000
vn -0.00000000 -0.92360000 -0.38340000
vn -0.99540000 0.00000000 -0.09590000
vn -0.98420000 -0.00000000 -0.17680000
vn -0.00000000 -0.70710000 -0.70710000
vn -0.97300000 -0.00000000 -0.23090000
vn 0.00000000 -0.38340000 -0.92360000
vn -0.86600000 0.00000000 -0.50000000
vn 0.00000000 1.00000000 -0.00000000
vn -0.96820000 0.00000000 -0.25000000
vn 0.00000000 0.00000000 -1.00000000
vn 0.00000000 -1.00000000 -0.00000000
vn -0.86600000 0.00000000 -0.50000000
vn -0.97300000 -0.00000000 -0.23090000
vn -0.00000000 0.38340000 -0.92360000
vn 0.00000000 -1.00000000 -0.00000000
vn -1.00000000 -0.00000000 -0.00000000
vn -1.00000000 -0.00000000 -0.00000000
vn -0.98430000 0.00000000 -0.17680000
vn 0.00000000 0.70710000 -0.70720000
vn -0.99540000 0.00000000 -0.09590000
vn -0.00000000 0.92350000 -0.38350000
vn 0.00000000 1.00000000 -0.00000000
vn 0.00000000 1.00000000 -0.00000000
vn -1.00000000 -0.00000000 -0.00000000
vn -1.00000000 -0.00000000 -0.00000000
vn -0.00000000 0.92360000 0.38340000
vn -0.99540000 0.00000000 0.09590000
vn -0.00000000 0.70710000 0.70720000
vn -0.98430000 -0.00000000 0.17680000
vn 0.00000000 0.38340000 0.92360000
vn -0.97300000 -0.00000000 0.23090000
vn 0.00000000 -0.00000000 1.00000000
vn -0.96820000 -0.00000000 0.25000000
vn -0.86600000 -0.00000000 0.50000000
vn 0.00000000 -1.00000000 -0.00000000
vn 0.00000000 1.00000000 -0.00000000
vn -0.86600000 -0.00000000 0.50000000
vn -0.50000000 -0.00000000 0.86600000
vn 0.00000000 -1.00000000 -0.00000000
vn 0.00000000 1.00000000 -0.00000000
vn -0.50000000 -0.00000000 0.86600000
vn 0.00000000 -0.00000000 1.00000000
vn 0.00000000 -1.00000000 -0.00000000
vn 0.00000000 1.00000000 -0.00000000
vn 0.00000000 -0.00000000 1.00000000
vn 0.00000000 -1.00000000 -0.00000000
vn 0.50000000 -0.00000000 0.86600000
vn 0.00000000 1.00000000 -0.00000000
vn 0.50000000 -0.00000000 0.86600000
vn 0.00000000 -1.00000000 -0.00000000
vn 0.86600000 -0.00000000 0.50000000
vn 0.00000000 1.00000000 -0.00000000
vn 0.86600000 -0.00000000 0.50000000
vn 0.96820000 0.00000000 0.25000000
vn 0.00000000 -0.00000000 1.00000000
vn -0.00000000 -0.38340000 0.92360000
vn 0.97300000 -0.00000000 0.23090000
vn 0.00000000 1.00000000 -0.00000000
vn 1.00000000 -0.00000000 0.00000000
vn 0.00000000 -0.70710000 0.70710000
vn 0.98430000 0.00000000 0.17680000
vn 0.00000000 -0.92360000 0.38340000
vn 0.99540000 0.00000000 0.09590000
vn 1.00000000 -0.00000000 0.00000000
vn 0.00000000 -1.00000000 -0.00000000
vn -0.00000000 -0.92360000 -0.38340000
vn 0.99540000 0.00000000 -0.09590000
vn -0.00000000 -0.70710000 -0.70710000
vn 0.98420000 0.00000000 -0.17680000
vn 0.00000000 -0.38340000 -0.92360000
vn 0.97300000 -0.00000000 -0.23090000
vn 0.00000000 0.00000000 -1.00000000
vn 0.96820000 -0.00000000 -0.25000000
vn 0.00000000 1.00000000 -0.00000000
vn 0.86600000 0.00000000 -0.50000000
vn 0.00000000 -1.00000000 -0.00000000
vn 0.86600000 0.00000000 -0.50000000
vn 0.50000000 0.00000000 -0.86600000
vn 0.00000000 -1.00000000 -0.00000000
vn 0.50000000 0.00000000 -0.86600000
vn 0.00000000 1.00000000 -0.00000000
vn 0.00000000 0.00000000 -1.00000000
vn 0.00000000 -1.00000000 -0.00000000
vn 0.00000000 1.00000000 -0.00000000
vn 0.00000000 0.00000000 -1.00000000
vn -0.50000000 0.00000000 -0.86600000
vn 0.00000000 -1.00000000 -0.00000000
vn 0.00000000 1.00000000 -0.00000000
vn -0.50000000 0.00000000 -0.86600000
vn -0.97300000 -0.00000000 0.23090000
vn -0.00000000 -0.38340000 0.92360000
vn -0.98430000 -0.00000000 0.17680000
vn 0.00000000 -0.70710000 0.70710000
vn 1.00000000 -0.00000000 0.00000000
vn 0.00000000 -1.00000000 -0.00000000
vn -0.00000000 0.38340000 -0.92360000
vn 0.97300000 -0.00000000 -0.23090000
vn 0.98430000 0.00000000 -0.17680000
vn 0.00000000 0.70710000 -0.70720000
vn 0.99540000 0.00000000 -0.09590000
vn -0.00000000 0.92350000 -0.38350000
vn 0.00000000 1.00000000 -0.00000000
vn 0.00000000 1.00000000 -0.00000000
vn 1.00000000 -0.00000000 0.00000000
vn -0.00000000 0.92360000 0.38350000
vn 0.99540000 0.00000000 0.09590000
vn 0.98430000 0.00000000 0.17680000
vn -0.00000000 0.70710000 0.70720000
vn 0.00000000 0.38340000 0.92360000
vn 0.97300000 -0.00000000 0.23090000
vn -0.86600000 0.00000000 -0.50000000
vn 0.00000000 -1.00000000 -0.00000000
vn 0.00000000 -1.00000000 -0.00000000
vn 0.00000000 -0.00010000 -1.00000000
vn 0.00000000 -0.00010000 -1.00000000
vn 0.00000000 -1.00000000 -0.00000000
vn -1.00000000 -0.00000000 -0.00000000
vn -1.00000000 -0.00000000 -0.00000000
vn 0.00000000 -1.00000000 -0.00000000
vn -0.50000000 0.00000000 -0.86600000
vn 0.00000000 0.00000000 -1.00000000
vn 0.00000000 -1.00000000 -0.00000000
vn 0.00000000 0.00000000 -1.00000000
vn 0.50000000 0.00000000 -0.86600000
vn 0.00000000 -1.00000000 -0.00000000
vn 0.86600000 0.00000000 -0.50000000
vn 0.00000000 -1.00000000 -0.00000000
vn 0.00000000 -1.00000000 -0.00000000
vn 1.00000000 -0.00000000 0.00000000
vn 1.00000000 -0.00000000 0.00000000
vn 1.00000000 -0.00000000 0.00000000
vn 0.00000000 -1.00000000 -0.00000000
vn 1.00000000 -0.00000000 0.00000000
vn 0.00000000 -1.00000000 -0.00000000
vn 0.00000000 -0.00000000 1.00000000
vn 0.00000000 -0.00000000 1.00000000
vn 0.00000000 -0.00000000 1.00000000
vn 0.00000000 -0.00000000 1.00000000
vn 0.00000000 -1.00000000 -0.00000000
vn -1.00000000 -0.00000000 -0.00000000
vn -1.00000000 -0.00000000 -0.00000000
vn 0.00000000 -1.00000000 -0.00000000
vn 0.86600000 -0.00000000 0.50000000
vn 0.00000000 -1.00000000 -0.00000000
vn 0.00000000 -1.00000000 -0.00000000
vn 0.50000000 -0.00000000 0.86600000
vn 0.00000000 -1.00000000 -0.00000000
vn -0.50000000 -0.00000000 0.86600000
vn -0.86600000 -0.00000000 0.50000000
vn 0.00000000 -1.00000000 -0.00000000
vn -0.00000000 0.00010000 -1.00000000
vn 0.00000000 1.00000000 -0.00000000
vn -0.00000000 0.00010000 -1.00000000
vn 0.50000000 0.00000000 -0.86600000
vn 0.50000000 0.00000000 -0.86600000
vn 0.00000000 1.00000000 -0.00000000
vn 0.86600000 0.00000000 -0.50000000
vn 0.00000000 1.00000000 -0.00000000
vn 0.86600000 0.00000000 -0.50000000
vn 1.00000000 -0.00000000 0.00000000
vn 1.00000000 -0.00000000 0.00000000
vn 0.00000000 1.00000000 -0.00000000
vn -0.34690000 0.56930000 -0.74530000
vn -0.52030000 0.85400000 0.00000000
vn -0.52030000 0.85400000 0.00000000
vn 0.00000000 -0.00000000 1.00000000
vn -0.87760000 0.47940000 0.00000000
vn -0.87760000 0.47940000 0.00000000
vn -0.58510000 0.31960000 -0.74540000
vn -0.58510000 0.31960000 -0.74540000
vn -0.87760000 0.47940000 0.00000000
vn -0.87760000 0.47940000 0.00000000
vn 0.00000000 -0.00000000 1.00000000
vn -0.99970000 -0.02360000 0.00000000
vn -0.66650000 -0.01570000 -0.74530000
vn -0.99970000 -0.02360000 0.00000000
vn 0.00000000 -0.00000000 1.00000000
vn -0.85400000 -0.52030000 0.00000000
vn -0.56930000 -0.34690000 -0.74540000
vn -0.85400000 -0.52030000 0.00000000
vn 0.00000000 -0.00000000 1.00000000
vn -0.31960000 -0.58500000 -0.74540000
vn -0.47940000 -0.87760000 0.00000000
vn -0.47940000 -0.87760000 0.00000000
vn 0.00000000 -0.00000000 1.00000000
vn 0.01570000 -0.66650000 -0.74540000
vn 0.02360000 -0.99970000 0.00000000
vn 0.02360000 -0.99970000 0.00000000
vn 0.00000000 -0.00000000 1.00000000
vn 0.34690000 -0.56930000 -0.74540000
vn 0.52030000 -0.85400000 0.00000000
vn 0.52030000 -0.85400000 0.00000000
vn 0.00000000 -0.00000000 1.00000000
vn 0.58510000 -0.31960000 -0.74540000
vn 0.87760000 -0.47940000 0.00000000
vn 0.00000000 -0.00000000 1.00000000
vn 0.87760000 -0.47940000 0.00000000
vn 0.99970000 0.02360000 0.00000000
vn 0.66650000 0.01570000 -0.74530000
vn 0.00000000 -0.00000000 1.00000000
vn 0.99970000 0.02360000 0.00000000
vn 0.85400000 0.52030000 0.00000000
vn 0.56930000 0.34690000 -0.74540000
vn 0.00000000 -0.00000000 1.00000000
vn 0.85400000 0.52030000 0.00000000
vn 0.47940000 0.87760000 0.00000000
vn 0.31960000 0.58500000 -0.74540000
vn 0.47940000 0.87760000 0.00000000
vn 0.00000000 -0.00000000 1.00000000
vn -0.01570000 0.66650000 -0.74530000
vn -0.02360000 0.99970000 0.00000000
vn -0.02360000 0.99970000 0.00000000
vn 0.00000000 -0.00000000 1.00000000
vn -0.90400000 0.04630000 -0.42510000
vn -0.79430000 0.43400000 -0.42510000
vn -0.79430000 0.43400000 -0.42510000
vn -0.52740000 0.73560000 -0.42510000
vn -0.87700000 0.47910000 -0.03710000
vn -0.87700000 0.47910000 -0.03710000
vn -0.58230000 0.81220000 -0.03710000
vn -0.81980000 0.44790000 0.35680000
vn -0.81980000 0.44790000 0.35680000
vn -0.54430000 0.75920000 0.35680000
vn -0.63200000 0.34520000 0.69380000
vn -0.63200000 0.34520000 0.69380000
vn -0.41960000 0.58520000 0.69380000
vn -0.34330000 0.18760000 0.92030000
vn -0.34330000 0.18760000 0.92030000
vn -0.22800000 0.31800000 0.92030000
vn 0.00000000 -0.00000000 1.00000000
vn 0.00000000 -0.00000000 1.00000000
vn 0.00000000 -0.00000000 1.00000000
vn 0.00000000 -0.00000000 1.00000000
vn 0.00000000 -0.00000000 1.00000000
vn 0.00000000 -0.00000000 1.00000000
vn 0.00000000 -0.00000000 1.00000000
vn 0.00000000 -0.00000000 1.00000000
vn 0.00000000 -0.00000000 1.00000000
vn 0.00000000 -0.00000000 1.00000000
vn 0.00000000 -0.00000000 1.00000000
vn 0.00000000 -0.00000000 1.00000000
vn 0.00000000 -0.00000000 1.00000000
vn 0.00000000 -0.00000000 1.00000000
vn -0.83450000 -0.35050000 -0.42510000
vn -0.59980000 -0.67790000 -0.42510000
vn -0.24630000 -0.87100000 -0.42510000
vn 0.15600000 -0.89160000 -0.42510000
vn 0.52740000 -0.73560000 -0.42510000
vn 0.79430000 -0.43400000 -0.42510000
vn 0.90400000 -0.04630000 -0.42510000
vn 0.99800000 -0.05110000 -0.03690000
vn 0.92140000 0.38690000 -0.03690000
vn 0.86130000 0.36170000 0.35680000
vn 0.61910000 0.69960000 0.35680000
vn 0.47720000 0.53930000 0.69380000
vn 0.19600000 0.69290000 0.69380000
vn 0.10650000 0.37650000 0.92030000
vn -0.06740000 0.38540000 0.92030000
vn 0.83450000 0.35050000 -0.42510000
vn 0.66220000 0.74840000 -0.03710000
vn 0.25420000 0.89890000 0.35680000
vn -0.12410000 0.70930000 0.69390000
vn 0.59980000 0.67790000 -0.42510000
vn 0.27190000 0.96160000 -0.03710000
vn -0.16100000 0.92020000 0.35680000
vn 0.24630000 0.87100000 -0.42510000
vn -0.17220000 0.98440000 -0.03710000
vn -0.15600000 0.89160000 -0.42510000
vn 0.25930000 0.29300000 0.92030000
vn 0.36070000 0.15150000 0.92030000
vn 0.39070000 -0.02000000 0.92030000
vn 0.34330000 -0.18760000 0.92030000
vn 0.22800000 -0.31800000 0.92030000
vn 0.06740000 -0.38540000 0.92030000
vn -0.10650000 -0.37650000 0.92030000
vn -0.25930000 -0.29300000 0.92030000
vn -0.36070000 -0.15150000 0.92030000
vn -0.39070000 0.02000000 0.92030000
vn -0.99800000 0.05110000 -0.03700000
vn -0.92140000 -0.38690000 -0.03710000
vn -0.66220000 -0.74840000 -0.03720000
vn -0.27190000 -0.96160000 -0.03710000
vn 0.17220000 -0.98440000 -0.03720000
vn 0.58230000 -0.81220000 -0.03720000
vn 0.87700000 -0.47910000 -0.03700000
vn -0.93290000 0.04780000 0.35680000
vn -0.86130000 -0.36170000 0.35680000
vn -0.61910000 -0.69960000 0.35680000
vn -0.25420000 -0.89890000 0.35680000
vn 0.16100000 -0.92020000 0.35680000
vn 0.54430000 -0.75920000 0.35680000
vn 0.81980000 -0.44790000 0.35680000
vn 0.93290000 -0.04780000 0.35680000
vn -0.71920000 0.03680000 0.69380000
vn -0.66390000 -0.27880000 0.69380000
vn -0.47720000 -0.53930000 0.69390000
vn -0.19600000 -0.69290000 0.69390000
vn 0.12410000 -0.70930000 0.69380000
vn 0.41960000 -0.58530000 0.69380000
vn 0.63200000 -0.34520000 0.69390000
vn 0.71920000 -0.03690000 0.69380000
vn 0.66390000 0.27880000 0.69380000
vn 0.00000000 0.99450000 -0.10470000
vn 0.00000000 0.99450000 -0.10470000
vn 0.00000000 0.00000000 -1.00000000
vn 0.00000000 0.99450000 -0.10470000
vn 0.99450000 0.00000000 -0.10470000
vn 0.00000000 0.00000000 -1.00000000
vn -0.55880000 0.82190000 -0.11070000
vn 0.00000000 0.99450000 -0.10470000
vn 0.00000000 0.99450000 -0.10470000
vn 0.00000000 -0.00000000 1.00000000
vn 0.99450000 0.00000000 -0.10470000
vn 0.00000000 0.99450000 -0.10470000
vn -0.99910000 0.00000000 -0.04330000
vn 0.00000000 -0.00000000 1.00000000
vn 0.00000000 -0.99450000 -0.10470000
vn 0.99450000 0.00000000 -0.10470000
vn 0.00000000 0.00000000 -1.00000000
vn 0.99450000 0.00000000 -0.10470000
vn 0.00000000 -0.00000000 1.00000000
vn 0.00000000 -0.99450000 -0.10470000
vn 0.00000000 0.00000000 -1.00000000
vn 0.00000000 -0.99450000 -0.10470000
vn -0.99450000 0.00000000 -0.10470000
vn 0.00000000 -0.00000000 1.00000000
vn 0.00000000 -0.99450000 -0.10470000
vn -0.99450000 0.00000000 -0.10470000
vn -0.00000000 0.98930000 -0.14580000
vn 0.00000000 0.00000000 -1.00000000
vn -0.99450000 0.00000000 -0.10470000
vn -0.99450000 0.00000000 -0.10470000
vn -0.55330000 0.81370000 -0.17820000
vn -0.88670000 0.43470000 -0.15740000
vn -0.99450000 0.00000000 -0.10470000
vn -0.99450000 0.00000000 -0.10470000
vn -0.99450000 0.00000000 -0.10470000
vn 0.00000000 -0.00000000 1.00000000
vn -0.21900000 0.96590000 -0.13820000
vn -0.55640000 0.81820000 -0.14470000
vn -0.89130000 0.43690000 -0.12160000
vn 0.99720000 -0.00000000 -0.07480000
vn 0.00000000 -0.00000000 1.00000000
vn -0.00000000 -0.99720000 -0.07480000
vn -0.99720000 -0.00000000 -0.07480000
vn 0.00000000 -0.00000000 1.00000000
vn -0.00000000 -0.99720000 -0.07480000
vn 0.00000000 -0.00000000 1.00000000
vn 0.00000000 0.99720000 -0.07480000
vn 0.99720000 -0.00000000 -0.07480000
vn 0.00000000 -0.00000000 1.00000000
vn 0.00000000 0.99720000 -0.07480000
vn 0.00000000 0.99720000 -0.07480000
vn 0.00000000 -0.00000000 1.00000000
vn -0.00000000 0.99370000 -0.11180000
vn -0.99720000 -0.00000000 -0.07480000
vn 0.00000000 0.00000000 -1.00000000
vn 0.00000000 0.00000000 -1.00000000
vn 0.00000000 0.00000000 -1.00000000
vn 0.00000000 0.00000000 -1.00000000
vn 0.00000000 0.00000000 -1.00000000
vn 0.00000000 0.00000000 -1.00000000
vn 0.00000000 0.00000000 -1.00000000
vn 0.00000000 0.00000000 -1.00000000
vn 0.00000000 0.00000000 -1.00000000
vn 0.00000000 0.00000000 -1.00000000
vn 0.00000000 0.00000000 -1.00000000
vn 0.00000000 0.00000000 -1.00000000
vn -0.99720000 -0.00000000 -0.07480000
vn -0.99720000 -0.00000000 -0.07480000
vn -0.97810000 0.18540000 -0.09430000
vn -0.98150000 0.16930000 -0.08910000
vn -0.98910000 0.00000000 -0.14760000
vn -0.00000000 -0.99720000 -0.07480000
vn -0.99720000 -0.00000000 -0.07480000
vn -0.00000000 -0.99720000 -0.07480000
vn -0.99720000 -0.00000000 -0.07480000
vn -0.97760000 -0.00000000 -0.21040000
vn -0.98470000 0.15560000 -0.07800000
vn 0.00000000 -0.90090000 -0.43390000
vn -0.90090000 0.00000000 -0.43390000
vn -0.00000000 0.95310000 -0.30270000
vn -0.98960000 0.13600000 -0.04660000
vn -0.95310000 -0.00000000 -0.30280000
vn 0.00000000 0.81190000 -0.58380000
vn -0.81190000 0.00000000 -0.58380000
vn -0.68010000 -0.00000000 -0.73310000
vn 0.00000000 -0.68020000 -0.73310000
vn 0.00000000 0.59040000 -0.80710000
vn -0.59040000 -0.00000000 -0.80710000
vn -0.36530000 0.00000000 -0.93090000
vn -0.00000000 -0.36530000 -0.93090000
vn 0.00000000 0.99720000 -0.07480000
vn 0.00000000 0.99720000 -0.07480000
vn -0.98150000 0.18610000 -0.04430000
vn 0.00000000 0.99720000 -0.07480000
vn 0.99720000 -0.00000000 -0.07480000
vn 0.99720000 -0.00000000 -0.07480000
vn 0.00000000 0.99720000 -0.07480000
vn 0.00000000 0.90090000 -0.43400000
vn 0.90100000 -0.00000000 -0.43390000
vn 0.68010000 0.00000000 -0.73310000
vn 0.00000000 0.68020000 -0.73310000
vn 0.36530000 -0.00000000 -0.93090000
vn -0.00000000 0.36540000 -0.93090000
vn -0.00000000 -0.99720000 -0.07480000
vn 0.99720000 -0.00000000 -0.07480000
vn 0.99720000 -0.00000000 -0.07480000
vn -0.00000000 -0.99720000 -0.07480000
vn 0.90100000 -0.00000000 -0.43390000
vn -0.00000000 -0.90100000 -0.43390000
vn 0.68010000 0.00000000 -0.73310000
vn 0.00000000 -0.68020000 -0.73310000
vn 0.36530000 -0.00000000 -0.93090000
vn -0.00000000 -0.36530000 -0.93090000
vn -0.53590000 0.83360000 -0.13400000
vn -0.99720000 -0.00000000 -0.07480000
vn 0.00000000 0.99720000 -0.07480000
vn -0.53900000 0.83850000 -0.07950000
vn -0.88740000 0.45230000 -0.08940000
vn -0.64400000 0.75770000 -0.10510000
vn -0.27110000 0.95690000 -0.10400000
vn -1.00000000 -0.00000000 -0.00000000
vn 0.00000000 1.00000000 -0.00000000
vn -1.00000000 -0.00000000 -0.00000000
vn -0.86600000 0.00000000 -0.50000000
vn 0.00000000 1.00000000 -0.00000000
vn -0.86600000 0.00000000 -0.50000000
vn -0.50000000 0.00000000 -0.86600000
vn -0.50000000 0.00000000 -0.86600000
vn 0.00000000 1.00000000 -0.00000000
vn 0.00000000 0.00000000 -1.00000000
vn 0.00000000 0.00000000 -1.00000000
vn 0.00000000 1.00000000 -0.00000000
vn 0.00000000 -0.00000000 1.00000000
vn 0.00000000 -0.00000000 1.00000000
vn 0.00000000 1.00000000 -0.00000000
vn 0.00000000 -0.00000000 1.00000000
vn 0.00000000 1.00000000 -0.00000000
vn 0.00000000 -0.00000000 1.00000000
vn -0.50000000 -0.00000000 0.86600000
vn 0.00000000 1.00000000 -0.00000000
vn -0.50000000 -0.00000000 0.86600000
vn -0.86600000 -0.00000000 0.50000000
vn 0.00000000 1.00000000 -0.00000000
vn -0.86600000 -0.00000000 0.50000000
vn 0.00000000 1.00000000 -0.00000000
vn -1.00000000 -0.00000000 -0.00000000
vn -1.00000000 -0.00000000 -0.00000000
vn 0.00000000 1.00000000 -0.00000000
vn 1.00000000 -0.00000000 0.00000000
vn 1.00000000 -0.00000000 0.00000000
vn 0.86600000 -0.00000000 0.50000000
vn 0.86600000 -0.00000000 0.50000000
vn 0.00000000 1.00000000 -0.00000000
vn 0.50000000 -0.00000000 0.86600000
vn 0.50000000 -0.00000000 0.86600000
vn 0.00000000 1.00000000 -0.00000000
vn 1.00000000 -0.00000000 0.00000000
vn 0.00000000 -1.00000000 -0.00000000
vn 1.00000000 -0.00000000 0.00000000
vn -0.00000000 -0.86600000 0.50000000
vn -0.00000000 -0.50000000 0.86600000
vn 1.00000000 -0.00000000 0.00000000
vn 1.00000000 -0.00000000 0.00000000
vn 0.00000000 0.00000000 -1.00000000
vn 1.00000000 -0.00000000 0.00000000
vn -0.00000000 -0.50000000 -0.86600000
vn -0.00000000 -0.86600000 -0.50000000
vn 1.00000000 -0.00000000 0.00000000
vn 0.00000000 1.00000000 -0.00000000
vn 0.00000000 1.00000000 -0.00000000
vn 1.00000000 -0.00000000 0.00000000
vn -0.00000000 0.86600000 -0.50000000
vn 1.00000000 -0.00000000 0.00000000
vn 1.00000000 -0.00000000 0.00000000
vn -0.00000000 0.50000000 -0.86600000
vn 0.00000000 -0.00000000 1.00000000
vn 1.00000000 -0.00000000 0.00000000
vn -0.00000000 0.50000000 0.86600000
vn 1.00000000 -0.00000000 0.00000000
vn 1.00000000 -0.00000000 0.00000000
vn -0.00000000 0.86600000 0.50000000
vn -0.00000000 -0.86600000 -0.50000000
vn 1.00000000 -0.00000000 0.00000000
vn 0.00000000 -1.00000000 -0.00000000
vn 1.00000000 -0.00000000 0.00000000
vn 1.00000000 -0.00000000 0.00000000
vn -0.00000000 -0.50000000 -0.86600000
vn 0.00000000 0.00000000 -1.00000000
vn 1.00000000 -0.00000000 0.00000000
vn 1.00000000 -0.00000000 0.00000000
vn -0.00000000 0.50000000 -0.86600000
vn -0.00000000 0.86600000 -0.50000000
vn 1.00000000 -0.00000000 0.00000000
vn 1.00000000 -0.00000000 0.00000000
vn 0.00000000 1.00000000 -0.00000000
vn 0.00000000 1.00000000 -0.00000000
vn -0.00000000 0.86600000 0.50000000
vn 1.00000000 -0.00000000 0.00000000
vn -0.00000000 0.50000000 0.86600000
vn 1.00000000 -0.00000000 0.00000000
vn 1.00000000 -0.00000000 0.00000000
vn 0.00000000 -0.00000000 1.00000000
vn -0.00000000 -0.50000000 0.86600000
vn 1.00000000 -0.00000000 0.00000000
vn -0.00000000 -0.86600000 0.50000000
vn 1.00000000 -0.00000000 0.00000000
vn -0.00000000 0.86600000 -0.50000000
vn 1.00000000 -0.00000000 0.00000000
vn 0.00000000 1.00000000 -0.00000000
vn 0.00000000 1.00000000 -0.00000000
vn 1.00000000 -0.00000000 0.00000000
vn -0.00000000 0.86600000 0.50000000
vn 1.00000000 -0.00000000 0.00000000
vn -0.00000000 0.50000000 0.86600000
vn 1.00000000 -0.00000000 0.00000000
vn 0.00000000 -0.00000000 1.00000000
vn 1.00000000 -0.00000000 0.00000000
vn 1.00000000 -0.00000000 0.00000000
vn -0.00000000 -0.50000000 0.86600000
vn 1.00000000 -0.00000000 0.00000000
vn -0.00000000 -0.86600000 0.50000000
vn 1.00000000 -0.00000000 0.00000000
vn 0.00000000 -1.00000000 -0.00000000
vn 1.00000000 -0.00000000 0.00000000
vn -0.00000000 -0.86600000 -0.50000000
vn -0.00000000 -0.50000000 -0.86600000
vn 1.00000000 -0.00000000 0.00000000
vn 0.00000000 0.00000000 -1.00000000
vn 1.00000000 -0.00000000 0.00000000
vn -0.00000000 0.50000000 -0.86600000
vn 1.00000000 -0.00000000 0.00000000
vn -1.00000000 -0.00000000 -0.00000000
vn -0.00000000 -0.86600000 0.50000000
vn -1.00000000 -0.00000000 -0.00000000
vn 0.00000000 -1.00000000 -0.00000000
vn -0.00000000 -0.50000000 0.86600000
vn -1.00000000 -0.00000000 -0.00000000
vn 0.00000000 -0.00000000 1.00000000
vn -1.00000000 -0.00000000 -0.00000000
vn -0.00000000 0.50000000 0.86600000
vn -1.00000000 -0.00000000 -0.00000000
vn -1.00000000 -0.00000000 -0.00000000
vn -0.00000000 0.86600000 0.50000000
vn -1.00000000 -0.00000000 -0.00000000
vn 0.00000000 1.00000000 -0.00000000
vn 0.00000000 1.00000000 -0.00000000
vn -0.00000000 0.86600000 -0.50000000
vn -1.00000000 -0.00000000 -0.00000000
vn -1.00000000 -0.00000000 -0.00000000
vn -0.00000000 0.50000000 -0.86600000
vn -1.00000000 -0.00000000 -0.00000000
vn 0.00000000 0.00000000 -1.00000000
vn -0.00000000 -0.50000000 -0.86600000
vn -1.00000000 -0.00000000 -0.00000000
vn -1.00000000 -0.00000000 -0.00000000
vn -0.00000000 -0.86600000 -0.50000000
vn 0.00000000 1.00000000 -0.00000000
vn 0.00000000 1.00000000 -0.00000000
vn -1.00000000 -0.00000000 -0.00000000
vn -0.00000000 0.86600000 0.50000000
vn -1.00000000 -0.00000000 -0.00000000
vn -1.00000000 -0.00000000 -0.00000000
vn -0.00000000 0.50000000 0.86600000
vn 0.00000000 0.00000000 -1.00000000
vn -1.00000000 -0.00000000 -0.00000000
vn -1.00000000 -0.00000000 -0.00000000
vn -0.00000000 0.50000000 -0.86600000
vn -0.00000000 0.86600000 -0.50000000
vn -1.00000000 -0.00000000 -0.00000000
vn -1.00000000 -0.00000000 -0.00000000
vn 0.00000000 -1.00000000 -0.00000000
vn -0.00000000 -0.86600000 -0.50000000
vn -1.00000000 -0.00000000 -0.00000000
vn -0.00000000 -0.50000000 -0.86600000
vn -1.00000000 -0.00000000 -0.00000000
vn 0.00000000 -0.00000000 1.00000000
vn -1.00000000 -0.00000000 -0.00000000
vn -1.00000000 -0.00000000 -0.00000000
vn -0.00000000 -0.50000000 0.86600000
vn -0.00000000 -0.86600000 0.50000000
vn -1.00000000 -0.00000000 -0.00000000
vn -1.00000000 -0.00000000 -0.00000000
vn -0.00000000 -0.86600000 -0.50000000
vn 0.00000000 -1.00000000 -0.00000000
vn -1.00000000 -0.00000000 -0.00000000
vn -1.00000000 -0.00000000 -0.00000000
vn -0.00000000 -0.86600000 0.50000000
vn -1.00000000 -0.00000000 -0.00000000
vn -0.00000000 -0.50000000 0.86600000
vn -1.00000000 -0.00000000 -0.00000000
vn 0.00000000 -0.00000000 1.00000000
vn -1.00000000 -0.00000000 -0.00000000
vn -0.00000000 0.50000000 0.86600000
vn -0.00000000 0.86600000 0.50000000
vn -1.00000000 -0.00000000 -0.00000000
vn 0.00000000 1.00000000 -0.00000000
vn 0.00000000 1.00000000 -0.00000000
vn -1.00000000 -0.00000000 -0.00000000
vn -1.00000000 -0.00000000 -0.00000000
vn -0.00000000 0.86600000 -0.50000000
vn -1.00000000 -0.00000000 -0.00000000
vn -0.00000000 0.50000000 -0.86600000
vn -1.00000000 -0.00000000 -0.00000000
vn 0.00000000 0.00000000 -1.00000000
vn -1.00000000 -0.00000000 -0.00000000
vn -0.00000000 -0.50000000 -0.86600000
vn 1.00000000 -0.00000000 0.00000000
vn -0.00000000 0.86600000 0.50000000
vn 1.00000000 -0.00000000 0.00000000
vn -0.00000000 0.86600000 0.50000000
vn 0.00000000 1.00000000 -0.00000000
vn 1.00000000 -0.00000000 0.00000000
vn 0.00000000 1.00000000 -0.00000000
vn 1.00000000 -0.00000000 0.00000000
vn -0.00000000 0.86600000 -0.50000000
vn 1.00000000 -0.00000000 0.00000000
vn 1.00000000 -0.00000000 0.00000000
vn -0.00000000 0.86600000 -0.50000000
vn -0.00000000 0.50000000 -0.86600000
vn 1.00000000 -0.00000000 0.00000000
vn -0.00000000 0.50000000 0.86600000
vn 1.00000000 -0.00000000 0.00000000
vn 1.00000000 -0.00000000 0.00000000
vn -0.00000000 0.50000000 0.86600000
vn 0.00000000 -0.00000000 1.00000000
vn 1.00000000 -0.00000000 0.00000000
vn 1.00000000 -0.00000000 0.00000000
vn 0.00000000 -0.00000000 1.00000000
vn -0.00000000 -0.50000000 0.86600000
vn 1.00000000 -0.00000000 0.00000000
vn -0.00000000 -0.50000000 0.86600000
vn 1.00000000 -0.00000000 0.00000000
vn -0.00000000 -0.86600000 0.50000000
vn 1.00000000 -0.00000000 0.00000000
vn -0.00000000 -0.86600000 0.50000000
vn 1.00000000 -0.00000000 0.00000000
vn 1.00000000 -0.00000000 0.00000000
vn 0.00000000 -1.00000000 -0.00000000
vn 0.00000000 -1.00000000 -0.00000000
vn 0.00000000 -1.00000000 -0.00000000
vn 1.00000000 -0.00000000 0.00000000
vn 0.00000000 -1.00000000 -0.00000000
vn -0.00000000 -0.86600000 -0.50000000
vn 1.00000000 -0.00000000 0.00000000
vn 1.00000000 -0.00000000 0.00000000
vn -0.00000000 -0.86600000 -0.50000000
vn -0.00000000 -0.50000000 -0.86600000
vn 1.00000000 -0.00000000 0.00000000
vn 1.00000000 -0.00000000 0.00000000
vn -0.00000000 -0.50000000 -0.86600000
vn 1.00000000 -0.00000000 0.00000000
vn 0.00000000 0.00000000 -1.00000000
vn 1.00000000 -0.00000000 0.00000000
vn 0.00000000 0.00000000 -1.00000000
vn 1.00000000 -0.00000000 0.00000000
vn -0.00000000 0.50000000 -0.86600000
vn -0.00000000 -0.86600000 0.50000000
vn -1.00000000 -0.00000000 -0.00000000
vn -0.00000000 -0.86600000 0.50000000
vn -1.00000000 -0.00000000 -0.00000000
vn -1.00000000 -0.00000000 -0.00000000
vn 0.00000000 -1.00000000 -0.00000000
vn 0.00000000 -1.00000000 -0.00000000
vn 0.00000000 -1.00000000 -0.00000000
vn -1.00000000 -0.00000000 -0.00000000
vn 0.00000000 -1.00000000 -0.00000000
vn -1.00000000 -0.00000000 -0.00000000
vn -0.00000000 -0.86600000 -0.50000000
vn -0.00000000 -0.86600000 -0.50000000
vn -1.00000000 -0.00000000 -0.00000000
vn -1.00000000 -0.00000000 -0.00000000
vn -0.00000000 -0.50000000 -0.86600000
vn -0.00000000 -0.50000000 0.86600000
vn -1.00000000 -0.00000000 -0.00000000
vn -1.00000000 -0.00000000 -0.00000000
vn -0.00000000 -0.50000000 0.86600000
vn 0.00000000 -0.00000000 1.00000000
vn -1.00000000 -0.00000000 -0.00000000
vn 0.00000000 -0.00000000 1.00000000
vn -1.00000000 -0.00000000 -0.00000000
vn -1.00000000 -0.00000000 -0.00000000
vn -0.00000000 0.50000000 0.86600000
vn -1.00000000 -0.00000000 -0.00000000
vn -0.00000000 0.50000000 0.86600000
vn -0.00000000 0.86600000 0.50000000
vn -1.00000000 -0.00000000 -0.00000000
vn -1.00000000 -0.00000000 -0.00000000
vn -0.00000000 0.86600000 0.50000000
vn 0.00000000 1.00000000 -0.00000000
vn -1.00000000 -0.00000000 -0.00000000
vn 0.00000000 1.00000000 -0.00000000
vn -1.00000000 -0.00000000 -0.00000000
vn -1.00000000 -0.00000000 -0.00000000
vn -0.00000000 0.86600000 -0.50000000
vn -1.00000000 -0.00000000 -0.00000000
vn -0.00000000 0.86600000 -0.50000000
vn -0.00000000 0.50000000 -0.86600000
vn -1.00000000 -0.00000000 -0.00000000
vn -1.00000000 -0.00000000 -0.00000000
vn -0.00000000 0.50000000 -0.86600000
vn 0.00000000 0.00000000 -1.00000000
vn -1.00000000 -0.00000000 -0.00000000
vn -1.00000000 -0.00000000 -0.00000000
vn 0.00000000 0.00000000 -1.00000000
vn -1.00000000 -0.00000000 -0.00000000
vn -0.00000000 -0.50000000 -0.86600000
vn 0.00000000 1.00000000 -0.00000000
vn -0.00000000 -0.20000000 -0.97980000
vn 1.00000000 -0.00000000 0.00000000
vn -0.00000000 -0.20000000 -0.97980000
vn 0.00000000 1.00000000 -0.00000000
vn -0.00000000 -0.20000000 -0.97980000
vn -0.00000000 -0.61140000 -0.79130000
vn -0.00000000 -0.61140000 -0.79130000
vn -0.00000000 -0.89760000 -0.44080000
vn -0.00000000 -0.89760000 -0.44080000
vn 0.00000000 -1.00000000 -0.00000000
vn 0.00000000 -1.00000000 -0.00000000
vn 0.00000000 -1.00000000 -0.00000000
vn -0.00000000 -0.89760000 0.44080000
vn -0.00000000 -0.89760000 0.44080000
vn 0.00000000 -0.61140000 0.79130000
vn 0.00000000 -0.61140000 0.79130000
vn 1.00000000 -0.00000000 0.00000000
vn -0.00000000 -0.20000000 0.97980000
vn 0.00000000 1.00000000 -0.00000000
vn -0.00000000 -0.06710000 0.99770000
vn 1.00000000 -0.00000000 0.00000000
vn 0.00000000 0.06700000 0.99770000
vn 1.00000000 -0.00000000 0.00000000
vn -0.00000000 -0.20000000 0.97980000
vn -0.00000000 -0.20000000 0.97980000
vn 0.00000000 1.00000000 -0.00000000
vn 0.00000000 -1.00000000 -0.00000000
vn -0.00000000 0.20000000 0.97980000
vn 1.00000000 -0.00000000 0.00000000
vn 0.00000000 -1.00000000 -0.00000000
vn -0.00000000 0.20000000 0.97980000
vn -0.00000000 0.20000000 0.97980000
vn -0.00000000 0.61140000 0.79130000
vn -0.00000000 0.61140000 0.79130000
vn -0.00000000 0.89760000 0.44080000
vn -0.00000000 0.89760000 0.44080000
vn 0.00000000 1.00000000 -0.00000000
vn 0.00000000 1.00000000 -0.00000000
vn 0.00000000 0.89760000 -0.44080000
vn 0.00000000 0.89760000 -0.44080000
vn 0.00000000 0.61140000 -0.79130000
vn 0.00000000 0.61140000 -0.79130000
vn 0.00000000 -1.00000000 -0.00000000
vn 1.00000000 -0.00000000 0.00000000
vn 0.00000000 0.20000000 -0.97980000
vn 0.00000000 0.06700000 -0.99770000
vn 1.00000000 -0.00000000 0.00000000
vn 1.00000000 -0.00000000 0.00000000
vn -0.00000000 -0.06710000 -0.99770000
vn 0.00000000 -1.00000000 -0.00000000
vn 0.00000000 0.20000000 -0.97980000
vn 0.00000000 0.20000000 -0.97980000
vn 0.38750000 -0.18860000 0.90240000
vn 0.00000000 1.00000000 -0.00000000
vn 0.50000000 -0.52950000 0.68530000
vn 0.71280000 -0.15340000 0.68440000
vn 0.00000000 1.00000000 -0.00000000
vn 0.86600000 -0.30570000 0.39570000
vn 0.00000000 1.00000000 -0.00000000
vn 0.92640000 -0.09170000 0.36530000
vn 0.00000000 1.00000000 -0.00000000
vn 1.00000000 -0.00000000 0.00000000
vn 1.00000000 -0.00000000 0.00000000
vn 1.00000000 -0.00000000 0.00000000
vn 1.00000000 -0.00000000 0.00000000
vn 0.86600000 -0.44880000 0.22040000
vn 1.00000000 -0.00000000 0.00000000
vn 1.00000000 -0.00000000 0.00000000
vn 0.86600000 -0.50000000 0.00000000
vn 1.00000000 -0.00000000 0.00000000
vn 1.00000000 -0.00000000 0.00000000
vn 0.86600000 -0.44880000 -0.22040000
vn 1.00000000 -0.00000000 0.00000000
vn 1.00000000 -0.00000000 0.00000000
vn 0.86600000 -0.30570000 -0.39570000
vn 1.00000000 -0.00000000 0.00000000
vn 0.00000000 1.00000000 -0.00000000
vn 1.00000000 -0.00000000 0.00000000
vn 0.00000000 1.00000000 -0.00000000
vn 0.92660000 -0.09150000 -0.36480000
vn 0.71280000 -0.15340000 -0.68440000
vn 0.00000000 1.00000000 -0.00000000
vn 0.50000000 -0.52950000 -0.68530000
vn 0.38740000 -0.18860000 -0.90240000
vn 0.00000000 1.00000000 -0.00000000
vn 0.50000000 -0.77730000 0.38170000
vn 0.50000000 -0.86600000 0.00000000
vn 0.50000000 -0.77730000 -0.38170000
vn 0.00000000 -1.00000000 -0.00000000
vn 0.38740000 0.18860000 -0.90240000
vn 0.00000000 -1.00000000 -0.00000000
vn 0.38740000 0.18860000 0.90240000
vn 0.00000000 -1.00000000 -0.00000000
vn 0.71280000 0.15340000 -0.68440000
vn 1.00000000 -0.00000000 0.00000000
vn 1.00000000 -0.00000000 0.00000000
vn 0.00000000 -1.00000000 -0.00000000
vn 0.00000000 -1.00000000 -0.00000000
vn 0.71280000 0.15340000 0.68440000
vn 0.00000000 -1.00000000 -0.00000000
vn 0.92660000 0.09150000 -0.36480000
vn 0.00000000 -1.00000000 -0.00000000
vn 1.00000000 -0.00000000 0.00000000
vn 1.00000000 -0.00000000 0.00000000
vn 0.92660000 0.09150000 0.36480000
vn 0.00000000 -1.00000000 -0.00000000
vn 0.86600000 0.30570000 0.39570000
vn 1.00000000 -0.00000000 0.00000000
vn 1.00000000 -0.00000000 0.00000000
vn 0.86600000 0.44880000 0.22040000
vn 1.00000000 -0.00000000 0.00000000
vn 1.00000000 -0.00000000 0.00000000
vn 0.86600000 0.50000000 0.00000000
vn 1.00000000 -0.00000000 0.00000000
vn 1.00000000 -0.00000000 0.00000000
vn 0.86600000 0.44880000 -0.22040000
vn 1.00000000 -0.00000000 0.00000000
vn 1.00000000 -0.00000000 0.00000000
vn 0.86600000 0.30570000 -0.39570000
vn 0.50000000 0.52950000 -0.68530000
vn 0.50000000 0.77740000 -0.38170000
vn 0.50000000 0.86600000 0.00000000
vn 0.50000000 0.77740000 0.38170000
vn 0.50000000 0.52950000 0.68530000
vn 0.00000000 1.00000000 -0.00000000
vn -1.00000000 -0.00000000 -0.00000000
vn -0.00000000 -0.20000000 0.97980000
vn -0.00000000 -0.06710000 0.99770000
vn -1.00000000 -0.00000000 -0.00000000
vn -1.00000000 -0.00000000 -0.00000000
vn -0.00000000 -0.20000000 -0.97980000
vn 0.00000000 1.00000000 -0.00000000
vn -0.00000000 -0.06710000 -0.99770000
vn -1.00000000 -0.00000000 -0.00000000
vn 0.00000000 0.06700000 0.99770000
vn -1.00000000 -0.00000000 -0.00000000
vn -1.00000000 -0.00000000 -0.00000000
vn 0.00000000 0.06710000 -0.99770000
vn 0.00000000 -1.00000000 -0.00000000
vn -1.00000000 -0.00000000 -0.00000000
vn 0.00000000 0.20000000 -0.97980000
vn -0.00000000 0.20000000 0.97980000
vn -1.00000000 -0.00000000 -0.00000000
vn 0.00000000 -1.00000000 -0.00000000
vn -1.00000000 -0.00000000 -0.00000000
vn 0.00000000 1.00000000 -0.00000000
vn -1.00000000 -0.00000000 -0.00000000
vn -1.00000000 -0.00000000 -0.00000000
vn 0.00000000 1.00000000 -0.00000000
vn -1.00000000 -0.00000000 -0.00000000
vn -1.00000000 -0.00000000 -0.00000000
vn -1.00000000 -0.00000000 -0.00000000
vn -1.00000000 -0.00000000 -0.00000000
vn -1.00000000 -0.00000000 -0.00000000
vn -1.00000000 -0.00000000 -0.00000000
vn -1.00000000 -0.00000000 -0.00000000
vn -1.00000000 -0.00000000 -0.00000000
vn -1.00000000 -0.00000000 -0.00000000
vn 0.00000000 1.00000000 -0.00000000
vn -0.92660000 -0.09150000 -0.36480000
vn -0.71280000 -0.15340000 -0.68440000
vn 0.00000000 1.00000000 -0.00000000
vn 0.00000000 1.00000000 -0.00000000
vn -0.38740000 -0.18860000 -0.90240000
vn -0.71280000 -0.15340000 0.68440000
vn 0.00000000 1.00000000 -0.00000000
vn -0.38740000 -0.18850000 0.90250000
vn 0.00000000 1.00000000 -0.00000000
vn 0.00000000 1.00000000 -0.00000000
vn -0.92660000 -0.09150000 0.36480000
vn -0.00000000 -0.20000000 -0.97980000
vn 0.00000000 1.00000000 -0.00000000
vn -0.00000000 -0.20000000 -0.97980000
vn -0.00000000 -0.20000000 0.97980000
vn 0.00000000 1.00000000 -0.00000000
vn -0.00000000 -0.20000000 0.97980000
vn -0.00000000 -0.61140000 -0.79130000
vn -0.00000000 -0.61140000 -0.79130000
vn -0.50000000 -0.52950000 -0.68530000
vn -0.86600000 -0.30570000 -0.39570000
vn -0.86600000 -0.44880000 -0.22040000
vn -0.86600000 -0.50000000 -0.00000000
vn -0.86600000 -0.44880000 0.22040000
vn -0.86600000 -0.30570000 0.39570000
vn -0.50000000 -0.52950000 0.68530000
vn 0.00000000 -0.61140000 0.79130000
vn 0.00000000 -0.61140000 0.79130000
vn -0.00000000 -0.89760000 0.44080000
vn -0.00000000 -0.89760000 0.44080000
vn -0.50000000 -0.77730000 0.38170000
vn 0.00000000 -1.00000000 -0.00000000
vn 0.00000000 -1.00000000 -0.00000000
vn 0.00000000 -1.00000000 -0.00000000
vn -0.50000000 -0.86600000 -0.00000000
vn -0.00000000 -0.89760000 -0.44080000
vn -0.00000000 -0.89760000 -0.44080000
vn -0.50000000 -0.77740000 -0.38170000
vn 0.00000000 -1.00000000 -0.00000000
vn -1.00000000 -0.00000000 -0.00000000
vn -1.00000000 -0.00000000 -0.00000000
vn -1.00000000 -0.00000000 -0.00000000
vn -1.00000000 -0.00000000 -0.00000000
vn 0.00000000 -1.00000000 -0.00000000
vn -1.00000000 -0.00000000 -0.00000000
vn -1.00000000 -0.00000000 -0.00000000
vn -1.00000000 -0.00000000 -0.00000000
vn -1.00000000 -0.00000000 -0.00000000
vn -1.00000000 -0.00000000 -0.00000000
vn -1.00000000 -0.00000000 -0.00000000
vn -1.00000000 -0.00000000 -0.00000000
vn -1.00000000 -0.00000000 -0.00000000
vn -0.92660000 0.09150000 0.36480000
vn 0.00000000 -1.00000000 -0.00000000
vn -0.71280000 0.15340000 0.68440000
vn 0.00000000 -1.00000000 -0.00000000
vn 0.00000000 -1.00000000 -0.00000000
vn -0.38740000 0.18860000 0.90240000
vn -0.71280000 0.15340000 -0.68440000
vn 0.00000000 -1.00000000 -0.00000000
vn 0.00000000 -1.00000000 -0.00000000
vn -0.38740000 0.18870000 -0.90240000
vn 0.00000000 -1.00000000 -0.00000000
vn -0.92660000 0.09150000 -0.36480000
vn 0.00000000 -1.00000000 -0.00000000
vn -0.00000000 0.20000000 0.97980000
vn -0.00000000 0.20000000 0.97980000
vn 0.00000000 0.20000000 -0.97980000
vn 0.00000000 -1.00000000 -0.00000000
vn 0.00000000 0.20000000 -0.97980000
vn 0.00000000 0.61140000 -0.79130000
vn 0.00000000 0.61140000 -0.79130000
vn 0.00000000 0.89760000 -0.44080000
vn 0.00000000 0.89760000 -0.44080000
vn 0.00000000 1.00000000 -0.00000000
vn 0.00000000 1.00000000 -0.00000000
vn -0.00000000 0.89760000 0.44080000
vn -0.00000000 0.89760000 0.44080000
vn -0.00000000 0.61140000 0.79130000
vn -0.00000000 0.61140000 0.79130000
vn -0.50000000 0.52950000 0.68530000
vn -0.86600000 0.30570000 0.39570000
vn -0.86600000 0.44880000 0.22040000
vn -0.86600000 0.50000000 -0.00000000
vn -0.86600000 0.44880000 -0.22040000
vn -0.86600000 0.30570000 -0.39570000
vn -0.50000000 0.52950000 -0.68530000
vn -0.50000000 0.77740000 -0.38170000
vn -0.50000000 0.86600000 -0.00000000
vn -0.50000000 0.77740000 0.38170000
vn -0.99540000 0.00000000 0.09590000
vn 0.00000000 -0.92360000 0.38340000
vn -1.00000000 -0.00000000 -0.00000000
vn 0.00000000 -1.00000000 -0.00000000
vn -1.00000000 -0.00000000 -0.00000000
vn 0.00000000 1.00000000 -0.00000000
vn -1.00000000 -0.00000000 -0.00000000
vn -1.00000000 -0.00000000 -0.00000000
vn -0.99540000 0.00000000 -0.09590000
vn -0.00000000 -0.92360000 -0.38340000
vn -0.98420000 -0.00000000 -0.17680000
vn 0.00000000 -0.70710000 -0.70720000
vn 0.00000000 -0.38340000 -0.92360000
vn -0.97300000 -0.00000000 -0.23090000
vn 0.00000000 1.00000000 -0.00000000
vn -0.86600000 0.00000000 -0.50000000
vn -0.96820000 0.00000000 -0.25000000
vn 0.00000000 0.00000000 -1.00000000
vn 0.00000000 -1.00000000 -0.00000000
vn -0.86600000 0.00000000 -0.50000000
vn -0.00000000 0.38340000 -0.92360000
vn -0.97300000 -0.00000000 -0.23090000
vn -1.00000000 -0.00000000 -0.00000000
vn -1.00000000 -0.00000000 -0.00000000
vn 0.00000000 -1.00000000 -0.00000000
vn -0.98430000 0.00000000 -0.17680000
vn -0.00000000 0.70710000 -0.70710000
vn 0.00000000 0.92360000 -0.38340000
vn -0.99540000 0.00000000 -0.09590000
vn -1.00000000 -0.00000000 -0.00000000
vn -1.00000000 -0.00000000 -0.00000000
vn 0.00000000 1.00000000 -0.00000000
vn 0.00000000 1.00000000 -0.00000000
vn -0.99540000 0.00000000 0.09590000
vn -0.00000000 0.92360000 0.38340000
vn -0.98430000 -0.00000000 0.17680000
vn -0.00000000 0.70710000 0.70710000
vn -0.97300000 -0.00000000 0.23090000
vn 0.00000000 0.38340000 0.92360000
vn 0.00000000 -0.00000000 1.00000000
vn -0.96820000 -0.00000000 0.25000000
vn 0.00000000 -1.00000000 -0.00000000
vn -0.86600000 -0.00000000 0.50000000
vn 0.00000000 1.00000000 -0.00000000
vn -0.86600000 -0.00000000 0.50000000
vn 0.00000000 -1.00000000 -0.00000000
vn -0.50000000 -0.00000000 0.86600000
vn -0.50000000 -0.00000000 0.86600000
vn 0.00000000 1.00000000 -0.00000000
vn 0.00000000 -1.00000000 -0.00000000
vn 0.00000000 -0.00000000 1.00000000
vn 0.00000000 -0.00000000 1.00000000
vn 0.00000000 1.00000000 -0.00000000
vn 0.50000000 -0.00000000 0.86600000
vn 0.00000000 -1.00000000 -0.00000000
vn 0.00000000 1.00000000 -0.00000000
vn 0.50000000 -0.00000000 0.86600000
vn 0.00000000 -1.00000000 -0.00000000
vn 0.86600000 -0.00000000 0.50000000
vn 0.86600000 -0.00000000 0.50000000
vn 0.00000000 1.00000000 -0.00000000
vn 0.00000000 -0.00000000 1.00000000
vn 0.96820000 0.00000000 0.25000000
vn -0.00000000 -0.38340000 0.92360000
vn 0.97300000 -0.00000000 0.23090000
vn 0.00000000 1.00000000 -0.00000000
vn 1.00000000 -0.00000000 0.00000000
vn 0.98430000 0.00000000 0.17680000
vn 0.00000000 -0.70710000 0.70720000
vn 0.00000000 -0.92360000 0.38340000
vn 0.99540000 0.00000000 0.09590000
vn 0.00000000 -1.00000000 -0.00000000
vn 1.00000000 -0.00000000 0.00000000
vn -0.00000000 -0.92360000 -0.38340000
vn 0.99540000 0.00000000 -0.09580000
vn 0.98420000 0.00000000 -0.17680000
vn 0.00000000 -0.70710000 -0.70720000
vn 0.97300000 -0.00000000 -0.23090000
vn 0.00000000 -0.38340000 -0.92360000
vn 0.96820000 -0.00000000 -0.25000000
vn 0.00000000 0.00000000 -1.00000000
vn 0.86600000 0.00000000 -0.50000000
vn 0.00000000 1.00000000 -0.00000000
vn 0.00000000 -1.00000000 -0.00000000
vn 0.86600000 0.00000000 -0.50000000
vn 0.00000000 -1.00000000 -0.00000000
vn 0.50000000 0.00000000 -0.86600000
vn 0.50000000 0.00000000 -0.86600000
vn 0.00000000 1.00000000 -0.00000000
vn 0.00000000 -1.00000000 -0.00000000
vn 0.00000000 0.00000000 -1.00000000
vn 0.00000000 0.00000000 -1.00000000
vn 0.00000000 1.00000000 -0.00000000
vn -0.50000000 0.00000000 -0.86600000
vn 0.00000000 -1.00000000 -0.00000000
vn 0.00000000 1.00000000 -0.00000000
vn -0.50000000 0.00000000 -0.86600000
vn -0.00000000 -0.38340000 0.92360000
vn -0.97300000 -0.00000000 0.23090000
vn -0.98420000 -0.00000000 0.17680000
vn 0.00000000 -0.70710000 0.70720000
vn 0.00000000 -1.00000000 -0.00000000
vn 1.00000000 -0.00000000 0.00000000
vn 0.97300000 -0.00000000 -0.23090000
vn -0.00000000 0.38340000 -0.92360000
vn 0.00000000 0.70710000 -0.70720000
vn 0.98430000 0.00000000 -0.17680000
vn 0.99540000 0.00000000 -0.09590000
vn 0.00000000 0.92360000 -0.38340000
vn 0.00000000 1.00000000 -0.00000000
vn 1.00000000 -0.00000000 0.00000000
vn 0.00000000 1.00000000 -0.00000000
vn 0.99540000 0.00000000 0.09590000
vn -0.00000000 0.92360000 0.38340000
vn -0.00000000 0.70710000 0.70720000
vn 0.98430000 0.00000000 0.17680000
vn 0.97300000 -0.00000000 0.23090000
vn 0.00000000 0.38340000 0.92360000
vn 0.00000000 -1.00000000 -0.00000000
vn -0.86600000 0.00000000 -0.50000000
vn 0.00000000 -0.00010000 -1.00000000
vn 0.00000000 -0.00010000 -1.00000000
vn 0.00000000 -1.00000000 -0.00000000
vn 0.00000000 -1.00000000 -0.00000000
vn -1.00000000 -0.00000000 -0.00000000
vn -1.00000000 -0.00000000 -0.00000000
vn 0.00000000 -1.00000000 -0.00000000
vn -0.50000000 0.00000000 -0.86600000
vn 0.00000000 0.00000000 -1.00000000
vn 0.00000000 -1.00000000 -0.00000000
vn 0.00000000 0.00000000 -1.00000000
vn 0.00000000 -1.00000000 -0.00000000
vn 0.50000000 0.00000000 -0.86600000
vn 0.00000000 -1.00000000 -0.00000000
vn 0.86600000 0.00000000 -0.50000000
vn 1.00000000 -0.00000000 0.00000000
vn 1.00000000 -0.00000000 0.00000000
vn 0.00000000 -1.00000000 -0.00000000
vn 1.00000000 -0.00000000 0.00000000
vn 1.00000000 -0.00000000 0.00000000
vn 0.00000000 -1.00000000 -0.00000000
vn 0.00000000 -1.00000000 -0.00000000
vn 0.00000000 -0.00000000 1.00000000
vn 0.00000000 -0.00000000 1.00000000
vn 0.00000000 -0.00000000 1.00000000
vn 0.00000000 -1.00000000 -0.00000000
vn 0.00000000 -0.00000000 1.00000000
vn -1.00000000 -0.00000000 -0.00000000
vn -1.00000000 -0.00000000 -0.00000000
vn 0.00000000 -1.00000000 -0.00000000
vn 0.00000000 -1.00000000 -0.00000000
vn 0.86600000 -0.00000000 0.50000000
vn 0.50000000 -0.00000000 0.86600000
vn 0.00000000 -1.00000000 -0.00000000
vn 0.00000000 -1.00000000 -0.00000000
vn -0.50000000 -0.00000000 0.86600000
vn 0.00000000 -1.00000000 -0.00000000
vn -0.86600000 -0.00000000 0.50000000
vn -0.00000000 0.00010000 -1.00000000
vn -0.00000000 0.00010000 -1.00000000
vn 0.00000000 1.00000000 -0.00000000
vn 0.50000000 0.00000000 -0.86600000
vn 0.50000000 0.00000000 -0.86600000
vn 0.00000000 1.00000000 -0.00000000
vn 0.86600000 0.00000000 -0.50000000
vn 0.86600000 0.00000000 -0.50000000
vn 0.00000000 1.00000000 -0.00000000
vn 1.00000000 -0.00000000 0.00000000
vn 0.00000000 1.00000000 -0.00000000
vn 1.00000000 -0.00000000 0.00000000
vn -0.34690000 0.56930000 -0.74530000
vn -0.52030000 0.85400000 0.00000000
vn 0.00000000 -0.00000000 1.00000000
vn -0.52030000 0.85400000 0.00000000
vn -0.58510000 0.31960000 -0.74540000
vn -0.58510000 0.31960000 -0.74540000
vn -0.87760000 0.47940000 0.00000000
vn -0.87760000 0.47940000 0.00000000
vn -0.87760000 0.47940000 0.00000000
vn -0.87760000 0.47940000 0.00000000
vn 0.00000000 -0.00000000 1.00000000
vn -0.66650000 -0.01570000 -0.74530000
vn -0.99970000 -0.02360000 0.00000000
vn -0.99970000 -0.02360000 0.00000000
vn 0.00000000 -0.00000000 1.00000000
vn -0.85400000 -0.52030000 0.00000000
vn -0.56930000 -0.34690000 -0.74540000
vn -0.85400000 -0.52030000 0.00000000
vn 0.00000000 -0.00000000 1.00000000
vn -0.31960000 -0.58500000 -0.74540000
vn -0.47940000 -0.87760000 0.00000000
vn -0.47940000 -0.87760000 0.00000000
vn 0.00000000 -0.00000000 1.00000000
vn 0.02360000 -0.99970000 0.00000000
vn 0.01570000 -0.66650000 -0.74530000
vn 0.02360000 -0.99970000 0.00000000
vn 0.00000000 -0.00000000 1.00000000
vn 0.34690000 -0.56930000 -0.74540000
vn 0.52030000 -0.85400000 0.00000000
vn 0.00000000 -0.00000000 1.00000000
vn 0.52030000 -0.85400000 0.00000000
vn 0.87760000 -0.47940000 0.00000000
vn 0.58510000 -0.31960000 -0.74540000
vn 0.87760000 -0.47940000 0.00000000
vn 0.00000000 -0.00000000 1.00000000
vn 0.99970000 0.02360000 0.00000000
vn 0.66650000 0.01570000 -0.74530000
vn 0.00000000 -0.00000000 1.00000000
vn 0.99970000 0.02360000 0.00000000
vn 0.85400000 0.52030000 0.00000000
vn 0.56930000 0.34690000 -0.74530000
vn 0.00000000 -0.00000000 1.00000000
vn 0.85400000 0.52030000 0.00000000
vn 0.47940000 0.87760000 0.00000000
vn 0.31960000 0.58510000 -0.74540000
vn 0.47940000 0.87760000 0.00000000
vn 0.00000000 -0.00000000 1.00000000
vn -0.02360000 0.99970000 0.00000000
vn -0.01570000 0.66650000 -0.74530000
vn 0.00000000 -0.00000000 1.00000000
vn -0.02360000 0.99970000 0.00000000
vn -0.90400000 0.04630000 -0.42510000
vn -0.79430000 0.43400000 -0.42510000
vn -0.79430000 0.43400000 -0.42510000
vn -0.52740000 0.73560000 -0.42510000
vn -0.87700000 0.47910000 -0.03710000
vn -0.87700000 0.47910000 -0.03710000
vn -0.58230000 0.81220000 -0.03710000
vn -0.81980000 0.44790000 0.35680000
vn -0.81980000 0.44790000 0.35680000
vn -0.54430000 0.75920000 0.35680000
vn -0.63200000 0.34520000 0.69380000
vn -0.63200000 0.34520000 0.69380000
vn -0.41960000 0.58520000 0.69380000
vn -0.34330000 0.18760000 0.92030000
vn -0.34330000 0.18760000 0.92030000
vn -0.22790000 0.31800000 0.92030000
vn 0.00000000 -0.00000000 1.00000000
vn 0.00000000 -0.00000000 1.00000000
vn 0.00000000 -0.00000000 1.00000000
vn 0.00000000 -0.00000000 1.00000000
vn 0.00000000 -0.00000000 1.00000000
vn 0.00000000 -0.00000000 1.00000000
vn 0.00000000 -0.00000000 1.00000000
vn 0.00000000 -0.00000000 1.00000000
vn 0.00000000 -0.00000000 1.00000000
vn 0.00000000 -0.00000000 1.00000000
vn 0.00000000 -0.00000000 1.00000000
vn 0.00000000 -0.00000000 1.00000000
vn 0.00000000 -0.00000000 1.00000000
vn 0.00000000 -0.00000000 1.00000000
vn -0.83450000 -0.35050000 -0.42510000
vn -0.59980000 -0.67790000 -0.42510000
vn -0.24630000 -0.87100000 -0.42510000
vn 0.15600000 -0.89160000 -0.42510000
vn 0.52740000 -0.73560000 -0.42510000
vn 0.79430000 -0.43400000 -0.42510000
vn 0.90400000 -0.04630000 -0.42510000
vn 0.99800000 -0.05110000 -0.03700000
vn 0.92140000 0.38690000 -0.03690000
vn 0.86130000 0.36170000 0.35680000
vn 0.61910000 0.69960000 0.35680000
vn 0.47720000 0.53930000 0.69380000
vn 0.19600000 0.69290000 0.69380000
vn 0.10650000 0.37650000 0.92030000
vn -0.06740000 0.38540000 0.92030000
vn 0.83450000 0.35050000 -0.42510000
vn 0.66220000 0.74840000 -0.03710000
vn 0.25420000 0.89890000 0.35680000
vn -0.12410000 0.70930000 0.69380000
vn 0.59980000 0.67790000 -0.42510000
vn 0.27190000 0.96160000 -0.03710000
vn -0.16100000 0.92020000 0.35680000
vn 0.24630000 0.87100000 -0.42510000
vn -0.17220000 0.98440000 -0.03710000
vn -0.15600000 0.89160000 -0.42510000
vn 0.25930000 0.29300000 0.92030000
vn 0.36070000 0.15150000 0.92030000
vn 0.39070000 -0.02000000 0.92030000
vn 0.34330000 -0.18760000 0.92030000
vn 0.22800000 -0.31800000 0.92030000
vn 0.06740000 -0.38540000 0.92030000
vn -0.10650000 -0.37650000 0.92030000
vn -0.25930000 -0.29300000 0.92030000
vn -0.36070000 -0.15150000 0.92030000
vn -0.39070000 0.02000000 0.92030000
vn -0.99800000 0.05110000 -0.03690000
vn -0.92140000 -0.38690000 -0.03700000
vn -0.66220000 -0.74840000 -0.03710000
vn -0.27190000 -0.96160000 -0.03710000
vn 0.17220000 -0.98440000 -0.03730000
vn 0.58230000 -0.81220000 -0.03720000
vn 0.87700000 -0.47910000 -0.03710000
vn -0.93290000 0.04780000 0.35680000
vn -0.86130000 -0.36170000 0.35680000
vn -0.61910000 -0.69960000 0.35680000
vn -0.25420000 -0.89890000 0.35680000
vn 0.16100000 -0.92020000 0.35680000
vn 0.54430000 -0.75920000 0.35680000
vn 0.81980000 -0.44790000 0.35680000
vn 0.93290000 -0.04780000 0.35680000
vn -0.71920000 0.03690000 0.69390000
vn -0.66390000 -0.27880000 0.69380000
vn -0.47720000 -0.53930000 0.69390000
vn -0.19600000 -0.69290000 0.69380000
vn 0.12410000 -0.70930000 0.69390000
vn 0.41960000 -0.58530000 0.69380000
vn 0.63200000 -0.34520000 0.69390000
vn 0.71920000 -0.03690000 0.69380000
vn 0.66390000 0.27880000 0.69380000
vn 0.00000000 0.99450000 -0.10470000
vn 0.00000000 0.99450000 -0.10470000
vn 0.00000000 0.00000000 -1.00000000
vn 0.99450000 0.00000000 -0.10470000
vn 0.00000000 0.00000000 -1.00000000
vn 0.00000000 0.99450000 -0.10470000
vn 0.00000000 0.99450000 -0.10470000
vn -0.55880000 0.82190000 -0.11070000
vn 0.00000000 0.99450000 -0.10470000
vn 0.99450000 0.00000000 -0.10470000
vn 0.00000000 -0.00000000 1.00000000
vn 0.00000000 0.99450000 -0.10470000
vn 0.00000000 -0.00000000 1.00000000
vn -0.99910000 0.00000000 -0.04330000
vn 0.00000000 0.00000000 -1.00000000
vn 0.99450000 0.00000000 -0.10470000
vn 0.00000000 -0.99450000 -0.10470000
vn 0.00000000 -0.00000000 1.00000000
vn 0.99450000 0.00000000 -0.10470000
vn 0.00000000 -0.99450000 -0.10470000
vn -0.99450000 0.00000000 -0.10470000
vn 0.00000000 -0.99450000 -0.10470000
vn 0.00000000 0.00000000 -1.00000000
vn 0.00000000 -0.99450000 -0.10470000
vn 0.00000000 -0.00000000 1.00000000
vn -0.99450000 0.00000000 -0.10470000
vn -0.00000000 0.98930000 -0.14580000
vn 0.00000000 0.00000000 -1.00000000
vn -0.99450000 0.00000000 -0.10470000
vn -0.55330000 0.81370000 -0.17820000
vn -0.99450000 0.00000000 -0.10470000
vn -0.99450000 0.00000000 -0.10470000
vn -0.88670000 0.43470000 -0.15740000
vn -0.99450000 0.00000000 -0.10470000
vn -0.99450000 0.00000000 -0.10470000
vn 0.00000000 -0.00000000 1.00000000
vn -0.21900000 0.96590000 -0.13820000
vn -0.55640000 0.81820000 -0.14470000
vn -0.89130000 0.43690000 -0.12130000
vn -0.00000000 -0.99720000 -0.07480000
vn 0.99720000 -0.00000000 -0.07480000
vn 0.00000000 -0.00000000 1.00000000
vn 0.00000000 -0.00000000 1.00000000
vn -0.00000000 -0.99720000 -0.07480000
vn -0.99720000 -0.00000000 -0.07480000
vn 0.00000000 0.99720000 -0.07480000
vn 0.99720000 -0.00000000 -0.07480000
vn 0.00000000 -0.00000000 1.00000000
vn 0.00000000 -0.00000000 1.00000000
vn 0.00000000 0.99720000 -0.07480000
vn 0.00000000 0.99720000 -0.07480000
vn -0.00000000 0.99370000 -0.11180000
vn -0.99720000 -0.00000000 -0.07480000
vn 0.00000000 -0.00000000 1.00000000
vn 0.00000000 0.00000000 -1.00000000
vn 0.00000000 0.00000000 -1.00000000
vn 0.00000000 0.00000000 -1.00000000
vn 0.00000000 0.00000000 -1.00000000
vn 0.00000000 0.00000000 -1.00000000
vn 0.00000000 0.00000000 -1.00000000
vn 0.00000000 0.00000000 -1.00000000
vn 0.00000000 0.00000000 -1.00000000
vn 0.00000000 0.00000000 -1.00000000
vn 0.00000000 0.00000000 -1.00000000
vn 0.00000000 0.00000000 -1.00000000
vn 0.00000000 0.00000000 -1.00000000
vn -0.97810000 0.18540000 -0.09430000
vn -0.99720000 -0.00000000 -0.07480000
vn -0.99720000 -0.00000000 -0.07480000
vn -0.98910000 0.00000000 -0.14760000
vn -0.98150000 0.16930000 -0.08910000
vn -0.00000000 -0.99720000 -0.07480000
vn -0.00000000 -0.99720000 -0.07480000
vn -0.99720000 -0.00000000 -0.07480000
vn -0.99720000 -0.00000000 -0.07480000
vn -0.97760000 -0.00000000 -0.21040000
vn -0.98470000 0.15560000 -0.07800000
vn -0.90090000 0.00000000 -0.43390000
vn -0.00000000 -0.90100000 -0.43390000
vn -0.98960000 0.13600000 -0.04660000
vn -0.95310000 -0.00000000 -0.30280000
vn -0.00000000 0.95310000 -0.30270000
vn 0.00000000 0.81190000 -0.58380000
vn -0.81190000 0.00000000 -0.58380000
vn 0.00000000 -0.68020000 -0.73310000
vn -0.68010000 -0.00000000 -0.73310000
vn -0.59040000 -0.00000000 -0.80710000
vn -0.00000000 0.59050000 -0.80710000
vn -0.00000000 -0.36530000 -0.93090000
vn -0.36530000 0.00000000 -0.93090000
vn 0.00000000 0.99720000 -0.07480000
vn -0.98150000 0.18610000 -0.04430000
vn 0.00000000 0.99720000 -0.07480000
vn 0.00000000 0.99720000 -0.07480000
vn 0.99720000 -0.00000000 -0.07480000
vn 0.00000000 0.99720000 -0.07480000
vn 0.99720000 -0.00000000 -0.07480000
vn 0.90100000 -0.00000000 -0.43390000
vn -0.00000000 0.90100000 -0.43390000
vn 0.00000000 0.68010000 -0.73310000
vn 0.68010000 0.00000000 -0.73310000
vn 0.36530000 -0.00000000 -0.93090000
vn -0.00000000 0.36530000 -0.93090000
vn -0.00000000 -0.99720000 -0.07480000
vn 0.99720000 -0.00000000 -0.07480000
vn 0.99720000 -0.00000000 -0.07480000
vn -0.00000000 -0.99720000 -0.07480000
vn -0.00000000 -0.90100000 -0.43390000
vn 0.90100000 -0.00000000 -0.43390000
vn 0.68010000 0.00000000 -0.73310000
vn 0.00000000 -0.68020000 -0.73310000
vn -0.00000000 -0.36530000 -0.93090000
vn 0.36530000 -0.00000000 -0.93090000
vn -0.53590000 0.83360000 -0.13400000
vn -0.99720000 -0.00000000 -0.07480000
vn -0.53900000 0.83850000 -0.07960000
vn 0.00000000 0.99720000 -0.07480000
vn -0.88740000 0.45230000 -0.08940000
vn -0.64400000 0.75770000 -0.10510000
vn -0.27110000 0.95690000 -0.10400000
vn -1.00000000 -0.00000000 -0.00000000
vn 0.00000000 1.00000000 -0.00000000
vn -1.00000000 -0.00000000 -0.00000000
vn -0.86600000 0.00000000 -0.50000000
vn 0.00000000 1.00000000 -0.00000000
vn -0.86600000 0.00000000 -0.50000000
vn -0.50000000 0.00000000 -0.86600000
vn 0.00000000 1.00000000 -0.00000000
vn -0.50000000 0.00000000 -0.86600000
vn 0.00000000 0.00000000 -1.00000000
vn 0.00000000 1.00000000 -0.00000000
vn 0.00000000 0.00000000 -1.00000000
vn 0.00000000 -0.00000000 1.00000000
vn 0.00000000 1.00000000 -0.00000000
vn 0.00000000 -0.00000000 1.00000000
vn 0.00000000 -0.00000000 1.00000000
vn 0.00000000 1.00000000 -0.00000000
vn 0.00000000 -0.00000000 1.00000000
vn -0.50000000 -0.00000000 0.86600000
vn 0.00000000 1.00000000 -0.00000000
vn -0.50000000 -0.00000000 0.86600000
vn -0.86600000 -0.00000000 0.50000000
vn 0.00000000 1.00000000 -0.00000000
vn -0.86600000 -0.00000000 0.50000000
vn -1.00000000 -0.00000000 -0.00000000
vn -1.00000000 -0.00000000 -0.00000000
vn 0.00000000 1.00000000 -0.00000000
vn 1.00000000 -0.00000000 0.00000000
vn 0.00000000 1.00000000 -0.00000000
vn 1.00000000 -0.00000000 0.00000000
vn 0.86600000 -0.00000000 0.50000000
vn 0.00000000 1.00000000 -0.00000000
vn 0.86600000 -0.00000000 0.50000000
vn 0.50000000 -0.00000000 0.86600000
vn 0.00000000 1.00000000 -0.00000000
vn 0.50000000 -0.00000000 0.86600000
vn 0.00000000 -1.00000000 -0.00000000
vn 1.00000000 -0.00000000 0.00000000
vn -0.00000000 -0.86600000 0.50000000
vn 1.00000000 -0.00000000 0.00000000
vn 1.00000000 -0.00000000 0.00000000
vn -0.00000000 -0.50000000 0.86600000
vn 0.00000000 0.00000000 -1.00000000
vn 1.00000000 -0.00000000 0.00000000
vn -0.00000000 -0.50000000 -0.86600000
vn 1.00000000 -0.00000000 0.00000000
vn -0.00000000 -0.86600000 -0.50000000
vn 1.00000000 -0.00000000 0.00000000
vn 0.00000000 1.00000000 -0.00000000
vn 0.00000000 1.00000000 -0.00000000
vn 1.00000000 -0.00000000 0.00000000
vn 1.00000000 -0.00000000 0.00000000
vn -0.00000000 0.86600000 -0.50000000
vn -0.00000000 0.50000000 -0.86600000
vn 1.00000000 -0.00000000 0.00000000
vn 0.00000000 -0.00000000 1.00000000
vn 1.00000000 -0.00000000 0.00000000
vn 1.00000000 -0.00000000 0.00000000
vn -0.00000000 0.50000000 0.86600000
vn 1.00000000 -0.00000000 0.00000000
vn -0.00000000 0.86600000 0.50000000
vn 1.00000000 -0.00000000 0.00000000
vn -0.00000000 -0.86600000 -0.50000000
vn 1.00000000 -0.00000000 0.00000000
vn 0.00000000 -1.00000000 -0.00000000
vn -0.00000000 -0.50000000 -0.86600000
vn 1.00000000 -0.00000000 0.00000000
vn 0.00000000 0.00000000 -1.00000000
vn 1.00000000 -0.00000000 0.00000000
vn -0.00000000 0.50000000 -0.86600000
vn 1.00000000 -0.00000000 0.00000000
vn 1.00000000 -0.00000000 0.00000000
vn -0.00000000 0.86600000 -0.50000000
vn 0.00000000 1.00000000 -0.00000000
vn 0.00000000 1.00000000 -0.00000000
vn 1.00000000 -0.00000000 0.00000000
vn -0.00000000 0.86600000 0.50000000
vn 1.00000000 -0.00000000 0.00000000
vn -0.00000000 0.50000000 0.86600000
vn 1.00000000 -0.00000000 0.00000000
vn 0.00000000 -0.00000000 1.00000000
vn 1.00000000 -0.00000000 0.00000000
vn 1.00000000 -0.00000000 0.00000000
vn -0.00000000 -0.50000000 0.86600000
vn 1.00000000 -0.00000000 0.00000000
vn -0.00000000 -0.86600000 0.50000000
vn 1.00000000 -0.00000000 0.00000000
vn -0.00000000 0.86600000 -0.50000000
vn 1.00000000 -0.00000000 0.00000000
vn 0.00000000 1.00000000 -0.00000000
vn 0.00000000 1.00000000 -0.00000000
vn 1.00000000 -0.00000000 0.00000000
vn -0.00000000 0.86600000 0.50000000
vn -0.00000000 0.50000000 0.86600000
vn 1.00000000 -0.00000000 0.00000000
vn 0.00000000 -0.00000000 1.00000000
vn 1.00000000 -0.00000000 0.00000000
vn -0.00000000 -0.50000000 0.86600000
vn 1.00000000 -0.00000000 0.00000000
vn -0.00000000 -0.86600000 0.50000000
vn 1.00000000 -0.00000000 0.00000000
vn 0.00000000 -1.00000000 -0.00000000
vn 1.00000000 -0.00000000 0.00000000
vn -0.00000000 -0.86600000 -0.50000000
vn 1.00000000 -0.00000000 0.00000000
vn -0.00000000 -0.50000000 -0.86600000
vn 1.00000000 -0.00000000 0.00000000
vn 0.00000000 0.00000000 -1.00000000
vn 1.00000000 -0.00000000 0.00000000
vn 1.00000000 -0.00000000 0.00000000
vn -0.00000000 0.50000000 -0.86600000
vn -1.00000000 -0.00000000 -0.00000000
vn -0.00000000 -0.86600000 0.50000000
vn 0.00000000 -1.00000000 -0.00000000
vn -1.00000000 -0.00000000 -0.00000000
vn -1.00000000 -0.00000000 -0.00000000
vn -0.00000000 -0.50000000 0.86600000
vn 0.00000000 -0.00000000 1.00000000
vn -1.00000000 -0.00000000 -0.00000000
vn -0.00000000 0.50000000 0.86600000
vn -1.00000000 -0.00000000 -0.00000000
vn -0.00000000 0.86600000 0.50000000
vn -1.00000000 -0.00000000 -0.00000000
vn -1.00000000 -0.00000000 -0.00000000
vn 0.00000000 1.00000000 -0.00000000
vn 0.00000000 1.00000000 -0.00000000
vn -0.00000000 0.86600000 -0.50000000
vn -1.00000000 -0.00000000 -0.00000000
vn -1.00000000 -0.00000000 -0.00000000
vn -0.00000000 0.50000000 -0.86600000
vn 0.00000000 0.00000000 -1.00000000
vn -1.00000000 -0.00000000 -0.00000000
vn -1.00000000 -0.00000000 -0.00000000
vn -0.00000000 -0.50000000 -0.86600000
vn -0.00000000 -0.86600000 -0.50000000
vn -1.00000000 -0.00000000 -0.00000000
vn 0.00000000 1.00000000 -0.00000000
vn 0.00000000 1.00000000 -0.00000000
vn -1.00000000 -0.00000000 -0.00000000
vn -0.00000000 0.86600000 0.50000000
vn -1.00000000 -0.00000000 -0.00000000
vn -0.00000000 0.50000000 0.86600000
vn -1.00000000 -0.00000000 -0.00000000
vn 0.00000000 0.00000000 -1.00000000
vn -1.00000000 -0.00000000 -0.00000000
vn -1.00000000 -0.00000000 -0.00000000
vn -0.00000000 0.50000000 -0.86600000
vn -1.00000000 -0.00000000 -0.00000000
vn -0.00000000 0.86600000 -0.50000000
vn 0.00000000 -1.00000000 -0.00000000
vn -1.00000000 -0.00000000 -0.00000000
vn -1.00000000 -0.00000000 -0.00000000
vn -0.00000000 -0.86600000 -0.50000000
vn -0.00000000 -0.50000000 -0.86600000
vn -1.00000000 -0.00000000 -0.00000000
vn -1.00000000 -0.00000000 -0.00000000
vn 0.00000000 -0.00000000 1.00000000
vn -1.00000000 -0.00000000 -0.00000000
vn -0.00000000 -0.50000000 0.86600000
vn -0.00000000 -0.86600000 0.50000000
vn -1.00000000 -0.00000000 -0.00000000
vn -0.00000000 -0.86600000 -0.50000000
vn -1.00000000 -0.00000000 -0.00000000
vn 0.00000000 -1.00000000 -0.00000000
vn -1.00000000 -0.00000000 -0.00000000
vn -0.00000000 -0.86600000 0.50000000
vn -1.00000000 -0.00000000 -0.00000000
vn -0.00000000 -0.50000000 0.86600000
vn -1.00000000 -0.00000000 -0.00000000
vn 0.00000000 -0.00000000 1.00000000
vn -1.00000000 -0.00000000 -0.00000000
vn -1.00000000 -0.00000000 -0.00000000
vn -0.00000000 0.50000000 0.86600000
vn -0.00000000 0.86600000 0.50000000
vn -1.00000000 -0.00000000 -0.00000000
vn 0.00000000 1.00000000 -0.00000000
vn 0.00000000 1.00000000 -0.00000000
vn -1.00000000 -0.00000000 -0.00000000
vn -0.00000000 0.86600000 -0.50000000
vn -1.00000000 -0.00000000 -0.00000000
vn -1.00000000 -0.00000000 -0.00000000
vn -0.00000000 0.50000000 -0.86600000
vn -1.00000000 -0.00000000 -0.00000000
vn 0.00000000 0.00000000 -1.00000000
vn -0.00000000 -0.50000000 -0.86600000
vn -1.00000000 -0.00000000 -0.00000000
vn 1.00000000 -0.00000000 0.00000000
vn -0.00000000 0.86600000 0.50000000
vn -0.00000000 0.86600000 0.50000000
vn 1.00000000 -0.00000000 0.00000000
vn 1.00000000 -0.00000000 0.00000000
vn 0.00000000 1.00000000 -0.00000000
vn 0.00000000 1.00000000 -0.00000000
vn 1.00000000 -0.00000000 0.00000000
vn 1.00000000 -0.00000000 0.00000000
vn -0.00000000 0.86600000 -0.50000000
vn -0.00000000 0.86600000 -0.50000000
vn 1.00000000 -0.00000000 0.00000000
vn 1.00000000 -0.00000000 0.00000000
vn -0.00000000 0.50000000 -0.86600000
vn 1.00000000 -0.00000000 0.00000000
vn -0.00000000 0.50000000 0.86600000
vn -0.00000000 0.50000000 0.86600000
vn 1.00000000 -0.00000000 0.00000000
vn 0.00000000 -0.00000000 1.00000000
vn 1.00000000 -0.00000000 0.00000000
vn 1.00000000 -0.00000000 0.00000000
vn 0.00000000 -0.00000000 1.00000000
vn -0.00000000 -0.50000000 0.86600000
vn 1.00000000 -0.00000000 0.00000000
vn 1.00000000 -0.00000000 0.00000000
vn -0.00000000 -0.50000000 0.86600000
vn -0.00000000 -0.86600000 0.50000000
vn 1.00000000 -0.00000000 0.00000000
vn 1.00000000 -0.00000000 0.00000000
vn -0.00000000 -0.86600000 0.50000000
vn 0.00000000 -1.00000000 -0.00000000
vn 1.00000000 -0.00000000 0.00000000
vn 0.00000000 -1.00000000 -0.00000000
vn 0.00000000 -1.00000000 -0.00000000
vn 1.00000000 -0.00000000 0.00000000
vn 0.00000000 -1.00000000 -0.00000000
vn 1.00000000 -0.00000000 0.00000000
vn -0.00000000 -0.86600000 -0.50000000
vn 1.00000000 -0.00000000 0.00000000
vn -0.00000000 -0.86600000 -0.50000000
vn 1.00000000 -0.00000000 0.00000000
vn -0.00000000 -0.50000000 -0.86600000
vn 1.00000000 -0.00000000 0.00000000
vn -0.00000000 -0.50000000 -0.86600000
vn 0.00000000 0.00000000 -1.00000000
vn 1.00000000 -0.00000000 0.00000000
vn 1.00000000 -0.00000000 0.00000000
vn 0.00000000 0.00000000 -1.00000000
vn -0.00000000 0.50000000 -0.86600000
vn 1.00000000 -0.00000000 0.00000000
vn -0.00000000 -0.86600000 0.50000000
vn -1.00000000 -0.00000000 -0.00000000
vn -1.00000000 -0.00000000 -0.00000000
vn -0.00000000 -0.86600000 0.50000000
vn 0.00000000 -1.00000000 -0.00000000
vn 0.00000000 -1.00000000 -0.00000000
vn -1.00000000 -0.00000000 -0.00000000
vn 0.00000000 -1.00000000 -0.00000000
vn -1.00000000 -0.00000000 -0.00000000
vn 0.00000000 -1.00000000 -0.00000000
vn -0.00000000 -0.86600000 -0.50000000
vn -1.00000000 -0.00000000 -0.00000000
vn -0.00000000 -0.86600000 -0.50000000
vn -1.00000000 -0.00000000 -0.00000000
vn -0.00000000 -0.50000000 -0.86600000
vn -1.00000000 -0.00000000 -0.00000000
vn -1.00000000 -0.00000000 -0.00000000
vn -0.00000000 -0.50000000 0.86600000
vn -1.00000000 -0.00000000 -0.00000000
vn -0.00000000 -0.50000000 0.86600000
vn -1.00000000 -0.00000000 -0.00000000
vn 0.00000000 -0.00000000 1.00000000
vn 0.00000000 -0.00000000 1.00000000
vn -1.00000000 -0.00000000 -0.00000000
vn -1.00000000 -0.00000000 -0.00000000
vn -0.00000000 0.50000000 0.86600000
vn -0.00000000 0.50000000 0.86600000
vn -1.00000000 -0.00000000 -0.00000000
vn -0.00000000 0.86600000 0.50000000
vn -1.00000000 -0.00000000 -0.00000000
vn -1.00000000 -0.00000000 -0.00000000
vn -0.00000000 0.86600000 0.50000000
vn -1.00000000 -0.00000000 -0.00000000
vn 0.00000000 1.00000000 -0.00000000
vn 0.00000000 1.00000000 -0.00000000
vn -1.00000000 -0.00000000 -0.00000000
vn -1.00000000 -0.00000000 -0.00000000
vn -0.00000000 0.86600000 -0.50000000
vn -0.00000000 0.86600000 -0.50000000
vn -1.00000000 -0.00000000 -0.00000000
vn -0.00000000 0.50000000 -0.86600000
vn -1.00000000 -0.00000000 -0.00000000
vn -1.00000000 -0.00000000 -0.00000000
vn -0.00000000 0.50000000 -0.86600000
vn -1.00000000 -0.00000000 -0.00000000
vn 0.00000000 0.00000000 -1.00000000
vn 0.00000000 0.00000000 -1.00000000
vn -1.00000000 -0.00000000 -0.00000000
vn -0.00000000 -0.50000000 -0.86600000
vn -1.00000000 -0.00000000 -0.00000000
vn 1.00000000 -0.00000000 0.00000000
vn -0.00000000 -0.20000000 -0.97980000
vn 0.00000000 1.00000000 -0.00000000
vn -0.00000000 -0.20000000 -0.97980000
vn 0.00000000 1.00000000 -0.00000000
vn -0.00000000 -0.20000000 -0.97980000
vn -0.00000000 -0.61140000 -0.79130000
vn -0.00000000 -0.61140000 -0.79130000
vn -0.00000000 -0.89760000 -0.44080000
vn -0.00000000 -0.89760000 -0.44080000
vn 0.00000000 -1.00000000 -0.00000000
vn 0.00000000 -1.00000000 -0.00000000
vn 0.00000000 -1.00000000 -0.00000000
vn -0.00000000 -0.89760000 0.44080000
vn -0.00000000 -0.89760000 0.44080000
vn 0.00000000 -0.61140000 0.79130000
vn 0.00000000 -0.61140000 0.79130000
vn 0.00000000 1.00000000 -0.00000000
vn 1.00000000 -0.00000000 0.00000000
vn -0.00000000 -0.20000000 0.97980000
vn 1.00000000 -0.00000000 0.00000000
vn 0.00000000 -0.06700000 0.99770000
vn 1.00000000 -0.00000000 0.00000000
vn -0.00000000 0.06710000 0.99770000
vn -0.00000000 -0.20000000 0.97980000
vn 0.00000000 1.00000000 -0.00000000
vn -0.00000000 -0.20000000 0.97980000
vn 0.00000000 -1.00000000 -0.00000000
vn -0.00000000 0.20000000 0.97980000
vn 1.00000000 -0.00000000 0.00000000
vn 0.00000000 -1.00000000 -0.00000000
vn -0.00000000 0.20000000 0.97980000
vn -0.00000000 0.20000000 0.97980000
vn -0.00000000 0.61140000 0.79130000
vn -0.00000000 0.61140000 0.79130000
vn -0.00000000 0.89760000 0.44080000
vn -0.00000000 0.89760000 0.44080000
vn 0.00000000 1.00000000 -0.00000000
vn 0.00000000 1.00000000 -0.00000000
vn 0.00000000 0.89760000 -0.44080000
vn 0.00000000 0.89760000 -0.44080000
vn 0.00000000 0.61140000 -0.79130000
vn 0.00000000 0.61140000 -0.79130000
vn 1.00000000 -0.00000000 0.00000000
vn 0.00000000 0.20000000 -0.97980000
vn 0.00000000 -1.00000000 -0.00000000
vn 0.00000000 0.06710000 -0.99770000
vn 1.00000000 -0.00000000 0.00000000
vn -0.00000000 -0.06710000 -0.99770000
vn 1.00000000 -0.00000000 0.00000000
vn 0.00000000 0.20000000 -0.97980000
vn 0.00000000 -1.00000000 -0.00000000
vn 0.00000000 0.20000000 -0.97980000
vn 0.00000000 1.00000000 -0.00000000
vn 0.38750000 -0.18860000 0.90240000
vn 0.50000000 -0.52950000 0.68530000
vn 0.71280000 -0.15340000 0.68440000
vn 0.00000000 1.00000000 -0.00000000
vn 0.86600000 -0.30570000 0.39570000
vn 0.92640000 -0.09170000 0.36530000
vn 0.00000000 1.00000000 -0.00010000
vn 1.00000000 -0.00000000 0.00000000
vn 0.00000000 1.00000000 -0.00000000
vn 1.00000000 -0.00000000 0.00000000
vn 1.00000000 -0.00000000 0.00000000
vn 1.00000000 -0.00000000 0.00000000
vn 0.86600000 -0.44880000 0.22040000
vn 1.00000000 -0.00000000 0.00000000
vn 1.00000000 -0.00000000 0.00000000
vn 0.86600000 -0.50000000 0.00000000
vn 1.00000000 -0.00000000 0.00000000
vn 1.00000000 -0.00000000 0.00000000
vn 0.86600000 -0.44880000 -0.22040000
vn 1.00000000 -0.00000000 0.00000000
vn 1.00000000 -0.00000000 0.00000000
vn 0.86600000 -0.30570000 -0.39570000
vn 1.00000000 -0.00000000 0.00000000
vn 1.00000000 -0.00000000 0.00000000
vn 0.00000000 1.00000000 -0.00000000
vn 0.92660000 -0.09150000 -0.36480000
vn 0.00000000 1.00000000 0.00010000
vn 0.00000000 1.00000000 -0.00000000
vn 0.71280000 -0.15340000 -0.68440000
vn 0.50000000 -0.52950000 -0.68530000
vn 0.00000000 1.00000000 -0.00000000
vn 0.38740000 -0.18860000 -0.90240000
vn 0.50000000 -0.77730000 0.38170000
vn 0.50000000 -0.86600000 0.00000000
vn 0.50000000 -0.77730000 -0.38170000
vn 0.38740000 0.18860000 -0.90240000
vn 0.00000000 -1.00000000 -0.00000000
vn 0.00000000 -1.00000000 -0.00000000
vn 0.38740000 0.18860000 0.90240000
vn 0.71280000 0.15340000 -0.68440000
vn 0.00000000 -1.00000000 -0.00000000
vn 1.00000000 -0.00000000 0.00000000
vn 0.00000000 -1.00000000 -0.00000000
vn 1.00000000 -0.00000000 0.00000000
vn 0.71280000 0.15340000 0.68440000
vn 0.00000000 -1.00000000 -0.00000000
vn 0.92660000 0.09150000 -0.36480000
vn 0.00000000 -1.00000000 -0.00000000
vn 0.00000000 -1.00000000 -0.00000000
vn 1.00000000 -0.00000000 0.00000000
vn 1.00000000 -0.00000000 0.00000000
vn 0.00000000 -1.00000000 -0.00000000
vn 0.92660000 0.09150000 0.36480000
vn 0.86600000 0.30570000 0.39570000
vn 1.00000000 -0.00000000 0.00000000
vn 1.00000000 -0.00000000 0.00000000
vn 0.86600000 0.44880000 0.22040000
vn 1.00000000 -0.00000000 0.00000000
vn 1.00000000 -0.00000000 0.00000000
vn 0.86600000 0.50000000 0.00000000
vn 1.00000000 -0.00000000 0.00000000
vn 1.00000000 -0.00000000 0.00000000
vn 0.86600000 0.44880000 -0.22040000
vn 1.00000000 -0.00000000 0.00000000
vn 1.00000000 -0.00000000 0.00000000
vn 0.86600000 0.30570000 -0.39570000
vn 0.50000000 0.52950000 -0.68530000
vn 0.50000000 0.77740000 -0.38170000
vn 0.50000000 0.86600000 0.00000000
vn 0.50000000 0.77740000 0.38170000
vn 0.50000000 0.52950000 0.68530000
vn 0.00000000 1.00000000 -0.00000000
vn -1.00000000 -0.00000000 -0.00000000
vn -0.00000000 -0.20000000 0.97980000
vn 0.00000000 -0.06700000 0.99770000
vn -1.00000000 -0.00000000 -0.00000000
vn -1.00000000 -0.00000000 -0.00000000
vn 0.00000000 1.00000000 -0.00000000
vn -0.00000000 -0.20000000 -0.97980000
vn -1.00000000 -0.00000000 -0.00000000
vn -0.00000000 -0.06700000 -0.99770000
vn -1.00000000 -0.00000000 -0.00000000
vn -0.00000000 0.06710000 0.99770000
vn 0.00000000 0.06710000 -0.99770000
vn -1.00000000 -0.00000000 -0.00000000
vn 0.00000000 0.20000000 -0.97980000
vn -1.00000000 -0.00000000 -0.00000000
vn 0.00000000 -1.00000000 -0.00000000
vn 0.00000000 -1.00000000 -0.00000000
vn -1.00000000 -0.00000000 -0.00000000
vn -0.00000000 0.20000000 0.97980000
vn -1.00000000 -0.00000000 -0.00000000
vn -1.00000000 -0.00000000 -0.00000000
vn 0.00000000 1.00000000 -0.00000000
vn 0.00000000 1.00000000 -0.00000000
vn -1.00000000 -0.00000000 -0.00000000
vn -1.00000000 -0.00000000 -0.00000000
vn -1.00000000 -0.00000000 -0.00000000
vn -1.00000000 -0.00000000 -0.00000000
vn -1.00000000 -0.00000000 -0.00000000
vn -1.00000000 -0.00000000 -0.00000000
vn -1.00000000 -0.00000000 -0.00000000
vn -1.00000000 -0.00000000 -0.00000000
vn -1.00000000 -0.00000000 -0.00000000
vn -1.00000000 -0.00000000 -0.00000000
vn 0.00000000 1.00000000 0.00010000
vn -0.92660000 -0.09150000 -0.36480000
vn 0.00000000 1.00000000 -0.00000000
vn -0.71280000 -0.15340000 -0.68440000
vn 0.00000000 1.00000000 -0.00000000
vn -0.38740000 -0.18860000 -0.90240000
vn 0.00000000 1.00000000 -0.00000000
vn -0.71280000 -0.15340000 0.68440000
vn 0.00000000 1.00000000 -0.00000000
vn -0.38740000 -0.18830000 0.90250000
vn -0.92660000 -0.09150000 0.36480000
vn 0.00000000 1.00000000 -0.00010000
vn -0.00000000 -0.20000000 -0.97980000
vn 0.00000000 1.00000000 -0.00000000
vn -0.00000000 -0.20000000 -0.97980000
vn 0.00000000 1.00000000 -0.00000000
vn -0.00000000 -0.20000000 0.97980000
vn -0.00000000 -0.20000000 0.97980000
vn -0.00000000 -0.61140000 -0.79130000
vn -0.00000000 -0.61140000 -0.79130000
vn -0.50000000 -0.52950000 -0.68530000
vn -0.86600000 -0.30570000 -0.39570000
vn -0.86600000 -0.44880000 -0.22040000
vn -0.86600000 -0.50000000 -0.00000000
vn -0.86600000 -0.44880000 0.22040000
vn -0.86600000 -0.30570000 0.39570000
vn -0.50000000 -0.52950000 0.68530000
vn 0.00000000 -0.61140000 0.79130000
vn 0.00000000 -0.61140000 0.79130000
vn -0.00000000 -0.89760000 0.44080000
vn -0.00000000 -0.89760000 0.44080000
vn -0.50000000 -0.77730000 0.38170000
vn 0.00000000 -1.00000000 -0.00000000
vn 0.00000000 -1.00000000 -0.00000000
vn 0.00000000 -1.00000000 -0.00000000
vn -0.50000000 -0.86600000 -0.00000000
vn -0.00000000 -0.89760000 -0.44080000
vn -0.00000000 -0.89760000 -0.44080000
vn -0.50000000 -0.77740000 -0.38170000
vn 0.00000000 -1.00000000 -0.00000000
vn -1.00000000 -0.00000000 -0.00000000
vn -1.00000000 -0.00000000 -0.00000000
vn -1.00000000 -0.00000000 -0.00000000
vn -1.00000000 -0.00000000 -0.00000000
vn -1.00000000 -0.00000000 -0.00000000
vn 0.00000000 -1.00000000 -0.00000000
vn -1.00000000 -0.00000000 -0.00000000
vn -1.00000000 -0.00000000 -0.00000000
vn -1.00000000 -0.00000000 -0.00000000
vn -1.00000000 -0.00000000 -0.00000000
vn -1.00000000 -0.00000000 -0.00000000
vn -1.00000000 -0.00000000 -0.00000000
vn -1.00000000 -0.00000000 -0.00000000
vn -0.92660000 0.09150000 0.36480000
vn 0.00000000 -1.00000000 -0.00000000
vn 0.00000000 -1.00000000 -0.00000000
vn -0.71280000 0.15340000 0.68440000
vn -0.38740000 0.18860000 0.90240000
vn 0.00000000 -1.00000000 -0.00000000
vn 0.00000000 -1.00000000 -0.00000000
vn -0.71280000 0.15340000 -0.68440000
vn -0.38740000 0.18830000 -0.90250000
vn 0.00000000 -1.00000000 -0.00000000
vn -0.92660000 0.09150000 -0.36480000
vn 0.00000000 -1.00000000 -0.00000000
vn -0.00000000 0.20000000 0.97980000
vn 0.00000000 -1.00000000 -0.00000000
vn -0.00000000 0.20000000 0.97980000
vn 0.00000000 0.20000000 -0.97980000
vn 0.00000000 -1.00000000 -0.00000000
vn 0.00000000 0.20000000 -0.97980000
vn 0.00000000 0.61140000 -0.79130000
vn 0.00000000 0.61140000 -0.79130000
vn 0.00000000 0.89760000 -0.44080000
vn 0.00000000 0.89760000 -0.44080000
vn 0.00000000 1.00000000 -0.00000000
vn 0.00000000 1.00000000 -0.00000000
vn -0.00000000 0.89760000 0.44080000
vn -0.00000000 0.89760000 0.44080000
vn -0.00000000 0.61140000 0.79130000
vn -0.00000000 0.61140000 0.79130000
vn -0.50000000 0.52950000 0.68530000
vn -0.86600000 0.30570000 0.39570000
vn -0.86600000 0.44880000 0.22040000
vn -0.86600000 0.50000000 -0.00000000
vn -0.86600000 0.44880000 -0.22040000
vn -0.86600000 0.30570000 -0.39570000
vn -0.50000000 0.52950000 -0.68530000
vn -0.50000000 0.77730000 -0.38170000
vn -0.50000000 0.86600000 -0.00000000
vn -0.50000000 0.77740000 0.38170000
vn -0.00000000 -0.92360000 0.38350000
vn -0.99540000 0.00000000 0.09590000
vn -1.00000000 -0.00000000 -0.00000000
vn -1.00000000 -0.00000000 -0.00000000
vn 0.00000000 -1.00000000 -0.00000000
vn -1.00000000 -0.00000000 -0.00000000
vn 0.00000000 1.00000000 -0.00000000
vn -1.00000000 -0.00000000 -0.00000000
vn -0.99540000 -0.00000000 -0.09580000
vn 0.00000000 -0.92360000 -0.38350000
vn -0.98420000 -0.00000000 -0.17680000
vn 0.00000000 -0.70710000 -0.70720000
vn -0.97300000 -0.00000000 -0.23090000
vn 0.00000000 -0.38340000 -0.92360000
vn 0.00000000 1.00000000 -0.00000000
vn -0.86600000 0.00000000 -0.50000000
vn 0.00000000 0.00000000 -1.00000000
vn -0.96820000 0.00000000 -0.25000000
vn 0.00000000 -1.00000000 -0.00000000
vn -0.86600000 0.00000000 -0.50000000
vn -0.00000000 0.38340000 -0.92360000
vn -0.97300000 -0.00000000 -0.23090000
vn -1.00000000 -0.00000000 -0.00000000
vn 0.00000000 -1.00000000 -0.00000000
vn -1.00000000 -0.00000000 -0.00000000
vn -0.00000000 0.70710000 -0.70710000
vn -0.98430000 0.00000000 -0.17680000
vn 0.00000000 0.92360000 -0.38340000
vn -0.99540000 0.00000000 -0.09590000
vn -1.00000000 -0.00000000 -0.00000000
vn 0.00000000 1.00000000 -0.00000000
vn 0.00000000 1.00000000 -0.00000000
vn -1.00000000 -0.00000000 -0.00000000
vn -0.00000000 0.92360000 0.38340000
vn -0.99540000 0.00000000 0.09590000
vn -0.98420000 -0.00000000 0.17680000
vn -0.00000000 0.70710000 0.70710000
vn 0.00000000 0.38340000 0.92360000
vn -0.97300000 -0.00000000 0.23090000
vn 0.00000000 -0.00000000 1.00000000
vn -0.96820000 -0.00000000 0.25000000
vn -0.86600000 -0.00000000 0.50000000
vn 0.00000000 -1.00000000 -0.00000000
vn 0.00000000 1.00000000 -0.00000000
vn -0.86600000 -0.00000000 0.50000000
vn -0.50000000 -0.00000000 0.86600000
vn 0.00000000 -1.00000000 -0.00000000
vn 0.00000000 1.00000000 -0.00000000
vn -0.50000000 -0.00000000 0.86600000
vn 0.00000000 -0.00000000 1.00000000
vn 0.00000000 -1.00000000 -0.00000000
vn 0.00000000 -0.00000000 1.00000000
vn 0.00000000 1.00000000 -0.00000000
vn 0.00000000 -1.00000000 -0.00000000
vn 0.50000000 -0.00000000 0.86600000
vn 0.00000000 1.00000000 -0.00000000
vn 0.50000000 -0.00000000 0.86600000
vn 0.86600000 -0.00000000 0.50000000
vn 0.00000000 -1.00000000 -0.00000000
vn 0.86600000 -0.00000000 0.50000000
vn 0.00000000 1.00000000 -0.00000000
vn 0.96820000 0.00000000 0.25000000
vn 0.00000000 -0.00000000 1.00000000
vn -0.00000000 -0.38340000 0.92360000
vn 0.97300000 -0.00000000 0.23090000
vn 0.00000000 1.00000000 -0.00000000
vn 1.00000000 -0.00000000 0.00000000
vn 0.00000000 -0.70710000 0.70720000
vn 0.98430000 0.00000000 0.17680000
vn 0.99540000 0.00000000 0.09590000
vn -0.00000000 -0.92360000 0.38350000
vn 0.00000000 -1.00000000 -0.00000000
vn 1.00000000 -0.00000000 0.00000000
vn 0.99540000 0.00000000 -0.09580000
vn 0.00000000 -0.92360000 -0.38350000
vn 0.98420000 0.00000000 -0.17680000
vn 0.00000000 -0.70710000 -0.70720000
vn 0.97300000 -0.00000000 -0.23090000
vn 0.00000000 -0.38340000 -0.92360000
vn 0.00000000 0.00000000 -1.00000000
vn 0.96820000 -0.00000000 -0.25000000
vn 0.00000000 1.00000000 -0.00000000
vn 0.86600000 0.00000000 -0.50000000
vn 0.86600000 0.00000000 -0.50000000
vn 0.00000000 -1.00000000 -0.00000000
vn 0.50000000 0.00000000 -0.86600000
vn 0.00000000 -1.00000000 -0.00000000
vn 0.50000000 0.00000000 -0.86600000
vn 0.00000000 1.00000000 -0.00000000
vn 0.00000000 -1.00000000 -0.00000000
vn 0.00000000 0.00000000 -1.00000000
vn 0.00000000 1.00000000 -0.00000000
vn 0.00000000 0.00000000 -1.00000000
vn 0.00000000 -1.00000000 -0.00000000
vn -0.50000000 0.00000000 -0.86600000
vn 0.00000000 1.00000000 -0.00000000
vn -0.50000000 0.00000000 -0.86600000
vn -0.00000000 -0.38340000 0.92360000
vn -0.97300000 -0.00000000 0.23090000
vn 0.00000000 -0.70710000 0.70720000
vn -0.98430000 -0.00000000 0.17680000
vn 1.00000000 -0.00000000 0.00000000
vn 0.00000000 -1.00000000 -0.00000000
vn 0.97300000 -0.00000000 -0.23090000
vn -0.00000000 0.38340000 -0.92360000
vn 0.98420000 0.00000000 -0.17680000
vn -0.00000000 0.70710000 -0.70710000
vn 0.99540000 0.00000000 -0.09590000
vn 0.00000000 0.92360000 -0.38340000
vn 0.00000000 1.00000000 -0.00000000
vn 1.00000000 -0.00000000 0.00000000
vn 0.00000000 1.00000000 -0.00000000
vn -0.00000000 0.92360000 0.38340000
vn 0.99540000 0.00000000 0.09590000
vn 0.98420000 -0.00000000 0.17680000
vn -0.00000000 0.70710000 0.70710000
vn 0.00000000 0.38340000 0.92360000
vn 0.97300000 -0.00000000 0.23090000
vn -0.86600000 0.00000000 -0.50000000
vn 0.00000000 -1.00000000 -0.00000000
vn 0.00000000 -0.00010000 -1.00000000
vn 0.00000000 -0.00010000 -1.00000000
vn 0.00000000 -1.00000000 -0.00000000
vn -1.00000000 -0.00000000 -0.00000000
vn -1.00000000 -0.00000000 -0.00000000
vn 0.00000000 -1.00000000 -0.00000000
vn 0.00000000 -1.00000000 -0.00000000
vn -0.50000000 0.00000000 -0.86600000
vn 0.00000000 -1.00000000 -0.00000000
vn 0.00000000 0.00000000 -1.00000000
vn 0.00000000 0.00000000 -1.00000000
vn 0.50000000 0.00000000 -0.86600000
vn 0.00000000 -1.00000000 -0.00000000
vn 0.00000000 -1.00000000 -0.00000000
vn 0.86600000 0.00000000 -0.50000000
vn 1.00000000 -0.00000000 0.00000000
vn 1.00000000 -0.00000000 0.00000000
vn 0.00000000 -1.00000000 -0.00000000
vn 0.00000000 -1.00000000 -0.00000000
vn 1.00000000 -0.00000000 0.00000000
vn 1.00000000 -0.00000000 0.00000000
vn 0.00000000 -0.00000000 1.00000000
vn 0.00000000 -1.00000000 -0.00000000
vn 0.00000000 -0.00000000 1.00000000
vn 0.00000000 -0.00000000 1.00000000
vn 0.00000000 -0.00000000 1.00000000
vn 0.00000000 -1.00000000 -0.00000000
vn 0.00000000 -1.00000000 -0.00000000
vn -1.00000000 -0.00000000 -0.00000000
vn -1.00000000 -0.00000000 -0.00000000
vn 0.86600000 -0.00000000 0.50000000
vn 0.00000000 -1.00000000 -0.00000000
vn 0.00000000 -1.00000000 -0.00000000
vn 0.50000000 -0.00000000 0.86600000
vn 0.00000000 -1.00000000 -0.00000000
vn -0.50000000 -0.00000000 0.86600000
vn 0.00000000 -1.00000000 -0.00000000
vn -0.86600000 -0.00000000 0.50000000
vn -0.00000000 0.00010000 -1.00000000
vn -0.00000000 0.00010000 -1.00000000
vn 0.00000000 1.00000000 -0.00000000
vn 0.50000000 0.00000000 -0.86600000
vn 0.00000000 1.00000000 -0.00000000
vn 0.50000000 0.00000000 -0.86600000
vn 0.86600000 0.00000000 -0.50000000
vn 0.86600000 0.00000000 -0.50000000
vn 0.00000000 1.00000000 -0.00000000
vn 0.00000000 1.00000000 -0.00000000
vn 1.00000000 -0.00000000 0.00000000
vn 1.00000000 -0.00000000 0.00000000
vn -0.34690000 0.56930000 -0.74530000
vn -0.52030000 0.85400000 0.00000000
vn -0.52030000 0.85400000 0.00000000
vn 0.00000000 -0.00000000 1.00000000
vn -0.87760000 0.47940000 0.00000000
vn -0.58510000 0.31960000 -0.74540000
vn -0.87760000 0.47940000 0.00000000
vn -0.58510000 0.31960000 -0.74540000
vn -0.87760000 0.47940000 0.00000000
vn -0.87760000 0.47940000 0.00000000
vn 0.00000000 -0.00000000 1.00000000
vn -0.66650000 -0.01570000 -0.74530000
vn -0.99970000 -0.02360000 0.00000000
vn -0.99970000 -0.02360000 0.00000000
vn 0.00000000 -0.00000000 1.00000000
vn -0.56930000 -0.34690000 -0.74540000
vn -0.85400000 -0.52030000 0.00000000
vn 0.00000000 -0.00000000 1.00000000
vn -0.85400000 -0.52030000 0.00000000
vn -0.31960000 -0.58500000 -0.74540000
vn -0.47940000 -0.87760000 0.00000000
vn -0.47940000 -0.87760000 0.00000000
vn 0.00000000 -0.00000000 1.00000000
vn 0.02360000 -0.99970000 0.00000000
vn 0.01570000 -0.66650000 -0.74530000
vn 0.02360000 -0.99970000 0.00000000
vn 0.00000000 -0.00000000 1.00000000
vn 0.34690000 -0.56930000 -0.74540000
vn 0.52030000 -0.85400000 0.00000000
vn 0.52030000 -0.85400000 0.00000000
vn 0.00000000 -0.00000000 1.00000000
vn 0.87760000 -0.47940000 0.00000000
vn 0.58510000 -0.31960000 -0.74540000
vn 0.87760000 -0.47940000 0.00000000
vn 0.00000000 -0.00000000 1.00000000
vn 0.66650000 0.01570000 -0.74530000
vn 0.99970000 0.02360000 0.00000000
vn 0.00000000 -0.00000000 1.00000000
vn 0.99970000 0.02360000 0.00000000
vn 0.85400000 0.52030000 0.00000000
vn 0.56930000 0.34690000 -0.74540000
vn 0.00000000 -0.00000000 1.00000000
vn 0.85400000 0.52030000 0.00000000
vn 0.31960000 0.58500000 -0.74540000
vn 0.47940000 0.87760000 0.00000000
vn 0.47940000 0.87760000 0.00000000
vn 0.00000000 -0.00000000 1.00000000
vn -0.01570000 0.66650000 -0.74530000
vn -0.02360000 0.99970000 0.00000000
vn -0.02360000 0.99970000 0.00000000
vn 0.00000000 -0.00000000 1.00000000
vn -0.90400000 0.04630000 -0.42510000
vn -0.79430000 0.43400000 -0.42510000
vn -0.79430000 0.43400000 -0.42510000
vn -0.52740000 0.73560000 -0.42510000
vn -0.87700000 0.47910000 -0.03700000
vn -0.87700000 0.47910000 -0.03700000
vn -0.58230000 0.81220000 -0.03730000
vn -0.81980000 0.44790000 0.35680000
vn -0.81980000 0.44790000 0.35680000
vn -0.54430000 0.75920000 0.35680000
vn -0.63200000 0.34520000 0.69390000
vn -0.63200000 0.34520000 0.69390000
vn -0.41960000 0.58520000 0.69390000
vn -0.34330000 0.18760000 0.92030000
vn -0.34330000 0.18760000 0.92030000
vn -0.22800000 0.31800000 0.92030000
vn 0.00000000 -0.00000000 1.00000000
vn 0.00000000 -0.00000000 1.00000000
vn 0.00000000 -0.00000000 1.00000000
vn 0.00000000 -0.00000000 1.00000000
vn 0.00000000 -0.00000000 1.00000000
vn 0.00000000 -0.00000000 1.00000000
vn 0.00000000 -0.00000000 1.00000000
vn 0.00000000 -0.00000000 1.00000000
vn 0.00000000 -0.00000000 1.00000000
vn 0.00000000 -0.00000000 1.00000000
vn 0.00000000 -0.00000000 1.00000000
vn 0.00000000 -0.00000000 1.00000000
vn 0.00000000 -0.00000000 1.00000000
vn 0.00000000 -0.00000000 1.00000000
vn -0.83450000 -0.35050000 -0.42510000
vn -0.59980000 -0.67790000 -0.42510000
vn -0.24630000 -0.87100000 -0.42510000
vn 0.15600000 -0.89160000 -0.42510000
vn 0.52740000 -0.73560000 -0.42510000
vn 0.79430000 -0.43400000 -0.42510000
vn 0.90400000 -0.04630000 -0.42510000
vn 0.99800000 -0.05110000 -0.03680000
vn 0.92140000 0.38690000 -0.03700000
vn 0.86130000 0.36170000 0.35680000
vn 0.61910000 0.69960000 0.35680000
vn 0.47720000 0.53930000 0.69380000
vn 0.19600000 0.69290000 0.69380000
vn 0.10650000 0.37650000 0.92030000
vn -0.06740000 0.38540000 0.92030000
vn 0.83450000 0.35050000 -0.42510000
vn 0.66220000 0.74840000 -0.03710000
vn 0.25420000 0.89890000 0.35680000
vn -0.12410000 0.70930000 0.69380000
vn 0.59980000 0.67790000 -0.42510000
vn 0.27190000 0.96160000 -0.03710000
vn -0.16100000 0.92020000 0.35680000
vn 0.24630000 0.87100000 -0.42510000
vn -0.17220000 0.98440000 -0.03730000
vn -0.15600000 0.89160000 -0.42510000
vn 0.25930000 0.29300000 0.92030000
vn 0.36070000 0.15150000 0.92030000
vn 0.39070000 -0.02000000 0.92030000
vn 0.34330000 -0.18760000 0.92030000
vn 0.22800000 -0.31800000 0.92030000
vn 0.06740000 -0.38540000 0.92030000
vn -0.10650000 -0.37650000 0.92030000
vn -0.25930000 -0.29300000 0.92030000
vn -0.36070000 -0.15150000 0.92030000
vn -0.39070000 0.02000000 0.92030000
vn -0.99800000 0.05110000 -0.03690000
vn -0.92140000 -0.38690000 -0.03700000
vn -0.66220000 -0.74840000 -0.03730000
vn -0.27190000 -0.96160000 -0.03710000
vn 0.17220000 -0.98440000 -0.03720000
vn 0.58230000 -0.81220000 -0.03720000
vn 0.87700000 -0.47910000 -0.03700000
vn -0.93290000 0.04780000 0.35680000
vn -0.86130000 -0.36170000 0.35680000
vn -0.61910000 -0.69960000 0.35680000
vn -0.25420000 -0.89890000 0.35680000
vn 0.16100000 -0.92020000 0.35680000
vn 0.54430000 -0.75920000 0.35680000
vn 0.81980000 -0.44790000 0.35680000
vn 0.93290000 -0.04780000 0.35680000
vn -0.71920000 0.03690000 0.69380000
vn -0.66390000 -0.27880000 0.69380000
vn -0.47720000 -0.53930000 0.69380000
vn -0.19600000 -0.69290000 0.69380000
vn 0.12410000 -0.70930000 0.69380000
vn 0.41960000 -0.58530000 0.69380000
vn 0.63200000 -0.34520000 0.69380000
vn 0.71920000 -0.03690000 0.69380000
vn 0.66390000 0.27880000 0.69380000
vn 0.00000000 0.99450000 -0.10470000
vn 0.00000000 0.99450000 -0.10470000
vn 0.00000000 0.00000000 -1.00000000
vn 0.00000000 0.00000000 -1.00000000
vn 0.00000000 0.99450000 -0.10470000
vn 0.99450000 0.00000000 -0.10470000
vn 0.00000000 0.99450000 -0.10470000
vn -0.55890000 0.82180000 -0.11070000
vn 0.00000000 -0.00000000 1.00000000
vn 0.00000000 0.99450000 -0.10470000
vn 0.99450000 0.00000000 -0.10470000
vn 0.00000000 -0.00000000 1.00000000
vn -0.99910000 0.00000000 -0.04330000
vn 0.00000000 0.99450000 -0.10470000
vn 0.00000000 -0.99450000 -0.10470000
vn 0.00000000 0.00000000 -1.00000000
vn 0.99450000 0.00000000 -0.10470000
vn 0.99450000 0.00000000 -0.10470000
vn 0.00000000 -0.99450000 -0.10470000
vn 0.00000000 -0.00000000 1.00000000
vn 0.00000000 0.00000000 -1.00000000
vn -0.99450000 0.00000000 -0.10470000
vn 0.00000000 -0.99450000 -0.10470000
vn -0.99450000 0.00000000 -0.10470000
vn 0.00000000 -0.99450000 -0.10470000
vn 0.00000000 -0.00000000 1.00000000
vn -0.99450000 0.00000000 -0.10470000
vn 0.00000000 0.00000000 -1.00000000
vn -0.00000000 0.98930000 -0.14580000
vn -0.99450000 0.00000000 -0.10470000
vn -0.55330000 0.81370000 -0.17820000
vn -0.88670000 0.43470000 -0.15740000
vn -0.99450000 0.00000000 -0.10470000
vn -0.99450000 0.00000000 -0.10470000
vn -0.99450000 0.00000000 -0.10470000
vn 0.00000000 -0.00000000 1.00000000
vn -0.21900000 0.96590000 -0.13820000
vn -0.55640000 0.81820000 -0.14470000
vn -0.89130000 0.43690000 -0.12130000
vn 0.99720000 -0.00000000 -0.07480000
vn -0.00000000 -0.99720000 -0.07480000
vn 0.00000000 -0.00000000 1.00000000
vn -0.00000000 -0.99720000 -0.07480000
vn 0.00000000 -0.00000000 1.00000000
vn -0.99720000 -0.00000000 -0.07480000
vn 0.00000000 0.99720000 -0.07480000
vn 0.99720000 -0.00000000 -0.07480000
vn 0.00000000 -0.00000000 1.00000000
vn 0.00000000 0.99720000 -0.07480000
vn 0.00000000 -0.00000000 1.00000000
vn 0.00000000 0.99720000 -0.07480000
vn -0.00000000 0.99370000 -0.11180000
vn -0.99720000 -0.00000000 -0.07480000
vn 0.00000000 -0.00000000 1.00000000
vn 0.00000000 0.00000000 -1.00000000
vn 0.00000000 0.00000000 -1.00000000
vn 0.00000000 0.00000000 -1.00000000
vn 0.00000000 0.00000000 -1.00000000
vn 0.00000000 0.00000000 -1.00000000
vn 0.00000000 0.00000000 -1.00000000
vn 0.00000000 0.00000000 -1.00000000
vn 0.00000000 0.00000000 -1.00000000
vn 0.00000000 0.00000000 -1.00000000
vn 0.00000000 0.00000000 -1.00000000
vn 0.00000000 0.00000000 -1.00000000
vn 0.00000000 0.00000000 -1.00000000
vn -0.97810000 0.18540000 -0.09420000
vn -0.99720000 -0.00000000 -0.07480000
vn -0.99720000 -0.00000000 -0.07480000
vn -0.98150000 0.16930000 -0.08910000
vn -0.98910000 0.00000000 -0.14750000
vn -0.00000000 -0.99720000 -0.07480000
vn -0.99720000 -0.00000000 -0.07480000
vn -0.00000000 -0.99720000 -0.07480000
vn -0.99720000 -0.00000000 -0.07480000
vn -0.98470000 0.15560000 -0.07800000
vn -0.97760000 -0.00000000 -0.21040000
vn -0.90100000 -0.00000000 -0.43390000
vn -0.00000000 -0.90100000 -0.43390000
vn -0.00000000 0.95310000 -0.30270000
vn -0.95310000 -0.00000000 -0.30280000
vn -0.98960000 0.13600000 -0.04660000
vn 0.00000000 0.81190000 -0.58380000
vn -0.81190000 0.00000000 -0.58380000
vn -0.68010000 -0.00000000 -0.73310000
vn -0.00000000 -0.68010000 -0.73310000
vn 0.00000000 0.59040000 -0.80710000
vn -0.59040000 -0.00000000 -0.80710000
vn -0.00000000 -0.36530000 -0.93090000
vn -0.36530000 0.00000000 -0.93090000
vn -0.98150000 0.18610000 -0.04430000
vn 0.00000000 0.99720000 -0.07480000
vn 0.00000000 0.99720000 -0.07480000
vn 0.99720000 -0.00000000 -0.07480000
vn 0.99720000 -0.00000000 -0.07480000
vn 0.00000000 0.99720000 -0.07480000
vn 0.00000000 0.99720000 -0.07480000
vn -0.00000000 0.90100000 -0.43390000
vn 0.90100000 -0.00000000 -0.43390000
vn 0.00000000 0.68010000 -0.73310000
vn 0.68010000 0.00000000 -0.73310000
vn -0.00000000 0.36530000 -0.93090000
vn 0.36530000 -0.00000000 -0.93090000
vn 0.99720000 -0.00000000 -0.07480000
vn 0.99720000 -0.00000000 -0.07480000
vn -0.00000000 -0.99720000 -0.07480000
vn -0.00000000 -0.99720000 -0.07480000
vn -0.00000000 -0.90100000 -0.43390000
vn 0.90100000 -0.00000000 -0.43390000
vn 0.68010000 0.00000000 -0.73310000
vn -0.00000000 -0.68010000 -0.73310000
vn 0.36530000 -0.00000000 -0.93090000
vn -0.00000000 -0.36530000 -0.93090000
vn -0.99720000 -0.00000000 -0.07480000
vn -0.53580000 0.83360000 -0.13400000
vn 0.00000000 0.99720000 -0.07480000
vn -0.53900000 0.83850000 -0.07950000
vn -0.88740000 0.45230000 -0.08940000
vn -0.64410000 0.75770000 -0.10510000
vn -0.27110000 0.95690000 -0.10400000
vn 0.00000000 1.00000000 -0.00000000
vn -1.00000000 -0.00000000 -0.00000000
vn -1.00000000 -0.00000000 -0.00000000
vn -0.86600000 0.00000000 -0.50000000
vn -0.86600000 0.00000000 -0.50000000
vn 0.00000000 1.00000000 -0.00000000
vn -0.50000000 0.00000000 -0.86600000
vn 0.00000000 1.00000000 -0.00000000
vn -0.50000000 0.00000000 -0.86600000
vn 0.00000000 0.00000000 -1.00000000
vn 0.00000000 0.00000000 -1.00000000
vn 0.00000000 1.00000000 -0.00000000
vn 0.00000000 1.00000000 -0.00000000
vn 0.00000000 -0.00000000 1.00000000
vn 0.00000000 -0.00000000 1.00000000
vn 0.00000000 1.00000000 -0.00000000
vn 0.00000000 -0.00000000 1.00000000
vn 0.00000000 -0.00000000 1.00000000
vn -0.50000000 -0.00000000 0.86600000
vn -0.50000000 -0.00000000 0.86600000
vn 0.00000000 1.00000000 -0.00000000
vn -0.86600000 -0.00000000 0.50000000
vn -0.86600000 -0.00000000 0.50000000
vn 0.00000000 1.00000000 -0.00000000
vn -1.00000000 -0.00000000 -0.00000000
vn -1.00000000 -0.00000000 -0.00000000
vn 0.00000000 1.00000000 -0.00000000
vn 1.00000000 -0.00010000 -0.00000000
vn 1.00000000 -0.00010000 -0.00000000
vn 0.00000000 1.00000000 -0.00000000
vn 0.86600000 -0.00000000 0.50000000
vn 0.86600000 -0.00000000 0.50000000
vn 0.00000000 1.00000000 -0.00000000
vn 0.50000000 -0.00000000 0.86600000
vn 0.50000000 -0.00000000 0.86600000
vn 0.00000000 1.00000000 -0.00000000
vn 0.00000000 -1.00000000 -0.00000000
vn 1.00000000 -0.00000000 0.00000000
vn 1.00000000 -0.00000000 0.00000000
vn -0.00000000 -0.86600000 0.50000000
vn -0.00000000 -0.50000000 0.86600000
vn 1.00000000 -0.00000000 0.00000000
vn 1.00000000 -0.00000000 0.00000000
vn 0.00000000 0.00000000 -1.00000000
vn -0.00000000 -0.50000000 -0.86600000
vn 1.00000000 -0.00000000 0.00000000
vn -0.00000000 -0.86600000 -0.50000000
vn 1.00000000 -0.00000000 0.00000000
vn 0.00000000 1.00000000 -0.00000000
vn 1.00000000 -0.00000000 0.00000000
vn 0.00000000 1.00000000 -0.00000000
vn -0.00000000 0.86600000 -0.50000000
vn 1.00000000 -0.00000000 0.00000000
vn 1.00000000 -0.00000000 0.00000000
vn -0.00000000 0.50000000 -0.86600000
vn 0.00000000 -0.00000000 1.00000000
vn 1.00000000 -0.00000000 0.00000000
vn -0.00000000 0.50000000 0.86600000
vn 1.00000000 -0.00000000 0.00000000
vn -0.00000000 0.86600000 0.50000000
vn 1.00000000 -0.00000000 0.00000000
vn 1.00000000 -0.00000000 0.00000000
vn -0.00000000 -0.86600000 -0.50000000
vn 0.00000000 -1.00000000 -0.00000000
vn 1.00000000 -0.00000000 0.00000000
vn -0.00000000 -0.50000000 -0.86600000
vn 1.00000000 -0.00000000 0.00000000
vn 0.00000000 0.00000000 -1.00000000
vn 1.00000000 -0.00000000 0.00000000
vn -0.00000000 0.50000000 -0.86600000
vn 1.00000000 -0.00000000 0.00000000
vn -0.00000000 0.86600000 -0.50000000
vn 1.00000000 -0.00000000 0.00000000
vn 1.00000000 -0.00000000 0.00000000
vn 0.00000000 1.00000000 -0.00000000
vn 0.00000000 1.00000000 -0.00000000
vn -0.00000000 0.86600000 0.50000000
vn 1.00000000 -0.00000000 0.00000000
vn 1.00000000 -0.00000000 0.00000000
vn -0.00000000 0.50000000 0.86600000
vn 1.00000000 -0.00000000 0.00000000
vn 0.00000000 -0.00000000 1.00000000
vn -0.00000000 -0.50000000 0.86600000
vn 1.00000000 -0.00000000 0.00000000
vn 1.00000000 -0.00000000 0.00000000
vn -0.00000000 -0.86600000 0.50000000
vn 1.00000000 -0.00000000 0.00000000
vn -0.00000000 0.86600000 -0.50000000
vn 0.00000000 1.00000000 -0.00000000
vn 1.00000000 -0.00000000 0.00000000
vn 0.00000000 1.00000000 -0.00000000
vn -0.00000000 0.86600000 0.50000000
vn 1.00000000 -0.00000000 0.00000000
vn -0.00000000 0.50000000 0.86600000
vn 1.00000000 -0.00000000 0.00000000
vn 1.00000000 -0.00000000 0.00000000
vn 0.00000000 -0.00000000 1.00000000
vn 1.00000000 -0.00000000 0.00000000
vn -0.00000000 -0.50000000 0.86600000
vn 1.00000000 -0.00000000 0.00000000
vn -0.00000000 -0.86600000 0.50000000
vn 1.00000000 -0.00000000 0.00000000
vn 0.00000000 -1.00000000 -0.00000000
vn 1.00000000 -0.00000000 0.00000000
vn -0.00000000 -0.86600000 -0.50000000
vn 1.00000000 -0.00000000 0.00000000
vn -0.00000000 -0.50000000 -0.86600000
vn 1.00000000 -0.00000000 0.00000000
vn 0.00000000 0.00000000 -1.00000000
vn 1.00000000 -0.00000000 0.00000000
vn -0.00000000 0.50000000 -0.86600000
vn -1.00000000 -0.00000000 -0.00000000
vn -0.00000000 -0.86600000 0.50000000
vn -1.00000000 -0.00000000 -0.00000000
vn 0.00000000 -1.00000000 -0.00000000
vn -0.00000000 -0.50000000 0.86600000
vn -1.00000000 -0.00000000 -0.00000000
vn 0.00000000 -0.00000000 1.00000000
vn -1.00000000 -0.00000000 -0.00000000
vn -1.00000000 -0.00000000 -0.00000000
vn -0.00000000 0.50000000 0.86600000
vn -0.00000000 0.86600000 0.50000000
vn -1.00000000 -0.00000000 -0.00000000
vn 0.00000000 1.00000000 -0.00000000
vn -1.00000000 -0.00000000 -0.00000000
vn 0.00000000 1.00000000 -0.00000000
vn -1.00000000 -0.00000000 -0.00000000
vn -0.00000000 0.86600000 -0.50000000
vn -0.00000000 0.50000000 -0.86600000
vn -1.00000000 -0.00000000 -0.00000000
vn 0.00000000 0.00000000 -1.00000000
vn -1.00000000 -0.00000000 -0.00000000
vn -1.00000000 -0.00000000 -0.00000000
vn -0.00000000 -0.50000000 -0.86600000
vn -0.00000000 -0.86600000 -0.50000000
vn -1.00000000 -0.00000000 -0.00000000
vn 0.00000000 1.00000000 -0.00000000
vn -1.00000000 -0.00000000 -0.00000000
vn 0.00000000 1.00000000 -0.00000000
vn -1.00000000 -0.00000000 -0.00000000
vn -0.00000000 0.86600000 0.50000000
vn -1.00000000 -0.00000000 -0.00000000
vn -0.00000000 0.50000000 0.86600000
vn 0.00000000 0.00000000 -1.00000000
vn -1.00000000 -0.00000000 -0.00000000
vn -1.00000000 -0.00000000 -0.00000000
vn -0.00000000 0.50000000 -0.86600000
vn -1.00000000 -0.00000000 -0.00000000
vn -0.00000000 0.86600000 -0.50000000
vn -1.00000000 -0.00000000 -0.00000000
vn 0.00000000 -1.00000000 -0.00000000
vn -0.00000000 -0.86600000 -0.50000000
vn -1.00000000 -0.00000000 -0.00000000
vn -1.00000000 -0.00000000 -0.00000000
vn -0.00000000 -0.50000000 -0.86600000
vn -1.00000000 -0.00000000 -0.00000000
vn 0.00000000 -0.00000000 1.00000000
vn -0.00000000 -0.50000000 0.86600000
vn -1.00000000 -0.00000000 -0.00000000
vn -0.00000000 -0.86600000 0.50000000
vn -1.00000000 -0.00000000 -0.00000000
vn -0.00000000 -0.86600000 -0.50000000
vn -1.00000000 -0.00000000 -0.00000000
vn 0.00000000 -1.00000000 -0.00000000
vn -1.00000000 -0.00000000 -0.00000000
vn -0.00000000 -0.86600000 0.50000000
vn -1.00000000 -0.00000000 -0.00000000
vn -0.00000000 -0.50000000 0.86600000
vn -1.00000000 -0.00000000 -0.00000000
vn -1.00000000 -0.00000000 -0.00000000
vn 0.00000000 -0.00000000 1.00000000
vn -1.00000000 -0.00000000 -0.00000000
vn -0.00000000 0.50000000 0.86600000
vn -1.00000000 -0.00000000 -0.00000000
vn -0.00000000 0.86600000 0.50000000
vn -1.00000000 -0.00000000 -0.00000000
vn 0.00000000 1.00000000 -0.00000000
vn 0.00000000 1.00000000 -0.00000000
vn -0.00000000 0.86600000 -0.50000000
vn -1.00000000 -0.00000000 -0.00000000
vn -1.00000000 -0.00000000 -0.00000000
vn -0.00000000 0.50000000 -0.86600000
vn 0.00000000 0.00000000 -1.00000000
vn -1.00000000 -0.00000000 -0.00000000
vn -0.00000000 -0.50000000 -0.86600000
vn -1.00000000 -0.00000000 -0.00000000
vn -0.00000000 0.86600000 0.50000000
vn 1.00000000 -0.00000000 0.00000000
vn 1.00000000 -0.00000000 0.00000000
vn -0.00000000 0.86600000 0.50000000
vn 1.00000000 -0.00000000 0.00000000
vn 0.00000000 1.00000000 -0.00000000
vn 1.00000000 -0.00000000 0.00000000
vn 0.00000000 1.00000000 -0.00000000
vn -0.00000000 0.86600000 -0.50000000
vn 1.00000000 -0.00000000 0.00000000
vn 1.00000000 -0.00000000 0.00000000
vn -0.00000000 0.86600000 -0.50000000
vn 1.00000000 -0.00000000 0.00000000
vn -0.00000000 0.50000000 -0.86600000
vn -0.00000000 0.50000000 0.86600000
vn 1.00000000 -0.00000000 0.00000000
vn 1.00000000 -0.00000000 0.00000000
vn -0.00000000 0.50000000 0.86600000
vn 0.00000000 -0.00000000 1.00000000
vn 1.00000000 -0.00000000 0.00000000
vn 0.00000000 -0.00000000 1.00000000
vn 1.00000000 -0.00000000 0.00000000
vn 1.00000000 -0.00000000 0.00000000
vn -0.00000000 -0.50000000 0.86600000
vn -0.00000000 -0.50000000 0.86600000
vn 1.00000000 -0.00000000 0.00000000
vn -0.00000000 -0.86600000 0.50000000
vn 1.00000000 -0.00000000 0.00000000
vn -0.00000000 -0.86600000 0.50000000
vn 1.00000000 -0.00000000 0.00000000
vn 0.00000000 -1.00000000 -0.00000000
vn 0.00000000 -1.00000000 -0.00000000
vn 1.00000000 -0.00000000 0.00000000
vn 0.00000000 -1.00000000 -0.00000000
vn 1.00000000 -0.00000000 0.00000000
vn 0.00000000 -1.00000000 -0.00000000
vn 1.00000000 -0.00000000 0.00000000
vn -0.00000000 -0.86600000 -0.50000000
vn -0.00000000 -0.86600000 -0.50000000
vn 1.00000000 -0.00000000 0.00000000
vn 1.00000000 -0.00000000 0.00000000
vn -0.00000000 -0.50000000 -0.86600000
vn 1.00000000 -0.00000000 0.00000000
vn -0.00000000 -0.50000000 -0.86600000
vn 1.00000000 -0.00000000 0.00000000
vn 0.00000000 0.00000000 -1.00000000
vn 1.00000000 -0.00000000 0.00000000
vn 0.00000000 0.00000000 -1.00000000
vn -0.00000000 0.50000000 -0.86600000
vn 1.00000000 -0.00000000 0.00000000
vn -0.00000000 -0.86600000 0.50000000
vn -1.00000000 -0.00000000 -0.00000000
vn -1.00000000 -0.00000000 -0.00000000
vn -0.00000000 -0.86600000 0.50000000
vn 0.00000000 -1.00000000 -0.00000000
vn 0.00000000 -1.00000000 -0.00000000
vn -1.00000000 -0.00000000 -0.00000000
vn -1.00000000 -0.00000000 -0.00000000
vn 0.00000000 -1.00000000 -0.00000000
vn 0.00000000 -1.00000000 -0.00000000
vn -0.00000000 -0.86600000 -0.50000000
vn -1.00000000 -0.00000000 -0.00000000
vn -1.00000000 -0.00000000 -0.00000000
vn -0.00000000 -0.86600000 -0.50000000
vn -0.00000000 -0.50000000 -0.86600000
vn -1.00000000 -0.00000000 -0.00000000
vn -0.00000000 -0.50000000 0.86600000
vn -1.00000000 -0.00000000 -0.00000000
vn -0.00000000 -0.50000000 0.86600000
vn -1.00000000 -0.00000000 -0.00000000
vn -1.00000000 -0.00000000 -0.00000000
vn 0.00000000 -0.00000000 1.00000000
vn 0.00000000 -0.00000000 1.00000000
vn -1.00000000 -0.00000000 -0.00000000
vn -0.00000000 0.50000000 0.86600000
vn -1.00000000 -0.00000000 -0.00000000
vn -1.00000000 -0.00000000 -0.00000000
vn -0.00000000 0.50000000 0.86600000
vn -0.00000000 0.86600000 0.50000000
vn -1.00000000 -0.00000000 -0.00000000
vn -0.00000000 0.86600000 0.50000000
vn -1.00000000 -0.00000000 -0.00000000
vn -1.00000000 -0.00000000 -0.00000000
vn 0.00000000 1.00000000 -0.00000000
vn -1.00000000 -0.00000000 -0.00000000
vn 0.00000000 1.00000000 -0.00000000
vn -1.00000000 -0.00000000 -0.00000000
vn -0.00000000 0.86600000 -0.50000000
vn -0.00000000 0.86600000 -0.50000000
vn -1.00000000 -0.00000000 -0.00000000
vn -0.00000000 0.50000000 -0.86600000
vn -1.00000000 -0.00000000 -0.00000000
vn -0.00000000 0.50000000 -0.86600000
vn -1.00000000 -0.00000000 -0.00000000
vn 0.00000000 0.00000000 -1.00000000
vn -1.00000000 -0.00000000 -0.00000000
vn 0.00000000 0.00000000 -1.00000000
vn -1.00000000 -0.00000000 -0.00000000
vn -0.00000000 -0.50000000 -0.86600000
vn -1.00000000 -0.00000000 -0.00000000
vn 1.00000000 -0.00000000 0.00000000
vn 0.00000000 1.00000000 -0.00000000
vn -0.00000000 -0.20000000 -0.97980000
vn 0.00000000 1.00000000 -0.00000000
vn -0.00000000 -0.20000000 -0.97980000
vn -0.00000000 -0.20000000 -0.97980000
vn -0.00000000 -0.61140000 -0.79130000
vn -0.00000000 -0.61140000 -0.79130000
vn -0.00000000 -0.89760000 -0.44080000
vn -0.00000000 -0.89760000 -0.44080000
vn 0.00000000 -1.00000000 -0.00000000
vn 0.00000000 -1.00000000 -0.00000000
vn 0.00000000 -1.00000000 -0.00000000
vn -0.00000000 -0.89760000 0.44080000
vn -0.00000000 -0.89760000 0.44080000
vn 0.00000000 -0.61140000 0.79130000
vn 0.00000000 -0.61140000 0.79130000
vn 1.00000000 -0.00000000 0.00000000
vn 0.00000000 1.00000000 -0.00000000
vn -0.00000000 -0.20000000 0.97980000
vn -0.00000000 -0.06710000 0.99770000
vn 1.00000000 -0.00000000 0.00000000
vn 1.00000000 -0.00000000 0.00000000
vn -0.00000000 0.06710000 0.99770000
vn 0.00000000 1.00000000 -0.00000000
vn -0.00000000 -0.20000000 0.97980000
vn -0.00000000 -0.20000000 0.97980000
vn 1.00000000 -0.00000000 0.00000000
vn 0.00000000 -1.00000000 -0.00000000
vn -0.00000000 0.20000000 0.97980000
vn 0.00000000 -1.00000000 -0.00000000
vn -0.00000000 0.20000000 0.97980000
vn -0.00000000 0.20000000 0.97980000
vn -0.00000000 0.61140000 0.79130000
vn -0.00000000 0.61140000 0.79130000
vn -0.00000000 0.89760000 0.44080000
vn -0.00000000 0.89760000 0.44080000
vn 0.00000000 1.00000000 -0.00000000
vn 0.00000000 1.00000000 -0.00000000
vn 0.00000000 0.89760000 -0.44080000
vn 0.00000000 0.89760000 -0.44080000
vn 0.00000000 0.61140000 -0.79130000
vn 0.00000000 0.61140000 -0.79130000
vn 1.00000000 -0.00000000 0.00000000
vn 0.00000000 0.20000000 -0.97980000
vn 0.00000000 -1.00000000 -0.00000000
vn 1.00000000 -0.00000000 0.00000000
vn 0.00000000 0.06710000 -0.99770000
vn -0.00000000 -0.06710000 -0.99770000
vn 1.00000000 -0.00000000 0.00000000
vn 0.00000000 0.20000000 -0.97980000
vn 0.00000000 0.20000000 -0.97980000
vn 0.00000000 -1.00000000 -0.00000000
vn 0.38750000 -0.18860000 0.90240000
vn 0.00000000 1.00000000 -0.00000000
vn 0.50000000 -0.52950000 0.68530000
vn 0.71280000 -0.15340000 0.68440000
vn 0.00000000 1.00000000 -0.00000000
vn 0.86600000 -0.30570000 0.39570000
vn 0.00000000 1.00000000 -0.00000000
vn 0.92640000 -0.09160000 0.36530000
vn 0.00000000 1.00000000 -0.00000000
vn 1.00000000 -0.00000000 0.00000000
vn 1.00000000 -0.00000000 0.00000000
vn 1.00000000 -0.00000000 0.00000000
vn 1.00000000 -0.00000000 0.00000000
vn 0.86600000 -0.44880000 0.22040000
vn 1.00000000 -0.00000000 0.00000000
vn 1.00000000 -0.00000000 0.00000000
vn 0.86600000 -0.50000000 0.00000000
vn 1.00000000 -0.00000000 0.00000000
vn 1.00000000 -0.00000000 0.00000000
vn 0.86600000 -0.44880000 -0.22040000
vn 1.00000000 -0.00000000 0.00000000
vn 1.00000000 -0.00000000 0.00000000
vn 0.86600000 -0.30570000 -0.39570000
vn 1.00000000 -0.00000000 0.00000000
vn 1.00000000 -0.00000000 0.00000000
vn 0.00000000 1.00000000 -0.00000000
vn 0.00000000 1.00000000 -0.00000000
vn 0.92660000 -0.09150000 -0.36480000
vn 0.00000000 1.00000000 -0.00000000
vn 0.71280000 -0.15340000 -0.68440000
vn 0.50000000 -0.52950000 -0.68530000
vn 0.00000000 1.00000000 -0.00000000
vn 0.38740000 -0.18860000 -0.90240000
vn 0.50000000 -0.77730000 0.38170000
vn 0.50000000 -0.86600000 0.00000000
vn 0.50000000 -0.77730000 -0.38170000
vn 0.00000000 -1.00000000 -0.00000000
vn 0.38740000 0.18860000 -0.90240000
vn 0.38740000 0.18860000 0.90240000
vn 0.00000000 -1.00000000 -0.00000000
vn 0.00000000 -1.00000000 -0.00000000
vn 0.71280000 0.15340000 -0.68440000
vn 1.00000000 -0.00000000 0.00000000
vn 0.00000000 -1.00000000 -0.00000000
vn 1.00000000 -0.00000000 0.00000000
vn 0.71280000 0.15340000 0.68440000
vn 0.00000000 -1.00000000 -0.00000000
vn 0.92660000 0.09150000 -0.36480000
vn 0.00000000 -1.00000000 -0.00000000
vn 1.00000000 -0.00000000 0.00000000
vn 0.00000000 -1.00000000 -0.00000000
vn 1.00000000 -0.00000000 0.00000000
vn 0.92660000 0.09150000 0.36480000
vn 0.00000000 -1.00000000 -0.00000000
vn 0.86600000 0.30570000 0.39570000
vn 1.00000000 -0.00000000 0.00000000
vn 1.00000000 -0.00000000 0.00000000
vn 0.86600000 0.44880000 0.22040000
vn 1.00000000 -0.00000000 0.00000000
vn 1.00000000 -0.00000000 0.00000000
vn 0.86600000 0.50000000 0.00000000
vn 1.00000000 -0.00000000 0.00000000
vn 1.00000000 -0.00000000 0.00000000
vn 0.86600000 0.44880000 -0.22040000
vn 1.00000000 -0.00000000 0.00000000
vn 1.00000000 -0.00000000 0.00000000
vn 0.86600000 0.30570000 -0.39560000
vn 0.50000000 0.52950000 -0.68530000
vn 0.50000000 0.77730000 -0.38170000
vn 0.50000000 0.86600000 0.00000000
vn 0.50000000 0.77740000 0.38170000
vn 0.50000000 0.52950000 0.68530000
vn 0.00000000 1.00000000 -0.00000000
vn -1.00000000 -0.00000000 -0.00000000
vn -0.00000000 -0.20000000 0.97980000
vn -0.00000000 -0.06710000 0.99770000
vn -1.00000000 -0.00000000 -0.00000000
vn -0.00000000 -0.20000000 -0.97980000
vn -1.00000000 -0.00000000 -0.00000000
vn 0.00000000 1.00000000 -0.00000000
vn -0.00000000 -0.06710000 -0.99770000
vn -1.00000000 -0.00000000 -0.00000000
vn -0.00000000 0.06710000 0.99770000
vn -1.00000000 -0.00000000 -0.00000000
vn -1.00000000 -0.00000000 -0.00000000
vn 0.00000000 0.06710000 -0.99770000
vn -1.00000000 -0.00000000 -0.00000000
vn 0.00000000 0.20000000 -0.97980000
vn 0.00000000 -1.00000000 -0.00000000
vn 0.00000000 -1.00000000 -0.00000000
vn -0.00000000 0.20000000 0.97980000
vn -1.00000000 -0.00000000 -0.00000000
vn 0.00000000 1.00000000 -0.00000000
vn -1.00000000 -0.00000000 -0.00000000
vn -1.00000000 -0.00000000 -0.00000000
vn -1.00000000 -0.00000000 -0.00000000
vn 0.00000000 1.00000000 -0.00000000
vn -1.00000000 -0.00000000 -0.00000000
vn -1.00000000 -0.00000000 -0.00000000
vn -1.00000000 -0.00000000 -0.00000000
vn -1.00000000 -0.00000000 -0.00000000
vn -1.00000000 -0.00000000 -0.00000000
vn -1.00000000 -0.00000000 -0.00000000
vn -1.00000000 -0.00000000 -0.00000000
vn -1.00000000 -0.00000000 -0.00000000
vn -1.00000000 -0.00000000 -0.00000000
vn 0.00000000 1.00000000 -0.00000000
vn -0.92660000 -0.09150000 -0.36480000
vn 0.00000000 1.00000000 -0.00000000
vn -0.71280000 -0.15340000 -0.68440000
vn 0.00000000 1.00000000 -0.00000000
vn -0.38740000 -0.18860000 -0.90240000
vn -0.71280000 -0.15340000 0.68440000
vn 0.00000000 1.00000000 -0.00000000
vn 0.00000000 1.00000000 -0.00000000
vn -0.38740000 -0.18870000 0.90240000
vn 0.00000000 1.00000000 -0.00000000
vn -0.92660000 -0.09150000 0.36480000
vn -0.00000000 -0.20000000 -0.97980000
vn -0.00000000 -0.20000000 -0.97980000
vn 0.00000000 1.00000000 -0.00000000
vn -0.00000000 -0.20000000 0.97980000
vn 0.00000000 1.00000000 -0.00000000
vn -0.00000000 -0.20000000 0.97980000
vn -0.00000000 -0.61140000 -0.79130000
vn -0.00000000 -0.61140000 -0.79130000
vn -0.50000000 -0.52950000 -0.68530000
vn -0.86600000 -0.30570000 -0.39570000
vn -0.86600000 -0.44880000 -0.22040000
vn -0.86600000 -0.50000000 -0.00000000
vn -0.86600000 -0.44880000 0.22040000
vn -0.86600000 -0.30570000 0.39570000
vn -0.50000000 -0.52950000 0.68530000
vn 0.00000000 -0.61140000 0.79130000
vn 0.00000000 -0.61140000 0.79130000
vn -0.00000000 -0.89760000 0.44080000
vn -0.00000000 -0.89760000 0.44080000
vn -0.50000000 -0.77730000 0.38170000
vn 0.00000000 -1.00000000 -0.00000000
vn 0.00000000 -1.00000000 -0.00000000
vn 0.00000000 -1.00000000 -0.00000000
vn -0.50000000 -0.86600000 -0.00000000
vn -0.00000000 -0.89760000 -0.44080000
vn -0.00000000 -0.89760000 -0.44080000
vn -0.50000000 -0.77730000 -0.38170000
vn -1.00000000 -0.00000000 -0.00000000
vn 0.00000000 -1.00000000 -0.00000000
vn -1.00000000 -0.00000000 -0.00000000
vn -1.00000000 -0.00000000 -0.00000000
vn -1.00000000 -0.00000000 -0.00000000
vn -1.00000000 -0.00000000 -0.00000000
vn 0.00000000 -1.00000000 -0.00000000
vn -1.00000000 -0.00000000 -0.00000000
vn -1.00000000 -0.00000000 -0.00000000
vn -1.00000000 -0.00000000 -0.00000000
vn -1.00000000 -0.00000000 -0.00000000
vn -1.00000000 -0.00000000 -0.00000000
vn -1.00000000 -0.00000000 -0.00000000
vn -1.00000000 -0.00000000 -0.00000000
vn -0.92660000 0.09150000 0.36480000
vn 0.00000000 -1.00000000 -0.00000000
vn 0.00000000 -1.00000000 -0.00000000
vn -0.71280000 0.15340000 0.68440000
vn -0.38740000 0.18860000 0.90240000
vn 0.00000000 -1.00000000 -0.00000000
vn -0.71280000 0.15340000 -0.68440000
vn 0.00000000 -1.00000000 -0.00000000
vn 0.00000000 -1.00000000 -0.00000000
vn -0.38740000 0.18860000 -0.90240000
vn -0.92660000 0.09150000 -0.36480000
vn 0.00000000 -1.00000000 -0.00000000
vn 0.00000000 -1.00000000 -0.00000000
vn -0.00000000 0.20000000 0.97980000
vn -0.00000000 0.20000000 0.97980000
vn 0.00000000 0.20000000 -0.97980000
vn 0.00000000 0.20000000 -0.97980000
vn 0.00000000 -1.00000000 -0.00000000
vn 0.00000000 0.61140000 -0.79130000
vn 0.00000000 0.61140000 -0.79130000
vn 0.00000000 0.89760000 -0.44080000
vn 0.00000000 0.89760000 -0.44080000
vn 0.00000000 1.00000000 -0.00000000
vn 0.00000000 1.00000000 -0.00000000
vn -0.00000000 0.89760000 0.44080000
vn -0.00000000 0.89760000 0.44080000
vn -0.00000000 0.61140000 0.79130000
vn -0.00000000 0.61140000 0.79130000
vn -0.50000000 0.52950000 0.68530000
vn -0.86600000 0.30570000 0.39570000
vn -0.86600000 0.44880000 0.22040000
vn -0.86600000 0.50000000 -0.00000000
vn -0.86600000 0.44880000 -0.22040000
vn -0.86600000 0.30570000 -0.39570000
vn -0.50000000 0.52950000 -0.68530000
vn -0.50000000 0.77730000 -0.38170000
vn -0.50000000 0.86600000 -0.00000000
vn -0.50000000 0.77730000 0.38170000
vn -0.99540000 0.00000000 0.09590000
vn 0.00000000 -0.92360000 0.38340000
vn -1.00000000 -0.00000000 -0.00000000
vn -1.00000000 -0.00000000 -0.00000000
vn 0.00000000 -1.00000000 -0.00000000
vn 0.00000000 1.00000000 -0.00000000
vn -1.00000000 -0.00000000 -0.00000000
vn -1.00000000 -0.00000000 -0.00000000
vn -0.00000000 -0.92360000 -0.38340000
vn -0.99540000 -0.00000000 -0.09580000
vn -0.98420000 -0.00000000 -0.17680000
vn -0.00000000 -0.70710000 -0.70710000
vn -0.97300000 -0.00000000 -0.23090000
vn 0.00000000 -0.38340000 -0.92360000
vn -0.86600000 0.00000000 -0.50000000
vn 0.00000000 1.00000000 -0.00000000
vn 0.00000000 0.00000000 -1.00000000
vn -0.96820000 0.00000000 -0.25000000
vn -0.86600000 0.00000000 -0.50000000
vn 0.00000000 -1.00000000 -0.00000000
vn -0.97300000 -0.00000000 -0.23090000
vn -0.00000000 0.38340000 -0.92360000
vn -1.00000000 -0.00000000 -0.00000000
vn 0.00000000 -1.00000000 -0.00000000
vn -1.00000000 -0.00000000 -0.00000000
vn -0.98430000 0.00000000 -0.17680000
vn -0.00000000 0.70710000 -0.70710000
vn 0.00000000 0.92360000 -0.38340000
vn -0.99540000 -0.00000000 -0.09580000
vn -1.00000000 -0.00000000 -0.00000000
vn 0.00000000 1.00000000 -0.00000000
vn -1.00000000 -0.00000000 -0.00000000
vn 0.00000000 1.00000000 -0.00000000
vn -0.00000000 0.92360000 0.38340000
vn -0.99540000 0.00000000 0.09590000
vn -0.00000000 0.70710000 0.70710000
vn -0.98420000 -0.00000000 0.17680000
vn -0.97300000 -0.00000000 0.23090000
vn 0.00000000 0.38340000 0.92360000
vn 0.00000000 -0.00000000 1.00000000
vn -0.96820000 -0.00000000 0.25000000
vn 0.00000000 -1.00000000 -0.00000000
vn -0.86600000 -0.00000000 0.50000000
vn 0.00000000 1.00000000 -0.00000000
vn -0.86600000 -0.00000000 0.50000000
vn 0.00000000 -1.00000000 -0.00000000
vn -0.50000000 -0.00000000 0.86600000
vn -0.50000000 -0.00000000 0.86600000
vn 0.00000000 1.00000000 -0.00000000
vn 0.00000000 -1.00000000 -0.00000000
vn 0.00000000 -0.00000000 1.00000000
vn 0.00000000 -0.00000000 1.00000000
vn 0.00000000 1.00000000 -0.00000000
vn 0.50000000 -0.00000000 0.86600000
vn 0.00000000 -1.00000000 -0.00000000
vn 0.50000000 -0.00000000 0.86600000
vn 0.00000000 1.00000000 -0.00000000
vn 0.00000000 -1.00000000 -0.00000000
vn 0.86600000 -0.00000000 0.50000000
vn 0.86600000 -0.00000000 0.50000000
vn 0.00000000 1.00000000 -0.00000000
vn 0.96820000 0.00000000 0.25000000
vn 0.00000000 -0.00000000 1.00000000
vn -0.00000000 -0.38340000 0.92360000
vn 0.97300000 -0.00000000 0.23090000
vn 0.00000000 1.00000000 -0.00000000
vn 1.00000000 -0.00000000 0.00000000
vn 0.00000000 -0.70710000 0.70710000
vn 0.98420000 -0.00000000 0.17680000
vn 0.00000000 -0.92360000 0.38340000
vn 0.99540000 0.00000000 0.09590000
vn 0.00000000 -1.00000000 -0.00000000
vn 1.00000000 -0.00000000 0.00000000
vn -0.00000000 -0.92360000 -0.38340000
vn 0.99540000 0.00000000 -0.09580000
vn -0.00000000 -0.70710000 -0.70710000
vn 0.98420000 0.00000000 -0.17680000
vn 0.00000000 -0.38340000 -0.92360000
vn 0.97300000 -0.00000000 -0.23090000
vn 0.96820000 -0.00000000 -0.25000000
vn 0.00000000 0.00000000 -1.00000000
vn 0.00000000 1.00000000 -0.00000000
vn 0.86600000 0.00000000 -0.50000000
vn 0.86600000 0.00000000 -0.50000000
vn 0.00000000 -1.00000000 -0.00000000
vn 0.00000000 -1.00000000 -0.00000000
vn 0.50000000 0.00000000 -0.86600000
vn 0.50000000 0.00000000 -0.86600000
vn 0.00000000 1.00000000 -0.00000000
vn 0.00000000 0.00000000 -1.00000000
vn 0.00000000 -1.00000000 -0.00000000
vn 0.00000000 1.00000000 -0.00000000
vn 0.00000000 0.00000000 -1.00000000
vn 0.00000000 -1.00000000 -0.00000000
vn -0.50000000 0.00000000 -0.86600000
vn -0.50000000 0.00000000 -0.86600000
vn 0.00000000 1.00000000 -0.00000000
vn -0.97300000 -0.00000000 0.23090000
vn -0.00000000 -0.38340000 0.92360000
vn 0.00000000 -0.70710000 0.70710000
vn -0.98430000 -0.00000000 0.17680000
vn 0.00000000 -1.00000000 -0.00000000
vn 1.00000000 -0.00000000 0.00000000
vn 0.97300000 -0.00000000 -0.23090000
vn -0.00000000 0.38340000 -0.92360000
vn 0.98430000 0.00000000 -0.17680000
vn -0.00000000 0.70710000 -0.70710000
vn 0.00000000 0.92360000 -0.38340000
vn 0.99540000 0.00000000 -0.09590000
vn 0.00000000 1.00000000 -0.00000000
vn 1.00000000 -0.00000000 0.00000000
vn 0.00000000 1.00000000 -0.00000000
vn -0.00000000 0.92360000 0.38340000
vn 0.99540000 0.00000000 0.09590000
vn -0.00000000 0.70710000 0.70710000
vn 0.98430000 0.00000000 0.17680000
vn 0.97300000 -0.00000000 0.23090000
vn 0.00000000 0.38340000 0.92360000
vn 0.00000000 -1.00000000 -0.00000000
vn -0.86600000 0.00000000 -0.50000000
vn 0.00000000 -0.00010000 -1.00000000
vn 0.00000000 -1.00000000 -0.00000000
vn 0.00000000 -0.00010000 -1.00000000
vn -1.00000000 -0.00000000 -0.00000000
vn 0.00000000 -1.00000000 -0.00000000
vn -1.00000000 -0.00000000 -0.00000000
vn 0.00000000 -1.00000000 -0.00000000
vn -0.50000000 0.00000000 -0.86600000
vn 0.00000000 0.00000000 -1.00000000
vn 0.00000000 -1.00000000 -0.00000000
vn 0.00000000 0.00000000 -1.00000000
vn 0.50000000 0.00000000 -0.86600000
vn 0.00000000 -1.00000000 -0.00000000
vn 0.86600000 0.00000000 -0.50000000
vn 0.00000000 -1.00000000 -0.00000000
vn 1.00000000 -0.00000000 0.00000000
vn 1.00000000 -0.00000000 0.00000000
vn 0.00000000 -1.00000000 -0.00000000
vn 1.00000000 -0.00000000 0.00000000
vn 1.00000000 -0.00000000 0.00000000
vn 0.00000000 -1.00000000 -0.00000000
vn 0.00000000 -0.00000000 1.00000000
vn 0.00000000 -0.00000000 1.00000000
vn 0.00000000 -1.00000000 -0.00000000
vn 0.00000000 -0.00000000 1.00000000
vn 0.00000000 -1.00000000 -0.00000000
vn 0.00000000 -0.00000000 1.00000000
vn -1.00000000 -0.00000000 -0.00000000
vn -1.00000000 -0.00000000 -0.00000000
vn 0.00000000 -1.00000000 -0.00000000
vn 0.00000000 -1.00000000 -0.00000000
vn 0.86600000 -0.00000000 0.50000000
vn 0.00000000 -1.00000000 -0.00000000
vn 0.50000000 -0.00000000 0.86600000
vn -0.50000000 -0.00000000 0.86600000
vn 0.00000000 -1.00000000 -0.00000000
vn -0.86600000 -0.00000000 0.50000000
vn 0.00000000 -1.00000000 -0.00000000
vn 0.00000000 1.00000000 -0.00000000
vn -0.00000000 0.00010000 -1.00000000
vn -0.00000000 0.00010000 -1.00000000
vn 0.50000000 0.00000000 -0.86600000
vn 0.00000000 1.00000000 -0.00000000
vn 0.50000000 0.00000000 -0.86600000
vn 0.86600000 0.00000000 -0.50000000
vn 0.86600000 0.00000000 -0.50000000
vn 0.00000000 1.00000000 -0.00000000
vn 0.00000000 1.00000000 -0.00000000
vn 1.00000000 -0.00000000 0.00000000
vn 1.00000000 -0.00000000 0.00000000
vn -0.34690000 0.56930000 -0.74530000
vn -0.52030000 0.85400000 0.00000000
vn 0.00000000 -0.00000000 1.00000000
vn -0.52030000 0.85400000 0.00000000
vn -0.58510000 0.31960000 -0.74540000
vn -0.87760000 0.47940000 0.00000000
vn -0.87760000 0.47940000 0.00000000
vn -0.58510000 0.31960000 -0.74540000
vn 0.00000000 -0.00000000 1.00000000
vn -0.87760000 0.47940000 0.00000000
vn -0.87760000 0.47940000 0.00000000
vn -0.99970000 -0.02360000 0.00000000
vn -0.66650000 -0.01570000 -0.74530000
vn 0.00000000 -0.00000000 1.00000000
vn -0.99970000 -0.02360000 0.00000000
vn -0.85400000 -0.52030000 0.00000000
vn -0.56930000 -0.34690000 -0.74540000
vn -0.85400000 -0.52030000 0.00000000
vn 0.00000000 -0.00000000 1.00000000
vn -0.31960000 -0.58500000 -0.74540000
vn -0.47940000 -0.87760000 0.00000000
vn 0.00000000 -0.00000000 1.00000000
vn -0.47940000 -0.87760000 0.00000000
vn 0.02360000 -0.99970000 0.00000000
vn 0.01570000 -0.66650000 -0.74530000
vn 0.00000000 -0.00000000 1.00000000
vn 0.02360000 -0.99970000 0.00000000
vn 0.34690000 -0.56930000 -0.74530000
vn 0.52030000 -0.85400000 0.00000000
vn 0.52030000 -0.85400000 0.00000000
vn 0.00000000 -0.00000000 1.00000000
vn 0.58510000 -0.31960000 -0.74540000
vn 0.87760000 -0.47940000 0.00000000
vn 0.87760000 -0.47940000 0.00000000
vn 0.00000000 -0.00000000 1.00000000
vn 0.66650000 0.01570000 -0.74530000
vn 0.99970000 0.02360000 0.00000000
vn 0.00000000 -0.00000000 1.00000000
vn 0.99970000 0.02360000 0.00000000
vn 0.56930000 0.34690000 -0.74540000
vn 0.85400000 0.52030000 0.00000000
vn 0.00000000 -0.00000000 1.00000000
vn 0.85400000 0.52030000 0.00000000
vn 0.47940000 0.87760000 0.00000000
vn 0.31960000 0.58500000 -0.74540000
vn 0.47940000 0.87760000 0.00000000
vn 0.00000000 -0.00000000 1.00000000
vn -0.02360000 0.99970000 0.00000000
vn -0.01570000 0.66650000 -0.74530000
vn 0.00000000 -0.00000000 1.00000000
vn -0.02360000 0.99970000 0.00000000
vn -0.90400000 0.04630000 -0.42510000
vn -0.79430000 0.43400000 -0.42510000
vn -0.79430000 0.43400000 -0.42510000
vn -0.52740000 0.73560000 -0.42510000
vn -0.87700000 0.47910000 -0.03700000
vn -0.87700000 0.47910000 -0.03700000
vn -0.58230000 0.81220000 -0.03720000
vn -0.81980000 0.44790000 0.35680000
vn -0.81980000 0.44790000 0.35680000
vn -0.54430000 0.75920000 0.35680000
vn -0.63200000 0.34520000 0.69380000
vn -0.63200000 0.34520000 0.69380000
vn -0.41960000 0.58530000 0.69380000
vn -0.34330000 0.18760000 0.92030000
vn -0.34330000 0.18760000 0.92030000
vn -0.22800000 0.31800000 0.92030000
vn 0.00000000 -0.00000000 1.00000000
vn 0.00000000 -0.00000000 1.00000000
vn 0.00000000 -0.00000000 1.00000000
vn 0.00000000 -0.00000000 1.00000000
vn 0.00000000 -0.00000000 1.00000000
vn 0.00000000 -0.00000000 1.00000000
vn 0.00000000 -0.00000000 1.00000000
vn 0.00000000 -0.00000000 1.00000000
vn 0.00000000 -0.00000000 1.00000000
vn 0.00000000 -0.00000000 1.00000000
vn 0.00000000 -0.00000000 1.00000000
vn 0.00000000 -0.00000000 1.00000000
vn 0.00000000 -0.00000000 1.00000000
vn 0.00000000 -0.00000000 1.00000000
vn -0.83450000 -0.35050000 -0.42510000
vn -0.59980000 -0.67790000 -0.42510000
vn -0.24630000 -0.87100000 -0.42510000
vn 0.15600000 -0.89160000 -0.42510000
vn 0.52740000 -0.73560000 -0.42510000
vn 0.79430000 -0.43400000 -0.42510000
vn 0.90400000 -0.04630000 -0.42510000
vn 0.99800000 -0.05110000 -0.03700000
vn 0.92140000 0.38690000 -0.03700000
vn 0.86130000 0.36170000 0.35680000
vn 0.61910000 0.69960000 0.35680000
vn 0.47720000 0.53930000 0.69380000
vn 0.19600000 0.69290000 0.69390000
vn 0.10650000 0.37650000 0.92030000
vn -0.06740000 0.38540000 0.92030000
vn 0.83450000 0.35050000 -0.42510000
vn 0.66220000 0.74840000 -0.03710000
vn 0.25420000 0.89890000 0.35680000
vn -0.12410000 0.70930000 0.69380000
vn 0.59980000 0.67790000 -0.42510000
vn 0.27190000 0.96160000 -0.03710000
vn -0.16100000 0.92020000 0.35680000
vn 0.24630000 0.87100000 -0.42510000
vn -0.17220000 0.98440000 -0.03730000
vn -0.15600000 0.89160000 -0.42510000
vn 0.25930000 0.29300000 0.92030000
vn 0.36070000 0.15150000 0.92030000
vn 0.39070000 -0.02000000 0.92030000
vn 0.34330000 -0.18760000 0.92030000
vn 0.22800000 -0.31800000 0.92030000
vn 0.06740000 -0.38540000 0.92030000
vn -0.10650000 -0.37650000 0.92030000
vn -0.25930000 -0.29300000 0.92030000
vn -0.36070000 -0.15150000 0.92030000
vn -0.39070000 0.02000000 0.92030000
vn -0.99800000 0.05110000 -0.03690000
vn -0.92140000 -0.38690000 -0.03710000
vn -0.66220000 -0.74840000 -0.03710000
vn -0.27190000 -0.96160000 -0.03710000
vn 0.17220000 -0.98440000 -0.03720000
vn 0.58230000 -0.81220000 -0.03730000
vn 0.87700000 -0.47910000 -0.03710000
vn -0.93290000 0.04780000 0.35680000
vn -0.86130000 -0.36170000 0.35680000
vn -0.61910000 -0.69960000 0.35680000
vn -0.25420000 -0.89890000 0.35680000
vn 0.16100000 -0.92020000 0.35680000
vn 0.54430000 -0.75920000 0.35680000
vn 0.81980000 -0.44790000 0.35680000
vn 0.93290000 -0.04780000 0.35680000
vn -0.71920000 0.03690000 0.69380000
vn -0.66390000 -0.27880000 0.69380000
vn -0.47720000 -0.53930000 0.69380000
vn -0.19600000 -0.69290000 0.69380000
vn 0.12410000 -0.70930000 0.69380000
vn 0.41960000 -0.58530000 0.69380000
vn 0.63200000 -0.34520000 0.69380000
vn 0.71920000 -0.03690000 0.69380000
vn 0.66390000 0.27880000 0.69380000
vn 0.00000000 0.99450000 -0.10470000
vn 0.00000000 0.00000000 -1.00000000
vn 0.00000000 0.99450000 -0.10470000
vn 0.99450000 0.00000000 -0.10470000
vn 0.00000000 0.00000000 -1.00000000
vn 0.00000000 0.99450000 -0.10470000
vn -0.55890000 0.82180000 -0.11070000
vn 0.00000000 0.99450000 -0.10470000
vn 0.00000000 -0.00000000 1.00000000
vn 0.99450000 0.00000000 -0.10470000
vn 0.00000000 0.99450000 -0.10470000
vn 0.00000000 -0.00000000 1.00000000
vn -0.99910000 0.00000000 -0.04330000
vn 0.00000000 0.99450000 -0.10470000
vn 0.00000000 -0.99450000 -0.10470000
vn 0.99450000 0.00000000 -0.10470000
vn 0.00000000 0.00000000 -1.00000000
vn 0.99450000 0.00000000 -0.10470000
vn 0.00000000 -0.00000000 1.00000000
vn 0.00000000 -0.99450000 -0.10470000
vn 0.00000000 0.00000000 -1.00000000
vn -0.99450000 0.00000000 -0.10470000
vn 0.00000000 -0.99450000 -0.10470000
vn 0.00000000 -0.99450000 -0.10470000
vn -0.99450000 0.00000000 -0.10470000
vn 0.00000000 -0.00000000 1.00000000
vn 0.00000000 0.00000000 -1.00000000
vn -0.00000000 0.98930000 -0.14580000
vn -0.99450000 0.00000000 -0.10470000
vn -0.55330000 0.81370000 -0.17820000
vn -0.99450000 0.00000000 -0.10470000
vn -0.99450000 0.00000000 -0.10470000
vn -0.88670000 0.43470000 -0.15740000
vn -0.99450000 0.00000000 -0.10470000
vn -0.99450000 0.00000000 -0.10470000
vn 0.00000000 -0.00000000 1.00000000
vn -0.21900000 0.96590000 -0.13820000
vn -0.55640000 0.81820000 -0.14470000
vn -0.89130000 0.43690000 -0.12160000
vn -0.00000000 -0.99720000 -0.07480000
vn 0.00000000 -0.00000000 1.00000000
vn 0.99720000 -0.00000000 -0.07480000
vn -0.00000000 -0.99720000 -0.07480000
vn 0.00000000 -0.00000000 1.00000000
vn -0.99720000 -0.00000000 -0.07480000
vn 0.00000000 0.99720000 -0.07480000
vn 0.99720000 -0.00000000 -0.07480000
vn 0.00000000 -0.00000000 1.00000000
vn 0.00000000 0.99720000 -0.07480000
vn 0.00000000 -0.00000000 1.00000000
vn 0.00000000 0.99720000 -0.07480000
vn 0.00000000 -0.00000000 1.00000000
vn -0.00000000 0.99370000 -0.11180000
vn -0.99720000 -0.00000000 -0.07480000
vn 0.00000000 0.00000000 -1.00000000
vn 0.00000000 0.00000000 -1.00000000
vn 0.00000000 0.00000000 -1.00000000
vn 0.00000000 0.00000000 -1.00000000
vn 0.00000000 0.00000000 -1.00000000
vn 0.00000000 0.00000000 -1.00000000
vn 0.00000000 0.00000000 -1.00000000
vn 0.00000000 0.00000000 -1.00000000
vn 0.00000000 0.00000000 -1.00000000
vn 0.00000000 0.00000000 -1.00000000
vn 0.00000000 0.00000000 -1.00000000
vn 0.00000000 0.00000000 -1.00000000
vn -0.97810000 0.18540000 -0.09420000
vn -0.99720000 -0.00000000 -0.07480000
vn -0.99720000 -0.00000000 -0.07480000
vn -0.98150000 0.16930000 -0.08910000
vn -0.98910000 0.00000000 -0.14760000
vn -0.99720000 -0.00000000 -0.07480000
vn -0.99720000 -0.00000000 -0.07480000
vn -0.00000000 -0.99720000 -0.07480000
vn -0.00000000 -0.99720000 -0.07480000
vn -0.98470000 0.15560000 -0.07800000
vn -0.97760000 -0.00000000 -0.21040000
vn -0.00000000 -0.90100000 -0.43390000
vn -0.90090000 0.00000000 -0.43390000
vn -0.00000000 0.95310000 -0.30280000
vn -0.98960000 0.13600000 -0.04660000
vn -0.95310000 -0.00000000 -0.30280000
vn -0.81190000 0.00000000 -0.58380000
vn 0.00000000 0.81190000 -0.58380000
vn -0.68010000 -0.00000000 -0.73310000
vn -0.00000000 -0.68010000 -0.73310000
vn 0.00000000 0.59040000 -0.80710000
vn -0.59040000 -0.00000000 -0.80710000
vn -0.00000000 -0.36530000 -0.93090000
vn -0.36530000 0.00000000 -0.93090000
vn -0.98150000 0.18610000 -0.04430000
vn 0.00000000 0.99720000 -0.07480000
vn 0.00000000 0.99720000 -0.07480000
vn 0.00000000 0.99720000 -0.07480000
vn 0.00000000 0.99720000 -0.07480000
vn 0.99720000 -0.00000000 -0.07480000
vn 0.99720000 -0.00000000 -0.07480000
vn 0.90100000 -0.00000000 -0.43390000
vn -0.00000000 0.90100000 -0.43390000
vn 0.00000000 0.68010000 -0.73310000
vn 0.68010000 0.00000000 -0.73310000
vn -0.00000000 0.36530000 -0.93090000
vn 0.36530000 -0.00000000 -0.93090000
vn -0.00000000 -0.99720000 -0.07480000
vn -0.00000000 -0.99720000 -0.07480000
vn 0.99720000 -0.00000000 -0.07480000
vn 0.99720000 -0.00000000 -0.07480000
vn 0.90100000 -0.00000000 -0.43390000
vn -0.00000000 -0.90100000 -0.43390000
vn 0.68010000 0.00000000 -0.73310000
vn 0.00000000 -0.68020000 -0.73310000
vn 0.36530000 -0.00000000 -0.93090000
vn -0.00000000 -0.36530000 -0.93090000
vn -0.53590000 0.83360000 -0.13400000
vn -0.99720000 -0.00000000 -0.07480000
vn -0.53900000 0.83850000 -0.07960000
vn 0.00000000 0.99720000 -0.07480000
vn -0.88740000 0.45230000 -0.08940000
vn -0.64410000 0.75770000 -0.10510000
vn -0.27110000 0.95690000 -0.10400000
vn -1.00000000 -0.00000000 -0.00000000
vn 0.00000000 1.00000000 -0.00000000
vn -1.00000000 -0.00000000 -0.00000000
vn -0.86600000 0.00000000 -0.50000000
vn 0.00000000 1.00000000 -0.00000000
vn -0.86600000 0.00000000 -0.50000000
vn -0.50000000 0.00000000 -0.86600000
vn -0.50000000 0.00000000 -0.86600000
vn 0.00000000 1.00000000 -0.00000000
vn 0.00000000 0.00000000 -1.00000000
vn 0.00000000 0.00000000 -1.00000000
vn 0.00000000 1.00000000 -0.00000000
vn 0.00000000 -0.00000000 1.00000000
vn 0.00000000 1.00000000 -0.00000000
vn 0.00000000 -0.00000000 1.00000000
vn 0.00000000 -0.00000000 1.00000000
vn 0.00000000 -0.00000000 1.00000000
vn 0.00000000 1.00000000 -0.00000000
vn -0.50000000 -0.00000000 0.86600000
vn -0.50000000 -0.00000000 0.86600000
vn 0.00000000 1.00000000 -0.00000000
vn -0.86600000 -0.00000000 0.50000000
vn -0.86600000 -0.00000000 0.50000000
vn 0.00000000 1.00000000 -0.00000000
vn -1.00000000 -0.00000000 -0.00000000
vn 0.00000000 1.00000000 -0.00000000
vn -1.00000000 -0.00000000 -0.00000000
vn 1.00000000 -0.00000000 0.00000000
vn 1.00000000 -0.00000000 0.00000000
vn 0.00000000 1.00000000 -0.00000000
vn 0.86600000 -0.00000000 0.50000000
vn 0.00000000 1.00000000 -0.00000000
vn 0.86600000 -0.00000000 0.50000000
vn 0.50000000 -0.00000000 0.86600000
vn 0.00000000 1.00000000 -0.00000000
vn 0.50000000 -0.00000000 0.86600000
vn 1.00000000 -0.00000000 0.00000000
vn 0.00000000 -1.00000000 -0.00000000
vn 1.00000000 -0.00000000 0.00000000
vn -0.00000000 -0.86600000 0.50000000
vn -0.00000000 -0.50000000 0.86600000
vn 1.00000000 -0.00000000 0.00000000
vn 1.00000000 -0.00000000 0.00000000
vn 0.00000000 0.00000000 -1.00000000
vn -0.00000000 -0.50000000 -0.86600000
vn 1.00000000 -0.00000000 0.00000000
vn 1.00000000 -0.00000000 0.00000000
vn -0.00000000 -0.86600000 -0.50000000
vn 0.00000000 1.00000000 -0.00000000
vn 0.00000000 1.00000000 -0.00000000
vn 1.00000000 -0.00000000 0.00000000
vn -0.00000000 0.86600000 -0.50000000
vn 1.00000000 -0.00000000 0.00000000
vn -0.00000000 0.50000000 -0.86600000
vn 1.00000000 -0.00000000 0.00000000
vn 1.00000000 -0.00000000 0.00000000
vn 0.00000000 -0.00000000 1.00000000
vn -0.00000000 0.50000000 0.86600000
vn 1.00000000 -0.00000000 0.00000000
vn 1.00000000 -0.00000000 0.00000000
vn -0.00000000 0.86600000 0.50000000
vn 1.00000000 -0.00000000 0.00000000
vn -0.00000000 -0.86600000 -0.50000000
vn 0.00000000 -1.00000000 -0.00000000
vn 1.00000000 -0.00000000 0.00000000
vn -0.00000000 -0.50000000 -0.86600000
vn 1.00000000 -0.00000000 0.00000000
vn 1.00000000 -0.00000000 0.00000000
vn 0.00000000 0.00000000 -1.00000000
vn -0.00000000 0.50000000 -0.86600000
vn 1.00000000 -0.00000000 0.00000000
vn 1.00000000 -0.00000000 0.00000000
vn -0.00000000 0.86600000 -0.50000000
vn 1.00000000 -0.00000000 0.00000000
vn 0.00000000 1.00000000 -0.00000000
vn 0.00000000 1.00000000 -0.00000000
vn -0.00000000 0.86600000 0.50000000
vn 1.00000000 -0.00000000 0.00000000
vn -0.00000000 0.50000000 0.86600000
vn 1.00000000 -0.00000000 0.00000000
vn 1.00000000 -0.00000000 0.00000000
vn 0.00000000 -0.00000000 1.00000000
vn -0.00000000 -0.50000000 0.86600000
vn 1.00000000 -0.00000000 0.00000000
vn 1.00000000 -0.00000000 0.00000000
vn -0.00000000 -0.86600000 0.50000000
vn -0.00000000 0.86600000 -0.50000000
vn 1.00000000 -0.00000000 0.00000000
vn 0.00000000 1.00000000 -0.00000000
vn 1.00000000 -0.00000000 0.00000000
vn 0.00000000 1.00000000 -0.00000000
vn 1.00000000 -0.00000000 0.00000000
vn -0.00000000 0.86600000 0.50000000
vn -0.00000000 0.50000000 0.86600000
vn 1.00000000 -0.00000000 0.00000000
vn 1.00000000 -0.00000000 0.00000000
vn 0.00000000 -0.00000000 1.00000000
vn -0.00000000 -0.50000000 0.86600000
vn 1.00000000 -0.00000000 0.00000000
vn 1.00000000 -0.00000000 0.00000000
vn -0.00000000 -0.86600000 0.50000000
vn 0.00000000 -1.00000000 -0.00000000
vn 1.00000000 -0.00000000 0.00000000
vn 1.00000000 -0.00000000 0.00000000
vn -0.00000000 -0.86600000 -0.50000000
vn -0.00000000 -0.50000000 -0.86600000
vn 1.00000000 -0.00000000 0.00000000
vn 1.00000000 -0.00000000 0.00000000
vn 0.00000000 0.00000000 -1.00000000
vn -0.00000000 0.50000000 -0.86600000
vn 1.00000000 -0.00000000 0.00000000
vn -1.00000000 -0.00000000 -0.00000000
vn -0.00000000 -0.86600000 0.50000000
vn -1.00000000 -0.00000000 -0.00000000
vn 0.00000000 -1.00000000 -0.00000000
vn -1.00000000 -0.00000000 -0.00000000
vn -0.00000000 -0.50000000 0.86600000
vn -1.00000000 -0.00000000 -0.00000000
vn 0.00000000 -0.00000000 1.00000000
vn -1.00000000 -0.00000000 -0.00000000
vn -0.00000000 0.50000000 0.86600000
vn -1.00000000 -0.00000000 -0.00000000
vn -0.00000000 0.86600000 0.50000000
vn 0.00000000 1.00000000 -0.00000000
vn -1.00000000 -0.00000000 -0.00000000
vn 0.00000000 1.00000000 -0.00000000
vn -1.00000000 -0.00000000 -0.00000000
vn -0.00000000 0.86600000 -0.50000000
vn -0.00000000 0.50000000 -0.86600000
vn -1.00000000 -0.00000000 -0.00000000
vn -1.00000000 -0.00000000 -0.00000000
vn 0.00000000 0.00000000 -1.00000000
vn -0.00000000 -0.50000000 -0.86600000
vn -1.00000000 -0.00000000 -0.00000000
vn -1.00000000 -0.00000000 -0.00000000
vn -0.00000000 -0.86600000 -0.50000000
vn -1.00000000 -0.00000000 -0.00000000
vn 0.00000000 1.00000000 -0.00000000
vn 0.00000000 1.00000000 -0.00000000
vn -0.00000000 0.86600000 0.50000000
vn -1.00000000 -0.00000000 -0.00000000
vn -1.00000000 -0.00000000 -0.00000000
vn -0.00000000 0.50000000 0.86600000
vn -1.00000000 -0.00000000 -0.00000000
vn 0.00000000 0.00000000 -1.00000000
vn -0.00000000 0.50000000 -0.86600000
vn -1.00000000 -0.00000000 -0.00000000
vn -1.00000000 -0.00000000 -0.00000000
vn -0.00000000 0.86600000 -0.50000000
vn -1.00000000 -0.00000000 -0.00000000
vn 0.00000000 -1.00000000 -0.00000000
vn -0.00000000 -0.86600000 -0.50000000
vn -1.00000000 -0.00000000 -0.00000000
vn -1.00000000 -0.00000000 -0.00000000
vn -0.00000000 -0.50000000 -0.86600000
vn -1.00000000 -0.00000000 -0.00000000
vn 0.00000000 -0.00000000 1.00000000
vn -0.00000000 -0.50000000 0.86600000
vn -1.00000000 -0.00000000 -0.00000000
vn -0.00000000 -0.86600000 0.50000000
vn -1.00000000 -0.00000000 -0.00000000
vn -1.00000000 -0.00000000 -0.00000000
vn -0.00000000 -0.86600000 -0.50000000
vn 0.00000000 -1.00000000 -0.00000000
vn -1.00000000 -0.00000000 -0.00000000
vn -1.00000000 -0.00000000 -0.00000000
vn -0.00000000 -0.86600000 0.50000000
vn -0.00000000 -0.50000000 0.86600000
vn -1.00000000 -0.00000000 -0.00000000
vn 0.00000000 -0.00000000 1.00000000
vn -1.00000000 -0.00000000 -0.00000000
vn -0.00000000 0.50000000 0.86600000
vn -1.00000000 -0.00000000 -0.00000000
vn -1.00000000 -0.00000000 -0.00000000
vn -0.00000000 0.86600000 0.50000000
vn -1.00000000 -0.00000000 -0.00000000
vn 0.00000000 1.00000000 -0.00000000
vn 0.00000000 1.00000000 -0.00000000
vn -0.00000000 0.86600000 -0.50000000
vn -1.00000000 -0.00000000 -0.00000000
vn -1.00000000 -0.00000000 -0.00000000
vn -0.00000000 0.50000000 -0.86600000
vn 0.00000000 0.00000000 -1.00000000
vn -1.00000000 -0.00000000 -0.00000000
vn -1.00000000 -0.00000000 -0.00000000
vn -0.00000000 -0.50000000 -0.86600000
vn 1.00000000 -0.00000000 0.00000000
vn -0.00000000 0.86600000 0.50000000
vn -0.00000000 0.86600000 0.50000000
vn 1.00000000 -0.00000000 0.00000000
vn 0.00000000 1.00000000 -0.00000000
vn 1.00000000 -0.00000000 0.00000000
vn 1.00000000 -0.00000000 0.00000000
vn 0.00000000 1.00000000 -0.00000000
vn -0.00000000 0.86600000 -0.50000000
vn 1.00000000 -0.00000000 0.00000000
vn 1.00000000 -0.00000000 0.00000000
vn -0.00000000 0.86600000 -0.50000000
vn -0.00000000 0.50000000 -0.86600000
vn 1.00000000 -0.00000000 0.00000000
vn 1.00000000 -0.00000000 0.00000000
vn -0.00000000 0.50000000 0.86600000
vn -0.00000000 0.50000000 0.86600000
vn 1.00000000 -0.00000000 0.00000000
vn 0.00000000 -0.00000000 1.00000000
vn 1.00000000 -0.00000000 0.00000000
vn 0.00000000 -0.00000000 1.00000000
vn 1.00000000 -0.00000000 0.00000000
vn 1.00000000 -0.00000000 0.00000000
vn -0.00000000 -0.50000000 0.86600000
vn -0.00000000 -0.50000000 0.86600000
vn 1.00000000 -0.00000000 0.00000000
vn 1.00000000 -0.00000000 0.00000000
vn -0.00000000 -0.86600000 0.50000000
vn 1.00000000 -0.00000000 0.00000000
vn -0.00000000 -0.86600000 0.50000000
vn 0.00000000 -1.00000000 -0.00000000
vn 0.00000000 -1.00000000 -0.00000000
vn 1.00000000 -0.00000000 0.00000000
vn 0.00000000 -1.00000000 -0.00000000
vn 0.00000000 -1.00000000 -0.00000000
vn 1.00000000 -0.00000000 0.00000000
vn -0.00000000 -0.86600000 -0.50000000
vn 1.00000000 -0.00000000 0.00000000
vn 1.00000000 -0.00000000 0.00000000
vn -0.00000000 -0.86600000 -0.50000000
vn -0.00000000 -0.50000000 -0.86600000
vn 1.00000000 -0.00000000 0.00000000
vn -0.00000000 -0.50000000 -0.86600000
vn 1.00000000 -0.00000000 0.00000000
vn 1.00000000 -0.00000000 0.00000000
vn 0.00000000 0.00000000 -1.00000000
vn 1.00000000 -0.00000000 0.00000000
vn 0.00000000 0.00000000 -1.00000000
vn -0.00000000 0.50000000 -0.86600000
vn 1.00000000 -0.00000000 0.00000000
vn -1.00000000 -0.00000000 -0.00000000
vn -0.00000000 -0.86600000 0.50000000
vn -0.00000000 -0.86600000 0.50000000
vn -1.00000000 -0.00000000 -0.00000000
vn -1.00000000 -0.00000000 -0.00000000
vn 0.00000000 -1.00000000 -0.00000000
vn 0.00000000 -1.00000000 -0.00000000
vn 0.00000000 -1.00000000 -0.00000000
vn 0.00000000 -1.00000000 -0.00000000
vn -1.00000000 -0.00000000 -0.00000000
vn -0.00000000 -0.86600000 -0.50000000
vn -1.00000000 -0.00000000 -0.00000000
vn -1.00000000 -0.00000000 -0.00000000
vn -0.00000000 -0.86600000 -0.50000000
vn -1.00000000 -0.00000000 -0.00000000
vn -0.00000000 -0.50000000 -0.86600000
vn -0.00000000 -0.50000000 0.86600000
vn -1.00000000 -0.00000000 -0.00000000
vn -1.00000000 -0.00000000 -0.00000000
vn -0.00000000 -0.50000000 0.86600000
vn 0.00000000 -0.00000000 1.00000000
vn -1.00000000 -0.00000000 -0.00000000
vn -1.00000000 -0.00000000 -0.00000000
vn 0.00000000 -0.00000000 1.00000000
vn -0.00000000 0.50000000 0.86600000
vn -1.00000000 -0.00000000 -0.00000000
vn -0.00000000 0.50000000 0.86600000
vn -1.00000000 -0.00000000 -0.00000000
vn -0.00000000 0.86600000 0.50000000
vn -1.00000000 -0.00000000 -0.00000000
vn -1.00000000 -0.00000000 -0.00000000
vn -0.00000000 0.86600000 0.50000000
vn 0.00000000 1.00000000 -0.00000000
vn -1.00000000 -0.00000000 -0.00000000
vn -1.00000000 -0.00000000 -0.00000000
vn 0.00000000 1.00000000 -0.00000000
vn -1.00000000 -0.00000000 -0.00000000
vn -0.00000000 0.86600000 -0.50000000
vn -0.00000000 0.86600000 -0.50000000
vn -1.00000000 -0.00000000 -0.00000000
vn -0.00000000 0.50000000 -0.86600000
vn -1.00000000 -0.00000000 -0.00000000
vn -1.00000000 -0.00000000 -0.00000000
vn -0.00000000 0.50000000 -0.86600000
vn 0.00000000 0.00000000 -1.00000000
vn -1.00000000 -0.00000000 -0.00000000
vn 0.00000000 0.00000000 -1.00000000
vn -1.00000000 -0.00000000 -0.00000000
vn -0.00000000 -0.50000000 -0.86600000
vn -1.00000000 -0.00000000 -0.00000000
vn 1.00000000 -0.00000000 0.00000000
vn -0.00000000 -0.20000000 -0.97980000
vn 0.00000000 1.00000000 -0.00000000
vn -0.00000000 -0.20000000 -0.97980000
vn 0.00000000 1.00000000 -0.00000000
vn -0.00000000 -0.20000000 -0.97980000
vn -0.00000000 -0.61140000 -0.79130000
vn -0.00000000 -0.61140000 -0.79130000
vn -0.00000000 -0.89760000 -0.44080000
vn -0.00000000 -0.89760000 -0.44080000
vn 0.00000000 -1.00000000 -0.00000000
vn 0.00000000 -1.00000000 -0.00000000
vn 0.00000000 -1.00000000 -0.00000000
vn -0.00000000 -0.89760000 0.44080000
vn -0.00000000 -0.89760000 0.44080000
vn 0.00000000 -0.61140000 0.79130000
vn 0.00000000 -0.61140000 0.79130000
vn 0.00000000 1.00000000 -0.00000000
vn -0.00000000 -0.20000000 0.97980000
vn 1.00000000 -0.00000000 0.00000000
vn 1.00000000 -0.00000000 0.00000000
vn -0.00000000 -0.06710000 0.99770000
vn 1.00000000 -0.00000000 0.00000000
vn -0.00000000 0.06710000 0.99770000
vn -0.00000000 -0.20000000 0.97980000
vn -0.00000000 -0.20000000 0.97980000
vn 0.00000000 1.00000000 -0.00000000
vn 0.00000000 -1.00000000 -0.00000000
vn 1.00000000 -0.00000000 0.00000000
vn -0.00000000 0.20000000 0.97980000
vn -0.00000000 0.20000000 0.97980000
vn 0.00000000 -1.00000000 -0.00000000
vn -0.00000000 0.20000000 0.97980000
vn -0.00000000 0.61140000 0.79130000
vn -0.00000000 0.61140000 0.79130000
vn -0.00000000 0.89760000 0.44080000
vn -0.00000000 0.89760000 0.44080000
vn 0.00000000 1.00000000 -0.00000000
vn 0.00000000 1.00000000 -0.00000000
vn 0.00000000 0.89760000 -0.44080000
vn 0.00000000 0.89760000 -0.44080000
vn 0.00000000 0.61140000 -0.79130000
vn 0.00000000 0.61140000 -0.79130000
vn 0.00000000 0.20000000 -0.97980000
vn 0.00000000 -1.00000000 -0.00000000
vn 1.00000000 -0.00000000 0.00000000
vn 1.00000000 -0.00000000 0.00000000
vn 0.00000000 0.06710000 -0.99770000
vn 1.00000000 -0.00000000 0.00000000
vn -0.00000000 -0.06710000 -0.99770000
vn 0.00000000 -1.00000000 -0.00000000
vn 0.00000000 0.20000000 -0.97980000
vn 0.00000000 0.20000000 -0.97980000
vn 0.00000000 1.00000000 -0.00000000
vn 0.38750000 -0.18860000 0.90240000
vn 0.50000000 -0.52950000 0.68530000
vn 0.00000000 1.00000000 -0.00000000
vn 0.71280000 -0.15340000 0.68440000
vn 0.86600000 -0.30570000 0.39570000
vn 0.92640000 -0.09160000 0.36530000
vn 0.00000000 1.00000000 -0.00000000
vn 1.00000000 -0.00000000 0.00000000
vn 0.00000000 1.00000000 -0.00000000
vn 1.00000000 -0.00000000 0.00000000
vn 1.00000000 -0.00000000 0.00000000
vn 1.00000000 -0.00000000 0.00000000
vn 0.86600000 -0.44880000 0.22040000
vn 1.00000000 -0.00000000 0.00000000
vn 1.00000000 -0.00000000 0.00000000
vn 0.86600000 -0.50000000 0.00000000
vn 1.00000000 -0.00000000 0.00000000
vn 1.00000000 -0.00000000 0.00000000
vn 0.86600000 -0.44880000 -0.22040000
vn 1.00000000 -0.00000000 0.00000000
vn 1.00000000 -0.00000000 0.00000000
vn 0.86600000 -0.30570000 -0.39570000
vn 0.00000000 1.00000000 -0.00000000
vn 1.00000000 -0.00000000 0.00000000
vn 1.00000000 -0.00000000 0.00000000
vn 0.00000000 1.00000000 -0.00000000
vn 0.92660000 -0.09150000 -0.36480000
vn 0.71280000 -0.15340000 -0.68440000
vn 0.00000000 1.00000000 -0.00000000
vn 0.50000000 -0.52950000 -0.68530000
vn 0.00000000 1.00000000 -0.00000000
vn 0.38740000 -0.18860000 -0.90240000
vn 0.50000000 -0.77730000 0.38170000
vn 0.50000000 -0.86600000 0.00000000
vn 0.50000000 -0.77730000 -0.38170000
vn 0.38740000 0.18860000 -0.90240000
vn 0.00000000 -1.00000000 -0.00000000
vn 0.38740000 0.18860000 0.90240000
vn 0.00000000 -1.00000000 -0.00000000
vn 0.71280000 0.15340000 -0.68440000
vn 0.00000000 -1.00000000 -0.00000000
vn 1.00000000 -0.00000000 0.00000000
vn 0.00000000 -1.00000000 -0.00000000
vn 1.00000000 -0.00000000 0.00000000
vn 0.71280000 0.15340000 0.68440000
vn 0.00000000 -1.00000000 -0.00000000
vn 0.00000000 -1.00000000 -0.00000000
vn 0.92660000 0.09150000 -0.36480000
vn 1.00000000 -0.00000000 0.00000000
vn 1.00000000 -0.00000000 0.00000000
vn 0.00000000 -1.00000000 -0.00000000
vn 0.00000000 -1.00000000 -0.00000000
vn 0.92660000 0.09150000 0.36480000
vn 0.86600000 0.30570000 0.39570000
vn 1.00000000 -0.00000000 0.00000000
vn 1.00000000 -0.00000000 0.00000000
vn 0.86600000 0.44880000 0.22040000
vn 1.00000000 -0.00000000 0.00000000
vn 1.00000000 -0.00000000 0.00000000
vn 0.86600000 0.50000000 0.00000000
vn 1.00000000 -0.00000000 0.00000000
vn 1.00000000 -0.00000000 0.00000000
vn 0.86600000 0.44880000 -0.22040000
vn 1.00000000 -0.00000000 0.00000000
vn 1.00000000 -0.00000000 0.00000000
vn 0.86600000 0.30570000 -0.39560000
vn 0.50000000 0.52950000 -0.68530000
vn 0.50000000 0.77730000 -0.38170000
vn 0.50000000 0.86600000 0.00000000
vn 0.50000000 0.77730000 0.38170000
vn 0.50000000 0.52950000 0.68530000
vn -0.00000000 -0.20000000 0.97980000
vn 0.00000000 1.00000000 -0.00000000
vn -1.00000000 -0.00000000 -0.00000000
vn -1.00000000 -0.00000000 -0.00000000
vn -0.00000000 -0.06710000 0.99770000
vn 0.00000000 1.00000000 -0.00000000
vn -1.00000000 -0.00000000 -0.00000000
vn -0.00000000 -0.20000000 -0.97980000
vn -1.00000000 -0.00000000 -0.00000000
vn -0.00000000 -0.06710000 -0.99770000
vn -1.00000000 -0.00000000 -0.00000000
vn -0.00000000 0.06710000 0.99770000
vn 0.00000000 0.06710000 -0.99770000
vn -1.00000000 -0.00000000 -0.00000000
vn 0.00000000 -1.00000000 -0.00000000
vn -1.00000000 -0.00000000 -0.00000000
vn 0.00000000 0.20000000 -0.97980000
vn -0.00000000 0.20000000 0.97980000
vn -1.00000000 -0.00000000 -0.00000000
vn 0.00000000 -1.00000000 -0.00000000
vn 0.00000000 1.00000000 -0.00000000
vn -1.00000000 -0.00000000 -0.00000000
vn -1.00000000 -0.00000000 -0.00000000
vn 0.00000000 1.00000000 -0.00000000
vn -1.00000000 -0.00000000 -0.00000000
vn -1.00000000 -0.00000000 -0.00000000
vn -1.00000000 -0.00000000 -0.00000000
vn -1.00000000 -0.00000000 -0.00000000
vn -1.00000000 -0.00000000 -0.00000000
vn -1.00000000 -0.00000000 -0.00000000
vn -1.00000000 -0.00000000 -0.00000000
vn -1.00000000 -0.00000000 -0.00000000
vn -1.00000000 -0.00000000 -0.00000000
vn -1.00000000 -0.00000000 -0.00000000
vn -0.92660000 -0.09150000 -0.36480000
vn 0.00000000 1.00000000 -0.00000000
vn -0.71280000 -0.15340000 -0.68440000
vn 0.00000000 1.00000000 -0.00000000
vn -0.38740000 -0.18860000 -0.90240000
vn 0.00000000 1.00000000 -0.00000000
vn 0.00000000 1.00000000 -0.00000000
vn -0.71280000 -0.15340000 0.68440000
vn 0.00000000 1.00000000 -0.00000000
vn -0.38740000 -0.18850000 0.90240000
vn 0.00000000 1.00000000 -0.00000000
vn -0.92660000 -0.09150000 0.36480000
vn -0.00000000 -0.20000000 -0.97980000
vn 0.00000000 1.00000000 -0.00000000
vn -0.00000000 -0.20000000 -0.97980000
vn -0.00000000 -0.20000000 0.97980000
vn -0.00000000 -0.20000000 0.97980000
vn 0.00000000 1.00000000 -0.00000000
vn -0.00000000 -0.61140000 -0.79130000
vn -0.00000000 -0.61140000 -0.79130000
vn -0.50000000 -0.52950000 -0.68530000
vn -0.86600000 -0.30570000 -0.39570000
vn -0.86600000 -0.44880000 -0.22040000
vn -0.86600000 -0.50000000 -0.00000000
vn -0.86600000 -0.44880000 0.22040000
vn -0.86600000 -0.30570000 0.39570000
vn -0.50000000 -0.52950000 0.68530000
vn 0.00000000 -0.61140000 0.79130000
vn 0.00000000 -0.61140000 0.79130000
vn -0.00000000 -0.89760000 0.44080000
vn -0.00000000 -0.89760000 0.44080000
vn -0.50000000 -0.77730000 0.38170000
vn 0.00000000 -1.00000000 -0.00000000
vn 0.00000000 -1.00000000 -0.00000000
vn 0.00000000 -1.00000000 -0.00000000
vn -0.50000000 -0.86600000 -0.00000000
vn -0.00000000 -0.89760000 -0.44080000
vn -0.00000000 -0.89760000 -0.44080000
vn -0.50000000 -0.77730000 -0.38170000
vn -1.00000000 -0.00000000 -0.00000000
vn -1.00000000 -0.00000000 -0.00000000
vn 0.00000000 -1.00000000 -0.00000000
vn -1.00000000 -0.00000000 -0.00000000
vn -1.00000000 -0.00000000 -0.00000000
vn 0.00000000 -1.00000000 -0.00000000
vn -1.00000000 -0.00000000 -0.00000000
vn -1.00000000 -0.00000000 -0.00000000
vn -1.00000000 -0.00000000 -0.00000000
vn -1.00000000 -0.00000000 -0.00000000
vn -1.00000000 -0.00000000 -0.00000000
vn -1.00000000 -0.00000000 -0.00000000
vn -1.00000000 -0.00000000 -0.00000000
vn -1.00000000 -0.00000000 -0.00000000
vn -0.92660000 0.09150000 0.36480000
vn 0.00000000 -1.00000000 -0.00000000
vn 0.00000000 -1.00000000 -0.00000000
vn -0.71280000 0.15340000 0.68440000
vn -0.38740000 0.18860000 0.90240000
vn 0.00000000 -1.00000000 -0.00000000
vn 0.00000000 -1.00000000 -0.00000000
vn -0.71280000 0.15340000 -0.68440000
vn -0.38740000 0.18860000 -0.90240000
vn 0.00000000 -1.00000000 -0.00000000
vn -0.92660000 0.09150000 -0.36480000
vn 0.00000000 -1.00000000 -0.00000000
vn 0.00000000 -1.00000000 -0.00000000
vn -0.00000000 0.20000000 0.97980000
vn -0.00000000 0.20000000 0.97980000
vn 0.00000000 0.20000000 -0.97980000
vn 0.00000000 -1.00000000 -0.00000000
vn 0.00000000 0.20000000 -0.97980000
vn 0.00000000 0.61140000 -0.79130000
vn 0.00000000 0.61140000 -0.79130000
vn 0.00000000 0.89760000 -0.44080000
vn 0.00000000 0.89760000 -0.44080000
vn 0.00000000 1.00000000 -0.00000000
vn 0.00000000 1.00000000 -0.00000000
vn -0.00000000 0.89760000 0.44080000
vn -0.00000000 0.89760000 0.44080000
vn -0.00000000 0.61140000 0.79130000
vn -0.00000000 0.61140000 0.79130000
vn -0.50000000 0.52950000 0.68530000
vn -0.86600000 0.30570000 0.39570000
vn -0.86600000 0.44880000 0.22040000
vn -0.86600000 0.50000000 -0.00000000
vn -0.86600000 0.44880000 -0.22040000
vn -0.86600000 0.30570000 -0.39570000
vn -0.50000000 0.52950000 -0.68530000
vn -0.50000000 0.77740000 -0.38170000
vn -0.50000000 0.86600000 -0.00000000
vn -0.50000000 0.77730000 0.38170000
vn 0.46850000 -0.35740000 0.80790000
vn 0.46850000 -0.35740000 0.80790000
vn 0.50000000 -0.00000000 0.86600000
vn 0.50000000 -0.00000000 0.86600000
vn 0.50000000 -0.00000000 0.86600000
vn 0.50000000 -0.00000000 0.86600000
vn 0.24660000 -0.21160000 0.94570000
vn 0.25870000 -0.00000000 0.96600000
vn 0.25870000 -0.00000000 0.96600000
vn 0.00000000 -0.00000000 1.00000000
vn 0.00000000 -0.00000000 1.00000000
vn -0.01500000 -0.21830000 0.97580000
vn -0.25870000 0.00000000 0.96600000
vn -0.25870000 0.00000000 0.96600000
vn -0.46850000 -0.35740000 0.80790000
vn -0.46850000 -0.35740000 0.80790000
vn -0.50000000 -0.00000000 0.86600000
vn -0.50000000 -0.00000000 0.86600000
vn -0.50000000 -0.00000000 0.86600000
vn -0.50000000 -0.00000000 0.86600000
vn -0.01370000 -0.49690000 0.86770000
vn -0.44780000 -0.46190000 0.76560000
vn -0.44780000 -0.46190000 0.76560000
vn -0.01360000 -0.51200000 0.85890000
vn -0.01360000 -0.51480000 0.85720000
vn 0.22370000 -0.49910000 0.83720000
vn 0.22390000 -0.50180000 0.83550000
vn 0.44780000 -0.46190000 0.76560000
vn 0.44780000 -0.46190000 0.76560000
vn 0.23280000 -0.43310000 0.87080000
vn 0.47350000 -0.35400000 0.80650000
vn 0.47350000 -0.35400000 0.80650000
vn 0.17360000 0.00800000 0.98480000
vn 0.17360000 0.00800000 0.98480000
vn 0.50000000 0.00710000 0.86600000
vn 0.50000000 0.00710000 0.86600000
vn 0.50000000 0.00710000 0.86600000
vn 0.50000000 0.00710000 0.86600000
vn -0.47350000 -0.35400000 0.80650000
vn -0.47350000 -0.35400000 0.80650000
vn -0.01410000 -0.44530000 0.89530000
vn -0.50000000 0.00710000 0.86600000
vn -0.50000000 0.00710000 0.86600000
vn -0.50000000 0.00710000 0.86600000
vn -0.50000000 0.00710000 0.86600000
vn -0.17360000 0.00790000 0.98480000
vn -0.17360000 0.00790000 0.98480000
vn 0.22520000 -0.48420000 0.84550000
vn 0.49390000 -0.04730000 0.86820000
vn 0.49390000 -0.04730000 0.86820000
vn 0.24570000 -0.11220000 0.96280000
vn 0.49020000 -0.10090000 0.86580000
vn 0.49020000 -0.10090000 0.86580000
vn 0.48870000 -0.15280000 0.85890000
vn 0.48870000 -0.15280000 0.85890000
vn 0.16970000 -0.22940000 0.95840000
vn 0.16970000 -0.22940000 0.95840000
vn 0.48960000 -0.20290000 0.84800000
vn 0.48960000 -0.20290000 0.84800000
vn 0.48960000 -0.20290000 0.84800000
vn 0.48960000 -0.20290000 0.84800000
vn -0.01560000 -0.11570000 0.99320000
vn -0.49390000 -0.04730000 0.86820000
vn -0.49390000 -0.04730000 0.86820000
vn -0.49020000 -0.10080000 0.86580000
vn -0.49020000 -0.10080000 0.86580000
vn -0.48870000 -0.15280000 0.85890000
vn -0.48870000 -0.15280000 0.85890000
vn -0.16970000 -0.22940000 0.95840000
vn -0.16970000 -0.22940000 0.95840000
vn -0.48960000 -0.20290000 0.84800000
vn -0.48960000 -0.20290000 0.84800000
vn -0.48960000 -0.20290000 0.84800000
vn -0.48960000 -0.20290000 0.84800000
vn 0.49980000 -0.11580000 0.85840000
vn 0.49980000 -0.11580000 0.85840000
vn 0.25170000 0.12090000 0.96020000
vn 0.49730000 0.14940000 0.85460000
vn 0.49730000 0.14940000 0.85460000
vn 0.16020000 0.41390000 0.89610000
vn 0.16020000 0.41390000 0.89610000
vn 0.46420000 0.37140000 0.80410000
vn 0.46420000 0.37140000 0.80410000
vn 0.46420000 0.37140000 0.80410000
vn 0.46420000 0.37140000 0.80410000
vn -0.01540000 0.12500000 0.99200000
vn -0.49980000 -0.11580000 0.85840000
vn -0.49980000 -0.11580000 0.85840000
vn -0.49740000 0.14940000 0.85460000
vn -0.49740000 0.14940000 0.85460000
vn -0.16020000 0.41390000 0.89610000
vn -0.16020000 0.41390000 0.89610000
vn -0.46420000 0.37140000 0.80410000
vn -0.46420000 0.37140000 0.80410000
vn -0.46420000 0.37140000 0.80410000
vn -0.46420000 0.37140000 0.80410000
vn 0.47990000 0.28090000 0.83120000
vn 0.47990000 0.28090000 0.83120000
vn 0.24580000 0.22440000 0.94300000
vn 0.50000000 -0.00000000 0.86600000
vn 0.50000000 -0.00000000 0.86600000
vn 0.50000000 -0.00000000 0.86600000
vn 0.50000000 -0.00000000 0.86600000
vn 0.25870000 -0.00000000 0.96600000
vn 0.25870000 -0.00000000 0.96600000
vn 0.00000000 -0.00000000 1.00000000
vn 0.00000000 -0.00000000 1.00000000
vn -0.01490000 0.23150000 0.97270000
vn -0.25870000 0.00000000 0.96600000
vn -0.25870000 0.00000000 0.96600000
vn -0.50000000 -0.00000000 0.86600000
vn -0.50000000 -0.00000000 0.86600000
vn -0.50000000 -0.00000000 0.86600000
vn -0.50000000 -0.00000000 0.86600000
vn -0.47990000 0.28090000 0.83110000
vn -0.47990000 0.28090000 0.83110000
vn -0.05240000 0.81650000 0.57500000
vn -0.50000000 -0.00000000 0.86600000
vn -0.50000000 -0.00000000 0.86600000
vn -0.25890000 0.00000000 0.96590000
vn -0.02680000 0.81650000 0.57670000
vn 0.00000000 -0.00000000 1.00000000
vn 0.00000000 -0.00000000 1.00000000
vn -0.00030000 0.81660000 0.57710000
vn 0.02680000 0.81650000 0.57670000
vn 0.25890000 0.00000000 0.96590000
vn 0.00000000 -0.00000000 1.00000000
vn 0.50000000 -0.00000000 0.86600000
vn 0.50000000 -0.00000000 0.86600000
vn 0.05240000 0.81650000 0.57500000
vn -0.48970000 0.20160000 0.84820000
vn -0.48970000 0.20160000 0.84820000
vn -0.50000000 -0.00000000 0.86600000
vn -0.50000000 -0.00000000 0.86600000
vn -0.50000000 -0.00000000 0.86600000
vn -0.50000000 -0.00000000 0.86600000
vn -0.49110000 0.18720000 0.85070000
vn -0.46420000 0.37140000 0.80410000
vn -0.46420000 0.37140000 0.80410000
vn -0.46420000 0.37140000 0.80410000
vn -0.46420000 0.37140000 0.80410000
vn -0.49350000 0.10820000 0.86300000
vn -0.49350000 0.10820000 0.86300000
vn -0.49890000 0.06350000 0.86430000
vn -0.48960000 -0.20290000 0.84800000
vn -0.48960000 -0.20290000 0.84800000
vn -0.48960000 -0.20290000 0.84800000
vn -0.48960000 -0.20290000 0.84800000
vn -0.50000000 0.00710000 0.86600000
vn -0.50000000 0.00710000 0.86600000
vn -0.50000000 0.00710000 0.86600000
vn -0.50000000 0.00710000 0.86600000
vn -0.49770000 -0.09630000 0.86200000
vn -0.49890000 -0.02850000 0.86620000
vn -0.49890000 -0.02850000 0.86620000
vn -0.45170000 -0.41570000 0.78940000
vn -0.45470000 -0.41600000 0.78750000
vn -0.44690000 -0.44850000 0.77410000
vn -0.48790000 -0.21840000 0.84510000
vn -0.50000000 -0.00000000 0.86600000
vn -0.50000000 -0.00000000 0.86600000
vn -0.50000000 -0.00000000 0.86600000
vn -0.50000000 -0.00000000 0.86600000
vn -0.48770000 -0.21800000 0.84530000
vn -0.46640000 -0.35290000 0.81110000
vn -0.46640000 -0.35290000 0.81110000
vn -0.44550000 -0.44780000 0.77530000
vn -0.43920000 -0.46180000 0.77060000
vn -0.43920000 -0.46180000 0.77060000
vn -0.45920000 -0.36680000 0.80900000
vn -0.45920000 -0.36680000 0.80900000
vn -0.47180000 0.81650000 0.33280000
vn -0.50000000 -0.00000000 0.86600000
vn -0.50000000 -0.00000000 0.86600000
vn -0.50000000 -0.00000000 0.86600000
vn -0.28870000 0.81650000 0.50000000
vn -0.28870000 0.81650000 0.50000000
vn -0.69570000 -0.21160000 0.68640000
vn -0.70720000 -0.00000000 0.70700000
vn -0.70720000 -0.00000000 0.70700000
vn -0.86600000 -0.00000000 0.50000000
vn -0.86600000 -0.00000000 0.50000000
vn -0.85260000 -0.21830000 0.47490000
vn -1.00000000 -0.00000000 -0.00000000
vn -1.00000000 -0.00000000 -0.00000000
vn -1.00000000 -0.00000000 -0.00000000
vn -1.00000000 -0.00000000 -0.00000000
vn -0.93390000 -0.35740000 -0.00170000
vn -0.93390000 -0.35740000 -0.00170000
vn -0.75830000 -0.49690000 0.42200000
vn -0.88690000 -0.46190000 -0.00500000
vn -0.88690000 -0.46190000 -0.00500000
vn -0.75060000 -0.51190000 0.41770000
vn -0.74920000 -0.51480000 0.41680000
vn -0.61320000 -0.49900000 0.61230000
vn -0.61170000 -0.50180000 0.61160000
vn -0.63770000 -0.43310000 0.63700000
vn -0.76610000 0.00790000 0.64270000
vn -0.76610000 0.00790000 0.64270000
vn -0.93520000 -0.35400000 -0.00680000
vn -0.93520000 -0.35400000 -0.00680000
vn -0.78240000 -0.44530000 0.43540000
vn -1.00000000 0.00710000 -0.00000000
vn -1.00000000 0.00710000 -0.00000000
vn -1.00000000 0.00710000 -0.00000000
vn -1.00000000 0.00710000 -0.00000000
vn -0.93970000 0.00790000 0.34200000
vn -0.93970000 0.00790000 0.34200000
vn -0.61960000 -0.48420000 0.61780000
vn -0.71100000 -0.11220000 0.69420000
vn -0.86790000 -0.11570000 0.48310000
vn -0.99890000 -0.04730000 0.00640000
vn -0.99890000 -0.04730000 0.00640000
vn -0.99490000 -0.10080000 0.00840000
vn -0.99490000 -0.10080000 0.00840000
vn -0.98820000 -0.15280000 0.00620000
vn -0.98820000 -0.15280000 0.00620000
vn -0.91490000 -0.22940000 0.33230000
vn -0.91490000 -0.22940000 0.33230000
vn -0.97920000 -0.20290000 -0.00000000
vn -0.97920000 -0.20290000 -0.00000000
vn -0.97920000 -0.20290000 -0.00000000
vn -0.97920000 -0.20290000 -0.00000000
vn -0.74520000 -0.22940000 0.62620000
vn -0.74520000 -0.22940000 0.62620000
vn -0.70570000 0.12090000 0.69810000
vn -0.69590000 0.41390000 0.58680000
vn -0.69590000 0.41390000 0.58680000
vn -0.86680000 0.12500000 0.48270000
vn -0.85620000 0.41390000 0.30930000
vn -0.85620000 0.41390000 0.30930000
vn -0.98890000 0.14880000 -0.00340000
vn -0.98890000 0.14880000 -0.00340000
vn -0.92880000 0.37050000 -0.00030000
vn -0.92880000 0.37050000 -0.00030000
vn -0.99330000 -0.11580000 -0.00360000
vn -0.99330000 -0.11580000 -0.00360000
vn -0.92840000 0.37150000 -0.00030000
vn -0.92840000 0.37150000 -0.00030000
vn -0.92840000 0.37150000 -0.00030000
vn -0.92840000 0.37150000 -0.00030000
vn -0.69370000 0.22440000 0.68440000
vn -0.84980000 0.23150000 0.47350000
vn -0.95970000 0.28090000 -0.00000000
vn -0.95970000 0.28090000 -0.00000000
vn -1.00000000 -0.00000000 -0.00000000
vn -1.00000000 -0.00000000 -0.00000000
vn -1.00000000 -0.00000000 -0.00000000
vn -1.00000000 -0.00000000 -0.00000000
vn -0.96590000 0.00000000 0.25890000
vn -0.96590000 0.00000000 0.25890000
vn -0.86600000 -0.00000000 0.50000000
vn -0.86600000 -0.00000000 0.50000000
vn -0.70720000 -0.00000000 0.70700000
vn -0.70720000 -0.00000000 0.70700000
vn -1.00000000 -0.00000000 -0.00000000
vn -0.52410000 0.81650000 0.24220000
vn -1.00000000 -0.00000000 -0.00000000
vn -0.51280000 0.81650000 0.26530000
vn -0.96590000 0.00000000 0.25870000
vn -0.86600000 -0.00000000 0.50000000
vn -0.86600000 -0.00000000 0.50000000
vn -0.50000000 0.81660000 0.28840000
vn -0.70710000 0.00000000 0.70710000
vn -0.48610000 0.81650000 0.31150000
vn -0.86600000 -0.00000000 0.50000000
vn -0.97950000 0.20160000 0.00000000
vn -0.97950000 0.20160000 0.00000000
vn -1.00000000 -0.00000000 -0.00000000
vn -1.00000000 -0.00000000 -0.00000000
vn -1.00000000 -0.00000000 -0.00000000
vn -1.00000000 -0.00000000 -0.00000000
vn -0.98230000 0.18720000 0.00000000
vn -0.92850000 0.37140000 -0.00000000
vn -0.92850000 0.37140000 -0.00000000
vn -0.92850000 0.37140000 -0.00000000
vn -0.92850000 0.37140000 -0.00000000
vn -0.99410000 0.10820000 0.00410000
vn -0.99410000 0.10820000 0.00410000
vn -0.99800000 0.06350000 0.00010000
vn -0.97920000 -0.20290000 -0.00000000
vn -0.97920000 -0.20290000 -0.00000000
vn -0.97920000 -0.20290000 -0.00000000
vn -0.97920000 -0.20290000 -0.00000000
vn -1.00000000 0.00710000 -0.00000000
vn -1.00000000 0.00710000 -0.00000000
vn -1.00000000 0.00710000 -0.00000000
vn -1.00000000 0.00710000 -0.00000000
vn -0.99530000 -0.09630000 0.00000000
vn -0.99960000 -0.02850000 0.00100000
vn -0.99960000 -0.02850000 0.00100000
vn -0.90950000 -0.41570000 0.00360000
vn -0.90930000 -0.41610000 0.00000000
vn -0.89380000 -0.44850000 -0.00000000
vn -0.97590000 -0.21840000 -0.00000000
vn -1.00000000 -0.00000000 -0.00000000
vn -1.00000000 -0.00000000 -0.00000000
vn -1.00000000 -0.00000000 -0.00000000
vn -1.00000000 -0.00000000 -0.00000000
vn -0.97590000 -0.21800000 0.00030000
vn -0.93570000 -0.35290000 0.00170000
vn -0.93570000 -0.35290000 0.00170000
vn -0.89410000 -0.44780000 0.00180000
vn -0.88700000 -0.46180000 0.00490000
vn -0.88700000 -0.46180000 0.00490000
vn -0.93030000 -0.36680000 0.00680000
vn -0.93030000 -0.36680000 0.00680000
vn -0.57730000 0.81650000 -0.00000000
vn -1.00000000 -0.00000000 -0.00000000
vn -0.56380000 0.81650000 -0.12420000
vn -1.00000000 -0.00000000 -0.00000000
vn -1.00000000 -0.00000000 -0.00000000
vn -1.00000000 -0.00000000 -0.00000000
vn -0.52410000 0.81650000 -0.24220000
vn -1.00000000 -0.00000000 -0.00000000
vn -0.56390000 0.81650000 0.12420000
vn -0.94230000 -0.21160000 -0.25930000
vn -0.86600000 0.00000000 -0.50000000
vn -0.86600000 0.00000000 -0.50000000
vn -0.83750000 -0.21830000 -0.50090000
vn -0.70720000 0.00000000 -0.70700000
vn -0.70720000 0.00000000 -0.70700000
vn -0.46550000 -0.35740000 -0.80970000
vn -0.46550000 -0.35740000 -0.80970000
vn -0.50000000 0.00000000 -0.86600000
vn -0.50000000 0.00000000 -0.86600000
vn -0.50000000 0.00000000 -0.86600000
vn -0.50000000 0.00000000 -0.86600000
vn -0.74460000 -0.49690000 -0.44570000
vn -0.43910000 -0.46190000 -0.77060000
vn -0.43910000 -0.46190000 -0.77060000
vn -0.73700000 -0.51190000 -0.44130000
vn -0.73560000 -0.51480000 -0.44040000
vn -0.83690000 -0.49900000 -0.22490000
vn -0.83550000 -0.50180000 -0.22390000
vn -0.87050000 -0.43310000 -0.23380000
vn -0.93960000 0.00790000 -0.34210000
vn -0.93960000 0.00790000 -0.34210000
vn -0.46170000 -0.35400000 -0.81330000
vn -0.46170000 -0.35400000 -0.81330000
vn -0.76830000 -0.44530000 -0.45990000
vn -0.50000000 0.00710000 -0.86600000
vn -0.50000000 0.00710000 -0.86600000
vn -0.50000000 0.00710000 -0.86600000
vn -0.50000000 0.00710000 -0.86600000
vn -0.76600000 0.00790000 -0.64270000
vn -0.76600000 0.00790000 -0.64270000
vn -0.84480000 -0.48420000 -0.22770000
vn -0.95670000 -0.11220000 -0.26860000
vn -0.85230000 -0.11570000 -0.51010000
vn -0.50500000 -0.04730000 -0.86180000
vn -0.50500000 -0.04730000 -0.86180000
vn -0.50470000 -0.10080000 -0.85740000
vn -0.50470000 -0.10080000 -0.85740000
vn -0.49950000 -0.15280000 -0.85270000
vn -0.49950000 -0.15280000 -0.85270000
vn -0.74520000 -0.22940000 -0.62620000
vn -0.74520000 -0.22940000 -0.62620000
vn -0.48960000 -0.20290000 -0.84800000
vn -0.48960000 -0.20290000 -0.84800000
vn -0.48960000 -0.20290000 -0.84800000
vn -0.48960000 -0.20290000 -0.84800000
vn -0.91490000 -0.22940000 -0.33230000
vn -0.91490000 -0.22940000 -0.33230000
vn -0.95740000 0.12090000 -0.26210000
vn -0.85620000 0.41390000 -0.30930000
vn -0.85620000 0.41390000 -0.30930000
vn -0.85150000 0.12500000 -0.50930000
vn -0.69600000 0.41390000 -0.58680000
vn -0.69600000 0.41390000 -0.58680000
vn -0.49150000 0.14880000 -0.85810000
vn -0.49150000 0.14880000 -0.85810000
vn -0.46470000 0.37070000 -0.80410000
vn -0.46470000 0.37070000 -0.80410000
vn -0.49350000 -0.11580000 -0.86200000
vn -0.49350000 -0.11580000 -0.86200000
vn -0.46460000 0.37170000 -0.80370000
vn -0.46460000 0.37170000 -0.80370000
vn -0.46460000 0.37170000 -0.80370000
vn -0.46460000 0.37170000 -0.80370000
vn -0.93960000 0.22440000 -0.25860000
vn -0.83500000 0.23150000 -0.49920000
vn -0.47990000 0.28090000 -0.83110000
vn -0.47990000 0.28090000 -0.83110000
vn -0.50000000 0.00000000 -0.86600000
vn -0.50000000 0.00000000 -0.86600000
vn -0.50000000 0.00000000 -0.86600000
vn -0.50000000 0.00000000 -0.86600000
vn -0.70720000 0.00000000 -0.70700000
vn -0.70720000 0.00000000 -0.70700000
vn -0.86600000 0.00000000 -0.50000000
vn -0.86600000 0.00000000 -0.50000000
vn -0.96590000 -0.00000000 -0.25900000
vn -0.96590000 -0.00000000 -0.25900000
vn -0.47180000 0.81650000 -0.33280000
vn -0.50000000 0.00000000 -0.86600000
vn -0.50000000 0.00000000 -0.86600000
vn -0.48610000 0.81650000 -0.31150000
vn -0.70710000 0.00000000 -0.70710000
vn -0.86600000 0.00000000 -0.50000000
vn -0.49970000 0.81660000 -0.28880000
vn -0.86600000 0.00000000 -0.50000000
vn -0.51290000 0.81650000 -0.26520000
vn -0.96590000 0.00000000 -0.25870000
vn -0.86600000 0.00000000 -0.50000000
vn -0.48970000 0.20160000 -0.84830000
vn -0.48970000 0.20160000 -0.84830000
vn -0.50000000 0.00000000 -0.86600000
vn -0.50000000 0.00000000 -0.86600000
vn -0.50000000 0.00000000 -0.86600000
vn -0.50000000 0.00000000 -0.86600000
vn -0.49120000 0.18720000 -0.85070000
vn -0.46420000 0.37140000 -0.80410000
vn -0.46420000 0.37140000 -0.80410000
vn -0.46420000 0.37140000 -0.80410000
vn -0.46420000 0.37140000 -0.80410000
vn -0.50060000 0.10820000 -0.85890000
vn -0.50060000 0.10820000 -0.85890000
vn -0.49910000 0.06350000 -0.86420000
vn -0.48960000 -0.20290000 -0.84800000
vn -0.48960000 -0.20290000 -0.84800000
vn -0.48960000 -0.20290000 -0.84800000
vn -0.48960000 -0.20290000 -0.84800000
vn -0.50000000 0.00710000 -0.86600000
vn -0.50000000 0.00710000 -0.86600000
vn -0.50000000 0.00710000 -0.86600000
vn -0.50000000 0.00710000 -0.86600000
vn -0.49770000 -0.09630000 -0.86200000
vn -0.50070000 -0.02850000 -0.86510000
vn -0.50070000 -0.02850000 -0.86510000
vn -0.45780000 -0.41570000 -0.78590000
vn -0.45470000 -0.41600000 -0.78750000
vn -0.44690000 -0.44850000 -0.77410000
vn -0.48790000 -0.21840000 -0.84510000
vn -0.50000000 0.00000000 -0.86600000
vn -0.50000000 0.00000000 -0.86600000
vn -0.50000000 0.00000000 -0.86600000
vn -0.50000000 0.00000000 -0.86600000
vn -0.48820000 -0.21800000 -0.84510000
vn -0.46930000 -0.35290000 -0.80950000
vn -0.46930000 -0.35290000 -0.80950000
vn -0.44870000 -0.44780000 -0.77340000
vn -0.44770000 -0.46180000 -0.76570000
vn -0.44770000 -0.46180000 -0.76570000
vn -0.47100000 -0.36690000 -0.80220000
vn -0.47100000 -0.36690000 -0.80220000
vn -0.50000000 0.00000000 -0.86600000
vn -0.28860000 0.81650000 -0.50000000
vn -0.17430000 0.81650000 -0.55040000
vn -0.50000000 0.00000000 -0.86600000
vn -0.05240000 0.81650000 -0.57500000
vn -0.50000000 0.00000000 -0.86600000
vn -0.50000000 0.00000000 -0.86600000
vn -0.38950000 0.81650000 -0.42620000
vn -0.50000000 0.00000000 -0.86600000
vn 0.48610000 0.81650000 -0.31150000
vn 0.70710000 0.00000000 -0.70710000
vn 0.50000000 0.00000000 -0.86600000
vn 0.47180000 0.81650000 -0.33280000
vn 0.50000000 0.00000000 -0.86600000
vn 0.00000000 1.00000000 -0.00000000
vn 0.49310000 0.81650000 -0.30040000
vn 0.28870000 0.81650000 -0.50000000
vn 0.50000000 0.00000000 -0.86600000
vn 0.27680000 0.81650000 -0.50670000
vn 0.00000000 1.00000000 -0.00000000
vn 0.50000000 0.00000000 -0.86600000
vn 0.05240000 0.81650000 -0.57500000
vn 0.50000000 0.00000000 -0.86600000
vn 0.00000000 1.00000000 -0.00000000
vn -0.01360000 0.81650000 -0.57720000
vn 0.25890000 0.00000000 -0.96590000
vn 0.02680000 0.81650000 -0.57670000
vn 0.00000000 0.00000000 -1.00000000
vn 0.00030000 0.81660000 -0.57710000
vn -0.02680000 0.81650000 -0.57670000
vn -0.25890000 0.00000000 -0.96590000
vn -0.30040000 0.81650000 -0.49310000
vn 0.00000000 1.00000000 -0.00000000
vn 0.00000000 1.00000000 -0.00000000
vn -0.50670000 0.81650000 -0.27680000
vn -0.57720000 0.81650000 0.01360000
vn 0.00000000 1.00000000 -0.00000000
vn 0.00000000 1.00000000 -0.00000000
vn -0.49310000 0.81650000 0.30040000
vn -0.27680000 0.81650000 0.50670000
vn 0.00000000 1.00000000 -0.00000000
vn -0.27680000 0.81650000 0.50670000
vn 0.01360000 0.81650000 0.57720000
vn 0.00000000 1.00000000 -0.00000000
vn 0.50000000 -0.00000000 0.86600000
vn 0.17430000 0.81650000 0.55040000
vn 0.00000000 1.00000000 -0.00000000
vn 0.30040000 0.81650000 0.49310000
vn 0.28860000 0.81650000 0.50000000
vn 0.50000000 -0.00000000 0.86600000
vn 0.50000000 -0.00000000 0.86600000
vn 0.38950000 0.81650000 0.42620000
vn 0.00000000 1.00000000 -0.00000000
vn 0.50670000 0.81650000 0.27680000
vn 0.47180000 0.81650000 0.33280000
vn 0.50000000 -0.00000000 0.86600000
vn 0.50000000 -0.00000000 0.86600000
vn 0.48610000 0.81650000 0.31150000
vn 0.70710000 0.00000000 0.70710000
vn 0.86600000 -0.00000000 0.50000000
vn 0.50000000 0.81650000 0.28870000
vn 0.51280000 0.81650000 0.26530000
vn 0.96590000 0.00000000 0.25870000
vn 0.52410000 0.81650000 0.24220000
vn 1.00000000 -0.00000000 0.00000000
vn 1.00000000 -0.00000000 0.00000000
vn 0.56380000 0.81650000 0.12420000
vn 1.00000000 -0.00000000 0.00000000
vn 0.00000000 1.00000000 -0.00000000
vn 0.57720000 0.81650000 -0.01360000
vn 1.00000000 -0.00000000 0.00000000
vn 0.57740000 0.81650000 -0.00000000
vn 0.56390000 0.81650000 -0.12420000
vn 1.00000000 -0.00000000 0.00000000
vn 1.00000000 -0.00000000 0.00000000
vn 0.52410000 0.81650000 -0.24220000
vn 1.00000000 -0.00000000 0.00000000
vn 0.96590000 0.00000000 -0.25880000
vn 0.51280000 0.81650000 -0.26530000
vn 0.50000000 0.81660000 -0.28840000
vn 0.86600000 0.00000000 -0.50000000
vn -0.24670000 -0.21160000 -0.94570000
vn -0.25870000 -0.00000000 -0.96600000
vn -0.25870000 -0.00000000 -0.96600000
vn 0.00000000 0.00000000 -1.00000000
vn 0.00000000 0.00000000 -1.00000000
vn 0.01500000 -0.21830000 -0.97580000
vn 0.25870000 0.00000000 -0.96600000
vn 0.25870000 0.00000000 -0.96600000
vn 0.46850000 -0.35740000 -0.80800000
vn 0.46850000 -0.35740000 -0.80800000
vn 0.50000000 0.00000000 -0.86600000
vn 0.50000000 0.00000000 -0.86600000
vn 0.50000000 0.00000000 -0.86600000
vn 0.50000000 0.00000000 -0.86600000
vn 0.01370000 -0.49700000 -0.86770000
vn 0.44780000 -0.46190000 -0.76560000
vn 0.44780000 -0.46190000 -0.76560000
vn 0.01360000 -0.51200000 -0.85890000
vn 0.01360000 -0.51480000 -0.85720000
vn -0.22360000 -0.49900000 -0.83720000
vn -0.22390000 -0.50180000 -0.83550000
vn -0.23280000 -0.43310000 -0.87080000
vn -0.17360000 0.00790000 -0.98480000
vn -0.17360000 0.00790000 -0.98480000
vn 0.47350000 -0.35400000 -0.80650000
vn 0.47350000 -0.35400000 -0.80650000
vn 0.01410000 -0.44530000 -0.89530000
vn 0.50000000 0.00710000 -0.86600000
vn 0.50000000 0.00710000 -0.86600000
vn 0.50000000 0.00710000 -0.86600000
vn 0.50000000 0.00710000 -0.86600000
vn 0.17360000 0.00790000 -0.98480000
vn 0.17360000 0.00790000 -0.98480000
vn -0.22520000 -0.48420000 -0.84550000
vn -0.24570000 -0.11220000 -0.96280000
vn 0.01560000 -0.11570000 -0.99320000
vn 0.49390000 -0.04730000 -0.86820000
vn 0.49390000 -0.04730000 -0.86820000
vn 0.49020000 -0.10080000 -0.86580000
vn 0.49020000 -0.10080000 -0.86580000
vn 0.48870000 -0.15280000 -0.85890000
vn 0.48870000 -0.15280000 -0.85890000
vn 0.16970000 -0.22940000 -0.95840000
vn 0.16970000 -0.22940000 -0.95840000
vn 0.48960000 -0.20290000 -0.84800000
vn 0.48960000 -0.20290000 -0.84800000
vn 0.48960000 -0.20290000 -0.84800000
vn 0.48960000 -0.20290000 -0.84800000
vn -0.16970000 -0.22940000 -0.95840000
vn -0.16970000 -0.22940000 -0.95840000
vn -0.25160000 0.12100000 -0.96020000
vn -0.16020000 0.41390000 -0.89610000
vn -0.16020000 0.41390000 -0.89610000
vn 0.01530000 0.12500000 -0.99200000
vn 0.16020000 0.41390000 -0.89610000
vn 0.16020000 0.41390000 -0.89610000
vn 0.49740000 0.14880000 -0.85470000
vn 0.49740000 0.14880000 -0.85470000
vn 0.46500000 0.37110000 -0.80380000
vn 0.46500000 0.37110000 -0.80380000
vn 0.49980000 -0.11580000 -0.85840000
vn 0.49980000 -0.11580000 -0.85840000
vn 0.46470000 0.37200000 -0.80350000
vn 0.46470000 0.37200000 -0.80350000
vn 0.46470000 0.37200000 -0.80350000
vn 0.46470000 0.37200000 -0.80350000
vn -0.24580000 0.22440000 -0.94300000
vn 0.01490000 0.23150000 -0.97270000
vn 0.47990000 0.28090000 -0.83110000
vn 0.47990000 0.28090000 -0.83110000
vn 0.50000000 0.00000000 -0.86600000
vn 0.50000000 0.00000000 -0.86600000
vn 0.50000000 0.00000000 -0.86600000
vn 0.50000000 0.00000000 -0.86600000
vn 0.25870000 0.00000000 -0.96600000
vn 0.25870000 0.00000000 -0.96600000
vn 0.00000000 0.00000000 -1.00000000
vn 0.00000000 0.00000000 -1.00000000
vn -0.25870000 -0.00000000 -0.96600000
vn -0.25870000 -0.00000000 -0.96600000
vn 0.00000000 0.00000000 -1.00000000
vn 0.00000000 0.00000000 -1.00000000
vn 0.48970000 0.20160000 -0.84820000
vn 0.48970000 0.20160000 -0.84820000
vn 0.50000000 0.00000000 -0.86600000
vn 0.50000000 0.00000000 -0.86600000
vn 0.50000000 0.00000000 -0.86600000
vn 0.50000000 0.00000000 -0.86600000
vn 0.49110000 0.18720000 -0.85070000
vn 0.46420000 0.37140000 -0.80410000
vn 0.46420000 0.37140000 -0.80410000
vn 0.46420000 0.37140000 -0.80410000
vn 0.46420000 0.37140000 -0.80410000
vn 0.49350000 0.10820000 -0.86300000
vn 0.49350000 0.10820000 -0.86300000
vn 0.49890000 0.06350000 -0.86430000
vn 0.48960000 -0.20290000 -0.84800000
vn 0.48960000 -0.20290000 -0.84800000
vn 0.48960000 -0.20290000 -0.84800000
vn 0.48960000 -0.20290000 -0.84800000
vn 0.50000000 0.00710000 -0.86600000
vn 0.50000000 0.00710000 -0.86600000
vn 0.50000000 0.00710000 -0.86600000
vn 0.50000000 0.00710000 -0.86600000
vn 0.49770000 -0.09630000 -0.86200000
vn 0.49890000 -0.02850000 -0.86620000
vn 0.49890000 -0.02850000 -0.86620000
vn 0.45170000 -0.41570000 -0.78940000
vn 0.45470000 -0.41610000 -0.78750000
vn 0.44690000 -0.44850000 -0.77410000
vn 0.48790000 -0.21840000 -0.84510000
vn 0.50000000 0.00000000 -0.86600000
vn 0.50000000 0.00000000 -0.86600000
vn 0.50000000 0.00000000 -0.86600000
vn 0.50000000 0.00000000 -0.86600000
vn 0.48770000 -0.21800000 -0.84530000
vn 0.46640000 -0.35290000 -0.81110000
vn 0.46640000 -0.35290000 -0.81110000
vn 0.44550000 -0.44780000 -0.77530000
vn 0.43920000 -0.46180000 -0.77060000
vn 0.43920000 -0.46180000 -0.77060000
vn 0.45920000 -0.36680000 -0.80900000
vn 0.45920000 -0.36680000 -0.80900000
vn 0.69570000 -0.21160000 -0.68640000
vn 0.70720000 -0.00000000 -0.70700000
vn 0.70720000 -0.00000000 -0.70700000
vn 0.86600000 0.00000000 -0.50000000
vn 0.86600000 0.00000000 -0.50000000
vn 0.85260000 -0.21830000 -0.47490000
vn 1.00000000 -0.00000000 0.00000000
vn 1.00000000 -0.00000000 0.00000000
vn 1.00000000 -0.00000000 0.00000000
vn 1.00000000 -0.00000000 0.00000000
vn 0.93390000 -0.35740000 0.00170000
vn 0.93390000 -0.35740000 0.00170000
vn 0.75830000 -0.49690000 -0.42200000
vn 0.88690000 -0.46190000 0.00500000
vn 0.88690000 -0.46190000 0.00500000
vn 0.75060000 -0.51190000 -0.41770000
vn 0.74920000 -0.51480000 -0.41680000
vn 0.61320000 -0.49900000 -0.61230000
vn 0.61170000 -0.50170000 -0.61160000
vn 0.63770000 -0.43310000 -0.63700000
vn 0.76610000 0.00790000 -0.64270000
vn 0.76610000 0.00790000 -0.64270000
vn 0.93520000 -0.35400000 0.00680000
vn 0.93520000 -0.35400000 0.00680000
vn 0.78240000 -0.44530000 -0.43540000
vn 1.00000000 0.00710000 0.00000000
vn 1.00000000 0.00710000 0.00000000
vn 1.00000000 0.00710000 0.00000000
vn 1.00000000 0.00710000 0.00000000
vn 0.93970000 0.00790000 -0.34200000
vn 0.93970000 0.00790000 -0.34200000
vn 0.61960000 -0.48420000 -0.61780000
vn 0.71100000 -0.11220000 -0.69420000
vn 0.86790000 -0.11570000 -0.48310000
vn 0.99890000 -0.04730000 -0.00640000
vn 0.99890000 -0.04730000 -0.00640000
vn 0.99490000 -0.10080000 -0.00840000
vn 0.99490000 -0.10080000 -0.00840000
vn 0.98820000 -0.15280000 -0.00620000
vn 0.98820000 -0.15280000 -0.00620000
vn 0.91490000 -0.22940000 -0.33230000
vn 0.91490000 -0.22940000 -0.33230000
vn 0.97920000 -0.20290000 0.00000000
vn 0.97920000 -0.20290000 0.00000000
vn 0.97920000 -0.20290000 0.00000000
vn 0.97920000 -0.20290000 0.00000000
vn 0.74520000 -0.22940000 -0.62620000
vn 0.74520000 -0.22940000 -0.62620000
vn 0.70580000 0.12100000 -0.69810000
vn 0.69590000 0.41390000 -0.58680000
vn 0.69590000 0.41390000 -0.58680000
vn 0.86680000 0.12500000 -0.48270000
vn 0.85620000 0.41390000 -0.30930000
vn 0.85620000 0.41390000 -0.30930000
vn 0.98880000 0.14940000 0.00340000
vn 0.98880000 0.14940000 0.00340000
vn 0.92850000 0.37140000 0.00000000
vn 0.92850000 0.37140000 0.00000000
vn 0.92850000 0.37140000 0.00000000
vn 0.92850000 0.37140000 0.00000000
vn 0.99330000 -0.11580000 0.00360000
vn 0.99330000 -0.11580000 0.00360000
vn 0.69370000 0.22440000 -0.68440000
vn 0.84980000 0.23150000 -0.47350000
vn 0.95970000 0.28090000 0.00000000
vn 0.95970000 0.28090000 0.00000000
vn 1.00000000 -0.00000000 0.00000000
vn 1.00000000 -0.00000000 0.00000000
vn 1.00000000 -0.00000000 0.00000000
vn 1.00000000 -0.00000000 0.00000000
vn 0.96590000 0.00000000 -0.25890000
vn 0.96590000 0.00000000 -0.25890000
vn 0.86600000 0.00000000 -0.50000000
vn 0.86600000 0.00000000 -0.50000000
vn 0.70720000 -0.00000000 -0.70700000
vn 0.70720000 -0.00000000 -0.70700000
vn 0.86600000 0.00000000 -0.50000000
vn 0.86600000 0.00000000 -0.50000000
vn 0.48970000 0.20160000 0.84820000
vn 0.48970000 0.20160000 0.84820000
vn 0.46420000 0.37140000 0.80410000
vn 0.46420000 0.37140000 0.80410000
vn 0.46420000 0.37140000 0.80410000
vn 0.46420000 0.37140000 0.80410000
vn 0.49110000 0.18720000 0.85070000
vn 0.50000000 -0.00000000 0.86600000
vn 0.50000000 -0.00000000 0.86600000
vn 0.50000000 -0.00000000 0.86600000
vn 0.50000000 -0.00000000 0.86600000
vn 0.49350000 0.10820000 0.86300000
vn 0.49350000 0.10820000 0.86300000
vn 0.48960000 -0.20290000 0.84800000
vn 0.48960000 -0.20290000 0.84800000
vn 0.48960000 -0.20290000 0.84800000
vn 0.48960000 -0.20290000 0.84800000
vn 0.49910000 0.06350000 0.86420000
vn 0.49760000 -0.09630000 0.86200000
vn 0.50000000 0.00710000 0.86600000
vn 0.50000000 0.00710000 0.86600000
vn 0.50000000 0.00710000 0.86600000
vn 0.50000000 0.00710000 0.86600000
vn 0.46640000 -0.35290000 0.81110000
vn 0.46640000 -0.35290000 0.81110000
vn 0.50000000 -0.00000000 0.86600000
vn 0.50000000 -0.00000000 0.86600000
vn 0.50000000 -0.00000000 0.86600000
vn 0.50000000 -0.00000000 0.86600000
vn 0.48790000 -0.21840000 0.84510000
vn 0.48820000 -0.21800000 0.84510000
vn 0.44870000 -0.44770000 0.77340000
vn 0.45780000 -0.41570000 0.78590000
vn 0.49890000 -0.02850000 0.86620000
vn 0.49890000 -0.02850000 0.86620000
vn 0.45920000 -0.36680000 0.80900000
vn 0.45920000 -0.36680000 0.80900000
vn 0.45470000 -0.41600000 0.78750000
vn 0.44690000 -0.44850000 0.77410000
vn 0.43930000 -0.46180000 0.77060000
vn 0.43930000 -0.46180000 0.77060000
vn 0.97950000 0.20160000 -0.00000000
vn 0.97950000 0.20160000 -0.00000000
vn 1.00000000 -0.00000000 0.00000000
vn 1.00000000 -0.00000000 0.00000000
vn 1.00000000 -0.00000000 0.00000000
vn 1.00000000 -0.00000000 0.00000000
vn 0.98230000 0.18720000 0.00000000
vn 0.92850000 0.37140000 0.00000000
vn 0.92850000 0.37140000 0.00000000
vn 0.92850000 0.37140000 0.00000000
vn 0.92850000 0.37140000 0.00000000
vn 0.99410000 0.10820000 -0.00410000
vn 0.99410000 0.10820000 -0.00410000
vn 0.99800000 0.06350000 -0.00010000
vn 0.97920000 -0.20290000 0.00000000
vn 0.97920000 -0.20290000 0.00000000
vn 0.97920000 -0.20290000 0.00000000
vn 0.97920000 -0.20290000 0.00000000
vn 1.00000000 0.00710000 0.00000000
vn 1.00000000 0.00710000 0.00000000
vn 1.00000000 0.00710000 0.00000000
vn 1.00000000 0.00710000 0.00000000
vn 0.99530000 -0.09630000 -0.00000000
vn 0.99960000 -0.02850000 -0.00100000
vn 0.99960000 -0.02850000 -0.00100000
vn 0.90950000 -0.41570000 -0.00360000
vn 0.90940000 -0.41600000 0.00000000
vn 0.89380000 -0.44850000 0.00000000
vn 0.97590000 -0.21840000 0.00000000
vn 1.00000000 -0.00000000 0.00000000
vn 1.00000000 -0.00000000 0.00000000
vn 1.00000000 -0.00000000 0.00000000
vn 1.00000000 -0.00000000 0.00000000
vn 0.97590000 -0.21800000 -0.00030000
vn 0.93570000 -0.35290000 -0.00170000
vn 0.93570000 -0.35290000 -0.00170000
vn 0.89410000 -0.44780000 -0.00180000
vn 0.88700000 -0.46180000 -0.00490000
vn 0.88700000 -0.46180000 -0.00490000
vn 0.93030000 -0.36680000 -0.00680000
vn 0.93030000 -0.36680000 -0.00680000
vn 0.94230000 -0.21160000 0.25930000
vn 0.86600000 -0.00000000 0.50000000
vn 0.86600000 -0.00000000 0.50000000
vn 0.83750000 -0.21830000 0.50090000
vn 0.70720000 0.00000000 0.70700000
vn 0.70720000 0.00000000 0.70700000
vn 0.74460000 -0.49690000 0.44570000
vn 0.73710000 -0.51190000 0.44120000
vn 0.73560000 -0.51480000 0.44030000
vn 0.76830000 -0.44530000 0.45990000
vn 0.83550000 -0.50180000 0.22390000
vn 0.87050000 -0.43310000 0.23380000
vn 0.93960000 0.00790000 0.34210000
vn 0.93960000 0.00790000 0.34210000
vn 0.76600000 0.00790000 0.64270000
vn 0.76600000 0.00790000 0.64270000
vn 0.83690000 -0.49900000 0.22490000
vn 0.84480000 -0.48420000 0.22770000
vn 0.95670000 -0.11220000 0.26860000
vn 0.85230000 -0.11570000 0.51010000
vn 0.74520000 -0.22940000 0.62620000
vn 0.74520000 -0.22940000 0.62620000
vn 0.91490000 -0.22940000 0.33230000
vn 0.91490000 -0.22940000 0.33230000
vn 0.95740000 0.12100000 0.26220000
vn 0.85620000 0.41390000 0.30930000
vn 0.85620000 0.41390000 0.30930000
vn 0.85150000 0.12500000 0.50930000
vn 0.69590000 0.41390000 0.58680000
vn 0.69590000 0.41390000 0.58680000
vn 0.93960000 0.22440000 0.25860000
vn 0.83500000 0.23150000 0.49920000
vn 0.70720000 0.00000000 0.70700000
vn 0.70720000 0.00000000 0.70700000
vn 0.86600000 -0.00000000 0.50000000
vn 0.86600000 -0.00000000 0.50000000
vn 0.96590000 -0.00000000 0.25900000
vn 0.96590000 -0.00000000 0.25900000
vn 0.86600000 -0.00000000 0.50000000
vn 0.86600000 -0.00000000 0.50000000
vn 0.49790000 0.00000000 0.86720000
vn 0.49790000 0.00000000 0.86720000
vn 0.49790000 0.00000000 0.86720000
vn 0.49790000 0.00000000 0.86720000
vn 0.17370000 -0.00000000 0.98480000
vn 0.17370000 -0.00000000 0.98480000
vn -0.17360000 0.00000000 0.98480000
vn -0.17360000 0.00000000 0.98480000
vn -0.50000000 -0.00000000 0.86600000
vn -0.50000000 -0.00000000 0.86600000
vn -0.50000000 -0.00000000 0.86600000
vn -0.50000000 -0.00000000 0.86600000
vn -0.50210000 0.00000000 0.86480000
vn -0.50210000 0.00000000 0.86480000
vn -0.50210000 0.00000000 0.86480000
vn -0.50210000 0.00000000 0.86480000
vn -0.76610000 -0.00000000 0.64280000
vn -0.76610000 -0.00000000 0.64280000
vn -0.93970000 0.00000000 0.34200000
vn -0.93970000 0.00000000 0.34200000
vn -1.00000000 -0.00000000 -0.00000000
vn -1.00000000 -0.00000000 -0.00000000
vn -1.00000000 -0.00000000 -0.00000000
vn -1.00000000 -0.00000000 -0.00000000
vn -1.00000000 0.00000000 -0.00240000
vn -1.00000000 0.00000000 -0.00240000
vn -1.00000000 0.00000000 -0.00240000
vn -1.00000000 0.00000000 -0.00240000
vn -0.93970000 -0.00000000 -0.34200000
vn -0.93970000 -0.00000000 -0.34200000
vn -0.76610000 0.00000000 -0.64280000
vn -0.76610000 0.00000000 -0.64280000
vn -0.50000000 0.00000000 -0.86600000
vn -0.50000000 0.00000000 -0.86600000
vn -0.50000000 0.00000000 -0.86600000
vn -0.50000000 0.00000000 -0.86600000
vn -0.49790000 0.00000000 -0.86720000
vn -0.49790000 0.00000000 -0.86720000
vn -0.49790000 0.00000000 -0.86720000
vn -0.49790000 0.00000000 -0.86720000
vn -0.17370000 -0.00000000 -0.98480000
vn -0.17370000 -0.00000000 -0.98480000
vn 0.17360000 0.00000000 -0.98480000
vn 0.17360000 0.00000000 -0.98480000
vn 0.50000000 0.00000000 -0.86600000
vn 0.50000000 0.00000000 -0.86600000
vn 0.50000000 0.00000000 -0.86600000
vn 0.50000000 0.00000000 -0.86600000
vn 0.50210000 0.00000000 -0.86480000
vn 0.50210000 0.00000000 -0.86480000
vn 0.50210000 0.00000000 -0.86480000
vn 0.50210000 0.00000000 -0.86480000
vn 0.76610000 -0.00000000 -0.64280000
vn 0.76610000 -0.00000000 -0.64280000
vn 0.93970000 0.00000000 -0.34200000
vn 0.93970000 0.00000000 -0.34200000
vn 1.00000000 -0.00000000 0.00000000
vn 1.00000000 -0.00000000 0.00000000
vn 1.00000000 -0.00000000 0.00000000
vn 1.00000000 -0.00000000 0.00000000
vn 0.50000000 -0.00000000 0.86600000
vn 0.50000000 -0.00000000 0.86600000
vn 0.50000000 -0.00000000 0.86600000
vn 0.50000000 -0.00000000 0.86600000
vn 1.00000000 0.00000000 0.00240000
vn 1.00000000 0.00000000 0.00240000
vn 1.00000000 0.00000000 0.00240000
vn 1.00000000 0.00000000 0.00240000
vn 0.93970000 -0.00000000 0.34200000
vn 0.93970000 -0.00000000 0.34200000
vn 0.76610000 0.00000000 0.64280000
vn 0.76610000 0.00000000 0.64280000
vn -0.86600000 -0.50010000 0.00000000
vn -0.86600000 -0.50010000 0.00000000
vn -0.86600000 -0.50010000 -0.00360000
vn -0.86600000 -0.50010000 -0.00360000
vn -0.50010000 -0.86600000 0.00010000
vn -0.50010000 -0.86600000 0.00010000
vn -0.50010000 -0.86600000 -0.00240000
vn -0.50010000 -0.86600000 -0.00240000
vn 0.00000000 -1.00000000 -0.00000000
vn 0.00000000 -1.00000000 -0.00000000
vn 0.00000000 -1.00000000 -0.00000000
vn 0.00000000 -1.00000000 -0.00000000
vn 0.00000000 -1.00000000 -0.00000000
vn 0.00000000 -1.00000000 -0.00000000
vn -0.90180000 -0.40750000 0.14360000
vn -0.65970000 -0.74410000 0.10510000
vn -0.35330000 -0.93380000 0.05630000
vn 0.00000000 -1.00000000 -0.00000000
vn 0.00000000 -1.00000000 -0.00000000
vn -0.29150000 -0.93380000 0.20750000
vn 0.00000000 -1.00000000 -0.00000000
vn 0.00000000 -1.00000000 -0.00000000
vn -0.25210000 -0.86600000 0.43190000
vn -0.25210000 -0.86600000 0.43190000
vn 0.00000000 -1.00000000 -0.00000000
vn 0.00000000 -1.00000000 -0.00000000
vn 0.00000000 -1.00000000 -0.00000000
vn -0.54430000 -0.74410000 0.38740000
vn -0.43680000 -0.50010000 0.74770000
vn -0.43680000 -0.50010000 0.74770000
vn -0.74400000 -0.40750000 0.52950000
vn -0.43300000 -0.50010000 0.75000000
vn -0.43300000 -0.50010000 0.75000000
vn -0.25000000 -0.86600000 0.43300000
vn -0.25000000 -0.86600000 0.43300000
vn 0.00000000 -1.00000000 -0.00010000
vn 0.00000000 -1.00000000 -0.00010000
vn 0.00000000 -1.00000000 -0.00010000
vn -0.32660000 -0.40760000 0.85280000
vn -0.23890000 -0.74410000 0.62390000
vn -0.12790000 -0.93380000 0.33420000
vn -0.00000000 -1.00000000 0.00030000
vn -0.00000000 -1.00000000 0.00030000
vn 0.03390000 -0.93380000 0.35620000
vn -0.00000000 -1.00000000 -0.00020000
vn -0.00000000 -1.00000000 -0.00020000
vn 0.24800000 -0.86600000 0.43430000
vn 0.24800000 -0.86600000 0.43430000
vn 0.00000000 -1.00000000 -0.00010000
vn 0.00000000 -1.00000000 -0.00010000
vn 0.00000000 -1.00000000 -0.00010000
vn 0.06340000 -0.74410000 0.66500000
vn 0.42920000 -0.50010000 0.75210000
vn 0.42920000 -0.50010000 0.75210000
vn 0.08660000 -0.40750000 0.90910000
vn 0.43300000 -0.50010000 0.75000000
vn 0.43300000 -0.50010000 0.75000000
vn 0.25000000 -0.86600000 0.43300000
vn 0.25000000 -0.86600000 0.43300000
vn 0.00000000 -1.00000000 -0.00010000
vn 0.00000000 -1.00000000 -0.00010000
vn 0.00000000 -1.00000000 -0.00010000
vn 0.57530000 -0.40760000 0.70920000
vn 0.42080000 -0.74410000 0.51890000
vn 0.22540000 -0.93380000 0.27780000
vn -0.00000000 -1.00000000 -0.00020000
vn -0.00000000 -1.00000000 -0.00020000
vn 0.32540000 -0.93380000 0.14870000
vn 0.00000000 -1.00000000 -0.00010000
vn 0.00000000 -1.00000000 -0.00010000
vn 0.50010000 -0.86600000 0.00240000
vn 0.50010000 -0.86600000 0.00240000
vn 0.00000000 -1.00000000 -0.00000000
vn 0.00000000 -1.00000000 -0.00000000
vn 0.00000000 -1.00000000 -0.00000000
vn 0.60760000 -0.74410000 0.27770000
vn 0.86600000 -0.50010000 0.00440000
vn 0.86600000 -0.50010000 0.00440000
vn 0.83060000 -0.40750000 0.37960000
vn 0.86600000 -0.50010000 -0.00010000
vn 0.86600000 -0.50010000 -0.00010000
vn 0.50010000 -0.86600000 -0.00010000
vn 0.50010000 -0.86600000 -0.00010000
vn 0.00000000 -1.00000000 -0.00000000
vn 0.00000000 -1.00000000 -0.00000000
vn 0.00000000 -1.00000000 -0.00000000
vn 0.90180000 -0.40760000 -0.14360000
vn 0.65970000 -0.74410000 -0.10510000
vn 0.35330000 -0.93380000 -0.05630000
vn 0.00000000 -1.00000000 -0.00000000
vn 0.00000000 -1.00000000 -0.00000000
vn 0.29150000 -0.93380000 -0.20750000
vn 0.00000000 -1.00000000 -0.00000000
vn 0.00000000 -1.00000000 -0.00000000
vn 0.25210000 -0.86600000 -0.43190000
vn 0.25210000 -0.86600000 -0.43190000
vn 0.00000000 -1.00000000 -0.00000000
vn 0.00000000 -1.00000000 -0.00000000
vn 0.00000000 -1.00000000 -0.00000000
vn 0.54430000 -0.74410000 -0.38740000
vn 0.43680000 -0.50010000 -0.74770000
vn 0.43680000 -0.50010000 -0.74770000
vn 0.74400000 -0.40750000 -0.52950000
vn 0.43300000 -0.50010000 -0.75000000
vn 0.43300000 -0.50010000 -0.75000000
vn 0.25000000 -0.86600000 -0.43310000
vn 0.25000000 -0.86600000 -0.43310000
vn 0.00000000 -1.00000000 0.00010000
vn 0.00000000 -1.00000000 0.00010000
vn 0.00000000 -1.00000000 0.00010000
vn 0.32660000 -0.40760000 -0.85280000
vn 0.23890000 -0.74410000 -0.62390000
vn 0.12790000 -0.93380000 -0.33410000
vn 0.00000000 -1.00000000 -0.00030000
vn 0.00000000 -1.00000000 -0.00030000
vn -0.03390000 -0.93380000 -0.35620000
vn 0.00000000 -1.00000000 0.00020000
vn 0.00000000 -1.00000000 0.00020000
vn -0.24800000 -0.86600000 -0.43430000
vn -0.24800000 -0.86600000 -0.43430000
vn 0.00000000 -1.00000000 0.00010000
vn 0.00000000 -1.00000000 0.00010000
vn 0.00000000 -1.00000000 0.00010000
vn -0.06330000 -0.74410000 -0.66510000
vn -0.42920000 -0.50010000 -0.75210000
vn -0.42920000 -0.50010000 -0.75210000
vn -0.08660000 -0.40760000 -0.90910000
vn -0.43300000 -0.50010000 -0.75000000
vn -0.43300000 -0.50010000 -0.75000000
vn -0.25000000 -0.86600000 -0.43300000
vn -0.25000000 -0.86600000 -0.43300000
vn 0.00000000 -1.00000000 0.00010000
vn 0.00000000 -1.00000000 0.00010000
vn 0.00000000 -1.00000000 0.00010000
vn -0.57530000 -0.40760000 -0.70920000
vn -0.42080000 -0.74410000 -0.51880000
vn -0.22540000 -0.93380000 -0.27770000
vn 0.00000000 -1.00000000 0.00020000
vn 0.00000000 -1.00000000 0.00020000
vn -0.32540000 -0.93380000 -0.14870000
vn -0.00000000 -1.00000000 -0.00020000
vn -0.00000000 -1.00000000 -0.00020000
vn -0.60760000 -0.74410000 -0.27770000
vn -0.83060000 -0.40750000 -0.37960000
vn 0.00000000 -1.00000000 -0.00000000
vn 0.86600000 -0.00000000 0.50000000
vn 0.00000000 -1.00000000 -0.00000000
vn 0.50000000 -0.00000000 0.86600000
vn 0.00000000 -1.00000000 -0.00000000
vn 0.00000000 -0.00000000 1.00000000
vn 0.00000000 -1.00000000 -0.00000000
vn -0.50000000 -0.00000000 0.86600000
vn 0.00000000 -1.00000000 -0.00000000
vn -0.86600000 -0.00000000 0.50000000
vn 0.00000000 -1.00000000 -0.00000000
vn -1.00000000 -0.00000000 -0.00000000
vn -0.86600000 0.00000000 -0.50000000
vn 0.00000000 -1.00000000 -0.00000000
vn 0.00000000 -1.00000000 -0.00000000
vn -0.50000000 0.00000000 -0.86600000
vn 0.00000000 -1.00000000 -0.00000000
vn 0.00000000 0.00000000 -1.00000000
vn 0.00000000 -1.00000000 -0.00000000
vn 0.50000000 0.00000000 -0.86600000
vn 0.86600000 0.00000000 -0.50000000
vn 0.00000000 -1.00000000 -0.00000000
vn 1.00000000 -0.00000000 0.00000000
vn 1.00000000 -0.00000000 0.00000000
vn 0.00000000 -1.00000000 -0.00000000
vn 0.86600000 0.00000000 -0.50000000
vn 0.00000000 -1.00000000 -0.00000000
vn 0.86600000 0.00000000 -0.50000000
vn 1.00000000 -0.00000000 0.00000000
vn 1.00000000 -0.00000000 0.00000000
vn 0.00000000 -1.00000000 -0.00000000
vn 1.00000000 -0.00000000 0.00000000
vn 1.00000000 -0.00000000 0.00000000
vn 0.00000000 -1.00000000 -0.00000000
vn 0.86600000 -0.00000000 0.50000000
vn 0.86600000 -0.00000000 0.50000000
vn 0.50000000 -0.00000000 0.86600000
vn 0.00000000 -1.00000000 -0.00000000
vn 0.50000000 -0.00000000 0.86600000
vn 0.00000000 -1.00000000 -0.00000000
vn 0.00000000 -0.00000000 1.00000000
vn 0.00000000 -0.00000000 1.00000000
vn 0.00000000 -1.00000000 -0.00000000
vn -0.50000000 -0.00000000 0.86600000
vn -0.50000000 -0.00000000 0.86600000
vn -0.86600000 -0.00000000 0.50000000
vn 0.00000000 -1.00000000 -0.00000000
vn -0.86600000 -0.00000000 0.50000000
vn -1.00000000 -0.00000000 -0.00000000
vn 0.00000000 -1.00000000 -0.00000000
vn -1.00000000 -0.00000000 -0.00000000
vn -0.86600000 0.00000000 -0.50000000
vn 0.00000000 -1.00000000 -0.00000000
vn -0.86600000 0.00000000 -0.50000000
vn 0.00000000 -1.00000000 -0.00000000
vn -0.50000000 0.00000000 -0.86600000
vn -0.50000000 0.00000000 -0.86600000
vn 0.00000000 0.00000000 -1.00000000
vn 0.00000000 -1.00000000 -0.00000000
vn 0.00000000 0.00000000 -1.00000000
vn 0.50000000 0.00000000 -0.86600000
vn 0.00000000 -1.00000000 -0.00000000
vn 0.50000000 0.00000000 -0.86600000
vn 0.00000000 -0.00000000 1.00000000
vn 0.00000000 1.00000000 -0.00000000
vn -0.50000000 -0.00000000 0.86600000
vn 0.00000000 1.00000000 -0.00000000
vn 0.00000000 1.00000000 -0.00000000
vn -0.86600000 -0.00000000 0.50000000
vn -1.00000000 -0.00000000 -0.00000000
vn 0.00000000 1.00000000 -0.00000000
vn -1.00000000 -0.00000000 -0.00000000
vn -0.86600000 0.00000000 -0.50000000
vn 0.00000000 1.00000000 -0.00000000
vn -0.50000000 0.00000000 -0.86600000
vn 0.00000000 1.00000000 -0.00000000
vn 0.00000000 0.00000000 -1.00000000
vn 0.00000000 1.00000000 -0.00000000
vn 0.50000000 0.00000000 -0.86600000
vn 0.00000000 1.00000000 -0.00000000
vn 0.00000000 1.00000000 -0.00000000
vn 0.86600000 0.00000000 -0.50000000
vn 1.00000000 -0.00000000 0.00000000
vn 0.00000000 1.00000000 -0.00000000
vn 0.86600000 -0.00000000 0.50000000
vn 0.00000000 1.00000000 -0.00000000
vn 0.00000000 1.00000000 -0.00000000
vn 0.50000000 -0.00000000 0.86600000
vn 0.00000000 1.00000000 -0.00000000
vn -0.86600000 0.00000000 -0.50000000
vn 0.00000000 1.00000000 -0.00000000
vn -1.00000000 -0.00000000 -0.00000000
vn -1.00000000 -0.00000000 -0.00000000
vn -0.86600000 -0.00000000 0.50000000
vn 0.00000000 1.00000000 -0.00000000
vn 0.00000000 1.00000000 -0.00000000
vn -0.50000000 -0.00000000 0.86600000
vn 0.00000000 -0.00000000 1.00000000
vn 0.00000000 1.00000000 -0.00000000
vn 0.00000000 1.00000000 -0.00000000
vn 0.50000000 -0.00000000 0.86600000
vn 0.86600000 -0.00000000 0.50000000
vn 0.00000000 1.00000000 -0.00000000
vn 0.00000000 1.00000000 -0.00000000
vn 1.00000000 -0.00000000 0.00000000
vn 0.00000000 1.00000000 -0.00000000
vn 0.86600000 0.00000000 -0.50000000
vn 0.50000000 0.00000000 -0.86600000
vn 0.00000000 1.00000000 -0.00000000
vn 0.00000000 0.00000000 -1.00000000
vn 0.00000000 1.00000000 -0.00000000
vn -0.50000000 0.00000000 -0.86600000
vn 0.00000000 1.00000000 -0.00000000
vn 0.00000000 1.00000000 -0.00000000
vn -0.86600000 -0.00000000 0.50000000
vn -1.00000000 -0.00000000 -0.00000000
vn -1.00000000 -0.00000000 -0.00000000
vn 0.00000000 1.00000000 -0.00000000
vn 0.00000000 1.00000000 -0.00000000
vn -0.86600000 0.00000000 -0.50000000
vn 0.00000000 1.00000000 -0.00000000
vn -0.50000000 -0.00000000 0.86600000
vn 0.00000000 -0.00000000 1.00000000
vn 0.00000000 1.00000000 -0.00000000
vn 0.00000000 1.00000000 -0.00000000
vn 0.50000000 -0.00000000 0.86600000
vn 0.86600000 -0.00000000 0.50000000
vn 0.00000000 1.00000000 -0.00000000
vn 0.00000000 1.00000000 -0.00000000
vn 1.00000000 -0.00000000 0.00000000
vn 0.00000000 1.00000000 -0.00000000
vn 0.86600000 0.00000000 -0.50000000
vn 0.50000000 0.00000000 -0.86600000
vn 0.00000000 1.00000000 -0.00000000
vn 0.00000000 0.00000000 -1.00000000
vn 0.00000000 1.00000000 -0.00000000
vn 0.00000000 1.00000000 -0.00000000
vn -0.50000000 0.00000000 -0.86600000
vn 0.00000000 -1.00000000 -0.00000000
vn 0.86600000 -0.00000000 0.50000000
vn 1.00000000 -0.00000000 0.00000000
vn 0.00000000 -1.00000000 -0.00000000
vn 0.00000000 -1.00000000 -0.00000000
vn 0.86600000 0.00000000 -0.50000000
vn 0.00000000 -1.00000000 -0.00000000
vn 0.50000000 -0.00000000 0.86600000
vn 0.00000000 -1.00000000 -0.00000000
vn 0.00000000 -0.00000000 1.00000000
vn -0.50000000 -0.00000000 0.86600000
vn 0.00000000 -1.00000000 -0.00000000
vn -0.86600000 -0.00000000 0.50000000
vn 0.00000000 -1.00000000 -0.00000000
vn -1.00000000 -0.00000000 -0.00000000
vn -1.00000000 -0.00000000 -0.00000000
vn 0.00000000 -1.00000000 -0.00000000
vn 0.00000000 -1.00000000 -0.00000000
vn -0.86600000 0.00000000 -0.50000000
vn -0.50000000 0.00000000 -0.86600000
vn 0.00000000 -1.00000000 -0.00000000
vn 0.00000000 -1.00000000 -0.00000000
vn 0.00000000 0.00000000 -1.00000000
vn 0.50000000 0.00000000 -0.86600000
vn 0.00000000 -1.00000000 -0.00000000
vn 0.00000000 -1.00000000 -0.00000000
vn 0.00000000 -1.00000000 -0.00000000
vn 0.00000000 -1.00000000 -0.00000000
vn 0.00000000 -1.00000000 -0.00000000
vn 0.00000000 -1.00000000 -0.00000000
vn 0.00000000 -1.00000000 -0.00000000
vn 0.00000000 -1.00000000 -0.00000000
vn 0.00000000 -1.00000000 -0.00000000
vn 0.00000000 -1.00000000 -0.00000000
vn 0.00000000 -1.00000000 -0.00000000
vn 0.00000000 -1.00000000 -0.00000000
vn 0.00000000 -1.00000000 -0.00000000
vn 0.00000000 -1.00000000 -0.00000000
vn 0.00000000 -1.00000000 -0.00000000
vn 0.00000000 -1.00000000 -0.00000000
vn 0.00000000 -1.00000000 -0.00000000
vn 0.00000000 -1.00000000 -0.00000000
vn 0.00000000 -1.00000000 -0.00000000
vn 0.00000000 -1.00000000 -0.00000000
vn 0.00000000 -1.00000000 -0.00000000
vn 0.00000000 -1.00000000 -0.00000000
vn 0.00000000 -1.00000000 -0.00000000
vn 0.00000000 -1.00000000 -0.00000000
vn 0.00000000 -1.00000000 -0.00000000
vn 0.00000000 1.00000000 -0.00000000
vn 0.00000000 1.00000000 -0.00000000
vn 0.00000000 1.00000000 -0.00000000
vn 0.00000000 1.00000000 -0.00000000
vn 0.00000000 1.00000000 -0.00000000
vn 0.00000000 1.00000000 -0.00000000
vn -0.86600000 -0.00000000 0.50000000
vn 0.00000000 1.00000000 -0.00000000
vn 0.86600000 0.00000000 -0.50000000
vn 0.00000000 1.00000000 -0.00000000
vn -1.00000000 -0.00000000 -0.00000000
vn -1.00000000 -0.00000000 -0.00000000
vn 0.00000000 1.00000000 -0.00000000
vn 0.00000000 1.00000000 -0.00000000
vn 1.00000000 -0.00000000 0.00000000
vn 0.00000000 1.00000000 -0.00000000
vn -0.86600000 0.00000000 -0.50000000
vn 0.86600000 -0.00000000 0.50000000
vn 0.00000000 1.00000000 -0.00000000
vn 0.50000000 -0.00000000 0.86600000
vn 0.00000000 1.00000000 -0.00000000
vn 0.50000000 0.00000000 -0.86600000
vn 0.00000000 1.00000000 -0.00000000
vn 0.00000000 1.00000000 -0.00000000
vn -0.50000000 -0.00000000 0.86600000
vn 0.00000000 1.00000000 -0.00000000
vn 0.00000000 0.00000000 -1.00000000
vn 0.00000000 -0.00000000 1.00000000
vn 0.00000000 1.00000000 -0.00000000
vn 0.50000000 -0.00000000 0.86600000
vn 0.00000000 1.00000000 -0.00000000
vn 0.00000000 1.00000000 -0.00000000
vn -0.50000000 0.00000000 -0.86600000
vn 0.86600000 -0.00000000 0.50000000
vn 0.00000000 1.00000000 -0.00000000
vn -0.86600000 0.00000000 -0.50000000
vn 0.00000000 1.00000000 -0.00000000
vn 0.00000000 1.00000000 -0.00000000
vn 1.00000000 -0.00000000 0.00000000
vn 0.00000000 1.00000000 -0.00000000
vn -1.00000000 -0.00000000 -0.00000000
vn -1.00000000 -0.00000000 -0.00000000
vn 0.00000000 1.00000000 -0.00000000
vn -0.86600000 -0.00000000 0.50000000
vn 0.00000000 1.00000000 -0.00000000
vn 0.86600000 0.00000000 -0.50000000
vn -0.50000000 -0.00000000 0.86600000
vn 0.00000000 1.00000000 -0.00000000
vn 0.00000000 1.00000000 -0.00000000
vn 0.50000000 0.00000000 -0.86600000
vn 0.00000000 -0.00000000 1.00000000
vn 0.00000000 1.00000000 -0.00000000
vn 0.00000000 0.00000000 -1.00000000
vn 0.00000000 1.00000000 -0.00000000
vn 0.00000000 1.00000000 -0.00000000
vn -0.50000000 0.00000000 -0.86600000
vn 0.00000000 1.00000000 -0.00000000
vn -0.86600000 0.00000000 -0.50000000
vn -1.00000000 -0.00000000 -0.00000000
vn -1.00000000 -0.00000000 -0.00000000
vn 0.00000000 1.00000000 -0.00000000
vn -0.86600000 -0.00000000 0.50000000
vn 0.00000000 1.00000000 -0.00000000
vn 0.00000000 1.00000000 -0.00000000
vn -0.50000000 -0.00000000 0.86600000
vn 0.00000000 -0.00000000 1.00000000
vn 0.00000000 1.00000000 -0.00000000
vn 0.00000000 1.00000000 -0.00000000
vn 0.50000000 -0.00000000 0.86600000
vn 0.86600000 -0.00000000 0.50000000
vn 0.00000000 1.00000000 -0.00000000
vn 1.00000000 -0.00000000 0.00000000
vn 0.00000000 1.00000000 -0.00000000
vn 0.00000000 1.00000000 -0.00000000
vn 0.86600000 0.00000000 -0.50000000
vn 0.50000000 0.00000000 -0.86600000
vn 0.00000000 1.00000000 -0.00000000
vn 0.00000000 1.00000000 -0.00000000
vn 0.00000000 0.00000000 -1.00000000
vn 0.00000000 1.00000000 -0.00000000
vn -0.50000000 0.00000000 -0.86600000
vn -0.86600000 -0.00000000 0.50000000
vn -0.86600000 -0.00000000 0.50000000
vn -1.00000000 -0.00000000 -0.00000000
vn -1.00000000 -0.00000000 -0.00000000
vn -1.00000000 -0.00000000 -0.00000000
vn -1.00000000 -0.00000000 -0.00000000
vn -0.86600000 0.00000000 -0.50000000
vn -0.86600000 0.00000000 -0.50000000
vn -0.50000000 0.00000000 -0.86600000
vn -0.50000000 0.00000000 -0.86600000
vn 0.00000000 0.00000000 -1.00000000
vn 0.00000000 0.00000000 -1.00000000
vn 0.50000000 0.00000000 -0.86600000
vn 0.50000000 0.00000000 -0.86600000
vn 0.86600000 0.00000000 -0.50000000
vn 0.86600000 0.00000000 -0.50000000
vn 1.00000000 -0.00000000 0.00000000
vn 1.00000000 -0.00000000 0.00000000
vn 0.86600000 -0.00000000 0.50000000
vn 0.86600000 -0.00000000 0.50000000
vn 0.50000000 -0.00000000 0.86600000
vn 0.50000000 -0.00000000 0.86600000
vn 0.00000000 -0.00000000 1.00000000
vn 0.00000000 -0.00000000 1.00000000
vn -0.50000000 -0.00000000 0.86600000
vn -0.50000000 -0.00000000 0.86600000
vn 0.00000000 -1.00000000 -0.00000000
vn 0.00000000 -1.00000000 -0.00000000
vn 0.00000000 -1.00000000 -0.00000000
vn 0.00000000 -1.00000000 -0.00000000
vn 0.00000000 -1.00000000 -0.00000000
vn 0.00000000 -1.00000000 -0.00000000
vn 0.00000000 -1.00000000 -0.00000000
vn 0.00000000 -1.00000000 -0.00000000
vn 0.00000000 -1.00000000 -0.00000000
vn 0.00000000 -1.00000000 -0.00000000
vn 0.00000000 -1.00000000 -0.00000000
vn 0.00000000 -1.00000000 -0.00000000
vn 0.00000000 -1.00000000 -0.00000000
vn 0.00000000 -1.00000000 -0.00000000
vn 0.00000000 -1.00000000 -0.00000000
vn 0.00000000 -1.00000000 -0.00000000
vn 0.00000000 -1.00000000 -0.00000000
vn 0.00000000 -1.00000000 -0.00000000
vn 0.00000000 -1.00000000 -0.00000000
vn 0.00000000 -1.00000000 -0.00000000
vn 0.00000000 -1.00000000 -0.00000000
vn 0.00000000 -1.00000000 -0.00000000
vn 0.00000000 -1.00000000 -0.00000000
vn 0.00000000 -1.00000000 -0.00000000
vn 0.00000000 -1.00000000 -0.00000000
vn -0.50000000 -0.86600000 -0.00000000
vn -0.50000000 -0.86600000 -0.00000000
vn -0.43300000 -0.86600000 -0.25000000
vn -0.25000000 -0.86600000 -0.43300000
vn -0.00000000 -0.86600000 -0.50000000
vn 0.25000000 -0.86600000 -0.43300000
vn 0.43300000 -0.86600000 -0.25000000
vn 0.50000000 -0.86600000 0.00000000
vn 0.43300000 -0.86600000 0.25000000
vn 0.25000000 -0.86600000 0.43300000
vn -0.00000000 -0.86600000 0.50000000
vn -0.25000000 -0.86600000 0.43300000
vn -0.43300000 -0.86600000 0.25000000
vn -0.86600000 -0.50000000 -0.00000000
vn -0.86600000 -0.50000000 -0.00000000
vn -0.75000000 -0.50000000 0.43300000
vn -0.43300000 -0.50000000 0.75000000
vn -0.00000000 -0.50000000 0.86600000
vn 0.43300000 -0.50000000 0.75000000
vn 0.75000000 -0.50000000 0.43300000
vn 0.86600000 -0.50000000 0.00000000
vn 0.75000000 -0.50000000 -0.43300000
vn 0.43300000 -0.50000000 -0.75000000
vn -0.00000000 -0.50000000 -0.86600000
vn -0.43300000 -0.50000000 -0.75000000
vn -0.75000000 -0.50000000 -0.43300000
vn 0.17500000 -0.00000000 0.98460000
vn 0.00000000 1.00000000 -0.00000000
vn -1.00000000 -0.00000000 -0.00000000
vn 0.00000000 1.00000000 -0.00000000
vn -1.00000000 -0.00000000 -0.00000000
vn 0.17500000 0.00000000 -0.98460000
vn 0.05860000 0.00000000 0.99830000
vn 0.00000000 1.00000000 -0.00000000
vn 0.05860000 0.00000000 -0.99830000
vn 0.00000000 1.00000000 -0.00000000
vn -0.05860000 0.00000000 -0.99830000
vn 0.00000000 1.00000000 -0.00000000
vn 0.00000000 1.00000000 -0.00000000
vn -0.05860000 0.00000000 0.99830000
vn -0.17500000 -0.00000000 -0.98460000
vn 0.00000000 1.00000000 -0.00000000
vn 1.00000000 -0.00000000 0.00000000
vn 0.00000000 1.00000000 -0.00000000
vn 1.00000000 -0.00000000 0.00000000
vn -0.17500000 0.00000000 0.98460000
vn -0.17500000 0.00000000 0.98460000
vn 1.00000000 -0.00000000 0.00000000
vn -0.07000000 0.91650000 0.39380000
vn -0.52030000 0.00000000 0.85400000
vn 0.00000000 -1.00000000 -0.00000000
vn -0.59790000 0.00000000 0.80160000
vn -0.23920000 0.91650000 0.32060000
vn 0.00000000 -1.00000000 -0.00000000
vn -0.87760000 -0.00000000 0.47940000
vn -0.89380000 -0.00000000 0.44840000
vn -0.35760000 0.91650000 0.17930000
vn 0.00000000 -1.00000000 -0.00000000
vn -0.99970000 -0.00000000 -0.02360000
vn -0.40000000 0.91650000 0.00000000
vn -1.00000000 -0.00000000 -0.00000000
vn -0.35760000 0.91650000 -0.17930000
vn -0.89380000 -0.00000000 -0.44840000
vn -0.85400000 -0.00000000 -0.52030000
vn 0.00000000 -1.00000000 -0.00000000
vn -0.59790000 -0.00000000 -0.80160000
vn -0.23920000 0.91650000 -0.32060000
vn -0.59790000 -0.00000000 -0.80160000
vn 0.00000000 -1.00000000 -0.00000000
vn -0.47940000 -0.00000000 -0.87760000
vn -0.47940000 -0.00000000 -0.87760000
vn 0.00000000 -1.00000000 -0.00000000
vn 0.02360000 0.00000000 -0.99970000
vn -0.17510000 -0.00000000 -0.98450000
vn -0.07000000 0.91650000 -0.39380000
vn 1.00000000 -0.00000000 0.00000000
vn 0.52030000 0.00000000 -0.85400000
vn 0.00000000 -1.00000000 -0.00000000
vn 0.07000000 0.91650000 -0.39380000
vn 0.17500000 0.00000000 -0.98460000
vn -1.00000000 -0.00000000 -0.00000000
vn 0.23920000 0.91650000 -0.32060000
vn 0.59790000 0.00000000 -0.80160000
vn 0.87760000 -0.00000000 -0.47940000
vn 0.00000000 -1.00000000 -0.00000000
vn 0.35760000 0.91650000 -0.17930000
vn 0.89380000 -0.00000000 -0.44840000
vn 0.00000000 -1.00000000 -0.00000000
vn 0.99970000 -0.00000000 0.02360000
vn 1.00000000 -0.00000000 0.00000000
vn 0.40000000 0.91650000 -0.00000000
vn 0.35760000 0.91650000 0.17930000
vn 0.89380000 -0.00000000 0.44840000
vn 0.00000000 -1.00000000 -0.00000000
vn 0.85400000 -0.00000000 0.52030000
vn 0.59790000 -0.00000000 0.80160000
vn 0.23920000 0.91650000 0.32060000
vn 0.00000000 -1.00000000 -0.00000000
vn 0.47940000 -0.00000000 0.87760000
vn -0.02360000 0.00000000 0.99970000
vn 0.00000000 -1.00000000 -0.00000000
vn -1.00000000 -0.00000000 -0.00000000
vn 0.07000000 0.91650000 0.39380000
vn 0.17510000 -0.00000000 0.98450000
vn 1.00000000 -0.00000000 0.00000000
vn -0.07000000 0.98840000 0.13450000
vn -0.07000000 0.98840000 -0.13450000
vn 1.00000000 -0.00000000 0.00000000
vn 0.07000000 0.98840000 -0.13450000
vn -1.00000000 -0.00000000 -0.00000000
vn -1.00000000 -0.00000000 -0.00000000
vn 0.07000000 0.98840000 0.13450000
vn 0.00000000 0.00000000 -1.00000000
vn 0.00000000 -1.00000000 -0.00010000
vn -0.50000000 0.00000000 -0.86600000
vn 0.00000000 -1.00000000 -0.00000000
vn 0.00000000 -1.00000000 -0.00000000
vn -0.86600000 0.00000000 -0.50000000
vn 0.00000000 -1.00000000 -0.00000000
vn -1.00000000 -0.00000000 -0.00000000
vn 0.00000000 -1.00000000 -0.00000000
vn -0.86600000 -0.00000000 0.50000000
vn -0.50000000 -0.00000000 0.86600000
vn 0.00000000 -1.00000000 -0.00000000
vn 0.00000000 -0.00000000 1.00000000
vn 0.00000000 -1.00000000 0.00010000
vn 0.00000000 -1.00000000 -0.00000000
vn 0.50000000 -0.00000000 0.86600000
vn 0.86600000 -0.00000000 0.50000000
vn 0.00000000 -1.00000000 -0.00000000
vn 1.00000000 -0.00000000 0.00000000
vn 0.00000000 -1.00000000 -0.00000000
vn 1.00000000 -0.00000000 0.00000000
vn 0.00000000 -1.00000000 -0.00000000
vn 0.86600000 0.00000000 -0.50000000
vn 0.50000000 0.00000000 -0.86600000
vn 0.00000000 -1.00000000 -0.00000000
vn -0.61240000 -0.70710000 0.35360000
vn -0.86600000 -0.00000000 0.50000000
vn -0.70710000 -0.70710000 0.00000000
vn -1.00000000 -0.00000000 -0.00000000
vn -0.86600000 0.00000000 -0.50000000
vn -0.61240000 -0.70710000 -0.35360000
vn -0.35350000 -0.70710000 -0.61240000
vn -0.35350000 -0.70710000 -0.61240000
vn -0.50000000 0.00000000 -0.86600000
vn 0.00000000 0.00000000 -1.00000000
vn -0.00000000 -0.70710000 -0.70710000
vn 0.35350000 -0.70710000 -0.61240000
vn 0.50000000 0.00000000 -0.86600000
vn 0.86600000 0.00000000 -0.50000000
vn 0.61240000 -0.70710000 -0.35360000
vn 0.70710000 -0.70710000 -0.00000000
vn 1.00000000 -0.00000000 0.00000000
vn 1.00000000 -0.00000000 0.00000000
vn 0.86600000 -0.00000000 0.50000000
vn 0.61240000 -0.70710000 0.35360000
vn 0.50000000 -0.00000000 0.86600000
vn 0.35350000 -0.70710000 0.61240000
vn 0.00000000 -0.70710000 0.70710000
vn 0.00000000 -0.00000000 1.00000000
vn -0.50000000 -0.00000000 0.86600000
vn -0.35350000 -0.70710000 0.61240000
vn -0.61240000 -0.70710000 -0.35350000
vn 0.00000000 -1.00000000 -0.00000000
vn 0.61240000 -0.70710000 -0.35350000
vn 0.00000000 -1.00000000 0.00010000
vn 0.00000000 -1.00000000 -0.00010000
vn -0.70710000 -0.70710000 0.00000000
vn 0.70710000 -0.70710000 -0.00000000
vn 0.00000000 -1.00000000 0.00010000
vn -0.61240000 -0.70710000 0.35350000
vn 0.00000000 -1.00000000 -0.00010000
vn 0.61240000 -0.70710000 0.35360000
vn 0.00000000 -1.00000000 0.00010000
vn 0.00000000 -1.00000000 -0.00000000
vn -0.35360000 -0.70710000 0.61230000
vn 0.00000000 -1.00000000 0.00010000
vn 0.35360000 -0.70710000 0.61240000
vn 0.00000000 -0.70710000 0.70710000
vn 0.00000000 -1.00000000 -0.00000000
vn 0.35360000 -0.70710000 -0.61230000
vn 0.00000000 -1.00000000 -0.00000000
vn -0.35360000 -0.70710000 -0.61240000
vn -0.35360000 -0.70710000 -0.61240000
vn 0.00000000 -1.00000000 -0.00010000
vn 0.00000000 -1.00000000 -0.00000000
vn -0.00000000 -0.70710000 -0.70710000
f 2//2 3//3 6//6
f 6//6 3//3 9//9
f 6//6 9//9 11//11
f 11//11 9//9 12//12
f 11//11 12//12 15//15
f 15//15 12//12 16//16
f 15//15 16//16 19//19
f 3//3 2//2 21//21
f 21//21 2//2 23//23
f 21//21 23//23 24//24
f 26//26 28//28 31//31
f 31//31 28//28 34//34
f 31//31 34//34 37//37
f 28//28 26//26 39//39
f 39//39 26//26 40//40
f 39//39 40//40 43//43
f 43//43 40//40 45//45
f 43//43 45//45 46//46
f 43//43 46//46 48//48
f 48//48 46//46 51//51
f 48//48 51//51 52//52
f 52//52 51//51 54//54
f 54//54 51//51 57//57
f 54//54 57//57 58//58
f 58//58 57//57 60//60
f 58//58 60//60 63//63
f 63//63 60//60 65//65
f 63//63 65//65 66//66
f 66//66 65//65 68//68
f 66//66 68//68 71//71
f 66//66 71//71 73//73
f 73//73 71//71 74//74
f 73//73 74//74 37//37
f 37//37 74//74 31//31
f 77//77 36//36 79//79
f 79//79 36//36 35//35
f 80//80 33//33 82//82
f 82//82 33//33 29//29
f 82//82 29//29 84//84
f 84//84 29//29 38//38
f 84//84 38//38 86//86
f 86//86 38//38 42//42
f 86//86 42//42 88//88
f 88//88 42//42 49//49
f 88//88 49//49 89//89
f 89//89 49//49 53//53
f 89//89 53//53 91//91
f 91//91 53//53 55//55
f 91//91 55//55 93//93
f 93//93 55//55 59//59
f 93//93 59//59 96//96
f 96//96 59//59 62//62
f 96//96 62//62 98//98
f 98//98 62//62 67//67
f 98//98 67//67 99//99
f 99//99 67//67 72//72
f 99//99 72//72 77//77
f 77//77 72//72 36//36
f 81//81 90//90 78//78
f 78//78 90//90 92//92
f 78//78 92//92 76//76
f 76//76 92//92 94//94
f 76//76 94//94 100//100
f 100//100 94//94 95//95
f 100//100 95//95 97//97
f 90//90 81//81 87//87
f 87//87 81//81 83//83
f 87//87 83//83 85//85
f 102//102 104//104 107//107
f 108//108 105//105 110//110
f 108//108 110//110 111//111
f 111//111 110//110 113//113
f 111//111 113//113 114//114
f 114//114 116//116 111//111
f 111//111 116//116 118//118
f 111//111 118//118 119//119
f 119//119 118//118 121//121
f 119//119 121//121 122//122
f 122//122 121//121 123//123
f 122//122 123//123 125//125
f 118//118 116//116 127//127
f 127//127 116//116 129//129
f 127//127 129//129 130//130
f 130//130 132//132 127//127
f 127//127 132//132 135//135
f 127//127 135//135 136//136
f 137//137 134//134 138//138
f 137//137 138//138 141//141
f 132//132 142//142 135//135
f 134//134 144//144 146//146
f 134//134 146//146 138//138
f 141//141 147//147 137//137
f 137//137 147//147 149//149
f 137//137 149//149 150//150
f 150//150 149//149 151//151
f 150//150 151//151 152//152
f 152//152 151//151 153//153
f 152//152 153//153 154//154
f 154//154 153//153 155//155
f 154//154 155//155 47//47
f 47//47 155//155 50//50
f 50//50 155//155 156//156
f 50//50 156//156 157//157
f 157//157 156//156 158//158
f 157//157 158//158 159//159
f 159//159 158//158 160//160
f 159//159 160//160 161//161
f 161//161 160//160 162//162
f 161//161 162//162 163//163
f 163//163 162//162 164//164
f 163//163 164//164 165//165
f 165//165 164//164 166//166
f 165//165 166//166 168//168
f 168//168 166//166 169//169
f 168//168 169//169 170//170
f 170//170 169//169 173//173
f 173//173 169//169 175//175
f 175//175 169//169 176//176
f 175//175 176//176 177//177
f 177//177 176//176 180//180
f 180//180 176//176 182//182
f 182//182 176//176 185//185
f 185//185 176//176 187//187
f 187//187 176//176 188//188
f 187//187 188//188 189//189
f 189//189 188//188 190//190
f 189//189 190//190 191//191
f 191//191 190//190 192//192
f 191//191 192//192 193//193
f 193//193 192//192 194//194
f 193//193 194//194 195//195
f 195//195 194//194 196//196
f 195//195 196//196 197//197
f 197//197 196//196 198//198
f 197//197 198//198 75//75
f 75//75 198//198 30//30
f 30//30 198//198 199//199
f 32//32 200//200 27//27
f 27//27 200//200 201//201
f 27//27 201//201 41//41
f 41//41 201//201 202//202
f 41//41 202//202 44//44
f 44//44 202//202 154//154
f 44//44 154//154 47//47
f 203//203 107//107 147//147
f 147//147 107//107 205//205
f 147//147 205//205 206//206
f 206//206 205//205 207//207
f 206//206 207//207 208//208
f 208//208 207//207 209//209
f 208//208 209//209 210//210
f 210//210 209//209 211//211
f 210//210 211//211 212//212
f 212//212 211//211 158//158
f 212//212 158//158 156//156
f 203//203 214//214 107//107
f 107//107 214//214 102//102
f 197//197 75//75 215//215
f 215//215 75//75 70//70
f 215//215 70//70 216//216
f 216//216 70//70 69//69
f 216//216 69//69 217//217
f 217//217 69//69 64//64
f 217//217 64//64 218//218
f 218//218 64//64 61//61
f 218//218 61//61 219//219
f 219//219 61//61 56//56
f 219//219 56//56 157//157
f 157//157 56//56 50//50
f 168//168 221//221 165//165
f 165//165 221//221 223//223
f 165//165 223//223 224//224
f 165//165 224//224 226//226
f 226//226 224//224 228//228
f 226//226 228//228 229//229
f 229//229 232//232 226//226
f 226//226 232//232 233//233
f 226//226 233//233 165//165
f 165//165 233//233 163//163
f 232//232 235//235 233//233
f 233//233 235//235 187//187
f 233//233 187//187 236//236
f 236//236 187//187 189//189
f 236//236 189//189 191//191
f 238//238 240//240 242//242
f 242//242 240//240 244//244
f 242//242 244//244 245//245
f 245//245 244//244 247//247
f 245//245 247//247 249//249
f 249//249 251//251 245//245
f 245//245 251//251 252//252
f 245//245 252//252 254//254
f 254//254 252//252 255//255
f 254//254 255//255 256//256
f 256//256 255//255 257//257
f 256//256 257//257 258//258
f 258//258 257//257 260//260
f 258//258 260//260 261//261
f 264//264 169//169 251//251
f 251//251 169//169 166//166
f 251//251 166//166 252//252
f 252//252 166//166 265//265
f 252//252 265//265 266//266
f 266//266 265//265 267//267
f 266//266 267//267 268//268
f 268//268 267//267 269//269
f 268//268 269//269 270//270
f 270//270 269//269 271//271
f 270//270 271//271 272//272
f 272//272 271//271 274//274
f 272//272 274//274 276//276
f 276//276 274//274 278//278
f 276//276 278//278 280//280
f 264//264 281//281 169//169
f 169//169 281//281 283//283
f 169//169 283//283 176//176
f 176//176 283//283 286//286
f 176//176 286//286 287//287
f 287//287 289//289 176//176
f 176//176 289//289 292//292
f 176//176 292//292 294//294
f 296//296 242//242 294//294
f 294//294 242//242 297//297
f 294//294 297//297 188//188
f 188//188 297//297 298//298
f 188//188 298//298 190//190
f 190//190 298//298 299//299
f 190//190 299//299 192//192
f 192//192 299//299 300//300
f 192//192 300//300 194//194
f 194//194 300//300 301//301
f 194//194 301//301 196//196
f 196//196 301//301 302//302
f 196//196 302//302 198//198
f 198//198 302//302 199//199
f 296//296 304//304 242//242
f 242//242 304//304 238//238
f 306//306 309//309 310//310
f 310//310 309//309 312//312
f 310//310 312//312 256//256
f 256//256 312//312 313//313
f 256//256 313//313 315//315
f 315//315 254//254 256//256
f 254//254 317//317 245//245
f 245//245 317//317 319//319
f 245//245 319//319 322//322
f 245//245 322//322 242//242
f 242//242 322//322 323//323
f 242//242 323//323 325//325
f 325//325 327//327 242//242
f 242//242 327//327 329//329
f 242//242 329//329 331//331
f 334//334 336//336 331//331
f 331//331 336//336 337//337
f 331//331 337//337 338//338
f 338//338 337//337 339//339
f 338//338 339//339 340//340
f 340//340 339//339 341//341
f 340//340 341//341 342//342
f 342//342 341//341 343//343
f 342//342 343//343 344//344
f 344//344 343//343 345//345
f 344//344 345//345 346//346
f 346//346 345//345 347//347
f 346//346 347//347 348//348
f 348//348 347//347 350//350
f 348//348 350//350 352//352
f 351//351 349//349 353//353
f 351//351 353//353 201//201
f 201//201 353//353 202//202
f 355//355 356//356 334//334
f 334//334 356//356 358//358
f 334//334 358//358 336//336
f 356//356 355//355 310//310
f 310//310 355//355 306//306
f 359//359 361//361 364//364
f 364//364 361//361 366//366
f 364//364 366//366 367//367
f 367//367 366//366 369//369
f 367//367 369//369 371//371
f 371//371 260//260 367//367
f 367//367 260//260 372//372
f 367//367 372//372 373//373
f 373//373 372//372 375//375
f 373//373 375//375 376//376
f 376//376 375//375 378//378
f 376//376 378//378 379//379
f 379//379 378//378 382//382
f 382//382 378//378 383//383
f 383//383 378//378 387//387
f 387//387 378//378 388//388
f 388//388 378//378 390//390
f 390//390 378//378 392//392
f 392//392 378//378 394//394
f 392//392 394//394 395//395
f 395//395 394//394 396//396
f 395//395 396//396 397//397
f 397//397 396//396 398//398
f 397//397 398//398 399//399
f 399//399 398//398 400//400
f 399//399 400//400 401//401
f 401//401 400//400 121//121
f 401//401 121//121 118//118
f 261//261 403//403 258//258
f 258//258 403//403 405//405
f 258//258 405//405 356//356
f 356//356 405//405 407//407
f 356//356 407//407 409//409
f 409//409 410//410 356//356
f 356//356 410//410 358//358
f 413//413 364//364 336//336
f 336//336 364//364 395//395
f 336//336 395//395 337//337
f 337//337 395//395 397//397
f 337//337 397//397 339//339
f 339//339 397//397 399//399
f 339//339 399//399 341//341
f 341//341 399//399 401//401
f 341//341 401//401 343//343
f 343//343 401//401 118//118
f 343//343 118//118 345//345
f 345//345 118//118 127//127
f 345//345 127//127 347//347
f 347//347 127//127 136//136
f 347//347 136//136 350//350
f 349//349 137//137 150//150
f 349//349 150//150 353//353
f 353//353 150//150 152//152
f 353//353 152//152 202//202
f 202//202 152//152 154//154
f 413//413 415//415 364//364
f 364//364 415//415 359//359
f 373//373 416//416 367//367
f 367//367 416//416 419//419
f 367//367 419//419 420//420
f 367//367 420//420 364//364
f 364//364 420//420 423//423
f 364//364 423//423 425//425
f 425//425 427//427 364//364
f 364//364 427//427 428//428
f 364//364 428//428 392//392
f 10//10 430//430 5//5
f 5//5 430//430 431//431
f 5//5 431//431 1//1
f 1//1 431//431 432//432
f 1//1 432//432 22//22
f 22//22 432//432 433//433
f 22//22 433//433 25//25
f 25//25 433//433 434//434
f 25//25 434//434 20//20
f 20//20 434//434 435//435
f 20//20 435//435 4//4
f 4//4 435//435 436//436
f 4//4 436//436 8//8
f 8//8 436//436 438//438
f 7//7 437//437 13//13
f 13//13 437//437 439//439
f 13//13 439//439 17//17
f 17//17 439//439 440//440
f 17//17 440//440 18//18
f 18//18 440//440 441//441
f 18//18 441//441 14//14
f 14//14 441//441 442//442
f 14//14 442//442 10//10
f 10//10 442//442 430//430
f 444//444 448//448 276//276
f 275//275 447//447 450//450
f 275//275 450//450 452//452
f 452//452 453//453 275//275
f 275//275 453//453 455//455
f 275//275 455//455 456//456
f 456//456 455//455 457//457
f 456//456 457//457 440//440
f 440//440 457//457 441//441
f 453//453 458//458 455//455
f 455//455 458//458 460//460
f 455//455 460//460 461//461
f 461//461 460//460 462//462
f 461//461 462//462 463//463
f 463//463 462//462 464//464
f 463//463 464//464 465//465
f 465//465 464//464 396//396
f 465//465 396//396 394//394
f 460//460 458//458 466//466
f 466//466 458//458 467//467
f 466//466 467//467 470//470
f 470//470 472//472 466//466
f 466//466 472//472 474//474
f 466//466 474//474 475//475
f 475//475 474//474 479//479
f 478//478 473//473 482//482
f 482//482 473//473 484//484
f 484//484 473//473 486//486
f 486//486 473//473 488//488
f 488//488 473//473 271//271
f 488//488 271//271 489//489
f 489//489 271//271 269//269
f 489//489 269//269 490//490
f 490//490 269//269 267//267
f 490//490 267//267 491//491
f 491//491 267//267 265//265
f 491//491 265//265 492//492
f 492//492 265//265 166//166
f 492//492 166//166 164//164
f 472//472 493//493 474//474
f 473//473 494//494 496//496
f 473//473 496//496 498//498
f 498//498 501//501 473//473
f 473//473 501//501 274//274
f 473//473 274//274 271//271
f 280//280 444//444 276//276
f 475//475 503//503 466//466
f 466//466 503//503 505//505
f 466//466 505//505 506//506
f 509//509 510//510 506//506
f 506//506 510//510 511//511
f 506//506 511//511 460//460
f 460//460 511//511 462//462
f 509//509 512//512 510//510
f 510//510 512//512 514//514
f 510//510 514//514 516//516
f 516//516 514//514 519//519
f 517//517 520//520 521//521
f 521//521 524//524 517//517
f 517//517 524//524 526//526
f 517//517 526//526 527//527
f 527//527 526//526 488//488
f 527//527 488//488 529//529
f 529//529 488//488 489//489
f 529//529 489//489 531//531
f 531//531 489//489 490//490
f 531//531 490//490 532//532
f 532//532 490//490 491//491
f 532//532 491//491 533//533
f 533//533 491//491 492//492
f 533//533 492//492 534//534
f 534//534 492//492 164//164
f 534//534 164//164 162//162
f 536//536 540//540 541//541
f 542//542 539//539 543//543
f 542//542 543//543 545//545
f 545//545 543//543 547//547
f 545//545 547//547 548//548
f 548//548 123//123 545//545
f 545//545 123//123 550//550
f 545//545 550//550 511//511
f 511//511 550//550 551//551
f 511//511 551//551 462//462
f 462//462 551//551 464//464
f 125//125 552//552 122//122
f 122//122 552//552 555//555
f 122//122 555//555 556//556
f 556//556 555//555 560//560
f 557//557 559//559 562//562
f 562//562 564//564 557//557
f 557//557 564//564 566//566
f 557//557 566//566 529//529
f 527//527 568//568 517//517
f 517//517 568//568 541//541
f 516//516 542//542 510//510
f 510//510 542//542 545//545
f 510//510 545//545 511//511
f 568//568 536//536 541//541
f 570//570 574//574 557//557
f 556//556 573//573 576//576
f 556//556 576//576 122//122
f 122//122 576//576 578//578
f 122//122 578//578 579//579
f 579//579 119//119 122//122
f 119//119 582//582 111//111
f 111//111 582//582 583//583
f 111//111 583//583 585//585
f 111//111 585//585 108//108
f 108//108 585//585 589//589
f 107//107 588//588 590//590
f 590//590 592//592 107//107
f 107//107 592//592 594//594
f 107//107 594//594 596//596
f 599//599 557//557 596//596
f 596//596 557//557 600//600
f 596//596 600//600 205//205
f 205//205 600//600 601//601
f 205//205 601//601 207//207
f 207//207 601//601 602//602
f 207//207 602//602 209//209
f 209//209 602//602 603//603
f 209//209 603//603 211//211
f 211//211 603//603 160//160
f 211//211 160//160 158//158
f 599//599 605//605 557//557
f 557//557 605//605 570//570
f 201//201 200//200 351//351
f 352//352 199//199 302//302
f 352//352 302//302 348//348
f 348//348 302//302 301//301
f 348//348 301//301 346//346
f 346//346 301//301 300//300
f 346//346 300//300 344//344
f 344//344 300//300 299//299
f 344//344 299//299 342//342
f 342//342 299//299 298//298
f 342//342 298//298 340//340
f 340//340 298//298 297//297
f 340//340 297//297 338//338
f 338//338 297//297 331//331
f 276//276 607//607 272//272
f 272//272 607//607 608//608
f 272//272 608//608 609//609
f 609//609 608//608 610//610
f 609//609 610//610 611//611
f 611//611 610//610 612//612
f 611//611 612//612 613//613
f 613//613 612//612 614//614
f 613//613 614//614 375//375
f 375//375 614//614 615//615
f 375//375 615//615 378//378
f 378//378 615//615 616//616
f 378//378 616//616 394//394
f 394//394 616//616 617//617
f 394//394 617//617 465//465
f 465//465 617//617 618//618
f 465//465 618//618 463//463
f 463//463 618//618 619//619
f 463//463 619//619 461//461
f 461//461 619//619 457//457
f 461//461 457//457 455//455
f 607//607 438//438 608//608
f 608//608 438//438 436//436
f 608//608 436//436 610//610
f 610//610 436//436 435//435
f 610//610 435//435 612//612
f 612//612 435//435 434//434
f 612//612 434//434 614//614
f 614//614 434//434 433//433
f 614//614 433//433 615//615
f 615//615 433//433 432//432
f 615//615 432//432 616//616
f 616//616 432//432 431//431
f 616//616 431//431 617//617
f 617//617 431//431 430//430
f 617//617 430//430 618//618
f 618//618 430//430 442//442
f 618//618 442//442 619//619
f 619//619 442//442 441//441
f 619//619 441//441 457//457
f 275//275 456//456 606//606
f 606//606 456//456 439//439
f 606//606 439//439 437//437
f 372//372 260//260 257//257
f 550//550 123//123 121//121
f 506//506 460//460 466//466
f 270//270 272//272 609//609
f 557//557 529//529 600//600
f 600//600 529//529 531//531
f 600//600 531//531 532//532
f 107//107 596//596 205//205
f 601//601 600//600 532//532
f 149//149 147//147 206//206
f 151//151 149//149 208//208
f 208//208 149//149 206//206
f 197//197 215//215 195//195
f 195//195 215//215 620//620
f 195//195 620//620 193//193
f 193//193 620//620 621//621
f 193//193 621//621 191//191
f 191//191 621//621 236//236
f 620//620 215//215 216//216
f 550//550 121//121 400//400
f 550//550 400//400 551//551
f 551//551 400//400 398//398
f 551//551 398//398 464//464
f 464//464 398//398 396//396
f 439//439 456//456 440//440
f 620//620 216//216 622//622
f 622//622 216//216 217//217
f 622//622 217//217 623//623
f 623//623 217//217 218//218
f 623//623 218//218 624//624
f 624//624 218//218 219//219
f 624//624 219//219 159//159
f 159//159 219//219 157//157
f 620//620 622//622 621//621
f 621//621 622//622 625//625
f 621//621 625//625 236//236
f 236//236 625//625 233//233
f 625//625 622//622 623//623
f 625//625 623//623 626//626
f 626//626 623//623 624//624
f 626//626 624//624 161//161
f 161//161 624//624 159//159
f 176//176 294//294 188//188
f 242//242 331//331 297//297
f 364//364 392//392 395//395
f 163//163 233//233 626//626
f 626//626 233//233 625//625
f 163//163 626//626 161//161
f 258//258 356//356 310//310
f 256//256 258//258 310//310
f 156//156 155//155 212//212
f 212//212 155//155 153//153
f 212//212 153//153 210//210
f 210//210 153//153 151//151
f 210//210 151//151 208//208
f 162//162 160//160 603//603
f 162//162 603//603 534//534
f 534//534 603//603 602//602
f 534//534 602//602 533//533
f 533//533 602//602 601//601
f 533//533 601//601 532//532
f 255//255 252//252 266//266
f 257//257 255//255 627//627
f 627//627 255//255 266//266
f 627//627 266//266 268//268
f 372//372 257//257 628//628
f 628//628 257//257 627//627
f 628//628 627//627 629//629
f 629//629 627//627 268//268
f 629//629 268//268 270//270
f 375//375 372//372 613//613
f 613//613 372//372 628//628
f 613//613 628//628 611//611
f 611//611 628//628 629//629
f 611//611 629//629 609//609
f 609//609 629//629 270//270
f 481//481 365//365 477//477
f 477//477 365//365 363//363
f 480//480 362//362 476//476
f 476//476 362//362 360//360
f 476//476 360//360 414//414
f 481//481 483//483 365//365
f 365//365 483//483 368//368
f 368//368 483//483 485//485
f 368//368 485//485 370//370
f 370//370 485//485 259//259
f 259//259 485//485 487//487
f 259//259 487//487 262//262
f 262//262 487//487 525//525
f 262//262 525//525 523//523
f 262//262 523//523 402//402
f 402//402 523//523 522//522
f 402//402 522//522 404//404
f 404//404 522//522 406//406
f 406//406 522//522 518//518
f 406//406 518//518 408//408
f 408//408 518//518 515//515
f 408//408 515//515 513//513
f 408//408 513//513 411//411
f 411//411 513//513 508//508
f 411//411 508//508 357//357
f 357//357 508//508 335//335
f 335//335 508//508 507//507
f 335//335 507//507 412//412
f 412//412 507//507 504//504
f 412//412 504//504 502//502
f 412//412 502//502 414//414
f 414//414 502//502 476//476
f 101//101 174//174 106//106
f 106//106 174//174 178//178
f 103//103 179//179 109//109
f 109//109 179//179 181//181
f 109//109 181//181 183//183
f 101//101 213//213 174//174
f 174//174 213//213 172//172
f 172//172 213//213 204//204
f 172//172 204//204 171//171
f 171//171 204//204 167//167
f 167//167 204//204 148//148
f 167//167 148//148 220//220
f 220//220 148//148 140//140
f 220//220 140//140 139//139
f 220//220 139//139 222//222
f 222//222 139//139 145//145
f 222//222 145//145 225//225
f 225//225 145//145 227//227
f 227//227 145//145 143//143
f 227//227 143//143 230//230
f 230//230 143//143 133//133
f 230//230 133//133 131//131
f 230//230 131//131 231//231
f 231//231 131//131 128//128
f 231//231 128//128 234//234
f 234//234 128//128 186//186
f 186//186 128//128 117//117
f 186//186 117//117 184//184
f 184//184 117//117 115//115
f 184//184 115//115 112//112
f 184//184 112//112 183//183
f 183//183 112//112 109//109
f 535//535 311//311 538//538
f 538//538 311//311 307//307
f 537//537 308//308 544//544
f 544//544 308//308 305//305
f 544//544 305//305 354//354
f 535//535 567//567 311//311
f 311//311 567//567 314//314
f 314//314 567//567 528//528
f 314//314 528//528 316//316
f 316//316 528//528 253//253
f 253//253 528//528 530//530
f 253//253 530//530 318//318
f 318//318 530//530 565//565
f 318//318 565//565 563//563
f 318//318 563//563 320//320
f 320//320 563//563 561//561
f 320//320 561//561 321//321
f 321//321 561//561 324//324
f 324//324 561//561 558//558
f 324//324 558//558 326//326
f 326//326 558//558 554//554
f 326//326 554//554 553//553
f 326//326 553//553 328//328
f 328//328 553//553 126//126
f 328//328 126//126 330//330
f 330//330 126//126 332//332
f 332//332 126//126 124//124
f 332//332 124//124 333//333
f 333//333 124//124 549//549
f 333//333 549//549 546//546
f 333//333 546//546 354//354
f 354//354 546//546 544//544
f 569//569 243//243 572//572
f 572//572 243//243 241//241
f 571//571 239//239 575//575
f 575//575 239//239 237//237
f 575//575 237//237 303//303
f 569//569 604//604 243//243
f 243//243 604//604 246//246
f 246//246 604//604 598//598
f 246//246 598//598 248//248
f 248//248 598//598 250//250
f 250//250 598//598 597//597
f 250//250 597//597 263//263
f 263//263 597//597 595//595
f 263//263 595//595 593//593
f 263//263 593//593 282//282
f 282//282 593//593 591//591
f 282//282 591//591 284//284
f 284//284 591//591 285//285
f 285//285 591//591 587//587
f 285//285 587//587 288//288
f 288//288 587//587 586//586
f 288//288 586//586 584//584
f 288//288 584//584 290//290
f 290//290 584//584 581//581
f 290//290 581//581 291//291
f 291//291 581//581 293//293
f 293//293 581//581 120//120
f 293//293 120//120 295//295
f 295//295 120//120 580//580
f 295//295 580//580 577//577
f 295//295 577//577 303//303
f 303//303 577//577 575//575
f 443//443 381//381 445//445
f 445//445 381//381 384//384
f 446//446 385//385 449//449
f 449//449 385//385 386//386
f 449//449 386//386 389//389
f 443//443 279//279 381//381
f 381//381 279//279 380//380
f 380//380 279//279 277//277
f 380//380 277//277 377//377
f 377//377 277//277 374//374
f 374//374 277//277 273//273
f 374//374 273//273 417//417
f 417//417 273//273 500//500
f 417//417 500//500 499//499
f 417//417 499//499 418//418
f 418//418 499//499 497//497
f 418//418 497//497 421//421
f 421//421 497//497 422//422
f 422//422 497//497 495//495
f 422//422 495//495 424//424
f 424//424 495//495 471//471
f 424//424 471//471 469//469
f 424//424 469//469 426//426
f 426//426 469//469 468//468
f 426//426 468//468 429//429
f 429//429 468//468 393//393
f 393//393 468//468 459//459
f 393//393 459//459 391//391
f 391//391 459//459 454//454
f 391//391 454//454 451//451
f 391//391 451//451 389//389
f 389//389 451//451 449//449
f 631//631 633//633 637//637
f 635//635 632//632 638//638
f 635//635 638//638 640//640
f 640//640 642//642 635//635
f 635//635 642//642 645//645
f 645//645 642//642 647//647
f 645//645 647//647 648//648
f 648//648 647//647 651//651
f 648//648 651//651 654//654
f 654//654 651//651 656//656
f 654//654 656//656 658//658
f 658//658 662//662 654//654
f 652//652 661//661 663//663
f 652//652 663//663 666//666
f 666//666 667//667 652//652
f 652//652 667//667 669//669
f 652//652 669//669 671//671
f 671//671 669//669 674//674
f 671//671 674//674 676//676
f 676//676 674//674 677//677
f 676//676 677//677 680//680
f 680//680 677//677 682//682
f 680//680 682//682 683//683
f 683//683 682//682 685//685
f 683//683 685//685 688//688
f 688//688 685//685 689//689
f 688//688 689//689 691//691
f 691//691 689//689 694//694
f 694//694 689//689 696//696
f 694//694 696//696 698//698
f 698//698 696//696 700//700
f 700//700 696//696 701//701
f 701//701 696//696 704//704
f 704//704 696//696 705//705
f 705//705 696//696 707//707
f 707//707 696//696 709//709
f 709//709 696//696 711//711
f 709//709 711//711 713//713
f 713//713 711//711 716//716
f 716//716 711//711 717//717
f 716//716 717//717 720//720
f 720//720 717//717 721//721
f 720//720 721//721 724//724
f 724//724 721//721 725//725
f 724//724 725//725 648//648
f 648//648 725//725 645//645
f 674//674 669//669 637//637
f 637//637 669//669 727//727
f 637//637 727//727 730//730
f 730//730 631//631 637//637
f 713//713 731//731 709//709
f 709//709 731//731 733//733
f 733//733 731//731 736//736
f 736//736 731//731 738//738
f 738//738 731//731 740//740
f 740//740 731//731 742//742
f 742//742 731//731 744//744
f 744//744 731//731 746//746
f 746//746 731//731 688//688
f 746//746 688//688 691//691
f 748//748 752//752 754//754
f 754//754 752//752 687//687
f 754//754 687//687 732//732
f 748//748 756//756 752//752
f 760//760 679//679 752//752
f 752//752 679//679 684//684
f 752//752 684//684 687//687
f 761//761 763//763 760//760
f 760//760 763//763 765//765
f 760//760 765//765 672//672
f 672//672 765//765 653//653
f 653//653 765//765 769//769
f 653//653 769//769 649//649
f 649//649 769//769 771//771
f 649//649 771//771 723//723
f 723//723 771//771 719//719
f 719//719 771//771 775//775
f 719//719 775//775 715//715
f 715//715 775//775 714//714
f 714//714 775//775 779//779
f 714//714 779//779 732//732
f 732//732 779//779 754//754
f 769//769 780//780 771//771
f 771//771 780//780 783//783
f 784//784 787//787 775//775
f 775//775 787//787 779//779
f 672//672 675//675 760//760
f 760//760 675//675 679//679
f 759//759 788//788 791//791
f 791//791 788//788 793//793
f 791//791 793//793 794//794
f 794//794 793//793 795//795
f 794//794 795//795 799//799
f 799//799 766//766 794//794
f 794//794 766//766 764//764
f 794//794 764//764 791//791
f 791//791 764//764 762//762
f 791//791 762//762 759//759
f 801//801 802//802 807//807
f 807//807 802//802 808//808
f 804//804 810//810 811//811
f 811//811 810//810 814//814
f 811//811 814//814 815//815
f 815//815 814//814 818//818
f 815//815 818//818 819//819
f 819//819 818//818 821//821
f 819//819 821//821 823//823
f 823//823 821//821 825//825
f 823//823 825//825 828//828
f 828//828 825//825 829//829
f 828//828 829//829 831//831
f 831//831 829//829 833//833
f 831//831 833//833 836//836
f 836//836 833//833 838//838
f 836//836 838//838 840//840
f 840//840 838//838 842//842
f 840//840 842//842 844//844
f 844//844 842//842 845//845
f 844//844 845//845 847//847
f 847//847 845//845 850//850
f 847//847 850//850 801//801
f 801//801 850//850 802//802
f 812//812 851//851 806//806
f 806//806 851//851 853//853
f 805//805 852//852 854//854
f 854//854 852//852 856//856
f 854//854 856//856 857//857
f 857//857 856//856 858//858
f 857//857 858//858 860//860
f 860//860 858//858 862//862
f 860//860 862//862 863//863
f 863//863 862//862 864//864
f 863//863 864//864 866//866
f 866//866 864//864 869//869
f 851//851 812//812 881//881
f 881//881 812//812 816//816
f 881//881 816//816 882//882
f 882//882 816//816 820//820
f 882//882 820//820 883//883
f 883//883 820//820 824//824
f 883//883 824//824 884//884
f 884//884 824//824 827//827
f 884//884 827//827 885//885
f 885//885 827//827 832//832
f 885//885 832//832 886//886
f 886//886 832//832 887//887
f 886//886 887//887 888//888
f 888//888 887//887 889//889
f 888//888 889//889 890//890
f 890//890 889//889 891//891
f 890//890 891//891 892//892
f 892//892 891//891 893//893
f 892//892 893//893 894//894
f 894//894 893//893 895//895
f 894//894 895//895 867//867
f 832//832 835//835 887//887
f 887//887 835//835 896//896
f 887//887 896//896 889//889
f 889//889 896//896 897//897
f 889//889 897//897 891//891
f 891//891 897//897 898//898
f 891//891 898//898 893//893
f 893//893 898//898 899//899
f 893//893 899//899 895//895
f 895//895 899//899 866//866
f 895//895 866//866 880//880
f 835//835 839//839 896//896
f 896//896 839//839 900//900
f 896//896 900//900 897//897
f 897//897 900//900 901//901
f 897//897 901//901 898//898
f 898//898 901//901 902//902
f 898//898 902//902 899//899
f 899//899 902//902 863//863
f 899//899 863//863 866//866
f 839//839 843//843 900//900
f 900//900 843//843 903//903
f 900//900 903//903 901//901
f 901//901 903//903 904//904
f 901//901 904//904 902//902
f 902//902 904//904 860//860
f 902//902 860//860 863//863
f 843//843 848//848 903//903
f 903//903 848//848 905//905
f 903//903 905//905 904//904
f 904//904 905//905 857//857
f 904//904 857//857 860//860
f 848//848 800//800 905//905
f 905//905 800//800 854//854
f 905//905 854//854 857//857
f 800//800 805//805 854//854
f 894//894 877//877 906//906
f 907//907 879//879 908//908
f 908//908 868//868 909//909
f 909//909 875//875 910//910
f 910//910 876//876 911//911
f 912//912 873//873 913//913
f 913//913 874//874 914//914
f 914//914 872//872 915//915
f 915//915 871//871 865//865
f 855//855 853//853 916//916
f 916//916 853//853 851//851
f 916//916 851//851 917//917
f 917//917 851//851 881//881
f 917//917 881//881 918//918
f 918//918 881//881 882//882
f 918//918 882//882 919//919
f 919//919 882//882 883//883
f 919//919 883//883 920//920
f 920//920 883//883 884//884
f 920//920 884//884 921//921
f 921//921 884//884 885//885
f 921//921 885//885 922//922
f 922//922 885//885 886//886
f 922//922 886//886 888//888
f 859//859 855//855 923//923
f 923//923 855//855 916//916
f 923//923 916//916 924//924
f 924//924 916//916 917//917
f 924//924 917//917 925//925
f 925//925 917//917 918//918
f 925//925 918//918 926//926
f 926//926 918//918 919//919
f 926//926 919//919 927//927
f 927//927 919//919 920//920
f 927//927 920//920 928//928
f 928//928 920//920 921//921
f 928//928 921//921 929//929
f 929//929 921//921 922//922
f 929//929 922//922 930//930
f 930//930 922//922 888//888
f 930//930 888//888 890//890
f 915//915 865//865 861//861
f 861//861 859//859 931//931
f 931//931 859//859 923//923
f 931//931 923//923 932//932
f 932//932 923//923 924//924
f 932//932 924//924 933//933
f 933//933 924//924 925//925
f 933//933 925//925 934//934
f 934//934 925//925 926//926
f 934//934 926//926 935//935
f 935//935 926//926 927//927
f 935//935 927//927 936//936
f 936//936 927//927 928//928
f 936//936 928//928 937//937
f 937//937 928//928 929//929
f 937//937 929//929 938//938
f 938//938 929//929 930//930
f 938//938 930//930 939//939
f 939//939 930//930 890//890
f 939//939 890//890 892//892
f 906//906 870//870 907//907
f 911//911 878//878 912//912
f 914//914 915//915 931//931
f 931//931 915//915 861//861
f 914//914 931//931 932//932
f 913//913 914//914 932//932
f 913//913 932//932 933//933
f 912//912 913//913 933//933
f 912//912 933//933 934//934
f 911//911 912//912 934//934
f 911//911 934//934 935//935
f 910//910 911//911 935//935
f 910//910 935//935 936//936
f 909//909 910//910 936//936
f 909//909 936//936 937//937
f 909//909 937//937 908//908
f 908//908 937//937 938//938
f 908//908 938//938 907//907
f 907//907 938//938 939//939
f 907//907 939//939 906//906
f 906//906 939//939 892//892
f 906//906 892//892 894//894
f 940//940 944//944 947//947
f 947//947 944//944 949//949
f 947//947 949//949 951//951
f 955//955 959//959 945//945
f 945//945 959//959 948//948
f 962//962 965//965 956//956
f 956//956 965//965 958//958
f 968//968 970//970 961//961
f 961//961 970//970 972//972
f 961//961 972//972 963//963
f 963//963 972//972 975//975
f 967//967 942//942 976//976
f 976//976 942//942 946//946
f 976//976 946//946 977//977
f 977//977 946//946 978//978
f 977//977 978//978 969//969
f 969//969 978//978 971//971
f 971//971 978//978 973//973
f 973//973 978//978 953//953
f 953//953 978//978 946//946
f 977//977 969//969 976//976
f 976//976 969//969 967//967
f 981//981 957//957 982//982
f 982//982 957//957 964//964
f 982//982 964//964 974//974
f 981//981 987//987 957//957
f 957//957 987//987 950//950
f 950//950 987//987 989//989
f 950//950 989//989 952//952
f 952//952 989//989 993//993
f 952//952 993//993 974//974
f 974//974 993//993 982//982
f 994//994 999//999 1002//1002
f 1002//1002 999//999 1004//1004
f 1007//1007 1009//1009 1013//1013
f 1013//1013 1009//1009 1015//1015
f 1013//1013 1015//1015 1017//1017
f 1017//1017 1015//1015 1020//1020
f 1017//1017 1020//1020 1023//1023
f 1017//1017 1023//1023 1024//1024
f 1024//1024 1023//1023 1027//1027
f 1024//1024 1027//1027 1028//1028
f 1028//1028 1027//1027 997//997
f 1028//1028 997//997 995//995
f 1032//1032 1033//1033 1019//1019
f 1019//1019 1033//1033 1038//1038
f 1019//1019 1038//1038 1022//1022
f 1022//1022 1038//1038 1039//1039
f 1022//1022 1039//1039 1026//1026
f 1026//1026 1039//1039 1042//1042
f 1026//1026 1042//1042 998//998
f 998//998 1042//1042 1005//1005
f 1036//1036 1044//1044 1037//1037
f 1037//1037 1044//1044 1048//1048
f 1037//1037 1048//1048 1049//1049
f 1037//1037 1049//1049 1040//1040
f 1040//1040 1049//1049 1052//1052
f 1040//1040 1052//1052 1041//1041
f 1041//1041 1052//1052 1003//1003
f 1003//1003 1052//1052 1001//1001
f 1045//1045 1014//1014 1047//1047
f 1047//1047 1014//1014 1018//1018
f 1047//1047 1018//1018 1025//1025
f 1047//1047 1025//1025 1050//1050
f 1050//1050 1025//1025 1029//1029
f 1050//1050 1029//1029 1051//1051
f 1051//1051 1029//1029 1000//1000
f 1000//1000 1029//1029 996//996
f 1006//1006 1011//1011 1054//1054
f 1054//1054 1011//1011 983//983
f 1054//1054 983//983 991//991
f 1055//1055 1030//1030 1057//1057
f 1057//1057 1030//1030 1021//1021
f 1057//1057 1021//1021 1016//1016
f 1016//1016 1010//1010 1057//1057
f 1057//1057 1010//1010 1053//1053
f 1057//1057 1053//1053 1058//1058
f 1058//1058 1053//1053 1059//1059
f 1058//1058 1059//1059 1055//1055
f 1055//1055 1059//1059 990//990
f 990//990 1059//1059 992//992
f 992//992 1059//1059 1053//1053
f 1010//1010 1008//1008 1053//1053
f 1058//1058 1055//1055 1057//1057
f 1031//1031 1056//1056 1035//1035
f 1035//1035 1056//1056 986//986
f 986//986 1056//1056 988//988
f 1046//1046 1034//1034 980//980
f 980//980 1034//1034 985//985
f 1043//1043 979//979 1012//1012
f 1012//1012 979//979 984//984
f 755//755 1061//1061 1063//1063
f 1063//1063 1061//1061 1064//1064
f 1063//1063 1064//1064 1066//1066
f 1066//1066 1064//1064 1067//1067
f 1066//1066 1067//1067 1070//1070
f 1070//1070 750//750 1066//1066
f 1066//1066 750//750 757//757
f 1066//1066 757//757 1063//1063
f 1063//1063 757//757 749//749
f 1063//1063 749//749 755//755
f 1069//1069 966//966 751//751
f 751//751 966//966 960//960
f 751//751 960//960 954//954
f 966//966 1069//1069 941//941
f 941//941 1069//1069 790//790
f 941//941 790//790 943//943
f 943//943 790//790 758//758
f 943//943 758//758 954//954
f 954//954 758//758 751//751
f 776//776 813//813 1073//1073
f 1073//1073 813//813 809//809
f 1073//1073 809//809 803//803
f 772//772 826//826 776//776
f 776//776 826//826 822//822
f 776//776 822//822 817//817
f 1076//1076 837//837 772//772
f 772//772 837//837 834//834
f 772//772 834//834 830//830
f 1073//1073 849//849 1076//1076
f 1076//1076 849//849 846//846
f 1076//1076 846//846 841//841
f 803//803 849//849 1073//1073
f 841//841 837//837 1076//1076
f 830//830 826//826 772//772
f 817//817 813//813 776//776
f 774//774 1072//1072 1078//1078
f 1078//1078 1072//1072 1079//1079
f 1078//1078 1079//1079 1081//1081
f 1081//1081 1079//1079 1082//1082
f 1081//1081 1082//1082 1085//1085
f 1085//1085 778//778 1081//1081
f 1081//1081 778//778 786//786
f 1081//1081 786//786 1078//1078
f 1078//1078 786//786 785//785
f 1078//1078 785//785 774//774
f 768//768 1088//1088 1090//1090
f 1090//1090 1088//1088 1091//1091
f 1090//1090 1091//1091 1093//1093
f 1093//1093 1091//1091 1095//1095
f 1093//1093 1095//1095 1075//1075
f 1075//1075 773//773 1093//1093
f 1093//1093 773//773 782//782
f 1093//1093 782//782 1090//1090
f 1090//1090 782//782 781//781
f 1090//1090 781//781 768//768
f 1086//1086 695//695 1062//1062
f 1062//1062 695//695 690//690
f 1062//1062 690//690 1071//1071
f 1071//1071 690//690 686//686
f 1071//1071 686//686 681//681
f 1083//1083 1074//1074 1086//1086
f 1086//1086 1074//1074 712//712
f 1086//1086 712//712 695//695
f 1083//1083 1080//1080 1074//1074
f 1077//1077 722//722 1074//1074
f 1074//1074 722//722 718//718
f 1074//1074 718//718 712//712
f 1094//1094 1092//1092 1077//1077
f 1077//1077 1092//1092 1087//1087
f 1077//1077 1087//1087 644//644
f 644//644 1087//1087 636//636
f 636//636 1087//1087 797//797
f 636//636 797//797 673//673
f 673//673 797//797 789//789
f 673//673 789//789 678//678
f 678//678 789//789 681//681
f 681//681 789//789 1071//1071
f 797//797 796//796 789//789
f 789//789 796//796 792//792
f 1068//1068 1065//1065 1071//1071
f 1071//1071 1065//1065 1062//1062
f 644//644 726//726 1077//1077
f 1077//1077 726//726 722//722
f 1089//1089 1096//1096 798//798
f 798//798 1096//1096 1098//1098
f 798//798 1098//1098 1101//1101
f 770//770 1102//1102 1089//1089
f 1089//1089 1102//1102 1105//1105
f 1089//1089 1105//1105 1106//1106
f 767//767 1108//1108 770//770
f 770//770 1108//1108 1112//1112
f 770//770 1112//1112 1114//1114
f 798//798 1116//1116 767//767
f 767//767 1116//1116 1117//1117
f 767//767 1117//1117 1120//1120
f 1114//1114 1102//1102 770//770
f 1106//1106 1096//1096 1089//1089
f 1101//1101 1116//1116 798//798
f 1120//1120 1108//1108 767//767
f 1121//1121 639//639 1123//1123
f 1123//1123 639//639 634//634
f 1123//1123 634//634 630//630
f 639//639 1121//1121 641//641
f 641//641 1121//1121 1125//1125
f 641//641 1125//1125 643//643
f 643//643 1125//1125 1128//1128
f 643//643 1128//1128 646//646
f 646//646 1128//1128 650//650
f 650//650 1128//1128 1129//1129
f 650//650 1129//1129 655//655
f 655//655 1129//1129 1132//1132
f 655//655 1132//1132 657//657
f 657//657 1132//1132 1134//1134
f 657//657 1134//1134 659//659
f 660//660 1135//1135 664//664
f 664//664 1135//1135 1137//1137
f 664//664 1137//1137 665//665
f 665//665 1137//1137 1139//1139
f 665//665 1139//1139 668//668
f 668//668 1139//1139 1140//1140
f 668//668 1140//1140 670//670
f 670//670 1140//1140 728//728
f 728//728 1140//1140 1142//1142
f 728//728 1142//1142 729//729
f 729//729 1142//1142 1144//1144
f 729//729 1144//1144 630//630
f 630//630 1144//1144 1123//1123
f 1146//1146 1111//1111 1148//1148
f 1148//1148 1111//1111 1109//1109
f 1149//1149 1110//1110 1152//1152
f 1152//1152 1110//1110 1119//1119
f 1152//1152 1119//1119 1154//1154
f 1154//1154 1119//1119 1118//1118
f 1154//1154 1118//1118 1155//1155
f 1155//1155 1118//1118 1115//1115
f 1155//1155 1115//1115 1158//1158
f 1158//1158 1115//1115 1100//1100
f 1158//1158 1100//1100 1160//1160
f 1160//1160 1100//1100 1099//1099
f 1160//1160 1099//1099 1162//1162
f 1162//1162 1099//1099 1097//1097
f 1162//1162 1097//1097 1163//1163
f 1163//1163 1097//1097 1107//1107
f 1163//1163 1107//1107 1165//1165
f 1165//1165 1107//1107 1104//1104
f 1165//1165 1104//1104 1168//1168
f 1168//1168 1104//1104 1103//1103
f 1168//1168 1103//1103 1169//1169
f 1169//1169 1103//1103 1113//1113
f 1169//1169 1113//1113 1146//1146
f 1146//1146 1113//1113 1111//1111
f 1151//1151 1136//1136 1150//1150
f 1150//1150 1136//1136 1133//1133
f 1150//1150 1133//1133 1131//1131
f 1136//1136 1151//1151 1138//1138
f 1138//1138 1151//1151 1153//1153
f 1138//1138 1153//1153 1141//1141
f 1141//1141 1153//1153 1156//1156
f 1141//1141 1156//1156 1157//1157
f 1141//1141 1157//1157 1143//1143
f 1143//1143 1157//1157 1159//1159
f 1143//1143 1159//1159 1145//1145
f 1145//1145 1159//1159 1124//1124
f 1124//1124 1159//1159 1161//1161
f 1124//1124 1161//1161 1122//1122
f 1122//1122 1161//1161 1164//1164
f 1122//1122 1164//1164 1126//1126
f 1126//1126 1164//1164 1166//1166
f 1126//1126 1166//1166 1127//1127
f 1127//1127 1166//1166 1167//1167
f 1127//1127 1167//1167 1170//1170
f 1127//1127 1170//1170 1130//1130
f 1130//1130 1170//1170 1147//1147
f 1130//1130 1147//1147 1131//1131
f 1131//1131 1147//1147 1150//1150
f 1172//1172 699//699 1174//1174
f 1174//1174 699//699 702//702
f 1174//1174 702//702 703//703
f 699//699 1172//1172 697//697
f 697//697 1172//1172 1175//1175
f 697//697 1175//1175 693//693
f 693//693 1175//1175 1177//1177
f 693//693 1177//1177 692//692
f 692//692 1177//1177 747//747
f 747//747 1177//1177 1180//1180
f 747//747 1180//1180 745//745
f 745//745 1180//1180 1181//1181
f 745//745 1181//1181 743//743
f 743//743 1181//1181 1185//1185
f 743//743 1185//1185 739//739
f 741//741 1183//1183 737//737
f 737//737 1183//1183 1186//1186
f 737//737 1186//1186 735//735
f 735//735 1186//1186 1189//1189
f 735//735 1189//1189 734//734
f 734//734 1189//1189 1191//1191
f 734//734 1191//1191 710//710
f 710//710 1191//1191 708//708
f 708//708 1191//1191 1192//1192
f 708//708 1192//1192 706//706
f 706//706 1192//1192 1195//1195
f 706//706 1195//1195 703//703
f 703//703 1195//1195 1174//1174
f 777//777 1197//1197 753//753
f 753//753 1197//1197 1199//1199
f 753//753 1199//1199 1201//1201
f 1084//1084 1204//1204 777//777
f 777//777 1204//1204 1205//1205
f 777//777 1205//1205 1208//1208
f 1060//1060 1209//1209 1084//1084
f 1084//1084 1209//1209 1211//1211
f 1084//1084 1211//1211 1213//1213
f 753//753 1215//1215 1060//1060
f 1060//1060 1215//1215 1217//1217
f 1060//1060 1217//1217 1220//1220
f 1213//1213 1204//1204 1084//1084
f 1208//1208 1197//1197 777//777
f 1201//1201 1215//1215 753//753
f 1220//1220 1209//1209 1060//1060
f 1222//1222 1212//1212 1224//1224
f 1224//1224 1212//1212 1210//1210
f 1224//1224 1210//1210 1225//1225
f 1225//1225 1210//1210 1219//1219
f 1225//1225 1219//1219 1228//1228
f 1228//1228 1219//1219 1218//1218
f 1228//1228 1218//1218 1229//1229
f 1229//1229 1218//1218 1216//1216
f 1229//1229 1216//1216 1231//1231
f 1231//1231 1216//1216 1202//1202
f 1231//1231 1202//1202 1234//1234
f 1234//1234 1202//1202 1200//1200
f 1234//1234 1200//1200 1236//1236
f 1236//1236 1200//1200 1198//1198
f 1237//1237 1196//1196 1238//1238
f 1238//1238 1196//1196 1207//1207
f 1238//1238 1207//1207 1241//1241
f 1241//1241 1207//1207 1206//1206
f 1241//1241 1206//1206 1242//1242
f 1242//1242 1206//1206 1203//1203
f 1242//1242 1203//1203 1244//1244
f 1244//1244 1203//1203 1214//1214
f 1244//1244 1214//1214 1222//1222
f 1222//1222 1214//1214 1212//1212
f 1226//1226 1171//1171 1223//1223
f 1223//1223 1171//1171 1173//1173
f 1223//1223 1173//1173 1194//1194
f 1171//1171 1226//1226 1176//1176
f 1176//1176 1226//1226 1227//1227
f 1176//1176 1227//1227 1178//1178
f 1178//1178 1227//1227 1230//1230
f 1178//1178 1230//1230 1232//1232
f 1178//1178 1232//1232 1179//1179
f 1179//1179 1232//1232 1233//1233
f 1179//1179 1233//1233 1182//1182
f 1182//1182 1233//1233 1184//1184
f 1184//1184 1233//1233 1235//1235
f 1184//1184 1235//1235 1187//1187
f 1187//1187 1235//1235 1239//1239
f 1187//1187 1239//1239 1188//1188
f 1188//1188 1239//1239 1240//1240
f 1188//1188 1240//1240 1190//1190
f 1190//1190 1240//1240 1243//1243
f 1190//1190 1243//1243 1245//1245
f 1190//1190 1245//1245 1193//1193
f 1193//1193 1245//1245 1221//1221
f 1193//1193 1221//1221 1194//1194
f 1194//1194 1221//1221 1223//1223
f 1246//1246 1249//1249 1250//1250
f 1250//1250 1249//1249 1253//1253
f 1250//1250 1253//1253 1254//1254
f 1254//1254 1253//1253 1256//1256
f 1254//1254 1256//1256 1258//1258
f 1249//1249 1246//1246 1261//1261
f 1261//1261 1246//1246 1263//1263
f 1261//1261 1263//1263 1264//1264
f 1264//1264 1263//1263 1266//1266
f 1264//1264 1266//1266 1269//1269
f 1264//1264 1269//1269 1270//1270
f 1270//1270 1269//1269 1273//1273
f 1270//1270 1273//1273 1275//1275
f 1275//1275 1273//1273 1276//1276
f 1275//1275 1276//1276 1279//1279
f 1279//1279 1276//1276 1283//1283
f 1283//1283 1276//1276 1284//1284
f 1283//1283 1284//1284 1287//1287
f 1287//1287 1284//1284 1288//1288
f 1287//1287 1288//1288 1290//1290
f 1290//1290 1288//1288 1293//1293
f 1290//1290 1293//1293 1294//1294
f 1290//1290 1294//1294 1258//1258
f 1258//1258 1294//1294 1254//1254
f 1296//1296 1298//1298 1300//1300
f 1300//1300 1298//1298 1305//1305
f 1300//1300 1305//1305 1306//1306
f 1306//1306 1305//1305 1309//1309
f 1306//1306 1309//1309 1310//1310
f 1298//1298 1296//1296 1313//1313
f 1313//1313 1296//1296 1314//1314
f 1313//1313 1314//1314 1316//1316
f 1316//1316 1314//1314 1319//1319
f 1316//1316 1319//1319 1321//1321
f 1316//1316 1321//1321 1322//1322
f 1322//1322 1321//1321 1324//1324
f 1322//1322 1324//1324 1327//1327
f 1327//1327 1324//1324 1328//1328
f 1327//1327 1328//1328 1331//1331
f 1331//1331 1328//1328 1333//1333
f 1333//1333 1328//1328 1335//1335
f 1333//1333 1335//1335 1337//1337
f 1337//1337 1335//1335 1338//1338
f 1337//1337 1338//1338 1341//1341
f 1341//1341 1338//1338 1343//1343
f 1341//1341 1343//1343 1345//1345
f 1341//1341 1345//1345 1310//1310
f 1310//1310 1345//1345 1306//1306
f 1346//1346 1349//1349 1344//1344
f 1344//1344 1349//1349 1353//1353
f 1344//1344 1353//1353 1307//1307
f 1307//1307 1353//1353 1354//1354
f 1307//1307 1354//1354 1302//1302
f 1302//1302 1354//1354 1358//1358
f 1301//1301 1356//1356 1359//1359
f 1301//1301 1359//1359 1297//1297
f 1297//1297 1359//1359 1362//1362
f 1297//1297 1362//1362 1315//1315
f 1315//1315 1362//1362 1363//1363
f 1315//1315 1363//1363 1318//1318
f 1318//1318 1363//1363 1367//1367
f 1318//1318 1367//1367 1369//1369
f 1362//1362 1370//1370 1363//1363
f 1369//1369 1375//1375 1318//1318
f 1318//1318 1375//1375 1320//1320
f 1320//1320 1375//1375 1377//1377
f 1320//1320 1377//1377 1380//1380
f 1320//1320 1380//1380 1325//1325
f 1325//1325 1380//1380 1382//1382
f 1325//1325 1382//1382 1329//1329
f 1329//1329 1382//1382 1383//1383
f 1329//1329 1383//1383 1386//1386
f 1329//1329 1386//1386 1334//1334
f 1334//1334 1386//1386 1387//1387
f 1334//1334 1387//1387 1339//1339
f 1339//1339 1387//1387 1390//1390
f 1339//1339 1390//1390 1342//1342
f 1342//1342 1390//1390 1393//1393
f 1342//1342 1393//1393 1394//1394
f 1387//1387 1397//1397 1390//1390
f 1394//1394 1346//1346 1342//1342
f 1342//1342 1346//1346 1344//1344
f 1299//1299 1274//1274 1304//1304
f 1304//1304 1274//1274 1281//1281
f 1303//1303 1280//1280 1308//1308
f 1308//1308 1280//1280 1282//1282
f 1308//1308 1282//1282 1311//1311
f 1311//1311 1282//1282 1286//1286
f 1311//1311 1286//1286 1340//1340
f 1340//1340 1286//1286 1291//1291
f 1340//1340 1291//1291 1336//1336
f 1336//1336 1291//1291 1259//1259
f 1336//1336 1259//1259 1332//1332
f 1332//1332 1259//1259 1257//1257
f 1332//1332 1257//1257 1330//1330
f 1330//1330 1257//1257 1252//1252
f 1330//1330 1252//1252 1326//1326
f 1326//1326 1252//1252 1248//1248
f 1326//1326 1248//1248 1323//1323
f 1323//1323 1248//1248 1260//1260
f 1323//1323 1260//1260 1317//1317
f 1317//1317 1260//1260 1265//1265
f 1317//1317 1265//1265 1312//1312
f 1312//1312 1265//1265 1271//1271
f 1312//1312 1271//1271 1299//1299
f 1299//1299 1271//1271 1274//1274
f 1371//1371 1361//1361 1399//1399
f 1399//1399 1361//1361 1401//1401
f 1399//1399 1401//1401 1403//1403
f 1403//1403 1401//1401 1404//1404
f 1403//1403 1404//1404 1405//1405
f 1405//1405 1404//1404 1409//1409
f 1409//1409 1404//1404 1411//1411
f 1411//1411 1404//1404 1412//1412
f 1411//1411 1412//1412 1414//1414
f 1414//1414 1412//1412 1415//1415
f 1414//1414 1415//1415 1416//1416
f 1416//1416 1415//1415 1418//1418
f 1416//1416 1418//1418 1420//1420
f 1420//1420 1418//1418 1421//1421
f 1420//1420 1421//1421 1422//1422
f 1422//1422 1421//1421 1426//1426
f 1426//1426 1421//1421 1427//1427
f 1427//1427 1421//1421 1429//1429
f 1427//1427 1429//1429 1431//1431
f 1431//1431 1429//1429 1352//1352
f 1431//1431 1352//1352 1350//1350
f 1401//1401 1361//1361 1432//1432
f 1432//1432 1361//1361 1360//1360
f 1432//1432 1360//1360 1433//1433
f 1433//1433 1360//1360 1357//1357
f 1433//1433 1357//1357 1434//1434
f 1434//1434 1357//1357 1355//1355
f 1434//1434 1355//1355 1429//1429
f 1429//1429 1355//1355 1352//1352
f 1412//1412 1404//1404 1401//1401
f 1412//1412 1401//1401 1432//1432
f 1415//1415 1412//1412 1432//1432
f 1415//1415 1432//1432 1433//1433
f 1418//1418 1415//1415 1433//1433
f 1418//1418 1433//1433 1434//1434
f 1421//1421 1418//1418 1434//1434
f 1421//1421 1434//1434 1429//1429
f 1400//1400 1430//1430 1372//1372
f 1372//1372 1430//1430 1351//1351
f 1372//1372 1351//1351 1364//1364
f 1364//1364 1351//1351 1347//1347
f 1400//1400 1402//1402 1430//1430
f 1430//1430 1402//1402 1407//1407
f 1430//1430 1407//1407 1428//1428
f 1428//1428 1407//1407 1424//1424
f 1428//1428 1424//1424 1425//1425
f 1402//1402 1406//1406 1407//1407
f 1365//1365 1348//1348 1366//1366
f 1366//1366 1348//1348 1395//1395
f 1366//1366 1395//1395 1392//1392
f 1366//1366 1392//1392 1368//1368
f 1368//1368 1392//1392 1389//1389
f 1368//1368 1389//1389 1374//1374
f 1436//1436 1437//1437 1396//1396
f 1396//1396 1437//1437 1378//1378
f 1396//1396 1378//1378 1391//1391
f 1391//1391 1378//1378 1373//1373
f 1440//1440 1442//1442 1436//1436
f 1436//1436 1442//1442 1445//1445
f 1436//1436 1445//1445 1437//1437
f 1447//1447 1450//1450 1440//1440
f 1440//1440 1450//1450 1442//1442
f 1442//1442 1451//1451 1445//1445
f 1452//1452 1441//1441 1453//1453
f 1453//1453 1441//1441 1454//1454
f 1453//1453 1454//1454 1456//1456
f 1456//1456 1454//1454 1457//1457
f 1456//1456 1457//1457 1459//1459
f 1459//1459 1457//1457 1461//1461
f 1459//1459 1461//1461 1462//1462
f 1462//1462 1461//1461 1464//1464
f 1462//1462 1464//1464 1465//1465
f 1465//1465 1464//1464 1449//1449
f 1465//1465 1449//1449 1446//1446
f 1446//1446 1439//1439 1465//1465
f 1465//1465 1439//1439 1466//1466
f 1465//1465 1466//1466 1462//1462
f 1462//1462 1466//1466 1467//1467
f 1462//1462 1467//1467 1459//1459
f 1459//1459 1467//1467 1468//1468
f 1459//1459 1468//1468 1456//1456
f 1456//1456 1468//1468 1469//1469
f 1456//1456 1469//1469 1453//1453
f 1453//1453 1469//1469 1470//1470
f 1453//1453 1470//1470 1444//1444
f 1444//1444 1470//1470 1438//1438
f 1438//1438 1470//1470 1379//1379
f 1438//1438 1379//1379 1376//1376
f 1439//1439 1435//1435 1466//1466
f 1466//1466 1435//1435 1388//1388
f 1466//1466 1388//1388 1467//1467
f 1467//1467 1388//1388 1385//1385
f 1467//1467 1385//1385 1468//1468
f 1468//1468 1385//1385 1384//1384
f 1468//1468 1384//1384 1469//1469
f 1469//1469 1384//1384 1381//1381
f 1469//1469 1381//1381 1470//1470
f 1470//1470 1381//1381 1379//1379
f 1435//1435 1398//1398 1388//1388
f 1444//1444 1452//1452 1453//1453
f 1408//1408 1410//1410 1423//1423
f 1423//1423 1410//1410 1419//1419
f 1419//1419 1410//1410 1417//1417
f 1417//1417 1410//1410 1413//1413
f 1443//1443 1448//1448 1455//1455
f 1455//1455 1448//1448 1463//1463
f 1455//1455 1463//1463 1460//1460
f 1460//1460 1458//1458 1455//1455
f 1473//1473 1475//1475 1477//1477
f 1477//1477 1475//1475 1479//1479
f 1479//1479 1475//1475 1481//1481
f 1479//1479 1481//1481 1483//1483
f 1483//1483 1481//1481 1486//1486
f 1486//1486 1481//1481 1488//1488
f 1493//1493 1494//1494 1497//1497
f 1497//1497 1494//1494 1500//1500
f 1497//1497 1500//1500 1501//1501
f 1501//1501 1503//1503 1497//1497
f 1505//1505 1495//1495 1508//1508
f 1508//1508 1495//1495 1491//1491
f 1508//1508 1491//1491 1510//1510
f 1510//1510 1491//1491 1512//1512
f 1510//1510 1512//1512 1514//1514
f 1491//1491 1515//1515 1512//1512
f 1510//1510 1514//1514 1518//1518
f 1518//1518 1514//1514 1520//1520
f 1518//1518 1520//1520 1476//1476
f 1476//1476 1520//1520 1472//1472
f 1517//1517 1523//1523 1509//1509
f 1509//1509 1523//1523 1525//1525
f 1509//1509 1525//1525 1507//1507
f 1507//1507 1525//1525 1526//1526
f 1507//1507 1526//1526 1506//1506
f 1506//1506 1526//1526 1496//1496
f 1496//1496 1526//1526 1499//1499
f 1499//1499 1526//1526 1527//1527
f 1499//1499 1527//1527 1502//1502
f 1502//1502 1527//1527 1528//1528
f 1502//1502 1528//1528 1504//1504
f 1504//1504 1528//1528 1529//1529
f 1504//1504 1529//1529 1498//1498
f 1498//1498 1529//1529 1530//1530
f 1498//1498 1530//1530 1492//1492
f 1492//1492 1530//1530 1516//1516
f 1516//1516 1530//1530 1511//1511
f 1511//1511 1530//1530 1531//1531
f 1511//1511 1531//1531 1522//1522
f 1522//1522 1531//1531 1532//1532
f 1532//1532 1531//1531 1534//1534
f 1534//1534 1531//1531 1536//1536
f 1534//1534 1536//1536 1537//1537
f 1537//1537 1536//1536 1540//1540
f 1537//1537 1540//1540 1541//1541
f 1541//1541 1540//1540 1543//1543
f 1541//1541 1543//1543 1523//1523
f 1523//1523 1543//1543 1525//1525
f 1522//1522 1513//1513 1511//1511
f 1527//1527 1526//1526 1525//1525
f 1527//1527 1525//1525 1543//1543
f 1528//1528 1527//1527 1543//1543
f 1528//1528 1543//1543 1540//1540
f 1529//1529 1528//1528 1540//1540
f 1529//1529 1540//1540 1536//1536
f 1530//1530 1529//1529 1536//1536
f 1530//1530 1536//1536 1531//1531
f 1544//1544 1547//1547 1549//1549
f 1549//1549 1547//1547 1553//1553
f 1553//1553 1547//1547 1554//1554
f 1554//1554 1547//1547 1556//1556
f 1559//1559 1546//1546 1560//1560
f 1560//1560 1546//1546 1550//1550
f 1560//1560 1550//1550 1563//1563
f 1563//1563 1550//1550 1565//1565
f 1563//1563 1565//1565 1567//1567
f 1550//1550 1569//1569 1565//1565
f 1563//1563 1567//1567 1571//1571
f 1571//1571 1567//1567 1575//1575
f 1571//1571 1575//1575 1490//1490
f 1490//1490 1575//1575 1487//1487
f 1485//1485 1574//1574 1295//1295
f 1295//1295 1574//1574 1576//1576
f 1295//1295 1576//1576 1255//1255
f 1255//1255 1576//1576 1579//1579
f 1255//1255 1579//1579 1251//1251
f 1251//1251 1579//1579 1580//1580
f 1251//1251 1580//1580 1582//1582
f 1251//1251 1582//1582 1247//1247
f 1247//1247 1582//1582 1584//1584
f 1247//1247 1584//1584 1262//1262
f 1262//1262 1584//1584 1570//1570
f 1262//1262 1570//1570 1489//1489
f 1262//1262 1489//1489 1267//1267
f 1267//1267 1489//1489 1482//1482
f 1267//1267 1482//1482 1474//1474
f 1474//1474 1471//1471 1267//1267
f 1267//1267 1471//1471 1268//1268
f 1268//1268 1471//1471 1521//1521
f 1268//1268 1521//1521 1533//1533
f 1268//1268 1533//1533 1272//1272
f 1272//1272 1533//1533 1535//1535
f 1272//1272 1535//1535 1277//1277
f 1277//1277 1535//1535 1539//1539
f 1278//1278 1538//1538 1542//1542
f 1278//1278 1542//1542 1285//1285
f 1285//1285 1542//1542 1524//1524
f 1285//1285 1524//1524 1289//1289
f 1289//1289 1524//1524 1519//1519
f 1289//1289 1519//1519 1478//1478
f 1289//1289 1478//1478 1292//1292
f 1292//1292 1478//1478 1480//1480
f 1292//1292 1480//1480 1484//1484
f 1484//1484 1485//1485 1292//1292
f 1292//1292 1485//1485 1295//1295
f 1572//1572 1585//1585 1562//1562
f 1562//1562 1585//1585 1586//1586
f 1562//1562 1586//1586 1561//1561
f 1561//1561 1586//1586 1587//1587
f 1561//1561 1587//1587 1558//1558
f 1558//1558 1587//1587 1545//1545
f 1545//1545 1587//1587 1548//1548
f 1548//1548 1587//1587 1588//1588
f 1548//1548 1588//1588 1557//1557
f 1557//1557 1588//1588 1589//1589
f 1557//1557 1589//1589 1555//1555
f 1555//1555 1589//1589 1590//1590
f 1555//1555 1590//1590 1552//1552
f 1552//1552 1590//1590 1591//1591
f 1552//1552 1591//1591 1551//1551
f 1551//1551 1591//1591 1568//1568
f 1568//1568 1591//1591 1564//1564
f 1564//1564 1591//1591 1592//1592
f 1564//1564 1592//1592 1573//1573
f 1573//1573 1592//1592 1577//1577
f 1577//1577 1592//1592 1578//1578
f 1578//1578 1592//1592 1593//1593
f 1578//1578 1593//1593 1581//1581
f 1581//1581 1593//1593 1594//1594
f 1581//1581 1594//1594 1583//1583
f 1583//1583 1594//1594 1595//1595
f 1583//1583 1595//1595 1585//1585
f 1585//1585 1595//1595 1586//1586
f 1573//1573 1566//1566 1564//1564
f 1588//1588 1587//1587 1586//1586
f 1588//1588 1586//1586 1595//1595
f 1589//1589 1588//1588 1595//1595
f 1589//1589 1595//1595 1594//1594
f 1590//1590 1589//1589 1594//1594
f 1590//1590 1594//1594 1593//1593
f 1591//1591 1590//1590 1593//1593
f 1591//1591 1593//1593 1592//1592
f 1597//1597 1600//1600 1603//1603
f 1601//1601 1598//1598 1605//1605
f 1601//1601 1605//1605 1606//1606
f 1606//1606 1608//1608 1601//1601
f 1601//1601 1608//1608 1610//1610
f 1610//1610 1608//1608 1612//1612
f 1610//1610 1612//1612 1615//1615
f 1615//1615 1612//1612 1616//1616
f 1615//1615 1616//1616 1619//1619
f 1619//1619 1616//1616 1621//1621
f 1619//1619 1621//1621 1623//1623
f 1623//1623 1628//1628 1619//1619
f 1620//1620 1627//1627 1630//1630
f 1620//1620 1630//1630 1632//1632
f 1632//1632 1634//1634 1620//1620
f 1620//1620 1634//1634 1636//1636
f 1620//1620 1636//1636 1637//1637
f 1637//1637 1636//1636 1640//1640
f 1637//1637 1640//1640 1641//1641
f 1641//1641 1640//1640 1644//1644
f 1641//1641 1644//1644 1645//1645
f 1645//1645 1644//1644 1648//1648
f 1645//1645 1648//1648 1650//1650
f 1650//1650 1648//1648 1652//1652
f 1650//1650 1652//1652 1654//1654
f 1654//1654 1652//1652 1656//1656
f 1654//1654 1656//1656 1657//1657
f 1657//1657 1656//1656 1660//1660
f 1660//1660 1656//1656 1662//1662
f 1660//1660 1662//1662 1664//1664
f 1664//1664 1662//1662 1666//1666
f 1666//1666 1662//1662 1667//1667
f 1667//1667 1662//1662 1670//1670
f 1670//1670 1662//1662 1672//1672
f 1672//1672 1662//1662 1674//1674
f 1674//1674 1662//1662 1676//1676
f 1676//1676 1662//1662 1678//1678
f 1676//1676 1678//1678 1680//1680
f 1680//1680 1678//1678 1681//1681
f 1681//1681 1678//1678 1683//1683
f 1681//1681 1683//1683 1685//1685
f 1685//1685 1683//1683 1688//1688
f 1685//1685 1688//1688 1689//1689
f 1689//1689 1688//1688 1692//1692
f 1689//1689 1692//1692 1615//1615
f 1615//1615 1692//1692 1610//1610
f 1640//1640 1636//1636 1603//1603
f 1603//1603 1636//1636 1693//1693
f 1603//1603 1693//1693 1695//1695
f 1695//1695 1597//1597 1603//1603
f 1680//1680 1697//1697 1676//1676
f 1676//1676 1697//1697 1700//1700
f 1700//1700 1697//1697 1701//1701
f 1701//1701 1697//1697 1703//1703
f 1703//1703 1697//1697 1707//1707
f 1707//1707 1697//1697 1709//1709
f 1709//1709 1697//1697 1710//1710
f 1710//1710 1697//1697 1713//1713
f 1713//1713 1697//1697 1654//1654
f 1713//1713 1654//1654 1657//1657
f 1715//1715 1716//1716 1719//1719
f 1719//1719 1716//1716 1653//1653
f 1719//1719 1653//1653 1698//1698
f 1715//1715 1722//1722 1716//1716
f 1725//1725 1646//1646 1716//1716
f 1716//1716 1646//1646 1649//1649
f 1716//1716 1649//1649 1653//1653
f 1728//1728 1730//1730 1725//1725
f 1725//1725 1730//1730 1731//1731
f 1725//1725 1731//1731 1638//1638
f 1638//1638 1731//1731 1618//1618
f 1618//1618 1731//1731 1735//1735
f 1618//1618 1735//1735 1614//1614
f 1614//1614 1735//1735 1737//1737
f 1614//1614 1737//1737 1690//1690
f 1690//1690 1737//1737 1686//1686
f 1686//1686 1737//1737 1742//1742
f 1686//1686 1742//1742 1682//1682
f 1682//1682 1742//1742 1679//1679
f 1679//1679 1742//1742 1745//1745
f 1679//1679 1745//1745 1698//1698
f 1698//1698 1745//1745 1719//1719
f 1735//1735 1747//1747 1737//1737
f 1737//1737 1747//1747 1748//1748
f 1750//1750 1753//1753 1742//1742
f 1742//1742 1753//1753 1745//1745
f 1638//1638 1642//1642 1725//1725
f 1725//1725 1642//1642 1646//1646
f 1726//1726 1756//1756 1757//1757
f 1757//1757 1756//1756 1758//1758
f 1757//1757 1758//1758 1760//1760
f 1760//1760 1758//1758 1762//1762
f 1760//1760 1762//1762 1763//1763
f 1763//1763 1733//1733 1760//1760
f 1760//1760 1733//1733 1729//1729
f 1760//1760 1729//1729 1757//1757
f 1757//1757 1729//1729 1727//1727
f 1757//1757 1727//1727 1726//1726
f 1767//1767 1768//1768 1771//1771
f 1771//1771 1768//1768 1774//1774
f 1770//1770 1775//1775 1777//1777
f 1777//1777 1775//1775 1779//1779
f 1777//1777 1779//1779 1781//1781
f 1781//1781 1779//1779 1783//1783
f 1781//1781 1783//1783 1786//1786
f 1786//1786 1783//1783 1787//1787
f 1786//1786 1787//1787 1790//1790
f 1790//1790 1787//1787 1791//1791
f 1790//1790 1791//1791 1794//1794
f 1794//1794 1791//1791 1795//1795
f 1794//1794 1795//1795 1798//1798
f 1798//1798 1795//1795 1800//1800
f 1798//1798 1800//1800 1801//1801
f 1801//1801 1800//1800 1804//1804
f 1801//1801 1804//1804 1805//1805
f 1805//1805 1804//1804 1808//1808
f 1805//1805 1808//1808 1809//1809
f 1809//1809 1808//1808 1811//1811
f 1809//1809 1811//1811 1814//1814
f 1814//1814 1811//1811 1815//1815
f 1814//1814 1815//1815 1767//1767
f 1767//1767 1815//1815 1768//1768
f 1778//1778 1817//1817 1772//1772
f 1772//1772 1817//1817 1819//1819
f 1773//1773 1818//1818 1820//1820
f 1820//1820 1818//1818 1821//1821
f 1820//1820 1821//1821 1823//1823
f 1823//1823 1821//1821 1824//1824
f 1823//1823 1824//1824 1826//1826
f 1826//1826 1824//1824 1827//1827
f 1826//1826 1827//1827 1829//1829
f 1829//1829 1827//1827 1830//1830
f 1829//1829 1830//1830 1832//1832
f 1832//1832 1830//1830 1840//1840
f 1817//1817 1778//1778 1847//1847
f 1847//1847 1778//1778 1782//1782
f 1847//1847 1782//1782 1848//1848
f 1848//1848 1782//1782 1785//1785
f 1848//1848 1785//1785 1849//1849
f 1849//1849 1785//1785 1789//1789
f 1849//1849 1789//1789 1850//1850
f 1850//1850 1789//1789 1793//1793
f 1850//1850 1793//1793 1851//1851
f 1851//1851 1793//1793 1797//1797
f 1851//1851 1797//1797 1852//1852
f 1852//1852 1797//1797 1853//1853
f 1852//1852 1853//1853 1854//1854
f 1854//1854 1853//1853 1855//1855
f 1854//1854 1855//1855 1856//1856
f 1856//1856 1855//1855 1857//1857
f 1856//1856 1857//1857 1858//1858
f 1858//1858 1857//1857 1859//1859
f 1858//1858 1859//1859 1860//1860
f 1860//1860 1859//1859 1861//1861
f 1860//1860 1861//1861 1839//1839
f 1797//1797 1802//1802 1853//1853
f 1853//1853 1802//1802 1862//1862
f 1853//1853 1862//1862 1855//1855
f 1855//1855 1862//1862 1863//1863
f 1855//1855 1863//1863 1857//1857
f 1857//1857 1863//1863 1864//1864
f 1857//1857 1864//1864 1859//1859
f 1859//1859 1864//1864 1865//1865
f 1859//1859 1865//1865 1861//1861
f 1861//1861 1865//1865 1832//1832
f 1861//1861 1832//1832 1844//1844
f 1802//1802 1806//1806 1862//1862
f 1862//1862 1806//1806 1866//1866
f 1862//1862 1866//1866 1863//1863
f 1863//1863 1866//1866 1867//1867
f 1863//1863 1867//1867 1864//1864
f 1864//1864 1867//1867 1868//1868
f 1864//1864 1868//1868 1865//1865
f 1865//1865 1868//1868 1829//1829
f 1865//1865 1829//1829 1832//1832
f 1806//1806 1810//1810 1866//1866
f 1866//1866 1810//1810 1869//1869
f 1866//1866 1869//1869 1867//1867
f 1867//1867 1869//1869 1870//1870
f 1867//1867 1870//1870 1868//1868
f 1868//1868 1870//1870 1826//1826
f 1868//1868 1826//1826 1829//1829
f 1810//1810 1813//1813 1869//1869
f 1869//1869 1813//1813 1871//1871
f 1869//1869 1871//1871 1870//1870
f 1870//1870 1871//1871 1823//1823
f 1870//1870 1823//1823 1826//1826
f 1813//1813 1766//1766 1871//1871
f 1871//1871 1766//1766 1820//1820
f 1871//1871 1820//1820 1823//1823
f 1766//1766 1773//1773 1820//1820
f 1860//1860 1834//1834 1872//1872
f 1873//1873 1843//1843 1874//1874
f 1874//1874 1837//1837 1875//1875
f 1875//1875 1836//1836 1876//1876
f 1876//1876 1841//1841 1877//1877
f 1878//1878 1838//1838 1879//1879
f 1879//1879 1842//1842 1880//1880
f 1880//1880 1835//1835 1881//1881
f 1881//1881 1833//1833 1831//1831
f 1822//1822 1819//1819 1882//1882
f 1882//1882 1819//1819 1817//1817
f 1882//1882 1817//1817 1883//1883
f 1883//1883 1817//1817 1847//1847
f 1883//1883 1847//1847 1884//1884
f 1884//1884 1847//1847 1848//1848
f 1884//1884 1848//1848 1885//1885
f 1885//1885 1848//1848 1849//1849
f 1885//1885 1849//1849 1886//1886
f 1886//1886 1849//1849 1850//1850
f 1886//1886 1850//1850 1887//1887
f 1887//1887 1850//1850 1851//1851
f 1887//1887 1851//1851 1888//1888
f 1888//1888 1851//1851 1852//1852
f 1888//1888 1852//1852 1854//1854
f 1825//1825 1822//1822 1889//1889
f 1889//1889 1822//1822 1882//1882
f 1889//1889 1882//1882 1890//1890
f 1890//1890 1882//1882 1883//1883
f 1890//1890 1883//1883 1891//1891
f 1891//1891 1883//1883 1884//1884
f 1891//1891 1884//1884 1892//1892
f 1892//1892 1884//1884 1885//1885
f 1892//1892 1885//1885 1893//1893
f 1893//1893 1885//1885 1886//1886
f 1893//1893 1886//1886 1894//1894
f 1894//1894 1886//1886 1887//1887
f 1894//1894 1887//1887 1895//1895
f 1895//1895 1887//1887 1888//1888
f 1895//1895 1888//1888 1896//1896
f 1896//1896 1888//1888 1854//1854
f 1896//1896 1854//1854 1856//1856
f 1881//1881 1831//1831 1828//1828
f 1828//1828 1825//1825 1897//1897
f 1897//1897 1825//1825 1889//1889
f 1897//1897 1889//1889 1898//1898
f 1898//1898 1889//1889 1890//1890
f 1898//1898 1890//1890 1899//1899
f 1899//1899 1890//1890 1891//1891
f 1899//1899 1891//1891 1900//1900
f 1900//1900 1891//1891 1892//1892
f 1900//1900 1892//1892 1901//1901
f 1901//1901 1892//1892 1893//1893
f 1901//1901 1893//1893 1902//1902
f 1902//1902 1893//1893 1894//1894
f 1902//1902 1894//1894 1903//1903
f 1903//1903 1894//1894 1895//1895
f 1903//1903 1895//1895 1904//1904
f 1904//1904 1895//1895 1896//1896
f 1904//1904 1896//1896 1905//1905
f 1905//1905 1896//1896 1856//1856
f 1905//1905 1856//1856 1858//1858
f 1872//1872 1845//1845 1873//1873
f 1877//1877 1846//1846 1878//1878
f 1880//1880 1881//1881 1897//1897
f 1897//1897 1881//1881 1828//1828
f 1880//1880 1897//1897 1898//1898
f 1879//1879 1880//1880 1898//1898
f 1879//1879 1898//1898 1899//1899
f 1878//1878 1879//1879 1899//1899
f 1878//1878 1899//1899 1900//1900
f 1877//1877 1878//1878 1900//1900
f 1877//1877 1900//1900 1901//1901
f 1876//1876 1877//1877 1901//1901
f 1876//1876 1901//1901 1902//1902
f 1875//1875 1876//1876 1902//1902
f 1875//1875 1902//1902 1903//1903
f 1875//1875 1903//1903 1874//1874
f 1874//1874 1903//1903 1904//1904
f 1874//1874 1904//1904 1873//1873
f 1873//1873 1904//1904 1905//1905
f 1873//1873 1905//1905 1872//1872
f 1872//1872 1905//1905 1858//1858
f 1872//1872 1858//1858 1860//1860
f 1907//1907 1909//1909 1913//1913
f 1913//1913 1909//1909 1914//1914
f 1913//1913 1914//1914 1917//1917
f 1921//1921 1923//1923 1910//1910
f 1910//1910 1923//1923 1916//1916
f 1927//1927 1930//1930 1920//1920
f 1920//1920 1930//1930 1925//1925
f 1934//1934 1935//1935 1928//1928
f 1928//1928 1935//1935 1938//1938
f 1928//1928 1938//1938 1931//1931
f 1931//1931 1938//1938 1939//1939
f 1932//1932 1906//1906 1942//1942
f 1942//1942 1906//1906 1912//1912
f 1942//1942 1912//1912 1943//1943
f 1943//1943 1912//1912 1944//1944
f 1943//1943 1944//1944 1936//1936
f 1936//1936 1944//1944 1937//1937
f 1937//1937 1944//1944 1940//1940
f 1940//1940 1944//1944 1918//1918
f 1918//1918 1944//1944 1912//1912
f 1943//1943 1936//1936 1942//1942
f 1942//1942 1936//1936 1932//1932
f 1946//1946 1924//1924 1949//1949
f 1949//1949 1924//1924 1929//1929
f 1949//1949 1929//1929 1941//1941
f 1946//1946 1951//1951 1924//1924
f 1924//1924 1951//1951 1915//1915
f 1915//1915 1951//1951 1954//1954
f 1915//1915 1954//1954 1919//1919
f 1919//1919 1954//1954 1957//1957
f 1919//1919 1957//1957 1941//1941
f 1941//1941 1957//1957 1949//1949
f 1961//1961 1963//1963 1968//1968
f 1968//1968 1963//1963 1969//1969
f 1972//1972 1976//1976 1980//1980
f 1980//1980 1976//1976 1981//1981
f 1980//1980 1981//1981 1984//1984
f 1984//1984 1981//1981 1987//1987
f 1984//1984 1987//1987 1989//1989
f 1984//1984 1989//1989 1990//1990
f 1990//1990 1989//1989 1993//1993
f 1990//1990 1993//1993 1994//1994
f 1994//1994 1993//1993 1964//1964
f 1994//1994 1964//1964 1960//1960
f 1997//1997 2002//2002 1985//1985
f 1985//1985 2002//2002 2003//2003
f 1985//1985 2003//2003 1988//1988
f 1988//1988 2003//2003 2006//2006
f 1988//1988 2006//2006 1992//1992
f 1992//1992 2006//2006 2008//2008
f 1992//1992 2008//2008 1965//1965
f 1965//1965 2008//2008 1970//1970
f 2001//2001 2011//2011 2004//2004
f 2004//2004 2011//2011 2013//2013
f 2004//2004 2013//2013 2015//2015
f 2004//2004 2015//2015 2005//2005
f 2005//2005 2015//2015 2017//2017
f 2005//2005 2017//2017 2007//2007
f 2007//2007 2017//2017 1971//1971
f 1971//1971 2017//2017 1966//1966
f 2012//2012 1979//1979 2014//2014
f 2014//2014 1979//1979 1983//1983
f 2014//2014 1983//1983 1991//1991
f 2014//2014 1991//1991 2016//2016
f 2016//2016 1991//1991 1995//1995
f 2016//2016 1995//1995 2018//2018
f 2018//2018 1995//1995 1967//1967
f 1967//1967 1995//1995 1962//1962
f 1973//1973 1978//1978 2020//2020
f 2020//2020 1978//1978 1948//1948
f 2020//2020 1948//1948 1959//1959
f 2022//2022 1998//1998 2023//2023
f 2023//2023 1998//1998 1986//1986
f 2023//2023 1986//1986 1982//1982
f 1982//1982 1975//1975 2023//2023
f 2023//2023 1975//1975 2019//2019
f 2023//2023 2019//2019 2024//2024
f 2024//2024 2019//2019 2025//2025
f 2024//2024 2025//2025 2022//2022
f 2022//2022 2025//2025 1956//1956
f 1956//1956 2025//2025 1958//1958
f 1958//1958 2025//2025 2019//2019
f 1975//1975 1974//1974 2019//2019
f 2024//2024 2022//2022 2023//2023
f 1996//1996 2021//2021 1999//1999
f 1999//1999 2021//2021 1952//1952
f 1952//1952 2021//2021 1955//1955
f 2010//2010 2000//2000 1945//1945
f 1945//1945 2000//2000 1953//1953
f 2009//2009 1947//1947 1977//1977
f 1977//1977 1947//1947 1950//1950
f 1720//1720 2028//2028 2029//2029
f 2029//2029 2028//2028 2031//2031
f 2029//2029 2031//2031 2032//2032
f 2032//2032 2031//2031 2033//2033
f 2032//2032 2033//2033 2036//2036
f 2036//2036 1718//1718 2032//2032
f 2032//2032 1718//1718 1723//1723
f 2032//2032 1723//1723 2029//2029
f 2029//2029 1723//1723 1714//1714
f 2029//2029 1714//1714 1720//1720
f 2035//2035 1933//1933 1717//1717
f 1717//1717 1933//1933 1926//1926
f 1717//1717 1926//1926 1922//1922
f 1933//1933 2035//2035 1908//1908
f 1908//1908 2035//2035 1754//1754
f 1908//1908 1754//1754 1911//1911
f 1911//1911 1754//1754 1724//1724
f 1911//1911 1724//1724 1922//1922
f 1922//1922 1724//1724 1717//1717
f 1740//1740 1780//1780 2038//2038
f 2038//2038 1780//1780 1776//1776
f 2038//2038 1776//1776 1769//1769
f 1739//1739 1792//1792 1740//1740
f 1740//1740 1792//1792 1788//1788
f 1740//1740 1788//1788 1784//1784
f 2041//2041 1803//1803 1739//1739
f 1739//1739 1803//1803 1799//1799
f 1739//1739 1799//1799 1796//1796
f 2038//2038 1816//1816 2041//2041
f 2041//2041 1816//1816 1812//1812
f 2041//2041 1812//1812 1807//1807
f 1769//1769 1816//1816 2038//2038
f 1807//1807 1803//1803 2041//2041
f 1796//1796 1792//1792 1739//1739
f 1784//1784 1780//1780 1740//1740
f 1741//1741 2039//2039 2044//2044
f 2044//2044 2039//2039 2046//2046
f 2044//2044 2046//2046 2047//2047
f 2047//2047 2046//2046 2049//2049
f 2047//2047 2049//2049 2051//2051
f 2051//2051 1744//1744 2047//2047
f 2047//2047 1744//1744 1752//1752
f 2047//2047 1752//1752 2044//2044
f 2044//2044 1752//1752 1751//1751
f 2044//2044 1751//1751 1741//1741
f 1734//1734 2054//2054 2056//2056
f 2056//2056 2054//2054 2057//2057
f 2056//2056 2057//2057 2059//2059
f 2059//2059 2057//2057 2060//2060
f 2059//2059 2060//2060 2043//2043
f 2043//2043 1738//1738 2059//2059
f 2059//2059 1738//1738 1749//1749
f 2059//2059 1749//1749 2056//2056
f 2056//2056 1749//1749 1746//1746
f 2056//2056 1746//1746 1734//1734
f 2050//2050 1661//1661 2027//2027
f 2027//2027 1661//1661 1655//1655
f 2027//2027 1655//1655 2037//2037
f 2037//2037 1655//1655 1651//1651
f 2037//2037 1651//1651 1647//1647
f 2048//2048 2040//2040 2050//2050
f 2050//2050 2040//2040 1677//1677
f 2050//2050 1677//1677 1661//1661
f 2048//2048 2045//2045 2040//2040
f 2042//2042 1687//1687 2040//2040
f 2040//2040 1687//1687 1684//1684
f 2040//2040 1684//1684 1677//1677
f 2061//2061 2058//2058 2042//2042
f 2042//2042 2058//2058 2053//2053
f 2042//2042 2053//2053 1611//1611
f 1611//1611 2053//2053 1602//1602
f 1602//1602 2053//2053 1765//1765
f 1602//1602 1765//1765 1639//1639
f 1639//1639 1765//1765 1755//1755
f 1639//1639 1755//1755 1643//1643
f 1643//1643 1755//1755 1647//1647
f 1647//1647 1755//1755 2037//2037
f 1765//1765 1761//1761 1755//1755
f 1755//1755 1761//1761 1759//1759
f 2034//2034 2030//2030 2037//2037
f 2037//2037 2030//2030 2027//2027
f 1611//1611 1691//1691 2042//2042
f 2042//2042 1691//1691 1687//1687
f 2055//2055 2062//2062 1764//1764
f 1764//1764 2062//2062 2064//2064
f 1764//1764 2064//2064 2067//2067
f 1736//1736 2068//2068 2055//2055
f 2055//2055 2068//2068 2070//2070
f 2055//2055 2070//2070 2073//2073
f 1732//1732 2076//2076 1736//1736
f 1736//1736 2076//2076 2078//2078
f 1736//1736 2078//2078 2079//2079
f 1764//1764 2082//2082 1732//1732
f 1732//1732 2082//2082 2084//2084
f 1732//1732 2084//2084 2085//2085
f 2079//2079 2068//2068 1736//1736
f 2073//2073 2062//2062 2055//2055
f 2067//2067 2082//2082 1764//1764
f 2085//2085 2076//2076 1732//1732
f 2087//2087 1604//1604 2089//2089
f 2089//2089 1604//1604 1599//1599
f 2089//2089 1599//1599 1596//1596
f 1604//1604 2087//2087 1607//1607
f 1607//1607 2087//2087 2092//2092
f 1607//1607 2092//2092 1609//1609
f 1609//1609 2092//2092 2093//2093
f 1609//1609 2093//2093 1613//1613
f 1613//1613 2093//2093 1617//1617
f 1617//1617 2093//2093 2096//2096
f 1617//1617 2096//2096 1622//1622
f 1622//1622 2096//2096 2097//2097
f 1622//1622 2097//2097 1624//1624
f 1624//1624 2097//2097 2101//2101
f 1624//1624 2101//2101 1626//1626
f 1625//1625 2100//2100 1629//1629
f 1629//1629 2100//2100 2102//2102
f 1629//1629 2102//2102 1631//1631
f 1631//1631 2102//2102 2104//2104
f 1631//1631 2104//2104 1633//1633
f 1633//1633 2104//2104 2107//2107
f 1633//1633 2107//2107 1635//1635
f 1635//1635 2107//2107 1694//1694
f 1694//1694 2107//2107 2108//2108
f 1694//1694 2108//2108 1696//1696
f 1696//1696 2108//2108 2110//2110
f 1696//1696 2110//2110 1596//1596
f 1596//1596 2110//2110 2089//2089
f 2112//2112 2077//2077 2115//2115
f 2115//2115 2077//2077 2074//2074
f 2114//2114 2075//2075 2117//2117
f 2117//2117 2075//2075 2086//2086
f 2117//2117 2086//2086 2119//2119
f 2119//2119 2086//2086 2083//2083
f 2119//2119 2083//2083 2121//2121
f 2121//2121 2083//2083 2081//2081
f 2121//2121 2081//2081 2124//2124
f 2124//2124 2081//2081 2066//2066
f 2124//2124 2066//2066 2126//2126
f 2126//2126 2066//2066 2065//2065
f 2126//2126 2065//2065 2128//2128
f 2128//2128 2065//2065 2063//2063
f 2128//2128 2063//2063 2130//2130
f 2130//2130 2063//2063 2072//2072
f 2130//2130 2072//2072 2131//2131
f 2131//2131 2072//2072 2071//2071
f 2131//2131 2071//2071 2133//2133
f 2133//2133 2071//2071 2069//2069
f 2133//2133 2069//2069 2135//2135
f 2135//2135 2069//2069 2080//2080
f 2135//2135 2080//2080 2112//2112
f 2112//2112 2080//2080 2077//2077
f 2118//2118 2103//2103 2116//2116
f 2116//2116 2103//2103 2099//2099
f 2116//2116 2099//2099 2098//2098
f 2103//2103 2118//2118 2105//2105
f 2105//2105 2118//2118 2120//2120
f 2105//2105 2120//2120 2106//2106
f 2106//2106 2120//2120 2122//2122
f 2106//2106 2122//2122 2123//2123
f 2106//2106 2123//2123 2109//2109
f 2109//2109 2123//2123 2125//2125
f 2109//2109 2125//2125 2111//2111
f 2111//2111 2125//2125 2090//2090
f 2090//2090 2125//2125 2127//2127
f 2090//2090 2127//2127 2088//2088
f 2088//2088 2127//2127 2129//2129
f 2088//2088 2129//2129 2091//2091
f 2091//2091 2129//2129 2132//2132
f 2091//2091 2132//2132 2094//2094
f 2094//2094 2132//2132 2134//2134
f 2094//2094 2134//2134 2136//2136
f 2094//2094 2136//2136 2095//2095
f 2095//2095 2136//2136 2113//2113
f 2095//2095 2113//2113 2098//2098
f 2098//2098 2113//2113 2116//2116
f 2138//2138 1665//1665 2140//2140
f 2140//2140 1665//1665 1668//1668
f 2140//2140 1668//1668 1669//1669
f 1665//1665 2138//2138 1663//1663
f 1663//1663 2138//2138 2141//2141
f 1663//1663 2141//2141 1659//1659
f 1659//1659 2141//2141 2143//2143
f 1659//1659 2143//2143 1658//1658
f 1658//1658 2143//2143 1712//1712
f 1712//1712 2143//2143 2145//2145
f 1712//1712 2145//2145 1711//1711
f 1711//1711 2145//2145 2148//2148
f 1711//1711 2148//2148 1708//1708
f 1708//1708 2148//2148 2151//2151
f 1708//1708 2151//2151 1706//1706
f 1705//1705 2150//2150 1704//1704
f 1704//1704 2150//2150 2152//2152
f 1704//1704 2152//2152 1702//1702
f 1702//1702 2152//2152 2155//2155
f 1702//1702 2155//2155 1699//1699
f 1699//1699 2155//2155 2157//2157
f 1699//1699 2157//2157 1675//1675
f 1675//1675 2157//2157 1673//1673
f 1673//1673 2157//2157 2158//2158
f 1673//1673 2158//2158 1671//1671
f 1671//1671 2158//2158 2161//2161
f 1671//1671 2161//2161 1669//1669
f 1669//1669 2161//2161 2140//2140
f 1743//1743 2164//2164 1721//1721
f 1721//1721 2164//2164 2166//2166
f 1721//1721 2166//2166 2167//2167
f 2052//2052 2170//2170 1743//1743
f 1743//1743 2170//2170 2171//2171
f 1743//1743 2171//2171 2174//2174
f 2026//2026 2175//2175 2052//2052
f 2052//2052 2175//2175 2178//2178
f 2052//2052 2178//2178 2180//2180
f 1721//1721 2182//2182 2026//2026
f 2026//2026 2182//2182 2183//2183
f 2026//2026 2183//2183 2186//2186
f 2180//2180 2170//2170 2052//2052
f 2174//2174 2164//2164 1743//1743
f 2167//2167 2182//2182 1721//1721
f 2186//2186 2175//2175 2026//2026
f 2188//2188 2177//2177 2189//2189
f 2189//2189 2177//2177 2176//2176
f 2189//2189 2176//2176 2192//2192
f 2192//2192 2176//2176 2185//2185
f 2192//2192 2185//2185 2194//2194
f 2194//2194 2185//2185 2184//2184
f 2194//2194 2184//2184 2196//2196
f 2196//2196 2184//2184 2181//2181
f 2196//2196 2181//2181 2198//2198
f 2198//2198 2181//2181 2168//2168
f 2198//2198 2168//2168 2199//2199
f 2199//2199 2168//2168 2165//2165
f 2199//2199 2165//2165 2201//2201
f 2201//2201 2165//2165 2162//2162
f 2202//2202 2163//2163 2205//2205
f 2205//2205 2163//2163 2173//2173
f 2205//2205 2173//2173 2207//2207
f 2207//2207 2173//2173 2172//2172
f 2207//2207 2172//2172 2209//2209
f 2209//2209 2172//2172 2169//2169
f 2209//2209 2169//2169 2211//2211
f 2211//2211 2169//2169 2179//2179
f 2211//2211 2179//2179 2188//2188
f 2188//2188 2179//2179 2177//2177
f 2191//2191 2137//2137 2190//2190
f 2190//2190 2137//2137 2139//2139
f 2190//2190 2139//2139 2160//2160
f 2137//2137 2191//2191 2142//2142
f 2142//2142 2191//2191 2193//2193
f 2142//2142 2193//2193 2144//2144
f 2144//2144 2193//2193 2195//2195
f 2144//2144 2195//2195 2197//2197
f 2144//2144 2197//2197 2146//2146
f 2146//2146 2197//2197 2200//2200
f 2146//2146 2200//2200 2147//2147
f 2147//2147 2200//2200 2149//2149
f 2149//2149 2200//2200 2203//2203
f 2149//2149 2203//2203 2153//2153
f 2153//2153 2203//2203 2204//2204
f 2153//2153 2204//2204 2154//2154
f 2154//2154 2204//2204 2206//2206
f 2154//2154 2206//2206 2156//2156
f 2156//2156 2206//2206 2208//2208
f 2156//2156 2208//2208 2210//2210
f 2156//2156 2210//2210 2159//2159
f 2159//2159 2210//2210 2187//2187
f 2159//2159 2187//2187 2160//2160
f 2160//2160 2187//2187 2190//2190
f 2212//2212 2214//2214 2217//2217
f 2217//2217 2214//2214 2219//2219
f 2217//2217 2219//2219 2221//2221
f 2221//2221 2219//2219 2222//2222
f 2221//2221 2222//2222 2225//2225
f 2214//2214 2212//2212 2227//2227
f 2227//2227 2212//2212 2228//2228
f 2227//2227 2228//2228 2231//2231
f 2231//2231 2228//2228 2232//2232
f 2231//2231 2232//2232 2235//2235
f 2231//2231 2235//2235 2237//2237
f 2237//2237 2235//2235 2239//2239
f 2237//2237 2239//2239 2241//2241
f 2241//2241 2239//2239 2242//2242
f 2241//2241 2242//2242 2246//2246
f 2246//2246 2242//2242 2249//2249
f 2249//2249 2242//2242 2250//2250
f 2249//2249 2250//2250 2253//2253
f 2253//2253 2250//2250 2254//2254
f 2253//2253 2254//2254 2256//2256
f 2256//2256 2254//2254 2258//2258
f 2256//2256 2258//2258 2260//2260
f 2256//2256 2260//2260 2225//2225
f 2225//2225 2260//2260 2221//2221
f 2263//2263 2265//2265 2266//2266
f 2266//2266 2265//2265 2270//2270
f 2266//2266 2270//2270 2272//2272
f 2272//2272 2270//2270 2275//2275
f 2272//2272 2275//2275 2276//2276
f 2265//2265 2263//2263 2279//2279
f 2279//2279 2263//2263 2280//2280
f 2279//2279 2280//2280 2283//2283
f 2283//2283 2280//2280 2285//2285
f 2283//2283 2285//2285 2286//2286
f 2283//2283 2286//2286 2288//2288
f 2288//2288 2286//2286 2291//2291
f 2288//2288 2291//2291 2292//2292
f 2292//2292 2291//2291 2295//2295
f 2292//2292 2295//2295 2297//2297
f 2297//2297 2295//2295 2298//2298
f 2298//2298 2295//2295 2300//2300
f 2298//2298 2300//2300 2303//2303
f 2303//2303 2300//2300 2304//2304
f 2303//2303 2304//2304 2307//2307
f 2307//2307 2304//2304 2308//2308
f 2307//2307 2308//2308 2310//2310
f 2307//2307 2310//2310 2276//2276
f 2276//2276 2310//2310 2272//2272
f 2313//2313 2317//2317 2311//2311
f 2311//2311 2317//2317 2318//2318
f 2311//2311 2318//2318 2273//2273
f 2273//2273 2318//2318 2321//2321
f 2273//2273 2321//2321 2268//2268
f 2268//2268 2321//2321 2322//2322
f 2267//2267 2323//2323 2325//2325
f 2267//2267 2325//2325 2262//2262
f 2262//2262 2325//2325 2328//2328
f 2262//2262 2328//2328 2281//2281
f 2281//2281 2328//2328 2330//2330
f 2281//2281 2330//2330 2284//2284
f 2284//2284 2330//2330 2332//2332
f 2284//2284 2332//2332 2334//2334
f 2328//2328 2336//2336 2330//2330
f 2334//2334 2340//2340 2284//2284
f 2284//2284 2340//2340 2287//2287
f 2287//2287 2340//2340 2344//2344
f 2287//2287 2344//2344 2346//2346
f 2287//2287 2346//2346 2290//2290
f 2290//2290 2346//2346 2348//2348
f 2290//2290 2348//2348 2294//2294
f 2294//2294 2348//2348 2350//2350
f 2294//2294 2350//2350 2351//2351
f 2294//2294 2351//2351 2301//2301
f 2301//2301 2351//2351 2353//2353
f 2301//2301 2353//2353 2305//2305
f 2305//2305 2353//2353 2357//2357
f 2305//2305 2357//2357 2309//2309
f 2309//2309 2357//2357 2358//2358
f 2309//2309 2358//2358 2361//2361
f 2353//2353 2364//2364 2357//2357
f 2361//2361 2313//2313 2309//2309
f 2309//2309 2313//2313 2311//2311
f 2264//2264 2240//2240 2271//2271
f 2271//2271 2240//2240 2247//2247
f 2269//2269 2245//2245 2274//2274
f 2274//2274 2245//2245 2248//2248
f 2274//2274 2248//2248 2277//2277
f 2277//2277 2248//2248 2252//2252
f 2277//2277 2252//2252 2306//2306
f 2306//2306 2252//2252 2257//2257
f 2306//2306 2257//2257 2302//2302
f 2302//2302 2257//2257 2224//2224
f 2302//2302 2224//2224 2299//2299
f 2299//2299 2224//2224 2223//2223
f 2299//2299 2223//2223 2296//2296
f 2296//2296 2223//2223 2218//2218
f 2296//2296 2218//2218 2293//2293
f 2293//2293 2218//2218 2215//2215
f 2293//2293 2215//2215 2289//2289
f 2289//2289 2215//2215 2226//2226
f 2289//2289 2226//2226 2282//2282
f 2282//2282 2226//2226 2230//2230
f 2282//2282 2230//2230 2278//2278
f 2278//2278 2230//2230 2236//2236
f 2278//2278 2236//2236 2264//2264
f 2264//2264 2236//2236 2240//2240
f 2337//2337 2327//2327 2365//2365
f 2365//2365 2327//2327 2367//2367
f 2365//2365 2367//2367 2368//2368
f 2368//2368 2367//2367 2370//2370
f 2368//2368 2370//2370 2372//2372
f 2372//2372 2370//2370 2375//2375
f 2375//2375 2370//2370 2377//2377
f 2377//2377 2370//2370 2378//2378
f 2377//2377 2378//2378 2380//2380
f 2380//2380 2378//2378 2381//2381
f 2380//2380 2381//2381 2383//2383
f 2383//2383 2381//2381 2384//2384
f 2383//2383 2384//2384 2385//2385
f 2385//2385 2384//2384 2387//2387
f 2385//2385 2387//2387 2388//2388
f 2388//2388 2387//2387 2392//2392
f 2392//2392 2387//2387 2393//2393
f 2393//2393 2387//2387 2395//2395
f 2393//2393 2395//2395 2396//2396
f 2396//2396 2395//2395 2319//2319
f 2396//2396 2319//2319 2315//2315
f 2367//2367 2327//2327 2398//2398
f 2398//2398 2327//2327 2326//2326
f 2398//2398 2326//2326 2399//2399
f 2399//2399 2326//2326 2324//2324
f 2399//2399 2324//2324 2400//2400
f 2400//2400 2324//2324 2320//2320
f 2400//2400 2320//2320 2395//2395
f 2395//2395 2320//2320 2319//2319
f 2378//2378 2370//2370 2367//2367
f 2378//2378 2367//2367 2398//2398
f 2381//2381 2378//2378 2398//2398
f 2381//2381 2398//2398 2399//2399
f 2384//2384 2381//2381 2399//2399
f 2384//2384 2399//2399 2400//2400
f 2387//2387 2384//2384 2400//2400
f 2387//2387 2400//2400 2395//2395
f 2366//2366 2397//2397 2338//2338
f 2338//2338 2397//2397 2316//2316
f 2338//2338 2316//2316 2331//2331
f 2331//2331 2316//2316 2312//2312
f 2366//2366 2369//2369 2397//2397
f 2397//2397 2369//2369 2373//2373
f 2397//2397 2373//2373 2394//2394
f 2394//2394 2373//2373 2389//2389
f 2394//2394 2389//2389 2391//2391
f 2369//2369 2371//2371 2373//2373
f 2329//2329 2314//2314 2333//2333
f 2333//2333 2314//2314 2360//2360
f 2333//2333 2360//2360 2359//2359
f 2333//2333 2359//2359 2335//2335
f 2335//2335 2359//2359 2356//2356
f 2335//2335 2356//2356 2341//2341
f 2401//2401 2403//2403 2362//2362
f 2362//2362 2403//2403 2342//2342
f 2362//2362 2342//2342 2355//2355
f 2355//2355 2342//2342 2339//2339
f 2405//2405 2409//2409 2401//2401
f 2401//2401 2409//2409 2410//2410
f 2401//2401 2410//2410 2403//2403
f 2412//2412 2414//2414 2405//2405
f 2405//2405 2414//2414 2409//2409
f 2409//2409 2418//2418 2410//2410
f 2417//2417 2408//2408 2419//2419
f 2419//2419 2408//2408 2421//2421
f 2419//2419 2421//2421 2422//2422
f 2422//2422 2421//2421 2423//2423
f 2422//2422 2423//2423 2425//2425
f 2425//2425 2423//2423 2426//2426
f 2425//2425 2426//2426 2428//2428
f 2428//2428 2426//2426 2430//2430
f 2428//2428 2430//2430 2431//2431
f 2431//2431 2430//2430 2416//2416
f 2431//2431 2416//2416 2413//2413
f 2413//2413 2406//2406 2431//2431
f 2431//2431 2406//2406 2432//2432
f 2431//2431 2432//2432 2428//2428
f 2428//2428 2432//2432 2433//2433
f 2428//2428 2433//2433 2425//2425
f 2425//2425 2433//2433 2434//2434
f 2425//2425 2434//2434 2422//2422
f 2422//2422 2434//2434 2435//2435
f 2422//2422 2435//2435 2419//2419
f 2419//2419 2435//2435 2436//2436
f 2419//2419 2436//2436 2411//2411
f 2411//2411 2436//2436 2404//2404
f 2404//2404 2436//2436 2345//2345
f 2404//2404 2345//2345 2343//2343
f 2406//2406 2402//2402 2432//2432
f 2432//2432 2402//2402 2354//2354
f 2432//2432 2354//2354 2433//2433
f 2433//2433 2354//2354 2352//2352
f 2433//2433 2352//2352 2434//2434
f 2434//2434 2352//2352 2349//2349
f 2434//2434 2349//2349 2435//2435
f 2435//2435 2349//2349 2347//2347
f 2435//2435 2347//2347 2436//2436
f 2436//2436 2347//2347 2345//2345
f 2402//2402 2363//2363 2354//2354
f 2411//2411 2417//2417 2419//2419
f 2374//2374 2376//2376 2390//2390
f 2390//2390 2376//2376 2386//2386
f 2386//2386 2376//2376 2382//2382
f 2382//2382 2376//2376 2379//2379
f 2407//2407 2415//2415 2420//2420
f 2420//2420 2415//2415 2429//2429
f 2420//2420 2429//2429 2427//2427
f 2427//2427 2424//2424 2420//2420
f 2438//2438 2441//2441 2442//2442
f 2442//2442 2441//2441 2446//2446
f 2446//2446 2441//2441 2448//2448
f 2446//2446 2448//2448 2449//2449
f 2449//2449 2448//2448 2452//2452
f 2452//2452 2448//2448 2455//2455
f 2459//2459 2460//2460 2463//2463
f 2463//2463 2460//2460 2466//2466
f 2463//2463 2466//2466 2468//2468
f 2468//2468 2469//2469 2463//2463
f 2471//2471 2461//2461 2474//2474
f 2474//2474 2461//2461 2458//2458
f 2474//2474 2458//2458 2475//2475
f 2475//2475 2458//2458 2478//2478
f 2475//2475 2478//2478 2480//2480
f 2458//2458 2481//2481 2478//2478
f 2475//2475 2480//2480 2484//2484
f 2484//2484 2480//2480 2487//2487
f 2484//2484 2487//2487 2444//2444
f 2444//2444 2487//2487 2437//2437
f 2483//2483 2489//2489 2476//2476
f 2476//2476 2489//2489 2491//2491
f 2476//2476 2491//2491 2473//2473
f 2473//2473 2491//2491 2492//2492
f 2473//2473 2492//2492 2472//2472
f 2472//2472 2492//2492 2462//2462
f 2462//2462 2492//2492 2465//2465
f 2465//2465 2492//2492 2493//2493
f 2465//2465 2493//2493 2467//2467
f 2467//2467 2493//2493 2494//2494
f 2467//2467 2494//2494 2470//2470
f 2470//2470 2494//2494 2495//2495
f 2470//2470 2495//2495 2464//2464
f 2464//2464 2495//2495 2496//2496
f 2464//2464 2496//2496 2457//2457
f 2457//2457 2496//2496 2482//2482
f 2482//2482 2496//2496 2477//2477
f 2477//2477 2496//2496 2497//2497
f 2477//2477 2497//2497 2488//2488
f 2488//2488 2497//2497 2498//2498
f 2498//2498 2497//2497 2501//2501
f 2501//2501 2497//2497 2502//2502
f 2501//2501 2502//2502 2503//2503
f 2503//2503 2502//2502 2506//2506
f 2503//2503 2506//2506 2508//2508
f 2508//2508 2506//2506 2509//2509
f 2508//2508 2509//2509 2489//2489
f 2489//2489 2509//2509 2491//2491
f 2488//2488 2479//2479 2477//2477
f 2493//2493 2492//2492 2491//2491
f 2493//2493 2491//2491 2509//2509
f 2494//2494 2493//2493 2509//2509
f 2494//2494 2509//2509 2506//2506
f 2495//2495 2494//2494 2506//2506
f 2495//2495 2506//2506 2502//2502
f 2496//2496 2495//2495 2502//2502
f 2496//2496 2502//2502 2497//2497
f 2511//2511 2514//2514 2516//2516
f 2516//2516 2514//2514 2518//2518
f 2518//2518 2514//2514 2521//2521
f 2521//2521 2514//2514 2522//2522
f 2525//2525 2510//2510 2527//2527
f 2527//2527 2510//2510 2515//2515
f 2527//2527 2515//2515 2528//2528
f 2528//2528 2515//2515 2531//2531
f 2528//2528 2531//2531 2532//2532
f 2515//2515 2534//2534 2531//2531
f 2528//2528 2532//2532 2536//2536
f 2536//2536 2532//2532 2540//2540
f 2536//2536 2540//2540 2456//2456
f 2456//2456 2540//2540 2451//2451
f 2453//2453 2541//2541 2261//2261
f 2261//2261 2541//2541 2542//2542
f 2261//2261 2542//2542 2220//2220
f 2220//2220 2542//2542 2545//2545
f 2220//2220 2545//2545 2216//2216
f 2216//2216 2545//2545 2546//2546
f 2216//2216 2546//2546 2549//2549
f 2216//2216 2549//2549 2213//2213
f 2213//2213 2549//2549 2551//2551
f 2213//2213 2551//2551 2229//2229
f 2229//2229 2551//2551 2537//2537
f 2229//2229 2537//2537 2454//2454
f 2229//2229 2454//2454 2233//2233
f 2233//2233 2454//2454 2447//2447
f 2233//2233 2447//2447 2440//2440
f 2440//2440 2439//2439 2233//2233
f 2233//2233 2439//2439 2234//2234
f 2234//2234 2439//2439 2486//2486
f 2234//2234 2486//2486 2499//2499
f 2234//2234 2499//2499 2238//2238
f 2238//2238 2499//2499 2500//2500
f 2238//2238 2500//2500 2244//2244
f 2244//2244 2500//2500 2504//2504
f 2243//2243 2505//2505 2507//2507
f 2243//2243 2507//2507 2251//2251
f 2251//2251 2507//2507 2490//2490
f 2251//2251 2490//2490 2255//2255
f 2255//2255 2490//2490 2485//2485
f 2255//2255 2485//2485 2443//2443
f 2255//2255 2443//2443 2259//2259
f 2259//2259 2443//2443 2445//2445
f 2259//2259 2445//2445 2450//2450
f 2450//2450 2453//2453 2259//2259
f 2259//2259 2453//2453 2261//2261
f 2538//2538 2550//2550 2529//2529
f 2529//2529 2550//2550 2552//2552
f 2529//2529 2552//2552 2526//2526
f 2526//2526 2552//2552 2553//2553
f 2526//2526 2553//2553 2524//2524
f 2524//2524 2553//2553 2512//2512
f 2512//2512 2553//2553 2513//2513
f 2513//2513 2553//2553 2554//2554
f 2513//2513 2554//2554 2523//2523
f 2523//2523 2554//2554 2555//2555
f 2523//2523 2555//2555 2520//2520
f 2520//2520 2555//2555 2556//2556
f 2520//2520 2556//2556 2519//2519
f 2519//2519 2556//2556 2557//2557
f 2519//2519 2557//2557 2517//2517
f 2517//2517 2557//2557 2535//2535
f 2535//2535 2557//2557 2530//2530
f 2530//2530 2557//2557 2558//2558
f 2530//2530 2558//2558 2539//2539
f 2539//2539 2558//2558 2543//2543
f 2543//2543 2558//2558 2544//2544
f 2544//2544 2558//2558 2559//2559
f 2544//2544 2559//2559 2547//2547
f 2547//2547 2559//2559 2560//2560
f 2547//2547 2560//2560 2548//2548
f 2548//2548 2560//2560 2561//2561
f 2548//2548 2561//2561 2550//2550
f 2550//2550 2561//2561 2552//2552
f 2539//2539 2533//2533 2530//2530
f 2554//2554 2553//2553 2552//2552
f 2554//2554 2552//2552 2561//2561
f 2555//2555 2554//2554 2561//2561
f 2555//2555 2561//2561 2560//2560
f 2556//2556 2555//2555 2560//2560
f 2556//2556 2560//2560 2559//2559
f 2557//2557 2556//2556 2559//2559
f 2557//2557 2559//2559 2558//2558
f 2562//2562 2566//2566 2568//2568
f 2569//2569 2564//2564 2570//2570
f 2569//2569 2570//2570 2572//2572
f 2572//2572 2575//2575 2569//2569
f 2569//2569 2575//2575 2577//2577
f 2577//2577 2575//2575 2578//2578
f 2577//2577 2578//2578 2581//2581
f 2581//2581 2578//2578 2583//2583
f 2581//2581 2583//2583 2584//2584
f 2584//2584 2583//2583 2587//2587
f 2584//2584 2587//2587 2590//2590
f 2590//2590 2592//2592 2584//2584
f 2585//2585 2591//2591 2595//2595
f 2585//2585 2595//2595 2597//2597
f 2597//2597 2599//2599 2585//2585
f 2585//2585 2599//2599 2602//2602
f 2585//2585 2602//2602 2604//2604
f 2604//2604 2602//2602 2606//2606
f 2604//2604 2606//2606 2608//2608
f 2608//2608 2606//2606 2609//2609
f 2608//2608 2609//2609 2612//2612
f 2612//2612 2609//2609 2613//2613
f 2612//2612 2613//2613 2615//2615
f 2615//2615 2613//2613 2618//2618
f 2615//2615 2618//2618 2620//2620
f 2620//2620 2618//2618 2621//2621
f 2620//2620 2621//2621 2624//2624
f 2624//2624 2621//2621 2626//2626
f 2626//2626 2621//2621 2628//2628
f 2626//2626 2628//2628 2629//2629
f 2629//2629 2628//2628 2632//2632
f 2632//2632 2628//2628 2634//2634
f 2634//2634 2628//2628 2636//2636
f 2636//2636 2628//2628 2637//2637
f 2637//2637 2628//2628 2639//2639
f 2639//2639 2628//2628 2641//2641
f 2641//2641 2628//2628 2643//2643
f 2641//2641 2643//2643 2646//2646
f 2646//2646 2643//2643 2648//2648
f 2648//2648 2643//2643 2649//2649
f 2648//2648 2649//2649 2652//2652
f 2652//2652 2649//2649 2653//2653
f 2652//2652 2653//2653 2655//2655
f 2655//2655 2653//2653 2658//2658
f 2655//2655 2658//2658 2581//2581
f 2581//2581 2658//2658 2577//2577
f 2606//2606 2602//2602 2568//2568
f 2568//2568 2602//2602 2660//2660
f 2568//2568 2660//2660 2661//2661
f 2661//2661 2562//2562 2568//2568
f 2646//2646 2664//2664 2641//2641
f 2641//2641 2664//2664 2665//2665
f 2665//2665 2664//2664 2668//2668
f 2668//2668 2664//2664 2669//2669
f 2669//2669 2664//2664 2672//2672
f 2672//2672 2664//2664 2674//2674
f 2674//2674 2664//2664 2677//2677
f 2677//2677 2664//2664 2678//2678
f 2678//2678 2664//2664 2620//2620
f 2678//2678 2620//2620 2624//2624
f 2680//2680 2684//2684 2685//2685
f 2685//2685 2684//2684 2619//2619
f 2685//2685 2619//2619 2663//2663
f 2680//2680 2688//2688 2684//2684
f 2691//2691 2611//2611 2684//2684
f 2684//2684 2611//2611 2616//2616
f 2684//2684 2616//2616 2619//2619
f 2693//2693 2695//2695 2691//2691
f 2691//2691 2695//2695 2699//2699
f 2691//2691 2699//2699 2603//2603
f 2603//2603 2699//2699 2586//2586
f 2586//2586 2699//2699 2702//2702
f 2586//2586 2702//2702 2580//2580
f 2580//2580 2702//2702 2703//2703
f 2580//2580 2703//2703 2656//2656
f 2656//2656 2703//2703 2651//2651
f 2651//2651 2703//2703 2707//2707
f 2651//2651 2707//2707 2647//2647
f 2647//2647 2707//2707 2645//2645
f 2645//2645 2707//2707 2711//2711
f 2645//2645 2711//2711 2663//2663
f 2663//2663 2711//2711 2685//2685
f 2702//2702 2712//2712 2703//2703
f 2703//2703 2712//2712 2715//2715
f 2716//2716 2718//2718 2707//2707
f 2707//2707 2718//2718 2711//2711
f 2603//2603 2607//2607 2691//2691
f 2691//2691 2607//2607 2611//2611
f 2692//2692 2720//2720 2723//2723
f 2723//2723 2720//2720 2724//2724
f 2723//2723 2724//2724 2726//2726
f 2726//2726 2724//2724 2727//2727
f 2726//2726 2727//2727 2729//2729
f 2729//2729 2697//2697 2726//2726
f 2726//2726 2697//2697 2696//2696
f 2726//2726 2696//2696 2723//2723
f 2723//2723 2696//2696 2694//2694
f 2723//2723 2694//2694 2692//2692
f 2733//2733 2735//2735 2738//2738
f 2738//2738 2735//2735 2741//2741
f 2739//2739 2740//2740 2744//2744
f 2744//2744 2740//2740 2745//2745
f 2744//2744 2745//2745 2747//2747
f 2747//2747 2745//2745 2749//2749
f 2747//2747 2749//2749 2752//2752
f 2752//2752 2749//2749 2753//2753
f 2752//2752 2753//2753 2755//2755
f 2755//2755 2753//2753 2757//2757
f 2755//2755 2757//2757 2760//2760
f 2760//2760 2757//2757 2762//2762
f 2760//2760 2762//2762 2763//2763
f 2763//2763 2762//2762 2765//2765
f 2763//2763 2765//2765 2767//2767
f 2767//2767 2765//2765 2770//2770
f 2767//2767 2770//2770 2771//2771
f 2771//2771 2770//2770 2774//2774
f 2771//2771 2774//2774 2775//2775
f 2775//2775 2774//2774 2777//2777
f 2775//2775 2777//2777 2779//2779
f 2779//2779 2777//2777 2782//2782
f 2779//2779 2782//2782 2733//2733
f 2733//2733 2782//2782 2735//2735
f 2743//2743 2783//2783 2737//2737
f 2737//2737 2783//2783 2785//2785
f 2736//2736 2784//2784 2786//2786
f 2786//2786 2784//2784 2787//2787
f 2786//2786 2787//2787 2789//2789
f 2789//2789 2787//2787 2790//2790
f 2789//2789 2790//2790 2792//2792
f 2792//2792 2790//2790 2793//2793
f 2792//2792 2793//2793 2795//2795
f 2795//2795 2793//2793 2796//2796
f 2795//2795 2796//2796 2798//2798
f 2798//2798 2796//2796 2802//2802
f 2783//2783 2743//2743 2813//2813
f 2813//2813 2743//2743 2748//2748
f 2813//2813 2748//2748 2814//2814
f 2814//2814 2748//2748 2751//2751
f 2814//2814 2751//2751 2815//2815
f 2815//2815 2751//2751 2756//2756
f 2815//2815 2756//2756 2816//2816
f 2816//2816 2756//2756 2759//2759
f 2816//2816 2759//2759 2817//2817
f 2817//2817 2759//2759 2764//2764
f 2817//2817 2764//2764 2818//2818
f 2818//2818 2764//2764 2819//2819
f 2818//2818 2819//2819 2820//2820
f 2820//2820 2819//2819 2821//2821
f 2820//2820 2821//2821 2822//2822
f 2822//2822 2821//2821 2823//2823
f 2822//2822 2823//2823 2824//2824
f 2824//2824 2823//2823 2825//2825
f 2824//2824 2825//2825 2826//2826
f 2826//2826 2825//2825 2827//2827
f 2826//2826 2827//2827 2800//2800
f 2764//2764 2768//2768 2819//2819
f 2819//2819 2768//2768 2828//2828
f 2819//2819 2828//2828 2821//2821
f 2821//2821 2828//2828 2829//2829
f 2821//2821 2829//2829 2823//2823
f 2823//2823 2829//2829 2830//2830
f 2823//2823 2830//2830 2825//2825
f 2825//2825 2830//2830 2831//2831
f 2825//2825 2831//2831 2827//2827
f 2827//2827 2831//2831 2798//2798
f 2827//2827 2798//2798 2801//2801
f 2768//2768 2772//2772 2828//2828
f 2828//2828 2772//2772 2832//2832
f 2828//2828 2832//2832 2829//2829
f 2829//2829 2832//2832 2833//2833
f 2829//2829 2833//2833 2830//2830
f 2830//2830 2833//2833 2834//2834
f 2830//2830 2834//2834 2831//2831
f 2831//2831 2834//2834 2795//2795
f 2831//2831 2795//2795 2798//2798
f 2772//2772 2776//2776 2832//2832
f 2832//2832 2776//2776 2835//2835
f 2832//2832 2835//2835 2833//2833
f 2833//2833 2835//2835 2836//2836
f 2833//2833 2836//2836 2834//2834
f 2834//2834 2836//2836 2792//2792
f 2834//2834 2792//2792 2795//2795
f 2776//2776 2780//2780 2835//2835
f 2835//2835 2780//2780 2837//2837
f 2835//2835 2837//2837 2836//2836
f 2836//2836 2837//2837 2789//2789
f 2836//2836 2789//2789 2792//2792
f 2780//2780 2732//2732 2837//2837
f 2837//2837 2732//2732 2786//2786
f 2837//2837 2786//2786 2789//2789
f 2732//2732 2736//2736 2786//2786
f 2826//2826 2806//2806 2838//2838
f 2839//2839 2805//2805 2840//2840
f 2840//2840 2804//2804 2841//2841
f 2841//2841 2812//2812 2842//2842
f 2842//2842 2811//2811 2843//2843
f 2844//2844 2808//2808 2845//2845
f 2845//2845 2803//2803 2846//2846
f 2846//2846 2810//2810 2847//2847
f 2847//2847 2807//2807 2797//2797
f 2788//2788 2785//2785 2848//2848
f 2848//2848 2785//2785 2783//2783
f 2848//2848 2783//2783 2849//2849
f 2849//2849 2783//2783 2813//2813
f 2849//2849 2813//2813 2850//2850
f 2850//2850 2813//2813 2814//2814
f 2850//2850 2814//2814 2851//2851
f 2851//2851 2814//2814 2815//2815
f 2851//2851 2815//2815 2852//2852
f 2852//2852 2815//2815 2816//2816
f 2852//2852 2816//2816 2853//2853
f 2853//2853 2816//2816 2817//2817
f 2853//2853 2817//2817 2854//2854
f 2854//2854 2817//2817 2818//2818
f 2854//2854 2818//2818 2820//2820
f 2791//2791 2788//2788 2855//2855
f 2855//2855 2788//2788 2848//2848
f 2855//2855 2848//2848 2856//2856
f 2856//2856 2848//2848 2849//2849
f 2856//2856 2849//2849 2857//2857
f 2857//2857 2849//2849 2850//2850
f 2857//2857 2850//2850 2858//2858
f 2858//2858 2850//2850 2851//2851
f 2858//2858 2851//2851 2859//2859
f 2859//2859 2851//2851 2852//2852
f 2859//2859 2852//2852 2860//2860
f 2860//2860 2852//2852 2853//2853
f 2860//2860 2853//2853 2861//2861
f 2861//2861 2853//2853 2854//2854
f 2861//2861 2854//2854 2862//2862
f 2862//2862 2854//2854 2820//2820
f 2862//2862 2820//2820 2822//2822
f 2847//2847 2797//2797 2794//2794
f 2794//2794 2791//2791 2863//2863
f 2863//2863 2791//2791 2855//2855
f 2863//2863 2855//2855 2864//2864
f 2864//2864 2855//2855 2856//2856
f 2864//2864 2856//2856 2865//2865
f 2865//2865 2856//2856 2857//2857
f 2865//2865 2857//2857 2866//2866
f 2866//2866 2857//2857 2858//2858
f 2866//2866 2858//2858 2867//2867
f 2867//2867 2858//2858 2859//2859
f 2867//2867 2859//2859 2868//2868
f 2868//2868 2859//2859 2860//2860
f 2868//2868 2860//2860 2869//2869
f 2869//2869 2860//2860 2861//2861
f 2869//2869 2861//2861 2870//2870
f 2870//2870 2861//2861 2862//2862
f 2870//2870 2862//2862 2871//2871
f 2871//2871 2862//2862 2822//2822
f 2871//2871 2822//2822 2824//2824
f 2838//2838 2809//2809 2839//2839
f 2843//2843 2799//2799 2844//2844
f 2846//2846 2847//2847 2863//2863
f 2863//2863 2847//2847 2794//2794
f 2846//2846 2863//2863 2864//2864
f 2845//2845 2846//2846 2864//2864
f 2845//2845 2864//2864 2865//2865
f 2844//2844 2845//2845 2865//2865
f 2844//2844 2865//2865 2866//2866
f 2843//2843 2844//2844 2866//2866
f 2843//2843 2866//2866 2867//2867
f 2842//2842 2843//2843 2867//2867
f 2842//2842 2867//2867 2868//2868
f 2841//2841 2842//2842 2868//2868
f 2841//2841 2868//2868 2869//2869
f 2841//2841 2869//2869 2840//2840
f 2840//2840 2869//2869 2870//2870
f 2840//2840 2870//2870 2839//2839
f 2839//2839 2870//2870 2871//2871
f 2839//2839 2871//2871 2838//2838
f 2838//2838 2871//2871 2824//2824
f 2838//2838 2824//2824 2826//2826
f 2872//2872 2877//2877 2878//2878
f 2878//2878 2877//2877 2880//2880
f 2878//2878 2880//2880 2883//2883
f 2887//2887 2890//2890 2875//2875
f 2875//2875 2890//2890 2881//2881
f 2893//2893 2895//2895 2888//2888
f 2888//2888 2895//2895 2891//2891
f 2900//2900 2902//2902 2892//2892
f 2892//2892 2902//2902 2903//2903
f 2892//2892 2903//2903 2897//2897
f 2897//2897 2903//2903 2906//2906
f 2898//2898 2873//2873 2908//2908
f 2908//2908 2873//2873 2879//2879
f 2908//2908 2879//2879 2909//2909
f 2909//2909 2879//2879 2910//2910
f 2909//2909 2910//2910 2901//2901
f 2901//2901 2910//2910 2904//2904
f 2904//2904 2910//2910 2905//2905
f 2905//2905 2910//2910 2885//2885
f 2885//2885 2910//2910 2879//2879
f 2909//2909 2901//2901 2908//2908
f 2908//2908 2901//2901 2898//2898
f 2913//2913 2889//2889 2914//2914
f 2914//2914 2889//2889 2896//2896
f 2914//2914 2896//2896 2907//2907
f 2913//2913 2919//2919 2889//2889
f 2889//2889 2919//2919 2882//2882
f 2882//2882 2919//2919 2920//2920
f 2882//2882 2920//2920 2884//2884
f 2884//2884 2920//2920 2925//2925
f 2884//2884 2925//2925 2907//2907
f 2907//2907 2925//2925 2914//2914
f 2927//2927 2930//2930 2933//2933
f 2933//2933 2930//2930 2935//2935
f 2939//2939 2941//2941 2945//2945
f 2945//2945 2941//2941 2947//2947
f 2945//2945 2947//2947 2949//2949
f 2949//2949 2947//2947 2952//2952
f 2949//2949 2952//2952 2955//2955
f 2949//2949 2955//2955 2957//2957
f 2957//2957 2955//2955 2958//2958
f 2957//2957 2958//2958 2961//2961
f 2961//2961 2958//2958 2929//2929
f 2961//2961 2929//2929 2926//2926
f 2964//2964 2967//2967 2953//2953
f 2953//2953 2967//2967 2970//2970
f 2953//2953 2970//2970 2954//2954
f 2954//2954 2970//2970 2971//2971
f 2954//2954 2971//2971 2959//2959
f 2959//2959 2971//2971 2974//2974
f 2959//2959 2974//2974 2931//2931
f 2931//2931 2974//2974 2936//2936
f 2968//2968 2977//2977 2969//2969
f 2969//2969 2977//2977 2980//2980
f 2969//2969 2980//2980 2981//2981
f 2969//2969 2981//2981 2972//2972
f 2972//2972 2981//2981 2984//2984
f 2972//2972 2984//2984 2973//2973
f 2973//2973 2984//2984 2937//2937
f 2937//2937 2984//2984 2934//2934
f 2978//2978 2943//2943 2979//2979
f 2979//2979 2943//2943 2950//2950
f 2979//2979 2950//2950 2956//2956
f 2979//2979 2956//2956 2982//2982
f 2982//2982 2956//2956 2960//2960
f 2982//2982 2960//2960 2983//2983
f 2983//2983 2960//2960 2932//2932
f 2932//2932 2960//2960 2928//2928
f 2940//2940 2946//2946 2986//2986
f 2986//2986 2946//2946 2916//2916
f 2986//2986 2916//2916 2924//2924
f 2987//2987 2963//2963 2989//2989
f 2989//2989 2963//2963 2951//2951
f 2989//2989 2951//2951 2948//2948
f 2948//2948 2942//2942 2989//2989
f 2989//2989 2942//2942 2985//2985
f 2989//2989 2985//2985 2990//2990
f 2990//2990 2985//2985 2991//2991
f 2990//2990 2991//2991 2987//2987
f 2987//2987 2991//2991 2922//2922
f 2922//2922 2991//2991 2923//2923
f 2923//2923 2991//2991 2985//2985
f 2942//2942 2938//2938 2985//2985
f 2990//2990 2987//2987 2989//2989
f 2962//2962 2988//2988 2965//2965
f 2965//2965 2988//2988 2917//2917
f 2917//2917 2988//2988 2921//2921
f 2976//2976 2966//2966 2912//2912
f 2912//2912 2966//2966 2918//2918
f 2975//2975 2911//2911 2944//2944
f 2944//2944 2911//2911 2915//2915
f 2686//2686 2992//2992 2995//2995
f 2995//2995 2992//2992 2997//2997
f 2995//2995 2997//2997 2998//2998
f 2998//2998 2997//2997 3000//3000
f 2998//2998 3000//3000 3003//3003
f 3003//3003 2682//2682 2998//2998
f 2998//2998 2682//2682 2689//2689
f 2998//2998 2689//2689 2995//2995
f 2995//2995 2689//2689 2681//2681
f 2995//2995 2681//2681 2686//2686
f 3001//3001 2899//2899 2683//2683
f 2683//2683 2899//2899 2894//2894
f 2683//2683 2894//2894 2886//2886
f 2899//2899 3001//3001 2874//2874
f 2874//2874 3001//3001 2721//2721
f 2874//2874 2721//2721 2876//2876
f 2876//2876 2721//2721 2690//2690
f 2876//2876 2690//2690 2886//2886
f 2886//2886 2690//2690 2683//2683
f 2706//2706 2746//2746 3006//3006
f 3006//3006 2746//2746 2742//2742
f 3006//3006 2742//2742 2734//2734
f 2704//2704 2758//2758 2706//2706
f 2706//2706 2758//2758 2754//2754
f 2706//2706 2754//2754 2750//2750
f 3009//3009 2769//2769 2704//2704
f 2704//2704 2769//2769 2766//2766
f 2704//2704 2766//2766 2761//2761
f 3006//3006 2781//2781 3009//3009
f 3009//3009 2781//2781 2778//2778
f 3009//3009 2778//2778 2773//2773
f 2734//2734 2781//2781 3006//3006
f 2773//2773 2769//2769 3009//3009
f 2761//2761 2758//2758 2704//2704
f 2750//2750 2746//2746 2706//2706
f 2708//2708 3004//3004 3010//3010
f 3010//3010 3004//3004 3012//3012
f 3010//3010 3012//3012 3013//3013
f 3013//3013 3012//3012 3015//3015
f 3013//3013 3015//3015 3017//3017
f 3017//3017 2709//2709 3013//3013
f 3013//3013 2709//2709 2719//2719
f 3013//3013 2719//2719 3010//3010
f 3010//3010 2719//2719 2717//2717
f 3010//3010 2717//2717 2708//2708
f 2701//2701 3021//3021 3022//3022
f 3022//3022 3021//3021 3024//3024
f 3022//3022 3024//3024 3025//3025
f 3025//3025 3024//3024 3027//3027
f 3025//3025 3027//3027 3007//3007
f 3007//3007 2705//2705 3025//3025
f 3025//3025 2705//2705 2714//2714
f 3025//3025 2714//2714 3022//3022
f 3022//3022 2714//2714 2713//2713
f 3022//3022 2713//2713 2701//2701
f 3018//3018 2627//2627 2993//2993
f 2993//2993 2627//2627 2622//2622
f 2993//2993 2622//2622 3002//3002
f 3002//3002 2622//2622 2617//2617
f 3002//3002 2617//2617 2614//2614
f 3014//3014 3005//3005 3018//3018
f 3018//3018 3005//3005 2644//2644
f 3018//3018 2644//2644 2627//2627
f 3014//3014 3011//3011 3005//3005
f 3008//3008 2654//2654 3005//3005
f 3005//3005 2654//2654 2650//2650
f 3005//3005 2650//2650 2644//2644
f 3026//3026 3023//3023 3008//3008
f 3008//3008 3023//3023 3020//3020
f 3008//3008 3020//3020 2576//2576
f 2576//2576 3020//3020 2567//2567
f 2567//2567 3020//3020 2730//2730
f 2567//2567 2730//2730 2605//2605
f 2605//2605 2730//2730 2722//2722
f 2605//2605 2722//2722 2610//2610
f 2610//2610 2722//2722 2614//2614
f 2614//2614 2722//2722 3002//3002
f 2730//2730 2728//2728 2722//2722
f 2722//2722 2728//2728 2725//2725
f 2999//2999 2996//2996 3002//3002
f 3002//3002 2996//2996 2993//2993
f 2576//2576 2657//2657 3008//3008
f 3008//3008 2657//2657 2654//2654
f 3019//3019 3029//3029 2731//2731
f 2731//2731 3029//3029 3031//3031
f 2731//2731 3031//3031 3032//3032
f 2700//2700 3035//3035 3019//3019
f 3019//3019 3035//3035 3037//3037
f 3019//3019 3037//3037 3039//3039
f 2698//2698 3042//3042 2700//2700
f 2700//2700 3042//3042 3043//3043
f 2700//2700 3043//3043 3046//3046
f 2731//2731 3048//3048 2698//2698
f 2698//2698 3048//3048 3049//3049
f 2698//2698 3049//3049 3051//3051
f 3046//3046 3035//3035 2700//2700
f 3039//3039 3029//3029 3019//3019
f 3032//3032 3048//3048 2731//2731
f 3051//3051 3042//3042 2698//2698
f 3054//3054 2571//2571 3056//3056
f 3056//3056 2571//2571 2565//2565
f 3056//3056 2565//2565 2563//2563
f 2571//2571 3054//3054 2573//2573
f 2573//2573 3054//3054 3057//3057
f 2573//2573 3057//3057 2574//2574
f 2574//2574 3057//3057 3059//3059
f 2574//2574 3059//3059 2579//2579
f 2579//2579 3059//3059 2582//2582
f 2582//2582 3059//3059 3061//3061
f 2582//2582 3061//3061 2588//2588
f 2588//2588 3061//3061 3064//3064
f 2588//2588 3064//3064 2589//2589
f 2589//2589 3064//3064 3066//3066
f 2589//2589 3066//3066 2593//2593
f 2594//2594 3065//3065 2596//2596
f 2596//2596 3065//3065 3068//3068
f 2596//2596 3068//3068 2598//2598
f 2598//2598 3068//3068 3070//3070
f 2598//2598 3070//3070 2600//2600
f 2600//2600 3070//3070 3072//3072
f 2600//2600 3072//3072 2601//2601
f 2601//2601 3072//3072 2659//2659
f 2659//2659 3072//3072 3075//3075
f 2659//2659 3075//3075 2662//2662
f 2662//2662 3075//3075 3077//3077
f 2662//2662 3077//3077 2563//2563
f 2563//2563 3077//3077 3056//3056
f 3079//3079 3044//3044 3082//3082
f 3082//3082 3044//3044 3040//3040
f 3081//3081 3041//3041 3084//3084
f 3084//3084 3041//3041 3052//3052
f 3084//3084 3052//3052 3085//3085
f 3085//3085 3052//3052 3050//3050
f 3085//3085 3050//3050 3087//3087
f 3087//3087 3050//3050 3047//3047
f 3087//3087 3047//3047 3089//3089
f 3089//3089 3047//3047 3033//3033
f 3089//3089 3033//3033 3091//3091
f 3091//3091 3033//3033 3030//3030
f 3091//3091 3030//3030 3093//3093
f 3093//3093 3030//3030 3028//3028
f 3093//3093 3028//3028 3095//3095
f 3095//3095 3028//3028 3038//3038
f 3095//3095 3038//3038 3097//3097
f 3097//3097 3038//3038 3036//3036
f 3097//3097 3036//3036 3099//3099
f 3099//3099 3036//3036 3034//3034
f 3099//3099 3034//3034 3102//3102
f 3102//3102 3034//3034 3045//3045
f 3102//3102 3045//3045 3079//3079
f 3079//3079 3045//3045 3044//3044
f 3083//3083 3069//3069 3080//3080
f 3080//3080 3069//3069 3067//3067
f 3080//3080 3067//3067 3063//3063
f 3069//3069 3083//3083 3071//3071
f 3071//3071 3083//3083 3086//3086
f 3071//3071 3086//3086 3073//3073
f 3073//3073 3086//3086 3088//3088
f 3073//3073 3088//3088 3090//3090
f 3073//3073 3090//3090 3074//3074
f 3074//3074 3090//3090 3092//3092
f 3074//3074 3092//3092 3076//3076
f 3076//3076 3092//3092 3055//3055
f 3055//3055 3092//3092 3094//3094
f 3055//3055 3094//3094 3053//3053
f 3053//3053 3094//3094 3096//3096
f 3053//3053 3096//3096 3058//3058
f 3058//3058 3096//3096 3098//3098
f 3058//3058 3098//3098 3060//3060
f 3060//3060 3098//3098 3100//3100
f 3060//3060 3100//3100 3101//3101
f 3060//3060 3101//3101 3062//3062
f 3062//3062 3101//3101 3078//3078
f 3062//3062 3078//3078 3063//3063
f 3063//3063 3078//3078 3080//3080
f 3104//3104 2631//2631 3105//3105
f 3105//3105 2631//2631 2633//2633
f 3105//3105 2633//2633 2635//2635
f 2631//2631 3104//3104 2630//2630
f 2630//2630 3104//3104 3108//3108
f 2630//2630 3108//3108 2625//2625
f 2625//2625 3108//3108 3109//3109
f 2625//2625 3109//3109 2623//2623
f 2623//2623 3109//3109 2679//2679
f 2679//2679 3109//3109 3111//3111
f 2679//2679 3111//3111 2676//2676
f 2676//2676 3111//3111 3113//3113
f 2676//2676 3113//3113 2675//2675
f 2675//2675 3113//3113 3116//3116
f 2675//2675 3116//3116 2673//2673
f 2671//2671 3117//3117 2670//2670
f 2670//2670 3117//3117 3118//3118
f 2670//2670 3118//3118 2667//2667
f 2667//2667 3118//3118 3121//3121
f 2667//2667 3121//3121 2666//2666
f 2666//2666 3121//3121 3122//3122
f 2666//2666 3122//3122 2642//2642
f 2642//2642 3122//3122 2640//2640
f 2640//2640 3122//3122 3125//3125
f 2640//2640 3125//3125 2638//2638
f 2638//2638 3125//3125 3126//3126
f 2638//2638 3126//3126 2635//2635
f 2635//2635 3126//3126 3105//3105
f 2710//2710 3130//3130 2687//2687
f 2687//2687 3130//3130 3132//3132
f 2687//2687 3132//3132 3134//3134
f 3016//3016 3136//3136 2710//2710
f 2710//2710 3136//3136 3137//3137
f 2710//2710 3137//3137 3139//3139
f 2994//2994 3142//3142 3016//3016
f 3016//3016 3142//3142 3143//3143
f 3016//3016 3143//3143 3146//3146
f 2687//2687 3147//3147 2994//2994
f 2994//2994 3147//3147 3149//3149
f 2994//2994 3149//3149 3152//3152
f 3146//3146 3136//3136 3016//3016
f 3139//3139 3130//3130 2710//2710
f 3134//3134 3147//3147 2687//2687
f 3152//3152 3142//3142 2994//2994
f 3153//3153 3144//3144 3155//3155
f 3155//3155 3144//3144 3141//3141
f 3155//3155 3141//3141 3157//3157
f 3157//3157 3141//3141 3151//3151
f 3157//3157 3151//3151 3159//3159
f 3159//3159 3151//3151 3150//3150
f 3159//3159 3150//3150 3161//3161
f 3161//3161 3150//3150 3148//3148
f 3161//3161 3148//3148 3164//3164
f 3164//3164 3148//3148 3133//3133
f 3164//3164 3133//3133 3165//3165
f 3165//3165 3133//3133 3131//3131
f 3165//3165 3131//3131 3167//3167
f 3167//3167 3131//3131 3128//3128
f 3168//3168 3129//3129 3170//3170
f 3170//3170 3129//3129 3140//3140
f 3170//3170 3140//3140 3173//3173
f 3173//3173 3140//3140 3138//3138
f 3173//3173 3138//3138 3175//3175
f 3175//3175 3138//3138 3135//3135
f 3175//3175 3135//3135 3176//3176
f 3176//3176 3135//3135 3145//3145
f 3176//3176 3145//3145 3153//3153
f 3153//3153 3145//3145 3144//3144
f 3158//3158 3103//3103 3156//3156
f 3156//3156 3103//3103 3106//3106
f 3156//3156 3106//3106 3127//3127
f 3103//3103 3158//3158 3107//3107
f 3107//3107 3158//3158 3160//3160
f 3107//3107 3160//3160 3110//3110
f 3110//3110 3160//3160 3162//3162
f 3110//3110 3162//3162 3163//3163
f 3110//3110 3163//3163 3112//3112
f 3112//3112 3163//3163 3166//3166
f 3112//3112 3166//3166 3114//3114
f 3114//3114 3166//3166 3115//3115
f 3115//3115 3166//3166 3169//3169
f 3115//3115 3169//3169 3119//3119
f 3119//3119 3169//3169 3171//3171
f 3119//3119 3171//3171 3120//3120
f 3120//3120 3171//3171 3172//3172
f 3120//3120 3172//3172 3123//3123
f 3123//3123 3172//3172 3174//3174
f 3123//3123 3174//3174 3177//3177
f 3123//3123 3177//3177 3124//3124
f 3124//3124 3177//3177 3154//3154
f 3124//3124 3154//3154 3127//3127
f 3127//3127 3154//3154 3156//3156
f 3178//3178 3181//3181 3182//3182
f 3182//3182 3181//3181 3185//3185
f 3182//3182 3185//3185 3186//3186
f 3186//3186 3185//3185 3189//3189
f 3186//3186 3189//3189 3190//3190
f 3181//3181 3178//3178 3192//3192
f 3192//3192 3178//3178 3195//3195
f 3192//3192 3195//3195 3197//3197
f 3197//3197 3195//3195 3198//3198
f 3197//3197 3198//3198 3201//3201
f 3197//3197 3201//3201 3202//3202
f 3202//3202 3201//3201 3205//3205
f 3202//3202 3205//3205 3206//3206
f 3206//3206 3205//3205 3209//3209
f 3206//3206 3209//3209 3212//3212
f 3212//3212 3209//3209 3214//3214
f 3214//3214 3209//3209 3216//3216
f 3214//3214 3216//3216 3218//3218
f 3218//3218 3216//3216 3220//3220
f 3218//3218 3220//3220 3223//3223
f 3223//3223 3220//3220 3224//3224
f 3223//3223 3224//3224 3227//3227
f 3223//3223 3227//3227 3190//3190
f 3190//3190 3227//3227 3186//3186
f 3229//3229 3230//3230 3234//3234
f 3234//3234 3230//3230 3236//3236
f 3234//3234 3236//3236 3239//3239
f 3239//3239 3236//3236 3241//3241
f 3239//3239 3241//3241 3243//3243
f 3230//3230 3229//3229 3244//3244
f 3244//3244 3229//3229 3246//3246
f 3244//3244 3246//3246 3248//3248
f 3248//3248 3246//3246 3251//3251
f 3248//3248 3251//3251 3252//3252
f 3248//3248 3252//3252 3255//3255
f 3255//3255 3252//3252 3257//3257
f 3255//3255 3257//3257 3258//3258
f 3258//3258 3257//3257 3260//3260
f 3258//3258 3260//3260 3263//3263
f 3263//3263 3260//3260 3264//3264
f 3264//3264 3260//3260 3267//3267
f 3264//3264 3267//3267 3269//3269
f 3269//3269 3267//3267 3270//3270
f 3269//3269 3270//3270 3272//3272
f 3272//3272 3270//3270 3275//3275
f 3272//3272 3275//3275 3277//3277
f 3272//3272 3277//3277 3243//3243
f 3243//3243 3277//3277 3239//3239
f 3279//3279 3281//3281 3276//3276
f 3276//3276 3281//3281 3285//3285
f 3276//3276 3285//3285 3238//3238
f 3238//3238 3285//3285 3286//3286
f 3238//3238 3286//3286 3232//3232
f 3232//3232 3286//3286 3289//3289
f 3233//3233 3290//3290 3291//3291
f 3233//3233 3291//3291 3228//3228
f 3228//3228 3291//3291 3293//3293
f 3228//3228 3293//3293 3247//3247
f 3247//3247 3293//3293 3297//3297
f 3247//3247 3297//3297 3250//3250
f 3250//3250 3297//3297 3299//3299
f 3250//3250 3299//3299 3301//3301
f 3293//3293 3304//3304 3297//3297
f 3301//3301 3306//3306 3250//3250
f 3250//3250 3306//3306 3253//3253
f 3253//3253 3306//3306 3310//3310
f 3253//3253 3310//3310 3311//3311
f 3253//3253 3311//3311 3256//3256
f 3256//3256 3311//3311 3313//3313
f 3256//3256 3313//3313 3261//3261
f 3261//3261 3313//3313 3315//3315
f 3261//3261 3315//3315 3318//3318
f 3261//3261 3318//3318 3266//3266
f 3266//3266 3318//3318 3319//3319
f 3266//3266 3319//3319 3271//3271
f 3271//3271 3319//3319 3322//3322
f 3271//3271 3322//3322 3274//3274
f 3274//3274 3322//3322 3324//3324
f 3274//3274 3324//3324 3326//3326
f 3319//3319 3330//3330 3322//3322
f 3326//3326 3279//3279 3274//3274
f 3274//3274 3279//3279 3276//3276
f 3231//3231 3207//3207 3237//3237
f 3237//3237 3207//3207 3213//3213
f 3235//3235 3211//3211 3240//3240
f 3240//3240 3211//3211 3215//3215
f 3240//3240 3215//3215 3242//3242
f 3242//3242 3215//3215 3219//3219
f 3242//3242 3219//3219 3273//3273
f 3273//3273 3219//3219 3222//3222
f 3273//3273 3222//3222 3268//3268
f 3268//3268 3222//3222 3191//3191
f 3268//3268 3191//3191 3265//3265
f 3265//3265 3191//3191 3188//3188
f 3265//3265 3188//3188 3262//3262
f 3262//3262 3188//3188 3184//3184
f 3262//3262 3184//3184 3259//3259
f 3259//3259 3184//3184 3180//3180
f 3259//3259 3180//3180 3254//3254
f 3254//3254 3180//3180 3193//3193
f 3254//3254 3193//3193 3249//3249
f 3249//3249 3193//3193 3196//3196
f 3249//3249 3196//3196 3245//3245
f 3245//3245 3196//3196 3203//3203
f 3245//3245 3203//3203 3231//3231
f 3231//3231 3203//3203 3207//3207
f 3302//3302 3294//3294 3332//3332
f 3332//3332 3294//3294 3333//3333
f 3332//3332 3333//3333 3334//3334
f 3334//3334 3333//3333 3336//3336
f 3334//3334 3336//3336 3337//3337
f 3337//3337 3336//3336 3341//3341
f 3341//3341 3336//3336 3342//3342
f 3342//3342 3336//3336 3344//3344
f 3342//3342 3344//3344 3345//3345
f 3345//3345 3344//3344 3347//3347
f 3345//3345 3347//3347 3348//3348
f 3348//3348 3347//3347 3350//3350
f 3348//3348 3350//3350 3352//3352
f 3352//3352 3350//3350 3353//3353
f 3352//3352 3353//3353 3354//3354
f 3354//3354 3353//3353 3357//3357
f 3357//3357 3353//3353 3360//3360
f 3360//3360 3353//3353 3361//3361
f 3360//3360 3361//3361 3363//3363
f 3363//3363 3361//3361 3284//3284
f 3363//3363 3284//3284 3283//3283
f 3333//3333 3294//3294 3364//3364
f 3364//3364 3294//3294 3292//3292
f 3364//3364 3292//3292 3365//3365
f 3365//3365 3292//3292 3288//3288
f 3365//3365 3288//3288 3366//3366
f 3366//3366 3288//3288 3287//3287
f 3366//3366 3287//3287 3361//3361
f 3361//3361 3287//3287 3284//3284
f 3344//3344 3336//3336 3333//3333
f 3344//3344 3333//3333 3364//3364
f 3347//3347 3344//3344 3364//3364
f 3347//3347 3364//3364 3365//3365
f 3350//3350 3347//3347 3365//3365
f 3350//3350 3365//3365 3366//3366
f 3353//3353 3350//3350 3366//3366
f 3353//3353 3366//3366 3361//3361
f 3331//3331 3362//3362 3303//3303
f 3303//3303 3362//3362 3282//3282
f 3303//3303 3282//3282 3295//3295
f 3295//3295 3282//3282 3280//3280
f 3331//3331 3335//3335 3362//3362
f 3362//3362 3335//3335 3340//3340
f 3362//3362 3340//3340 3359//3359
f 3359//3359 3340//3340 3356//3356
f 3359//3359 3356//3356 3358//3358
f 3335//3335 3338//3338 3340//3340
f 3296//3296 3278//3278 3298//3298
f 3298//3298 3278//3278 3327//3327
f 3298//3298 3327//3327 3325//3325
f 3298//3298 3325//3325 3300//3300
f 3300//3300 3325//3325 3321//3321
f 3300//3300 3321//3321 3307//3307
f 3368//3368 3369//3369 3329//3329
f 3329//3329 3369//3369 3308//3308
f 3329//3329 3308//3308 3323//3323
f 3323//3323 3308//3308 3305//3305
f 3372//3372 3374//3374 3368//3368
f 3368//3368 3374//3374 3377//3377
f 3368//3368 3377//3377 3369//3369
f 3379//3379 3380//3380 3372//3372
f 3372//3372 3380//3380 3374//3374
f 3374//3374 3383//3383 3377//3377
f 3384//3384 3373//3373 3385//3385
f 3385//3385 3373//3373 3386//3386
f 3385//3385 3386//3386 3388//3388
f 3388//3388 3386//3386 3389//3389
f 3388//3388 3389//3389 3391//3391
f 3391//3391 3389//3389 3392//3392
f 3391//3391 3392//3392 3394//3394
f 3394//3394 3392//3392 3396//3396
f 3394//3394 3396//3396 3397//3397
f 3397//3397 3396//3396 3382//3382
f 3397//3397 3382//3382 3378//3378
f 3378//3378 3371//3371 3397//3397
f 3397//3397 3371//3371 3398//3398
f 3397//3397 3398//3398 3394//3394
f 3394//3394 3398//3398 3399//3399
f 3394//3394 3399//3399 3391//3391
f 3391//3391 3399//3399 3400//3400
f 3391//3391 3400//3400 3388//3388
f 3388//3388 3400//3400 3401//3401
f 3388//3388 3401//3401 3385//3385
f 3385//3385 3401//3401 3402//3402
f 3385//3385 3402//3402 3376//3376
f 3376//3376 3402//3402 3370//3370
f 3370//3370 3402//3402 3312//3312
f 3370//3370 3312//3312 3309//3309
f 3371//3371 3367//3367 3398//3398
f 3398//3398 3367//3367 3320//3320
f 3398//3398 3320//3320 3399//3399
f 3399//3399 3320//3320 3317//3317
f 3399//3399 3317//3317 3400//3400
f 3400//3400 3317//3317 3316//3316
f 3400//3400 3316//3316 3401//3401
f 3401//3401 3316//3316 3314//3314
f 3401//3401 3314//3314 3402//3402
f 3402//3402 3314//3314 3312//3312
f 3367//3367 3328//3328 3320//3320
f 3376//3376 3384//3384 3385//3385
f 3339//3339 3343//3343 3355//3355
f 3355//3355 3343//3343 3351//3351
f 3351//3351 3343//3343 3349//3349
f 3349//3349 3343//3343 3346//3346
f 3375//3375 3381//3381 3387//3387
f 3387//3387 3381//3381 3395//3395
f 3387//3387 3395//3395 3393//3393
f 3393//3393 3390//3390 3387//3387
f 3404//3404 3407//3407 3408//3408
f 3408//3408 3407//3407 3411//3411
f 3411//3411 3407//3407 3413//3413
f 3411//3411 3413//3413 3416//3416
f 3416//3416 3413//3413 3418//3418
f 3418//3418 3413//3413 3421//3421
f 3424//3424 3427//3427 3430//3430
f 3430//3430 3427//3427 3431//3431
f 3430//3430 3431//3431 3433//3433
f 3433//3433 3436//3436 3430//3430
f 3437//3437 3426//3426 3439//3439
f 3439//3439 3426//3426 3425//3425
f 3439//3439 3425//3425 3441//3441
f 3441//3441 3425//3425 3443//3443
f 3441//3441 3443//3443 3445//3445
f 3425//3425 3448//3448 3443//3443
f 3441//3441 3445//3445 3450//3450
f 3450//3450 3445//3445 3452//3452
f 3450//3450 3452//3452 3409//3409
f 3409//3409 3452//3452 3403//3403
f 3449//3449 3455//3455 3442//3442
f 3442//3442 3455//3455 3457//3457
f 3442//3442 3457//3457 3440//3440
f 3440//3440 3457//3457 3458//3458
f 3440//3440 3458//3458 3438//3438
f 3438//3438 3458//3458 3428//3428
f 3428//3428 3458//3458 3432//3432
f 3432//3432 3458//3458 3459//3459
f 3432//3432 3459//3459 3434//3434
f 3434//3434 3459//3459 3460//3460
f 3434//3434 3460//3460 3435//3435
f 3435//3435 3460//3460 3461//3461
f 3435//3435 3461//3461 3429//3429
f 3429//3429 3461//3461 3462//3462
f 3429//3429 3462//3462 3423//3423
f 3423//3423 3462//3462 3447//3447
f 3447//3447 3462//3462 3444//3444
f 3444//3444 3462//3462 3463//3463
f 3444//3444 3463//3463 3454//3454
f 3454//3454 3463//3463 3465//3465
f 3465//3465 3463//3463 3467//3467
f 3467//3467 3463//3463 3468//3468
f 3467//3467 3468//3468 3470//3470
f 3470//3470 3468//3468 3472//3472
f 3470//3470 3472//3472 3473//3473
f 3473//3473 3472//3472 3475//3475
f 3473//3473 3475//3475 3455//3455
f 3455//3455 3475//3475 3457//3457
f 3454//3454 3446//3446 3444//3444
f 3459//3459 3458//3458 3457//3457
f 3459//3459 3457//3457 3475//3475
f 3460//3460 3459//3459 3475//3475
f 3460//3460 3475//3475 3472//3472
f 3461//3461 3460//3460 3472//3472
f 3461//3461 3472//3472 3468//3468
f 3462//3462 3461//3461 3468//3468
f 3462//3462 3468//3468 3463//3463
f 3478//3478 3480//3480 3483//3483
f 3483//3483 3480//3480 3484//3484
f 3484//3484 3480//3480 3487//3487
f 3487//3487 3480//3480 3488//3488
f 3491//3491 3476//3476 3492//3492
f 3492//3492 3476//3476 3482//3482
f 3492//3492 3482//3482 3495//3495
f 3495//3495 3482//3482 3496//3496
f 3495//3495 3496//3496 3499//3499
f 3482//3482 3501//3501 3496//3496
f 3495//3495 3499//3499 3503//3503
f 3503//3503 3499//3499 3506//3506
f 3503//3503 3506//3506 3420//3420
f 3420//3420 3506//3506 3419//3419
f 3417//3417 3507//3507 3226//3226
f 3226//3226 3507//3507 3508//3508
f 3226//3226 3508//3508 3187//3187
f 3187//3187 3508//3508 3510//3510
f 3187//3187 3510//3510 3183//3183
f 3183//3183 3510//3510 3512//3512
f 3183//3183 3512//3512 3515//3515
f 3183//3183 3515//3515 3179//3179
f 3179//3179 3515//3515 3517//3517
f 3179//3179 3517//3517 3194//3194
f 3194//3194 3517//3517 3502//3502
f 3194//3194 3502//3502 3422//3422
f 3194//3194 3422//3422 3199//3199
f 3199//3199 3422//3422 3414//3414
f 3199//3199 3414//3414 3406//3406
f 3406//3406 3405//3405 3199//3199
f 3199//3199 3405//3405 3200//3200
f 3200//3200 3405//3405 3453//3453
f 3200//3200 3453//3453 3464//3464
f 3200//3200 3464//3464 3204//3204
f 3204//3204 3464//3464 3466//3466
f 3204//3204 3466//3466 3210//3210
f 3210//3210 3466//3466 3469//3469
f 3208//3208 3471//3471 3474//3474
f 3208//3208 3474//3474 3217//3217
f 3217//3217 3474//3474 3456//3456
f 3217//3217 3456//3456 3221//3221
f 3221//3221 3456//3456 3451//3451
f 3221//3221 3451//3451 3410//3410
f 3221//3221 3410//3410 3225//3225
f 3225//3225 3410//3410 3412//3412
f 3225//3225 3412//3412 3415//3415
f 3415//3415 3417//3417 3225//3225
f 3225//3225 3417//3417 3226//3226
f 3504//3504 3516//3516 3494//3494
f 3494//3494 3516//3516 3518//3518
f 3494//3494 3518//3518 3493//3493
f 3493//3493 3518//3518 3519//3519
f 3493//3493 3519//3519 3490//3490
f 3490//3490 3519//3519 3477//3477
f 3477//3477 3519//3519 3479//3479
f 3479//3479 3519//3519 3520//3520
f 3479//3479 3520//3520 3489//3489
f 3489//3489 3520//3520 3521//3521
f 3489//3489 3521//3521 3486//3486
f 3486//3486 3521//3521 3522//3522
f 3486//3486 3522//3522 3485//3485
f 3485//3485 3522//3522 3523//3523
f 3485//3485 3523//3523 3481//3481
f 3481//3481 3523//3523 3500//3500
f 3500//3500 3523//3523 3497//3497
f 3497//3497 3523//3523 3524//3524
f 3497//3497 3524//3524 3505//3505
f 3505//3505 3524//3524 3509//3509
f 3509//3509 3524//3524 3511//3511
f 3511//3511 3524//3524 3525//3525
f 3511//3511 3525//3525 3513//3513
f 3513//3513 3525//3525 3526//3526
f 3513//3513 3526//3526 3514//3514
f 3514//3514 3526//3526 3527//3527
f 3514//3514 3527//3527 3516//3516
f 3516//3516 3527//3527 3518//3518
f 3505//3505 3498//3498 3497//3497
f 3520//3520 3519//3519 3518//3518
f 3520//3520 3518//3518 3527//3527
f 3521//3521 3520//3520 3527//3527
f 3521//3521 3527//3527 3526//3526
f 3522//3522 3521//3521 3526//3526
f 3522//3522 3526//3526 3525//3525
f 3523//3523 3522//3522 3525//3525
f 3523//3523 3525//3525 3524//3524
f 3529//3529 3530//3530 3535//3535
f 3533//3533 3531//3531 3536//3536
f 3533//3533 3536//3536 3538//3538
f 3538//3538 3540//3540 3533//3533
f 3533//3533 3540//3540 3543//3543
f 3543//3543 3540//3540 3545//3545
f 3543//3543 3545//3545 3547//3547
f 3547//3547 3545//3545 3549//3549
f 3547//3547 3549//3549 3550//3550
f 3550//3550 3549//3549 3554//3554
f 3550//3550 3554//3554 3556//3556
f 3556//3556 3560//3560 3550//3550
f 3552//3552 3557//3557 3562//3562
f 3552//3552 3562//3562 3563//3563
f 3563//3563 3566//3566 3552//3552
f 3552//3552 3566//3566 3568//3568
f 3552//3552 3568//3568 3569//3569
f 3569//3569 3568//3568 3572//3572
f 3569//3569 3572//3572 3573//3573
f 3573//3573 3572//3572 3576//3576
f 3573//3573 3576//3576 3577//3577
f 3577//3577 3576//3576 3579//3579
f 3577//3577 3579//3579 3582//3582
f 3582//3582 3579//3579 3584//3584
f 3582//3582 3584//3584 3585//3585
f 3585//3585 3584//3584 3587//3587
f 3585//3585 3587//3587 3589//3589
f 3589//3589 3587//3587 3592//3592
f 3592//3592 3587//3587 3594//3594
f 3592//3592 3594//3594 3596//3596
f 3596//3596 3594//3594 3597//3597
f 3597//3597 3594//3594 3600//3600
f 3600//3600 3594//3594 3601//3601
f 3601//3601 3594//3594 3603//3603
f 3603//3603 3594//3594 3605//3605
f 3605//3605 3594//3594 3608//3608
f 3608//3608 3594//3594 3610//3610
f 3608//3608 3610//3610 3611//3611
f 3611//3611 3610//3610 3613//3613
f 3613//3613 3610//3610 3615//3615
f 3613//3613 3615//3615 3618//3618
f 3618//3618 3615//3615 3620//3620
f 3618//3618 3620//3620 3622//3622
f 3622//3622 3620//3620 3624//3624
f 3622//3622 3624//3624 3547//3547
f 3547//3547 3624//3624 3543//3543
f 3572//3572 3568//3568 3535//3535
f 3535//3535 3568//3568 3626//3626
f 3535//3535 3626//3626 3628//3628
f 3628//3628 3529//3529 3535//3535
f 3611//3611 3629//3629 3608//3608
f 3608//3608 3629//3629 3631//3631
f 3631//3631 3629//3629 3633//3633
f 3633//3633 3629//3629 3635//3635
f 3635//3635 3629//3629 3638//3638
f 3638//3638 3629//3629 3641//3641
f 3641//3641 3629//3629 3642//3642
f 3642//3642 3629//3629 3645//3645
f 3645//3645 3629//3629 3585//3585
f 3645//3645 3585//3585 3589//3589
f 3647//3647 3650//3650 3653//3653
f 3653//3653 3650//3650 3586//3586
f 3653//3653 3586//3586 3630//3630
f 3647//3647 3654//3654 3650//3650
f 3656//3656 3578//3578 3650//3650
f 3650//3650 3578//3578 3581//3581
f 3650//3650 3581//3581 3586//3586
f 3660//3660 3661//3661 3656//3656
f 3656//3656 3661//3661 3665//3665
f 3656//3656 3665//3665 3570//3570
f 3570//3570 3665//3665 3551//3551
f 3551//3551 3665//3665 3666//3666
f 3551//3551 3666//3666 3546//3546
f 3546//3546 3666//3666 3670//3670
f 3546//3546 3670//3670 3621//3621
f 3621//3621 3670//3670 3617//3617
f 3617//3617 3670//3670 3674//3674
f 3617//3617 3674//3674 3614//3614
f 3614//3614 3674//3674 3612//3612
f 3612//3612 3674//3674 3675//3675
f 3612//3612 3675//3675 3630//3630
f 3630//3630 3675//3675 3653//3653
f 3666//3666 3679//3679 3670//3670
f 3670//3670 3679//3679 3680//3680
f 3682//3682 3684//3684 3674//3674
f 3674//3674 3684//3684 3675//3675
f 3570//3570 3574//3574 3656//3656
f 3656//3656 3574//3574 3578//3578
f 3657//3657 3687//3687 3689//3689
f 3689//3689 3687//3687 3691//3691
f 3689//3689 3691//3691 3692//3692
f 3692//3692 3691//3691 3693//3693
f 3692//3692 3693//3693 3697//3697
f 3697//3697 3664//3664 3692//3692
f 3692//3692 3664//3664 3662//3662
f 3692//3692 3662//3662 3689//3689
f 3689//3689 3662//3662 3659//3659
f 3689//3689 3659//3659 3657//3657
f 3699//3699 3700//3700 3704//3704
f 3704//3704 3700//3700 3706//3706
f 3702//3702 3707//3707 3710//3710
f 3710//3710 3707//3707 3711//3711
f 3710//3710 3711//3711 3714//3714
f 3714//3714 3711//3711 3716//3716
f 3714//3714 3716//3716 3718//3718
f 3718//3718 3716//3716 3719//3719
f 3718//3718 3719//3719 3721//3721
f 3721//3721 3719//3719 3723//3723
f 3721//3721 3723//3723 3726//3726
f 3726//3726 3723//3723 3727//3727
f 3726//3726 3727//3727 3729//3729
f 3729//3729 3727//3727 3731//3731
f 3729//3729 3731//3731 3734//3734
f 3734//3734 3731//3731 3736//3736
f 3734//3734 3736//3736 3737//3737
f 3737//3737 3736//3736 3740//3740
f 3737//3737 3740//3740 3742//3742
f 3742//3742 3740//3740 3743//3743
f 3742//3742 3743//3743 3746//3746
f 3746//3746 3743//3743 3747//3747
f 3746//3746 3747//3747 3699//3699
f 3699//3699 3747//3747 3700//3700
f 3709//3709 3749//3749 3703//3703
f 3703//3703 3749//3749 3751//3751
f 3705//3705 3750//3750 3752//3752
f 3752//3752 3750//3750 3753//3753
f 3752//3752 3753//3753 3755//3755
f 3755//3755 3753//3753 3757//3757
f 3755//3755 3757//3757 3758//3758
f 3758//3758 3757//3757 3759//3759
f 3758//3758 3759//3759 3761//3761
f 3761//3761 3759//3759 3762//3762
f 3761//3761 3762//3762 3764//3764
f 3764//3764 3762//3762 3765//3765
f 3749//3749 3709//3709 3779//3779
f 3779//3779 3709//3709 3713//3713
f 3779//3779 3713//3713 3780//3780
f 3780//3780 3713//3713 3717//3717
f 3780//3780 3717//3717 3781//3781
f 3781//3781 3717//3717 3722//3722
f 3781//3781 3722//3722 3782//3782
f 3782//3782 3722//3722 3725//3725
f 3782//3782 3725//3725 3783//3783
f 3783//3783 3725//3725 3730//3730
f 3783//3783 3730//3730 3784//3784
f 3784//3784 3730//3730 3785//3785
f 3784//3784 3785//3785 3786//3786
f 3786//3786 3785//3785 3787//3787
f 3786//3786 3787//3787 3788//3788
f 3788//3788 3787//3787 3789//3789
f 3788//3788 3789//3789 3790//3790
f 3790//3790 3789//3789 3791//3791
f 3790//3790 3791//3791 3792//3792
f 3792//3792 3791//3791 3793//3793
f 3792//3792 3793//3793 3767//3767
f 3730//3730 3733//3733 3785//3785
f 3785//3785 3733//3733 3794//3794
f 3785//3785 3794//3794 3787//3787
f 3787//3787 3794//3794 3795//3795
f 3787//3787 3795//3795 3789//3789
f 3789//3789 3795//3795 3796//3796
f 3789//3789 3796//3796 3791//3791
f 3791//3791 3796//3796 3797//3797
f 3791//3791 3797//3797 3793//3793
f 3793//3793 3797//3797 3764//3764
f 3793//3793 3764//3764 3769//3769
f 3733//3733 3738//3738 3794//3794
f 3794//3794 3738//3738 3798//3798
f 3794//3794 3798//3798 3795//3795
f 3795//3795 3798//3798 3799//3799
f 3795//3795 3799//3799 3796//3796
f 3796//3796 3799//3799 3800//3800
f 3796//3796 3800//3800 3797//3797
f 3797//3797 3800//3800 3761//3761
f 3797//3797 3761//3761 3764//3764
f 3738//3738 3741//3741 3798//3798
f 3798//3798 3741//3741 3801//3801
f 3798//3798 3801//3801 3799//3799
f 3799//3799 3801//3801 3802//3802
f 3799//3799 3802//3802 3800//3800
f 3800//3800 3802//3802 3758//3758
f 3800//3800 3758//3758 3761//3761
f 3741//3741 3745//3745 3801//3801
f 3801//3801 3745//3745 3803//3803
f 3801//3801 3803//3803 3802//3802
f 3802//3802 3803//3803 3755//3755
f 3802//3802 3755//3755 3758//3758
f 3745//3745 3698//3698 3803//3803
f 3803//3803 3698//3698 3752//3752
f 3803//3803 3752//3752 3755//3755
f 3698//3698 3705//3705 3752//3752
f 3792//3792 3766//3766 3804//3804
f 3805//3805 3773//3773 3806//3806
f 3806//3806 3772//3772 3807//3807
f 3807//3807 3771//3771 3808//3808
f 3808//3808 3775//3775 3809//3809
f 3810//3810 3776//3776 3811//3811
f 3811//3811 3768//3768 3812//3812
f 3812//3812 3770//3770 3813//3813
f 3813//3813 3777//3777 3763//3763
f 3754//3754 3751//3751 3814//3814
f 3814//3814 3751//3751 3749//3749
f 3814//3814 3749//3749 3815//3815
f 3815//3815 3749//3749 3779//3779
f 3815//3815 3779//3779 3816//3816
f 3816//3816 3779//3779 3780//3780
f 3816//3816 3780//3780 3817//3817
f 3817//3817 3780//3780 3781//3781
f 3817//3817 3781//3781 3818//3818
f 3818//3818 3781//3781 3782//3782
f 3818//3818 3782//3782 3819//3819
f 3819//3819 3782//3782 3783//3783
f 3819//3819 3783//3783 3820//3820
f 3820//3820 3783//3783 3784//3784
f 3820//3820 3784//3784 3786//3786
f 3756//3756 3754//3754 3821//3821
f 3821//3821 3754//3754 3814//3814
f 3821//3821 3814//3814 3822//3822
f 3822//3822 3814//3814 3815//3815
f 3822//3822 3815//3815 3823//3823
f 3823//3823 3815//3815 3816//3816
f 3823//3823 3816//3816 3824//3824
f 3824//3824 3816//3816 3817//3817
f 3824//3824 3817//3817 3825//3825
f 3825//3825 3817//3817 3818//3818
f 3825//3825 3818//3818 3826//3826
f 3826//3826 3818//3818 3819//3819
f 3826//3826 3819//3819 3827//3827
f 3827//3827 3819//3819 3820//3820
f 3827//3827 3820//3820 3828//3828
f 3828//3828 3820//3820 3786//3786
f 3828//3828 3786//3786 3788//3788
f 3813//3813 3763//3763 3760//3760
f 3760//3760 3756//3756 3829//3829
f 3829//3829 3756//3756 3821//3821
f 3829//3829 3821//3821 3830//3830
f 3830//3830 3821//3821 3822//3822
f 3830//3830 3822//3822 3831//3831
f 3831//3831 3822//3822 3823//3823
f 3831//3831 3823//3823 3832//3832
f 3832//3832 3823//3823 3824//3824
f 3832//3832 3824//3824 3833//3833
f 3833//3833 3824//3824 3825//3825
f 3833//3833 3825//3825 3834//3834
f 3834//3834 3825//3825 3826//3826
f 3834//3834 3826//3826 3835//3835
f 3835//3835 3826//3826 3827//3827
f 3835//3835 3827//3827 3836//3836
f 3836//3836 3827//3827 3828//3828
f 3836//3836 3828//3828 3837//3837
f 3837//3837 3828//3828 3788//3788
f 3837//3837 3788//3788 3790//3790
f 3804//3804 3778//3778 3805//3805
f 3809//3809 3774//3774 3810//3810
f 3812//3812 3813//3813 3829//3829
f 3829//3829 3813//3813 3760//3760
f 3812//3812 3829//3829 3830//3830
f 3811//3811 3812//3812 3830//3830
f 3811//3811 3830//3830 3831//3831
f 3810//3810 3811//3811 3831//3831
f 3810//3810 3831//3831 3832//3832
f 3809//3809 3810//3810 3832//3832
f 3809//3809 3832//3832 3833//3833
f 3808//3808 3809//3809 3833//3833
f 3808//3808 3833//3833 3834//3834
f 3807//3807 3808//3808 3834//3834
f 3807//3807 3834//3834 3835//3835
f 3807//3807 3835//3835 3806//3806
f 3806//3806 3835//3835 3836//3836
f 3806//3806 3836//3836 3805//3805
f 3805//3805 3836//3836 3837//3837
f 3805//3805 3837//3837 3804//3804
f 3804//3804 3837//3837 3790//3790
f 3804//3804 3790//3790 3792//3792
f 3838//3838 3842//3842 3844//3844
f 3844//3844 3842//3842 3847//3847
f 3844//3844 3847//3847 3851//3851
f 3854//3854 3855//3855 3843//3843
f 3843//3843 3855//3855 3848//3848
f 3860//3860 3862//3862 3852//3852
f 3852//3852 3862//3862 3856//3856
f 3864//3864 3867//3867 3859//3859
f 3859//3859 3867//3867 3870//3870
f 3859//3859 3870//3870 3861//3861
f 3861//3861 3870//3870 3871//3871
f 3866//3866 3839//3839 3874//3874
f 3874//3874 3839//3839 3845//3845
f 3874//3874 3845//3845 3875//3875
f 3875//3875 3845//3845 3876//3876
f 3875//3875 3876//3876 3868//3868
f 3868//3868 3876//3876 3869//3869
f 3869//3869 3876//3876 3872//3872
f 3872//3872 3876//3876 3850//3850
f 3850//3850 3876//3876 3845//3845
f 3875//3875 3868//3868 3874//3874
f 3874//3874 3868//3868 3866//3866
f 3879//3879 3857//3857 3881//3881
f 3881//3881 3857//3857 3863//3863
f 3881//3881 3863//3863 3873//3873
f 3879//3879 3885//3885 3857//3857
f 3857//3857 3885//3885 3846//3846
f 3846//3846 3885//3885 3887//3887
f 3846//3846 3887//3887 3849//3849
f 3849//3849 3887//3887 3891//3891
f 3849//3849 3891//3891 3873//3873
f 3873//3873 3891//3891 3881//3881
f 3892//3892 3896//3896 3900//3900
f 3900//3900 3896//3896 3902//3902
f 3906//3906 3908//3908 3910//3910
f 3910//3910 3908//3908 3914//3914
f 3910//3910 3914//3914 3915//3915
f 3915//3915 3914//3914 3918//3918
f 3915//3915 3918//3918 3921//3921
f 3915//3915 3921//3921 3922//3922
f 3922//3922 3921//3921 3925//3925
f 3922//3922 3925//3925 3927//3927
f 3927//3927 3925//3925 3897//3897
f 3927//3927 3897//3897 3894//3894
f 3930//3930 3934//3934 3917//3917
f 3917//3917 3934//3934 3935//3935
f 3917//3917 3935//3935 3920//3920
f 3920//3920 3935//3935 3937//3937
f 3920//3920 3937//3937 3924//3924
f 3924//3924 3937//3937 3939//3939
f 3924//3924 3939//3939 3895//3895
f 3895//3895 3939//3939 3901//3901
f 3932//3932 3942//3942 3936//3936
f 3936//3936 3942//3942 3946//3946
f 3936//3936 3946//3946 3947//3947
f 3936//3936 3947//3947 3938//3938
f 3938//3938 3947//3947 3949//3949
f 3938//3938 3949//3949 3940//3940
f 3940//3940 3949//3949 3903//3903
f 3903//3903 3949//3949 3899//3899
f 3943//3943 3909//3909 3945//3945
f 3945//3945 3909//3909 3916//3916
f 3945//3945 3916//3916 3923//3923
f 3945//3945 3923//3923 3948//3948
f 3948//3948 3923//3923 3926//3926
f 3948//3948 3926//3926 3950//3950
f 3950//3950 3926//3926 3898//3898
f 3898//3898 3926//3926 3893//3893
f 3905//3905 3912//3912 3951//3951
f 3951//3951 3912//3912 3882//3882
f 3951//3951 3882//3882 3890//3890
f 3954//3954 3928//3928 3955//3955
f 3955//3955 3928//3928 3919//3919
f 3955//3955 3919//3919 3913//3913
f 3913//3913 3907//3907 3955//3955
f 3955//3955 3907//3907 3952//3952
f 3955//3955 3952//3952 3956//3956
f 3956//3956 3952//3952 3957//3957
f 3956//3956 3957//3957 3954//3954
f 3954//3954 3957//3957 3886//3886
f 3886//3886 3957//3957 3889//3889
f 3889//3889 3957//3957 3952//3952
f 3907//3907 3904//3904 3952//3952
f 3956//3956 3954//3954 3955//3955
f 3929//3929 3953//3953 3933//3933
f 3933//3933 3953//3953 3883//3883
f 3883//3883 3953//3953 3888//3888
f 3941//3941 3931//3931 3877//3877
f 3877//3877 3931//3931 3884//3884
f 3944//3944 3878//3878 3911//3911
f 3911//3911 3878//3878 3880//3880
f 3652//3652 3960//3960 3961//3961
f 3961//3961 3960//3960 3962//3962
f 3961//3961 3962//3962 3964//3964
f 3964//3964 3962//3962 3966//3966
f 3964//3964 3966//3966 3967//3967
f 3967//3967 3649//3649 3964//3964
f 3964//3964 3649//3649 3655//3655
f 3964//3964 3655//3655 3961//3961
f 3961//3961 3655//3655 3646//3646
f 3961//3961 3646//3646 3652//3652
f 3968//3968 3865//3865 3648//3648
f 3648//3648 3865//3865 3858//3858
f 3648//3648 3858//3858 3853//3853
f 3865//3865 3968//3968 3840//3840
f 3840//3840 3968//3968 3686//3686
f 3840//3840 3686//3686 3841//3841
f 3841//3841 3686//3686 3658//3658
f 3841//3841 3658//3658 3853//3853
f 3853//3853 3658//3658 3648//3648
f 3672//3672 3712//3712 3971//3971
f 3971//3971 3712//3712 3708//3708
f 3971//3971 3708//3708 3701//3701
f 3669//3669 3724//3724 3672//3672
f 3672//3672 3724//3724 3720//3720
f 3672//3672 3720//3720 3715//3715
f 3975//3975 3735//3735 3669//3669
f 3669//3669 3735//3735 3732//3732
f 3669//3669 3732//3732 3728//3728
f 3971//3971 3748//3748 3975//3975
f 3975//3975 3748//3748 3744//3744
f 3975//3975 3744//3744 3739//3739
f 3701//3701 3748//3748 3971//3971
f 3739//3739 3735//3735 3975//3975
f 3728//3728 3724//3724 3669//3669
f 3715//3715 3712//3712 3672//3672
f 3673//3673 3972//3972 3976//3976
f 3976//3976 3972//3972 3977//3977
f 3976//3976 3977//3977 3979//3979
f 3979//3979 3977//3977 3980//3980
f 3979//3979 3980//3980 3982//3982
f 3982//3982 3677//3677 3979//3979
f 3979//3979 3677//3677 3685//3685
f 3979//3979 3685//3685 3976//3976
f 3976//3976 3685//3685 3683//3683
f 3976//3976 3683//3683 3673//3673
f 3668//3668 3985//3985 3988//3988
f 3988//3988 3985//3985 3989//3989
f 3988//3988 3989//3989 3991//3991
f 3991//3991 3989//3989 3992//3992
f 3991//3991 3992//3992 3974//3974
f 3974//3974 3671//3671 3991//3991
f 3991//3991 3671//3671 3681//3681
f 3991//3991 3681//3681 3988//3988
f 3988//3988 3681//3681 3678//3678
f 3988//3988 3678//3678 3668//3668
f 3984//3984 3593//3593 3958//3958
f 3958//3958 3593//3593 3588//3588
f 3958//3958 3588//3588 3969//3969
f 3969//3969 3588//3588 3583//3583
f 3969//3969 3583//3583 3580//3580
f 3981//3981 3970//3970 3984//3984
f 3984//3984 3970//3970 3609//3609
f 3984//3984 3609//3609 3593//3593
f 3981//3981 3978//3978 3970//3970
f 3973//3973 3619//3619 3970//3970
f 3970//3970 3619//3619 3616//3616
f 3970//3970 3616//3616 3609//3609
f 3993//3993 3990//3990 3973//3973
f 3973//3973 3990//3990 3987//3987
f 3973//3973 3987//3987 3542//3542
f 3542//3542 3987//3987 3534//3534
f 3534//3534 3987//3987 3695//3695
f 3534//3534 3695//3695 3571//3571
f 3571//3571 3695//3695 3688//3688
f 3571//3571 3688//3688 3575//3575
f 3575//3575 3688//3688 3580//3580
f 3580//3580 3688//3688 3969//3969
f 3695//3695 3694//3694 3688//3688
f 3688//3688 3694//3694 3690//3690
f 3965//3965 3963//3963 3969//3969
f 3969//3969 3963//3963 3958//3958
f 3542//3542 3623//3623 3973//3973
f 3973//3973 3623//3623 3619//3619
f 3986//3986 3995//3995 3696//3696
f 3696//3696 3995//3995 3996//3996
f 3696//3696 3996//3996 3999//3999
f 3667//3667 4000//4000 3986//3986
f 3986//3986 4000//4000 4003//4003
f 3986//3986 4003//4003 4005//4005
f 3663//3663 4007//4007 3667//3667
f 3667//3667 4007//4007 4010//4010
f 3667//3667 4010//4010 4011//4011
f 3696//3696 4014//4014 3663//3663
f 3663//3663 4014//4014 4016//4016
f 3663//3663 4016//4016 4018//4018
f 4011//4011 4000//4000 3667//3667
f 4005//4005 3995//3995 3986//3986
f 3999//3999 4014//4014 3696//3696
f 4018//4018 4007//4007 3663//3663
f 4020//4020 3537//3537 4021//4021
f 4021//4021 3537//3537 3532//3532
f 4021//4021 3532//3532 3528//3528
f 3537//3537 4020//4020 3539//3539
f 3539//3539 4020//4020 4023//4023
f 3539//3539 4023//4023 3541//3541
f 3541//3541 4023//4023 4025//4025
f 3541//3541 4025//4025 3544//3544
f 3544//3544 4025//4025 3548//3548
f 3548//3548 4025//4025 4027//4027
f 3548//3548 4027//4027 3553//3553
f 3553//3553 4027//4027 4029//4029
f 3553//3553 4029//4029 3555//3555
f 3555//3555 4029//4029 4032//4032
f 3555//3555 4032//4032 3558//3558
f 3559//3559 4033//4033 3561//3561
f 3561//3561 4033//4033 4034//4034
f 3561//3561 4034//4034 3564//3564
f 3564//3564 4034//4034 4037//4037
f 3564//3564 4037//4037 3565//3565
f 3565//3565 4037//4037 4039//4039
f 3565//3565 4039//4039 3567//3567
f 3567//3567 4039//4039 3625//3625
f 3625//3625 4039//4039 4040//4040
f 3625//3625 4040//4040 3627//3627
f 3627//3627 4040//4040 4043//4043
f 3627//3627 4043//4043 3528//3528
f 3528//3528 4043//4043 4021//4021
f 4045//4045 4009//4009 4046//4046
f 4046//4046 4009//4009 4006//4006
f 4048//4048 4008//4008 4049//4049
f 4049//4049 4008//4008 4017//4017
f 4049//4049 4017//4017 4051//4051
f 4051//4051 4017//4017 4015//4015
f 4051//4051 4015//4015 4054//4054
f 4054//4054 4015//4015 4013//4013
f 4054//4054 4013//4013 4056//4056
f 4056//4056 4013//4013 3998//3998
f 4056//4056 3998//3998 4058//4058
f 4058//4058 3998//3998 3997//3997
f 4058//4058 3997//3997 4060//4060
f 4060//4060 3997//3997 3994//3994
f 4060//4060 3994//3994 4062//4062
f 4062//4062 3994//3994 4004//4004
f 4062//4062 4004//4004 4064//4064
f 4064//4064 4004//4004 4002//4002
f 4064//4064 4002//4002 4066//4066
f 4066//4066 4002//4002 4001//4001
f 4066//4066 4001//4001 4068//4068
f 4068//4068 4001//4001 4012//4012
f 4068//4068 4012//4012 4045//4045
f 4045//4045 4012//4012 4009//4009
f 4050//4050 4035//4035 4047//4047
f 4047//4047 4035//4035 4031//4031
f 4047//4047 4031//4031 4030//4030
f 4035//4035 4050//4050 4036//4036
f 4036//4036 4050//4050 4052//4052
f 4036//4036 4052//4052 4038//4038
f 4038//4038 4052//4052 4053//4053
f 4038//4038 4053//4053 4055//4055
f 4038//4038 4055//4055 4041//4041
f 4041//4041 4055//4055 4057//4057
f 4041//4041 4057//4057 4042//4042
f 4042//4042 4057//4057 4022//4022
f 4022//4022 4057//4057 4059//4059
f 4022//4022 4059//4059 4019//4019
f 4019//4019 4059//4059 4061//4061
f 4019//4019 4061//4061 4024//4024
f 4024//4024 4061//4061 4063//4063
f 4024//4024 4063//4063 4026//4026
f 4026//4026 4063//4063 4065//4065
f 4026//4026 4065//4065 4067//4067
f 4026//4026 4067//4067 4028//4028
f 4028//4028 4067//4067 4044//4044
f 4028//4028 4044//4044 4030//4030
f 4030//4030 4044//4044 4047//4047
f 4070//4070 3598//3598 4072//4072
f 4072//4072 3598//3598 3599//3599
f 4072//4072 3599//3599 3602//3602
f 3598//3598 4070//4070 3595//3595
f 3595//3595 4070//4070 4073//4073
f 3595//3595 4073//4073 3591//3591
f 3591//3591 4073//4073 4075//4075
f 3591//3591 4075//4075 3590//3590
f 3590//3590 4075//4075 3644//3644
f 3644//3644 4075//4075 4078//4078
f 3644//3644 4078//4078 3643//3643
f 3643//3643 4078//4078 4079//4079
f 3643//3643 4079//4079 3640//3640
f 3640//3640 4079//4079 4081//4081
f 3640//3640 4081//4081 3637//3637
f 3639//3639 4083//4083 3636//3636
f 3636//3636 4083//4083 4085//4085
f 3636//3636 4085//4085 3634//3634
f 3634//3634 4085//4085 4086//4086
f 3634//3634 4086//4086 3632//3632
f 3632//3632 4086//4086 4088//4088
f 3632//3632 4088//4088 3607//3607
f 3607//3607 4088//4088 3606//3606
f 3606//3606 4088//4088 4091//4091
f 3606//3606 4091//4091 3604//3604
f 3604//3604 4091//4091 4092//4092
f 3604//3604 4092//4092 3602//3602
f 3602//3602 4092//4092 4072//4072
f 3676//3676 4095//4095 3651//3651
f 3651//3651 4095//4095 4097//4097
f 3651//3651 4097//4097 4099//4099
f 3983//3983 4102//4102 3676//3676
f 3676//3676 4102//4102 4103//4103
f 3676//3676 4103//4103 4105//4105
f 3959//3959 4107//4107 3983//3983
f 3983//3983 4107//4107 4110//4110
f 3983//3983 4110//4110 4111//4111
f 3651//3651 4113//4113 3959//3959
f 3959//3959 4113//4113 4116//4116
f 3959//3959 4116//4116 4118//4118
f 4111//4111 4102//4102 3983//3983
f 4105//4105 4095//4095 3676//3676
f 4099//4099 4113//4113 3651//3651
f 4118//4118 4107//4107 3959//3959
f 4119//4119 4109//4109 4121//4121
f 4121//4121 4109//4109 4108//4108
f 4121//4121 4108//4108 4123//4123
f 4123//4123 4108//4108 4117//4117
f 4123//4123 4117//4117 4125//4125
f 4125//4125 4117//4117 4115//4115
f 4125//4125 4115//4115 4128//4128
f 4128//4128 4115//4115 4114//4114
f 4128//4128 4114//4114 4130//4130
f 4130//4130 4114//4114 4100//4100
f 4130//4130 4100//4100 4132//4132
f 4132//4132 4100//4100 4098//4098
f 4132//4132 4098//4098 4135//4135
f 4135//4135 4098//4098 4096//4096
f 4134//4134 4094//4094 4136//4136
f 4136//4136 4094//4094 4106//4106
f 4136//4136 4106//4106 4139//4139
f 4139//4139 4106//4106 4104//4104
f 4139//4139 4104//4104 4140//4140
f 4140//4140 4104//4104 4101//4101
f 4140//4140 4101//4101 4142//4142
f 4142//4142 4101//4101 4112//4112
f 4142//4142 4112//4112 4119//4119
f 4119//4119 4112//4112 4109//4109
f 4124//4124 4069//4069 4122//4122
f 4122//4122 4069//4069 4071//4071
f 4122//4122 4071//4071 4093//4093
f 4069//4069 4124//4124 4074//4074
f 4074//4074 4124//4124 4126//4126
f 4074//4074 4126//4126 4076//4076
f 4076//4076 4126//4126 4127//4127
f 4076//4076 4127//4127 4129//4129
f 4076//4076 4129//4129 4077//4077
f 4077//4077 4129//4129 4131//4131
f 4077//4077 4131//4131 4080//4080
f 4080//4080 4131//4131 4082//4082
f 4082//4082 4131//4131 4133//4133
f 4082//4082 4133//4133 4084//4084
f 4084//4084 4133//4133 4137//4137
f 4084//4084 4137//4137 4087//4087
f 4087//4087 4137//4137 4138//4138
f 4087//4087 4138//4138 4089//4089
f 4089//4089 4138//4138 4141//4141
f 4089//4089 4141//4141 4143//4143
f 4089//4089 4143//4143 4090//4090
f 4090//4090 4143//4143 4120//4120
f 4090//4090 4120//4120 4093//4093
f 4093//4093 4120//4120 4122//4122
f 4145//4145 4146//4146 4148//4148
f 4148//4148 4146//4146 4150//4150
f 4148//4148 4150//4150 4153//4153
f 4153//4153 4150//4150 4154//4154
f 4153//4153 4154//4154 4156//4156
f 4146//4146 4145//4145 4159//4159
f 4159//4159 4145//4145 4160//4160
f 4159//4159 4160//4160 4163//4163
f 4163//4163 4160//4160 4165//4165
f 4163//4163 4165//4165 4166//4166
f 4163//4163 4166//4166 4169//4169
f 4169//4169 4166//4166 4171//4171
f 4169//4169 4171//4171 4173//4173
f 4173//4173 4171//4171 4176//4176
f 4173//4173 4176//4176 4178//4178
f 4178//4178 4176//4176 4180//4180
f 4180//4180 4176//4176 4183//4183
f 4180//4180 4183//4183 4184//4184
f 4184//4184 4183//4183 4186//4186
f 4184//4184 4186//4186 4188//4188
f 4188//4188 4186//4186 4190//4190
f 4188//4188 4190//4190 4193//4193
f 4188//4188 4193//4193 4156//4156
f 4156//4156 4193//4193 4153//4153
f 4195//4195 4196//4196 4200//4200
f 4200//4200 4196//4196 4201//4201
f 4200//4200 4201//4201 4205//4205
f 4205//4205 4201//4201 4206//4206
f 4205//4205 4206//4206 4209//4209
f 4196//4196 4195//4195 4211//4211
f 4211//4211 4195//4195 4213//4213
f 4211//4211 4213//4213 4214//4214
f 4214//4214 4213//4213 4217//4217
f 4214//4214 4217//4217 4219//4219
f 4214//4214 4219//4219 4220//4220
f 4220//4220 4219//4219 4223//4223
f 4220//4220 4223//4223 4225//4225
f 4225//4225 4223//4223 4226//4226
f 4225//4225 4226//4226 4228//4228
f 4228//4228 4226//4226 4230//4230
f 4230//4230 4226//4226 4233//4233
f 4230//4230 4233//4233 4235//4235
f 4235//4235 4233//4233 4237//4237
f 4235//4235 4237//4237 4239//4239
f 4239//4239 4237//4237 4241//4241
f 4239//4239 4241//4241 4243//4243
f 4239//4239 4243//4243 4209//4209
f 4209//4209 4243//4243 4205//4205
f 4246//4246 4249//4249 4242//4242
f 4242//4242 4249//4249 4250//4250
f 4242//4242 4250//4250 4204//4204
f 4204//4204 4250//4250 4252//4252
f 4204//4204 4252//4252 4198//4198
f 4198//4198 4252//4252 4256//4256
f 4199//4199 4255//4255 4258//4258
f 4199//4199 4258//4258 4194//4194
f 4194//4194 4258//4258 4259//4259
f 4194//4194 4259//4259 4212//4212
f 4212//4212 4259//4259 4263//4263
f 4212//4212 4263//4263 4216//4216
f 4216//4216 4263//4263 4264//4264
f 4216//4216 4264//4264 4267//4267
f 4259//4259 4269//4269 4263//4263
f 4267//4267 4273//4273 4216//4216
f 4216//4216 4273//4273 4218//4218
f 4218//4218 4273//4273 4275//4275
f 4218//4218 4275//4275 4277//4277
f 4218//4218 4277//4277 4222//4222
f 4222//4222 4277//4277 4279//4279
f 4222//4222 4279//4279 4227//4227
f 4227//4227 4279//4279 4282//4282
f 4227//4227 4282//4282 4284//4284
f 4227//4227 4284//4284 4232//4232
f 4232//4232 4284//4284 4286//4286
f 4232//4232 4286//4286 4236//4236
f 4236//4236 4286//4286 4288//4288
f 4236//4236 4288//4288 4240//4240
f 4240//4240 4288//4288 4291//4291
f 4240//4240 4291//4291 4292//4292
f 4286//4286 4295//4295 4288//4288
f 4292//4292 4246//4246 4240//4240
f 4240//4240 4246//4246 4242//4242
f 4197//4197 4172//4172 4202//4202
f 4202//4202 4172//4172 4179//4179
f 4203//4203 4177//4177 4207//4207
f 4207//4207 4177//4177 4181//4181
f 4207//4207 4181//4181 4208//4208
f 4208//4208 4181//4181 4185//4185
f 4208//4208 4185//4185 4238//4238
f 4238//4238 4185//4185 4189//4189
f 4238//4238 4189//4189 4234//4234
f 4234//4234 4189//4189 4157//4157
f 4234//4234 4157//4157 4231//4231
f 4231//4231 4157//4157 4155//4155
f 4231//4231 4155//4155 4229//4229
f 4229//4229 4155//4155 4151//4151
f 4229//4229 4151//4151 4224//4224
f 4224//4224 4151//4151 4147//4147
f 4224//4224 4147//4147 4221//4221
f 4221//4221 4147//4147 4158//4158
f 4221//4221 4158//4158 4215//4215
f 4215//4215 4158//4158 4162//4162
f 4215//4215 4162//4162 4210//4210
f 4210//4210 4162//4162 4168//4168
f 4210//4210 4168//4168 4197//4197
f 4197//4197 4168//4168 4172//4172
f 4270//4270 4260//4260 4297//4297
f 4297//4297 4260//4260 4299//4299
f 4297//4297 4299//4299 4300//4300
f 4300//4300 4299//4299 4302//4302
f 4300//4300 4302//4302 4304//4304
f 4304//4304 4302//4302 4306//4306
f 4306//4306 4302//4302 4308//4308
f 4308//4308 4302//4302 4310//4310
f 4308//4308 4310//4310 4312//4312
f 4312//4312 4310//4310 4313//4313
f 4312//4312 4313//4313 4314//4314
f 4314//4314 4313//4313 4316//4316
f 4314//4314 4316//4316 4318//4318
f 4318//4318 4316//4316 4319//4319
f 4318//4318 4319//4319 4320//4320
f 4320//4320 4319//4319 4324//4324
f 4324//4324 4319//4319 4326//4326
f 4326//4326 4319//4319 4327//4327
f 4326//4326 4327//4327 4329//4329
f 4329//4329 4327//4327 4251//4251
f 4329//4329 4251//4251 4248//4248
f 4299//4299 4260//4260 4330//4330
f 4330//4330 4260//4260 4257//4257
f 4330//4330 4257//4257 4331//4331
f 4331//4331 4257//4257 4254//4254
f 4331//4331 4254//4254 4332//4332
f 4332//4332 4254//4254 4253//4253
f 4332//4332 4253//4253 4327//4327
f 4327//4327 4253//4253 4251//4251
f 4310//4310 4302//4302 4299//4299
f 4310//4310 4299//4299 4330//4330
f 4313//4313 4310//4310 4330//4330
f 4313//4313 4330//4330 4331//4331
f 4316//4316 4313//4313 4331//4331
f 4316//4316 4331//4331 4332//4332
f 4319//4319 4316//4316 4332//4332
f 4319//4319 4332//4332 4327//4327
f 4298//4298 4328//4328 4268//4268
f 4268//4268 4328//4328 4247//4247
f 4268//4268 4247//4247 4262//4262
f 4262//4262 4247//4247 4245//4245
f 4298//4298 4301//4301 4328//4328
f 4328//4328 4301//4301 4305//4305
f 4328//4328 4305//4305 4325//4325
f 4325//4325 4305//4305 4322//4322
f 4325//4325 4322//4322 4323//4323
f 4301//4301 4303//4303 4305//4305
f 4261//4261 4244//4244 4265//4265
f 4265//4265 4244//4244 4293//4293
f 4265//4265 4293//4293 4290//4290
f 4265//4265 4290//4290 4266//4266
f 4266//4266 4290//4290 4287//4287
f 4266//4266 4287//4287 4271//4271
f 4333//4333 4336//4336 4296//4296
f 4296//4296 4336//4336 4274//4274
f 4296//4296 4274//4274 4289//4289
f 4289//4289 4274//4274 4272//4272
f 4337//4337 4340//4340 4333//4333
f 4333//4333 4340//4340 4343//4343
f 4333//4333 4343//4343 4336//4336
f 4345//4345 4347//4347 4337//4337
f 4337//4337 4347//4347 4340//4340
f 4340//4340 4350//4350 4343//4343
f 4349//4349 4341//4341 4351//4351
f 4351//4351 4341//4341 4353//4353
f 4351//4351 4353//4353 4354//4354
f 4354//4354 4353//4353 4355//4355
f 4354//4354 4355//4355 4357//4357
f 4357//4357 4355//4355 4358//4358
f 4357//4357 4358//4358 4360//4360
f 4360//4360 4358//4358 4361//4361
f 4360//4360 4361//4361 4363//4363
f 4363//4363 4361//4361 4348//4348
f 4363//4363 4348//4348 4344//4344
f 4344//4344 4338//4338 4363//4363
f 4363//4363 4338//4338 4364//4364
f 4363//4363 4364//4364 4360//4360
f 4360//4360 4364//4364 4365//4365
f 4360//4360 4365//4365 4357//4357
f 4357//4357 4365//4365 4366//4366
f 4357//4357 4366//4366 4354//4354
f 4354//4354 4366//4366 4367//4367
f 4354//4354 4367//4367 4351//4351
f 4351//4351 4367//4367 4368//4368
f 4351//4351 4368//4368 4342//4342
f 4342//4342 4368//4368 4335//4335
f 4335//4335 4368//4368 4278//4278
f 4335//4335 4278//4278 4276//4276
f 4338//4338 4334//4334 4364//4364
f 4364//4364 4334//4334 4285//4285
f 4364//4364 4285//4285 4365//4365
f 4365//4365 4285//4285 4283//4283
f 4365//4365 4283//4283 4366//4366
f 4366//4366 4283//4283 4281//4281
f 4366//4366 4281//4281 4367//4367
f 4367//4367 4281//4281 4280//4280
f 4367//4367 4280//4280 4368//4368
f 4368//4368 4280//4280 4278//4278
f 4334//4334 4294//4294 4285//4285
f 4342//4342 4349//4349 4351//4351
f 4307//4307 4309//4309 4321//4321
f 4321//4321 4309//4309 4317//4317
f 4317//4317 4309//4309 4315//4315
f 4315//4315 4309//4309 4311//4311
f 4339//4339 4346//4346 4352//4352
f 4352//4352 4346//4346 4362//4362
f 4352//4352 4362//4362 4359//4359
f 4359//4359 4356//4356 4352//4352
f 4370//4370 4373//4373 4375//4375
f 4375//4375 4373//4373 4378//4378
f 4378//4378 4373//4373 4380//4380
f 4378//4378 4380//4380 4381//4381
f 4381//4381 4380//4380 4383//4383
f 4383//4383 4380//4380 4388//4388
f 4390//4390 4394//4394 4395//4395
f 4395//4395 4394//4394 4397//4397
f 4395//4395 4397//4397 4399//4399
f 4399//4399 4401//4401 4395//4395
f 4403//4403 4393//4393 4405//4405
f 4405//4405 4393//4393 4389//4389
f 4405//4405 4389//4389 4407//4407
f 4407//4407 4389//4389 4410//4410
f 4407//4407 4410//4410 4411//4411
f 4389//4389 4413//4413 4410//4410
f 4407//4407 4411//4411 4417//4417
f 4417//4417 4411//4411 4419//4419
f 4417//4417 4419//4419 4376//4376
f 4376//4376 4419//4419 4369//4369
f 4416//4416 4422//4422 4408//4408
f 4408//4408 4422//4422 4423//4423
f 4408//4408 4423//4423 4406//4406
f 4406//4406 4423//4423 4424//4424
f 4406//4406 4424//4424 4404//4404
f 4404//4404 4424//4424 4392//4392
f 4392//4392 4424//4424 4398//4398
f 4398//4398 4424//4424 4425//4425
f 4398//4398 4425//4425 4400//4400
f 4400//4400 4425//4425 4426//4426
f 4400//4400 4426//4426 4402//4402
f 4402//4402 4426//4426 4427//4427
f 4402//4402 4427//4427 4396//4396
f 4396//4396 4427//4427 4428//4428
f 4396//4396 4428//4428 4391//4391
f 4391//4391 4428//4428 4414//4414
f 4414//4414 4428//4428 4409//4409
f 4409//4409 4428//4428 4429//4429
f 4409//4409 4429//4429 4420//4420
f 4420//4420 4429//4429 4430//4430
f 4430//4430 4429//4429 4432//4432
f 4432//4432 4429//4429 4434//4434
f 4432//4432 4434//4434 4435//4435
f 4435//4435 4434//4434 4438//4438
f 4435//4435 4438//4438 4439//4439
f 4439//4439 4438//4438 4441//4441
f 4439//4439 4441//4441 4422//4422
f 4422//4422 4441//4441 4423//4423
f 4420//4420 4412//4412 4409//4409
f 4425//4425 4424//4424 4423//4423
f 4425//4425 4423//4423 4441//4441
f 4426//4426 4425//4425 4441//4441
f 4426//4426 4441//4441 4438//4438
f 4427//4427 4426//4426 4438//4438
f 4427//4427 4438//4438 4434//4434
f 4428//4428 4427//4427 4434//4434
f 4428//4428 4434//4434 4429//4429
f 4444//4444 4445//4445 4449//4449
f 4449//4449 4445//4445 4450//4450
f 4450//4450 4445//4445 4452//4452
f 4452//4452 4445//4445 4455//4455
f 4457//4457 4443//4443 4458//4458
f 4458//4458 4443//4443 4448//4448
f 4458//4458 4448//4448 4461//4461
f 4461//4461 4448//4448 4463//4463
f 4461//4461 4463//4463 4464//4464
f 4448//4448 4467//4467 4463//4463
f 4461//4461 4464//4464 4468//4468
f 4468//4468 4464//4464 4473//4473
f 4468//4468 4473//4473 4386//4386
f 4386//4386 4473//4473 4385//4385
f 4384//4384 4471//4471 4192//4192
f 4192//4192 4471//4471 4475//4475
f 4192//4192 4475//4475 4152//4152
f 4152//4152 4475//4475 4477//4477
f 4152//4152 4477//4477 4149//4149
f 4149//4149 4477//4477 4479//4479
f 4149//4149 4479//4479 4481//4481
f 4149//4149 4481//4481 4144//4144
f 4144//4144 4481//4481 4483//4483
f 4144//4144 4483//4483 4161//4161
f 4161//4161 4483//4483 4470//4470
f 4161//4161 4470//4470 4387//4387
f 4161//4161 4387//4387 4164//4164
f 4164//4164 4387//4387 4379//4379
f 4164//4164 4379//4379 4372//4372
f 4372//4372 4371//4371 4164//4164
f 4164//4164 4371//4371 4167//4167
f 4167//4167 4371//4371 4418//4418
f 4167//4167 4418//4418 4431//4431
f 4167//4167 4431//4431 4170//4170
f 4170//4170 4431//4431 4433//4433
f 4170//4170 4433//4433 4175//4175
f 4175//4175 4433//4433 4437//4437
f 4174//4174 4436//4436 4440//4440
f 4174//4174 4440//4440 4182//4182
f 4182//4182 4440//4440 4421//4421
f 4182//4182 4421//4421 4187//4187
f 4187//4187 4421//4421 4415//4415
f 4187//4187 4415//4415 4374//4374
f 4187//4187 4374//4374 4191//4191
f 4191//4191 4374//4374 4377//4377
f 4191//4191 4377//4377 4382//4382
f 4382//4382 4384//4384 4191//4191
f 4191//4191 4384//4384 4192//4192
f 4469//4469 4482//4482 4460//4460
f 4460//4460 4482//4482 4484//4484
f 4460//4460 4484//4484 4459//4459
f 4459//4459 4484//4484 4485//4485
f 4459//4459 4485//4485 4456//4456
f 4456//4456 4485//4485 4442//4442
f 4442//4442 4485//4485 4446//4446
f 4446//4446 4485//4485 4486//4486
f 4446//4446 4486//4486 4454//4454
f 4454//4454 4486//4486 4487//4487
f 4454//4454 4487//4487 4453//4453
f 4453//4453 4487//4487 4488//4488
f 4453//4453 4488//4488 4451//4451
f 4451//4451 4488//4488 4489//4489
f 4451//4451 4489//4489 4447//4447
f 4447//4447 4489//4489 4466//4466
f 4466//4466 4489//4489 4462//4462
f 4462//4462 4489//4489 4490//4490
f 4462//4462 4490//4490 4472//4472
f 4472//4472 4490//4490 4474//4474
f 4474//4474 4490//4490 4476//4476
f 4476//4476 4490//4490 4491//4491
f 4476//4476 4491//4491 4478//4478
f 4478//4478 4491//4491 4492//4492
f 4478//4478 4492//4492 4480//4480
f 4480//4480 4492//4492 4493//4493
f 4480//4480 4493//4493 4482//4482
f 4482//4482 4493//4493 4484//4484
f 4472//4472 4465//4465 4462//4462
f 4486//4486 4485//4485 4484//4484
f 4486//4486 4484//4484 4493//4493
f 4487//4487 4486//4486 4493//4493
f 4487//4487 4493//4493 4492//4492
f 4488//4488 4487//4487 4492//4492
f 4488//4488 4492//4492 4491//4491
f 4489//4489 4488//4488 4491//4491
f 4489//4489 4491//4491 4490//4490
f 4494//4494 4497//4497 4500//4500
f 4501//4501 4496//4496 4503//4503
f 4501//4501 4503//4503 4504//4504
f 4504//4504 4506//4506 4501//4501
f 4501//4501 4506//4506 4508//4508
f 4508//4508 4506//4506 4511//4511
f 4508//4508 4511//4511 4512//4512
f 4512//4512 4511//4511 4514//4514
f 4512//4512 4514//4514 4518//4518
f 4518//4518 4514//4514 4519//4519
f 4518//4518 4519//4519 4522//4522
f 4522//4522 4523//4523 4518//4518
f 4516//4516 4525//4525 4528//4528
f 4516//4516 4528//4528 4530//4530
f 4530//4530 4531//4531 4516//4516
f 4516//4516 4531//4531 4534//4534
f 4516//4516 4534//4534 4536//4536
f 4536//4536 4534//4534 4538//4538
f 4536//4536 4538//4538 4540//4540
f 4540//4540 4538//4538 4541//4541
f 4540//4540 4541//4541 4544//4544
f 4544//4544 4541//4541 4545//4545
f 4544//4544 4545//4545 4547//4547
f 4547//4547 4545//4545 4549//4549
f 4547//4547 4549//4549 4552//4552
f 4552//4552 4549//4549 4553//4553
f 4552//4552 4553//4553 4555//4555
f 4555//4555 4553//4553 4558//4558
f 4558//4558 4553//4553 4560//4560
f 4558//4558 4560//4560 4562//4562
f 4562//4562 4560//4560 4564//4564
f 4564//4564 4560//4560 4566//4566
f 4566//4566 4560//4560 4568//4568
f 4568//4568 4560//4560 4570//4570
f 4570//4570 4560//4560 4572//4572
f 4572//4572 4560//4560 4573//4573
f 4573//4573 4560//4560 4576//4576
f 4573//4573 4576//4576 4577//4577
f 4577//4577 4576//4576 4580//4580
f 4580//4580 4576//4576 4581//4581
f 4580//4580 4581//4581 4583//4583
f 4583//4583 4581//4581 4586//4586
f 4583//4583 4586//4586 4588//4588
f 4588//4588 4586//4586 4589//4589
f 4588//4588 4589//4589 4512//4512
f 4512//4512 4589//4589 4508//4508
f 4538//4538 4534//4534 4500//4500
f 4500//4500 4534//4534 4591//4591
f 4500//4500 4591//4591 4594//4594
f 4594//4594 4494//4494 4500//4500
f 4577//4577 4596//4596 4573//4573
f 4573//4573 4596//4596 4597//4597
f 4597//4597 4596//4596 4599//4599
f 4599//4599 4596//4596 4602//4602
f 4602//4602 4596//4596 4604//4604
f 4604//4604 4596//4596 4607//4607
f 4607//4607 4596//4596 4609//4609
f 4609//4609 4596//4596 4610//4610
f 4610//4610 4596//4596 4552//4552
f 4610//4610 4552//4552 4555//4555
f 4612//4612 4615//4615 4618//4618
f 4618//4618 4615//4615 4551//4551
f 4618//4618 4551//4551 4595//4595
f 4612//4612 4620//4620 4615//4615
f 4623//4623 4543//4543 4615//4615
f 4615//4615 4543//4543 4548//4548
f 4615//4615 4548//4548 4551//4551
f 4626//4626 4628//4628 4623//4623
f 4623//4623 4628//4628 4631//4631
f 4623//4623 4631//4631 4535//4535
f 4535//4535 4631//4631 4517//4517
f 4517//4517 4631//4631 4634//4634
f 4517//4517 4634//4634 4513//4513
f 4513//4513 4634//4634 4637//4637
f 4513//4513 4637//4637 4587//4587
f 4587//4587 4637//4637 4584//4584
f 4584//4584 4637//4637 4639//4639
f 4584//4584 4639//4639 4579//4579
f 4579//4579 4639//4639 4578//4578
f 4578//4578 4639//4639 4643//4643
f 4578//4578 4643//4643 4595//4595
f 4595//4595 4643//4643 4618//4618
f 4634//4634 4644//4644 4637//4637
f 4637//4637 4644//4644 4646//4646
f 4649//4649 4651//4651 4639//4639
f 4639//4639 4651//4651 4643//4643
f 4535//4535 4539//4539 4623//4623
f 4623//4623 4539//4539 4543//4543
f 4624//4624 4654//4654 4655//4655
f 4655//4655 4654//4654 4657//4657
f 4655//4655 4657//4657 4658//4658
f 4658//4658 4657//4657 4659//4659
f 4658//4658 4659//4659 4663//4663
f 4663//4663 4629//4629 4658//4658
f 4658//4658 4629//4629 4627//4627
f 4658//4658 4627//4627 4655//4655
f 4655//4655 4627//4627 4625//4625
f 4655//4655 4625//4625 4624//4624
f 4665//4665 4667//4667 4669//4669
f 4669//4669 4667//4667 4673//4673
f 4670//4670 4674//4674 4675//4675
f 4675//4675 4674//4674 4678//4678
f 4675//4675 4678//4678 4679//4679
f 4679//4679 4678//4678 4681//4681
f 4679//4679 4681//4681 4684//4684
f 4684//4684 4681//4681 4686//4686
f 4684//4684 4686//4686 4687//4687
f 4687//4687 4686//4686 4690//4690
f 4687//4687 4690//4690 4692//4692
f 4692//4692 4690//4690 4693//4693
f 4692//4692 4693//4693 4696//4696
f 4696//4696 4693//4693 4697//4697
f 4696//4696 4697//4697 4700//4700
f 4700//4700 4697//4697 4702//4702
f 4700//4700 4702//4702 4704//4704
f 4704//4704 4702//4702 4706//4706
f 4704//4704 4706//4706 4707//4707
f 4707//4707 4706//4706 4709//4709
f 4707//4707 4709//4709 4711//4711
f 4711//4711 4709//4709 4714//4714
f 4711//4711 4714//4714 4665//4665
f 4665//4665 4714//4714 4667//4667
f 4676//4676 4715//4715 4668//4668
f 4668//4668 4715//4715 4717//4717
f 4671//4671 4716//4716 4718//4718
f 4718//4718 4716//4716 4719//4719
f 4718//4718 4719//4719 4721//4721
f 4721//4721 4719//4719 4722//4722
f 4721//4721 4722//4722 4724//4724
f 4724//4724 4722//4722 4725//4725
f 4724//4724 4725//4725 4727//4727
f 4727//4727 4725//4725 4729//4729
f 4727//4727 4729//4729 4730//4730
f 4730//4730 4729//4729 4733//4733
f 4715//4715 4676//4676 4745//4745
f 4745//4745 4676//4676 4680//4680
f 4745//4745 4680//4680 4746//4746
f 4746//4746 4680//4680 4683//4683
f 4746//4746 4683//4683 4747//4747
f 4747//4747 4683//4683 4688//4688
f 4747//4747 4688//4688 4748//4748
f 4748//4748 4688//4688 4691//4691
f 4748//4748 4691//4691 4749//4749
f 4749//4749 4691//4691 4695//4695
f 4749//4749 4695//4695 4750//4750
f 4750//4750 4695//4695 4751//4751
f 4750//4750 4751//4751 4752//4752
f 4752//4752 4751//4751 4753//4753
f 4752//4752 4753//4753 4754//4754
f 4754//4754 4753//4753 4755//4755
f 4754//4754 4755//4755 4756//4756
f 4756//4756 4755//4755 4757//4757
f 4756//4756 4757//4757 4758//4758
f 4758//4758 4757//4757 4759//4759
f 4758//4758 4759//4759 4735//4735
f 4695//4695 4699//4699 4751//4751
f 4751//4751 4699//4699 4760//4760
f 4751//4751 4760//4760 4753//4753
f 4753//4753 4760//4760 4761//4761
f 4753//4753 4761//4761 4755//4755
f 4755//4755 4761//4761 4762//4762
f 4755//4755 4762//4762 4757//4757
f 4757//4757 4762//4762 4763//4763
f 4757//4757 4763//4763 4759//4759
f 4759//4759 4763//4763 4730//4730
f 4759//4759 4730//4730 4738//4738
f 4699//4699 4703//4703 4760//4760
f 4760//4760 4703//4703 4764//4764
f 4760//4760 4764//4764 4761//4761
f 4761//4761 4764//4764 4765//4765
f 4761//4761 4765//4765 4762//4762
f 4762//4762 4765//4765 4766//4766
f 4762//4762 4766//4766 4763//4763
f 4763//4763 4766//4766 4727//4727
f 4763//4763 4727//4727 4730//4730
f 4703//4703 4708//4708 4764//4764
f 4764//4764 4708//4708 4767//4767
f 4764//4764 4767//4767 4765//4765
f 4765//4765 4767//4767 4768//4768
f 4765//4765 4768//4768 4766//4766
f 4766//4766 4768//4768 4724//4724
f 4766//4766 4724//4724 4727//4727
f 4708//4708 4712//4712 4767//4767
f 4767//4767 4712//4712 4769//4769
f 4767//4767 4769//4769 4768//4768
f 4768//4768 4769//4769 4721//4721
f 4768//4768 4721//4721 4724//4724
f 4712//4712 4664//4664 4769//4769
f 4769//4769 4664//4664 4718//4718
f 4769//4769 4718//4718 4721//4721
f 4664//4664 4671//4671 4718//4718
f 4758//4758 4741//4741 4770//4770
f 4771//4771 4737//4737 4772//4772
f 4772//4772 4744//4744 4773//4773
f 4773//4773 4743//4743 4774//4774
f 4774//4774 4732//4732 4775//4775
f 4776//4776 4734//4734 4777//4777
f 4777//4777 4731//4731 4778//4778
f 4778//4778 4736//4736 4779//4779
f 4779//4779 4742//4742 4728//4728
f 4720//4720 4717//4717 4780//4780
f 4780//4780 4717//4717 4715//4715
f 4780//4780 4715//4715 4781//4781
f 4781//4781 4715//4715 4745//4745
f 4781//4781 4745//4745 4782//4782
f 4782//4782 4745//4745 4746//4746
f 4782//4782 4746//4746 4783//4783
f 4783//4783 4746//4746 4747//4747
f 4783//4783 4747//4747 4784//4784
f 4784//4784 4747//4747 4748//4748
f 4784//4784 4748//4748 4785//4785
f 4785//4785 4748//4748 4749//4749
f 4785//4785 4749//4749 4786//4786
f 4786//4786 4749//4749 4750//4750
f 4786//4786 4750//4750 4752//4752
f 4723//4723 4720//4720 4787//4787
f 4787//4787 4720//4720 4780//4780
f 4787//4787 4780//4780 4788//4788
f 4788//4788 4780//4780 4781//4781
f 4788//4788 4781//4781 4789//4789
f 4789//4789 4781//4781 4782//4782
f 4789//4789 4782//4782 4790//4790
f 4790//4790 4782//4782 4783//4783
f 4790//4790 4783//4783 4791//4791
f 4791//4791 4783//4783 4784//4784
f 4791//4791 4784//4784 4792//4792
f 4792//4792 4784//4784 4785//4785
f 4792//4792 4785//4785 4793//4793
f 4793//4793 4785//4785 4786//4786
f 4793//4793 4786//4786 4794//4794
f 4794//4794 4786//4786 4752//4752
f 4794//4794 4752//4752 4754//4754
f 4779//4779 4728//4728 4726//4726
f 4726//4726 4723//4723 4795//4795
f 4795//4795 4723//4723 4787//4787
f 4795//4795 4787//4787 4796//4796
f 4796//4796 4787//4787 4788//4788
f 4796//4796 4788//4788 4797//4797
f 4797//4797 4788//4788 4789//4789
f 4797//4797 4789//4789 4798//4798
f 4798//4798 4789//4789 4790//4790
f 4798//4798 4790//4790 4799//4799
f 4799//4799 4790//4790 4791//4791
f 4799//4799 4791//4791 4800//4800
f 4800//4800 4791//4791 4792//4792
f 4800//4800 4792//4792 4801//4801
f 4801//4801 4792//4792 4793//4793
f 4801//4801 4793//4793 4802//4802
f 4802//4802 4793//4793 4794//4794
f 4802//4802 4794//4794 4803//4803
f 4803//4803 4794//4794 4754//4754
f 4803//4803 4754//4754 4756//4756
f 4770//4770 4739//4739 4771//4771
f 4775//4775 4740//4740 4776//4776
f 4778//4778 4779//4779 4795//4795
f 4795//4795 4779//4779 4726//4726
f 4778//4778 4795//4795 4796//4796
f 4777//4777 4778//4778 4796//4796
f 4777//4777 4796//4796 4797//4797
f 4776//4776 4777//4777 4797//4797
f 4776//4776 4797//4797 4798//4798
f 4775//4775 4776//4776 4798//4798
f 4775//4775 4798//4798 4799//4799
f 4774//4774 4775//4775 4799//4799
f 4774//4774 4799//4799 4800//4800
f 4773//4773 4774//4774 4800//4800
f 4773//4773 4800//4800 4801//4801
f 4773//4773 4801//4801 4772//4772
f 4772//4772 4801//4801 4802//4802
f 4772//4772 4802//4802 4771//4771
f 4771//4771 4802//4802 4803//4803
f 4771//4771 4803//4803 4770//4770
f 4770//4770 4803//4803 4756//4756
f 4770//4770 4756//4756 4758//4758
f 4804//4804 4809//4809 4811//4811
f 4811//4811 4809//4809 4814//4814
f 4811//4811 4814//4814 4817//4817
f 4819//4819 4821//4821 4807//4807
f 4807//4807 4821//4821 4813//4813
f 4826//4826 4827//4827 4818//4818
f 4818//4818 4827//4827 4823//4823
f 4832//4832 4834//4834 4825//4825
f 4825//4825 4834//4834 4835//4835
f 4825//4825 4835//4835 4828//4828
f 4828//4828 4835//4835 4838//4838
f 4831//4831 4806//4806 4840//4840
f 4840//4840 4806//4806 4810//4810
f 4840//4840 4810//4810 4841//4841
f 4841//4841 4810//4810 4842//4842
f 4841//4841 4842//4842 4833//4833
f 4833//4833 4842//4842 4836//4836
f 4836//4836 4842//4842 4837//4837
f 4837//4837 4842//4842 4816//4816
f 4816//4816 4842//4842 4810//4810
f 4841//4841 4833//4833 4840//4840
f 4840//4840 4833//4833 4831//4831
f 4844//4844 4822//4822 4847//4847
f 4847//4847 4822//4822 4829//4829
f 4847//4847 4829//4829 4839//4839
f 4844//4844 4851//4851 4822//4822
f 4822//4822 4851//4851 4812//4812
f 4812//4812 4851//4851 4853//4853
f 4812//4812 4853//4853 4815//4815
f 4815//4815 4853//4853 4855//4855
f 4815//4815 4855//4855 4839//4839
f 4839//4839 4855//4855 4847//4847
f 4858//4858 4861//4861 4866//4866
f 4866//4866 4861//4861 4867//4867
f 4871//4871 4874//4874 4875//4875
f 4875//4875 4874//4874 4880//4880
f 4875//4875 4880//4880 4882//4882
f 4882//4882 4880//4880 4885//4885
f 4882//4882 4885//4885 4886//4886
f 4882//4882 4886//4886 4888//4888
f 4888//4888 4886//4886 4891//4891
f 4888//4888 4891//4891 4893//4893
f 4893//4893 4891//4891 4862//4862
f 4893//4893 4862//4862 4859//4859
f 4895//4895 4897//4897 4883//4883
f 4883//4883 4897//4897 4902//4902
f 4883//4883 4902//4902 4887//4887
f 4887//4887 4902//4902 4903//4903
f 4887//4887 4903//4903 4890//4890
f 4890//4890 4903//4903 4905//4905
f 4890//4890 4905//4905 4863//4863
f 4863//4863 4905//4905 4868//4868
f 4899//4899 4910//4910 4901//4901
f 4901//4901 4910//4910 4911//4911
f 4901//4901 4911//4911 4913//4913
f 4901//4901 4913//4913 4904//4904
f 4904//4904 4913//4913 4915//4915
f 4904//4904 4915//4915 4906//4906
f 4906//4906 4915//4915 4869//4869
f 4869//4869 4915//4915 4864//4864
f 4908//4908 4877//4877 4912//4912
f 4912//4912 4877//4877 4881//4881
f 4912//4912 4881//4881 4889//4889
f 4912//4912 4889//4889 4914//4914
f 4914//4914 4889//4889 4892//4892
f 4914//4914 4892//4892 4916//4916
f 4916//4916 4892//4892 4865//4865
f 4865//4865 4892//4892 4860//4860
f 4872//4872 4876//4876 4918//4918
f 4918//4918 4876//4876 4848//4848
f 4918//4918 4848//4848 4857//4857
f 4919//4919 4894//4894 4921//4921
f 4921//4921 4894//4894 4884//4884
f 4921//4921 4884//4884 4879//4879
f 4879//4879 4873//4873 4921//4921
f 4921//4921 4873//4873 4917//4917
f 4921//4921 4917//4917 4922//4922
f 4922//4922 4917//4917 4923//4923
f 4922//4922 4923//4923 4919//4919
f 4919//4919 4923//4923 4854//4854
f 4854//4854 4923//4923 4856//4856
f 4856//4856 4923//4923 4917//4917
f 4873//4873 4870//4870 4917//4917
f 4922//4922 4919//4919 4921//4921
f 4896//4896 4920//4920 4898//4898
f 4898//4898 4920//4920 4849//4849
f 4849//4849 4920//4920 4852//4852
f 4909//4909 4900//4900 4845//4845
f 4845//4845 4900//4900 4850//4850
f 4907//4907 4843//4843 4878//4878
f 4878//4878 4843//4843 4846//4846
f 4619//4619 4926//4926 4927//4927
f 4927//4927 4926//4926 4929//4929
f 4927//4927 4929//4929 4930//4930
f 4930//4930 4929//4929 4931//4931
f 4930//4930 4931//4931 4934//4934
f 4934//4934 4616//4616 4930//4930
f 4930//4930 4616//4616 4621//4621
f 4930//4930 4621//4621 4927//4927
f 4927//4927 4621//4621 4613//4613
f 4927//4927 4613//4613 4619//4619
f 4933//4933 4830//4830 4614//4614
f 4614//4614 4830//4830 4824//4824
f 4614//4614 4824//4824 4820//4820
f 4830//4830 4933//4933 4805//4805
f 4805//4805 4933//4933 4653//4653
f 4805//4805 4653//4653 4808//4808
f 4808//4808 4653//4653 4622//4622
f 4808//4808 4622//4622 4820//4820
f 4820//4820 4622//4622 4614//4614
f 4638//4638 4677//4677 4936//4936
f 4936//4936 4677//4677 4672//4672
f 4936//4936 4672//4672 4666//4666
f 4635//4635 4689//4689 4638//4638
f 4638//4638 4689//4689 4685//4685
f 4638//4638 4685//4685 4682//4682
f 4939//4939 4701//4701 4635//4635
f 4635//4635 4701//4701 4698//4698
f 4635//4635 4698//4698 4694//4694
f 4936//4936 4713//4713 4939//4939
f 4939//4939 4713//4713 4710//4710
f 4939//4939 4710//4710 4705//4705
f 4666//4666 4713//4713 4936//4936
f 4705//4705 4701//4701 4939//4939
f 4694//4694 4689//4689 4635//4635
f 4682//4682 4677//4677 4638//4638
f 4640//4640 4938//4938 4942//4942
f 4942//4942 4938//4938 4943//4943
f 4942//4942 4943//4943 4945//4945
f 4945//4945 4943//4943 4946//4946
f 4945//4945 4946//4946 4950//4950
f 4950//4950 4641//4641 4945//4945
f 4945//4945 4641//4641 4650//4650
f 4945//4945 4650//4650 4942//4942
f 4942//4942 4650//4650 4648//4648
f 4942//4942 4648//4648 4640//4640
f 4632//4632 4951//4951 4954//4954
f 4954//4954 4951//4951 4956//4956
f 4954//4954 4956//4956 4957//4957
f 4957//4957 4956//4956 4959//4959
f 4957//4957 4959//4959 4940//4940
f 4940//4940 4636//4636 4957//4957
f 4957//4957 4636//4636 4647//4647
f 4957//4957 4647//4647 4954//4954
f 4954//4954 4647//4647 4645//4645
f 4954//4954 4645//4645 4632//4632
f 4949//4949 4559//4559 4925//4925
f 4925//4925 4559//4559 4554//4554
f 4925//4925 4554//4554 4935//4935
f 4935//4935 4554//4554 4550//4550
f 4935//4935 4550//4550 4546//4546
f 4947//4947 4937//4937 4949//4949
f 4949//4949 4937//4937 4575//4575
f 4949//4949 4575//4575 4559//4559
f 4947//4947 4944//4944 4937//4937
f 4941//4941 4585//4585 4937//4937
f 4937//4937 4585//4585 4582//4582
f 4937//4937 4582//4582 4575//4575
f 4958//4958 4955//4955 4941//4941
f 4941//4941 4955//4955 4953//4953
f 4941//4941 4953//4953 4509//4509
f 4509//4509 4953//4953 4499//4499
f 4499//4499 4953//4953 4661//4661
f 4499//4499 4661//4661 4537//4537
f 4537//4537 4661//4661 4652//4652
f 4537//4537 4652//4652 4542//4542
f 4542//4542 4652//4652 4546//4546
f 4546//4546 4652//4652 4935//4935
f 4661//4661 4660//4660 4652//4652
f 4652//4652 4660//4660 4656//4656
f 4932//4932 4928//4928 4935//4935
f 4935//4935 4928//4928 4925//4925
f 4509//4509 4590//4590 4941//4941
f 4941//4941 4590//4590 4585//4585
f 4952//4952 4960//4960 4662//4662
f 4662//4662 4960//4960 4962//4962
f 4662//4662 4962//4962 4965//4965
f 4633//4633 4966//4966 4952//4952
f 4952//4952 4966//4966 4969//4969
f 4952//4952 4969//4969 4970//4970
f 4630//4630 4974//4974 4633//4633
f 4633//4633 4974//4974 4976//4976
f 4633//4633 4976//4976 4978//4978
f 4662//4662 4979//4979 4630//4630
f 4630//4630 4979//4979 4982//4982
f 4630//4630 4982//4982 4983//4983
f 4978//4978 4966//4966 4633//4633
f 4970//4970 4960//4960 4952//4952
f 4965//4965 4979//4979 4662//4662
f 4983//4983 4974//4974 4630//4630
f 4986//4986 4502//4502 4987//4987
f 4987//4987 4502//4502 4498//4498
f 4987//4987 4498//4498 4495//4495
f 4502//4502 4986//4986 4505//4505
f 4505//4505 4986//4986 4989//4989
f 4505//4505 4989//4989 4507//4507
f 4507//4507 4989//4989 4992//4992
f 4507//4507 4992//4992 4510//4510
f 4510//4510 4992//4992 4515//4515
f 4515//4515 4992//4992 4993//4993
f 4515//4515 4993//4993 4520//4520
f 4520//4520 4993//4993 4996//4996
f 4520//4520 4996//4996 4521//4521
f 4521//4521 4996//4996 4998//4998
f 4521//4521 4998//4998 4524//4524
f 4526//4526 4999//4999 4527//4527
f 4527//4527 4999//4999 5000//5000
f 4527//4527 5000//5000 4529//4529
f 4529//4529 5000//5000 5002//5002
f 4529//4529 5002//5002 4532//4532
f 4532//4532 5002//5002 5005//5005
f 4532//4532 5005//5005 4533//4533
f 4533//4533 5005//5005 4592//4592
f 4592//4592 5005//5005 5006//5006
f 4592//4592 5006//5006 4593//4593
f 4593//4593 5006//5006 5009//5009
f 4593//4593 5009//5009 4495//4495
f 4495//4495 5009//5009 4987//4987
f 5010//5010 4975//4975 5014//5014
f 5014//5014 4975//4975 4973//4973
f 5012//5012 4972//4972 5016//5016
f 5016//5016 4972//4972 4984//4984
f 5016//5016 4984//4984 5017//5017
f 5017//5017 4984//4984 4981//4981
f 5017//5017 4981//4981 5020//5020
f 5020//5020 4981//4981 4980//4980
f 5020//5020 4980//4980 5021//5021
f 5021//5021 4980//4980 4964//4964
f 5021//5021 4964//4964 5024//5024
f 5024//5024 4964//4964 4963//4963
f 5024//5024 4963//4963 5025//5025
f 5025//5025 4963//4963 4961//4961
f 5025//5025 4961//4961 5028//5028
f 5028//5028 4961//4961 4971//4971
f 5028//5028 4971//4971 5029//5029
f 5029//5029 4971//4971 4968//4968
f 5029//5029 4968//4968 5032//5032
f 5032//5032 4968//4968 4967//4967
f 5032//5032 4967//4967 5033//5033
f 5033//5033 4967//4967 4977//4977
f 5033//5033 4977//4977 5010//5010
f 5010//5010 4977//4977 4975//4975
f 5015//5015 5001//5001 5013//5013
f 5013//5013 5001//5001 4997//4997
f 5013//5013 4997//4997 4995//4995
f 5001//5001 5015//5015 5003//5003
f 5003//5003 5015//5015 5018//5018
f 5003//5003 5018//5018 5004//5004
f 5004//5004 5018//5018 5019//5019
f 5004//5004 5019//5019 5022//5022
f 5004//5004 5022//5022 5007//5007
f 5007//5007 5022//5022 5023//5023
f 5007//5007 5023//5023 5008//5008
f 5008//5008 5023//5023 4988//4988
f 4988//4988 5023//5023 5026//5026
f 4988//4988 5026//5026 4985//4985
f 4985//4985 5026//5026 5027//5027
f 4985//4985 5027//5027 4990//4990
f 4990//4990 5027//5027 5030//5030
f 4990//4990 5030//5030 4991//4991
f 4991//4991 5030//5030 5031//5031
f 4991//4991 5031//5031 5034//5034
f 4991//4991 5034//5034 4994//4994
f 4994//4994 5034//5034 5011//5011
f 4994//4994 5011//5011 4995//4995
f 4995//4995 5011//5011 5013//5013
f 5036//5036 4563//4563 5038//5038
f 5038//5038 4563//4563 4565//4565
f 5038//5038 4565//4565 4567//4567
f 4563//4563 5036//5036 4561//4561
f 4561//4561 5036//5036 5040//5040
f 4561//4561 5040//5040 4557//4557
f 4557//4557 5040//5040 5042//5042
f 4557//4557 5042//5042 4556//4556
f 4556//4556 5042//5042 4611//4611
f 4611//4611 5042//5042 5044//5044
f 4611//4611 5044//5044 4608//4608
f 4608//4608 5044//5044 5046//5046
f 4608//4608 5046//5046 4606//4606
f 4606//4606 5046//5046 5049//5049
f 4606//4606 5049//5049 4605//4605
f 4603//4603 5047//5047 4601//4601
f 4601//4601 5047//5047 5051//5051
f 4601//4601 5051//5051 4600//4600
f 4600//4600 5051//5051 5052//5052
f 4600//4600 5052//5052 4598//4598
f 4598//4598 5052//5052 5055//5055
f 4598//4598 5055//5055 4574//4574
f 4574//4574 5055//5055 4571//4571
f 4571//4571 5055//5055 5056//5056
f 4571//4571 5056//5056 4569//4569
f 4569//4569 5056//5056 5059//5059
f 4569//4569 5059//5059 4567//4567
f 4567//4567 5059//5059 5038//5038
f 4642//4642 5060//5060 4617//4617
f 4617//4617 5060//5060 5064//5064
f 4617//4617 5064//5064 5065//5065
f 4948//4948 5067//5067 4642//4642
f 4642//4642 5067//5067 5070//5070
f 4642//4642 5070//5070 5071//5071
f 4924//4924 5073//5073 4948//4948
f 4948//4948 5073//5073 5076//5076
f 4948//4948 5076//5076 5077//5077
f 4617//4617 5079//5079 4924//4924
f 4924//4924 5079//5079 5082//5082
f 4924//4924 5082//5082 5084//5084
f 5077//5077 5067//5067 4948//4948
f 5071//5071 5060//5060 4642//4642
f 5065//5065 5079//5079 4617//4617
f 5084//5084 5073//5073 4924//4924
f 5086//5086 5075//5075 5087//5087
f 5087//5087 5075//5075 5074//5074
f 5087//5087 5074//5074 5090//5090
f 5090//5090 5074//5074 5083//5083
f 5090//5090 5083//5083 5091//5091
f 5091//5091 5083//5083 5081//5081
f 5091//5091 5081//5081 5093//5093
f 5093//5093 5081//5081 5080//5080
f 5093//5093 5080//5080 5095//5095
f 5095//5095 5080//5080 5066//5066
f 5095//5095 5066//5066 5098//5098
f 5098//5098 5066//5066 5063//5063
f 5098//5098 5063//5063 5100//5100
f 5100//5100 5063//5063 5061//5061
f 5101//5101 5062//5062 5102//5102
f 5102//5102 5062//5062 5072//5072
f 5102//5102 5072//5072 5105//5105
f 5105//5105 5072//5072 5069//5069
f 5105//5105 5069//5069 5106//5106
f 5106//5106 5069//5069 5068//5068
f 5106//5106 5068//5068 5109//5109
f 5109//5109 5068//5068 5078//5078
f 5109//5109 5078//5078 5086//5086
f 5086//5086 5078//5078 5075//5075
f 5089//5089 5035//5035 5088//5088
f 5088//5088 5035//5035 5037//5037
f 5088//5088 5037//5037 5058//5058
f 5035//5035 5089//5089 5039//5039
f 5039//5039 5089//5089 5092//5092
f 5039//5039 5092//5092 5041//5041
f 5041//5041 5092//5092 5094//5094
f 5041//5041 5094//5094 5096//5096
f 5041//5041 5096//5096 5043//5043
f 5043//5043 5096//5096 5097//5097
f 5043//5043 5097//5097 5045//5045
f 5045//5045 5097//5097 5048//5048
f 5048//5048 5097//5097 5099//5099
f 5048//5048 5099//5099 5050//5050
f 5050//5050 5099//5099 5103//5103
f 5050//5050 5103//5103 5053//5053
f 5053//5053 5103//5103 5104//5104
f 5053//5053 5104//5104 5054//5054
f 5054//5054 5104//5104 5107//5107
f 5054//5054 5107//5107 5108//5108
f 5054//5054 5108//5108 5057//5057
f 5057//5057 5108//5108 5085//5085
f 5057//5057 5085//5085 5058//5058
f 5058//5058 5085//5085 5088//5088
f 5110//5110 5113//5113 5115//5115
f 5115//5115 5113//5113 5116//5116
f 5115//5115 5116//5116 5119//5119
f 5119//5119 5116//5116 5120//5120
f 5119//5119 5120//5120 5123//5123
f 5113//5113 5110//5110 5124//5124
f 5124//5124 5110//5110 5127//5127
f 5124//5124 5127//5127 5129//5129
f 5129//5129 5127//5127 5131//5131
f 5129//5129 5131//5131 5132//5132
f 5129//5129 5132//5132 5135//5135
f 5135//5135 5132//5132 5136//5136
f 5135//5135 5136//5136 5138//5138
f 5138//5138 5136//5136 5142//5142
f 5138//5138 5142//5142 5145//5145
f 5145//5145 5142//5142 5147//5147
f 5147//5147 5142//5142 5148//5148
f 5147//5147 5148//5148 5151//5151
f 5151//5151 5148//5148 5153//5153
f 5151//5151 5153//5153 5154//5154
f 5154//5154 5153//5153 5156//5156
f 5154//5154 5156//5156 5159//5159
f 5154//5154 5159//5159 5123//5123
f 5123//5123 5159//5159 5119//5119
f 5160//5160 5163//5163 5164//5164
f 5164//5164 5163//5163 5169//5169
f 5164//5164 5169//5169 5171//5171
f 5171//5171 5169//5169 5172//5172
f 5171//5171 5172//5172 5174//5174
f 5163//5163 5160//5160 5177//5177
f 5177//5177 5160//5160 5178//5178
f 5177//5177 5178//5178 5181//5181
f 5181//5181 5178//5178 5182//5182
f 5181//5181 5182//5182 5185//5185
f 5181//5181 5185//5185 5187//5187
f 5187//5187 5185//5185 5189//5189
f 5187//5187 5189//5189 5190//5190
f 5190//5190 5189//5189 5193//5193
f 5190//5190 5193//5193 5194//5194
f 5194//5194 5193//5193 5196//5196
f 5196//5196 5193//5193 5199//5199
f 5196//5196 5199//5199 5201//5201
f 5201//5201 5199//5199 5202//5202
f 5201//5201 5202//5202 5205//5205
f 5205//5205 5202//5202 5207//5207
f 5205//5205 5207//5207 5209//5209
f 5205//5205 5209//5209 5174//5174
f 5174//5174 5209//5209 5171//5171
f 5211//5211 5215//5215 5208//5208
f 5208//5208 5215//5215 5217//5217
f 5208//5208 5217//5217 5170//5170
f 5170//5170 5217//5217 5219//5219
f 5170//5170 5219//5219 5166//5166
f 5166//5166 5219//5219 5222//5222
f 5165//5165 5220//5220 5223//5223
f 5165//5165 5223//5223 5161//5161
f 5161//5161 5223//5223 5225//5225
f 5161//5161 5225//5225 5179//5179
f 5179//5179 5225//5225 5228//5228
f 5179//5179 5228//5228 5183//5183
f 5183//5183 5228//5228 5231//5231
f 5183//5183 5231//5231 5233//5233
f 5225//5225 5235//5235 5228//5228
f 5233//5233 5239//5239 5183//5183
f 5183//5183 5239//5239 5184//5184
f 5184//5184 5239//5239 5240//5240
f 5184//5184 5240//5240 5244//5244
f 5184//5184 5244//5244 5188//5188
f 5188//5188 5244//5244 5245//5245
f 5188//5188 5245//5245 5192//5192
f 5192//5192 5245//5245 5248//5248
f 5192//5192 5248//5248 5249//5249
f 5192//5192 5249//5249 5198//5198
f 5198//5198 5249//5249 5252//5252
f 5198//5198 5252//5252 5203//5203
f 5203//5203 5252//5252 5253//5253
f 5203//5203 5253//5253 5206//5206
f 5206//5206 5253//5253 5257//5257
f 5206//5206 5257//5257 5259//5259
f 5252//5252 5261//5261 5253//5253
f 5259//5259 5211//5211 5206//5206
f 5206//5206 5211//5211 5208//5208
f 5162//5162 5139//5139 5167//5167
f 5167//5167 5139//5139 5143//5143
f 5168//5168 5144//5144 5173//5173
f 5173//5173 5144//5144 5146//5146
f 5173//5173 5146//5146 5175//5175
f 5175//5175 5146//5146 5150//5150
f 5175//5175 5150//5150 5204//5204
f 5204//5204 5150//5150 5155//5155
f 5204//5204 5155//5155 5200//5200
f 5200//5200 5155//5155 5122//5122
f 5200//5200 5122//5122 5197//5197
f 5197//5197 5122//5122 5121//5121
f 5197//5197 5121//5121 5195//5195
f 5195//5195 5121//5121 5117//5117
f 5195//5195 5117//5117 5191//5191
f 5191//5191 5117//5117 5112//5112
f 5191//5191 5112//5112 5186//5186
f 5186//5186 5112//5112 5125//5125
f 5186//5186 5125//5125 5180//5180
f 5180//5180 5125//5125 5128//5128
f 5180//5180 5128//5128 5176//5176
f 5176//5176 5128//5128 5134//5134
f 5176//5176 5134//5134 5162//5162
f 5162//5162 5134//5134 5139//5139
f 5234//5234 5226//5226 5264//5264
f 5264//5264 5226//5226 5265//5265
f 5264//5264 5265//5265 5267//5267
f 5267//5267 5265//5265 5268//5268
f 5267//5267 5268//5268 5269//5269
f 5269//5269 5268//5268 5273//5273
f 5273//5273 5268//5268 5275//5275
f 5275//5275 5268//5268 5276//5276
f 5275//5275 5276//5276 5277//5277
f 5277//5277 5276//5276 5279//5279
f 5277//5277 5279//5279 5280//5280
f 5280//5280 5279//5279 5282//5282
f 5280//5280 5282//5282 5283//5283
f 5283//5283 5282//5282 5285//5285
f 5283//5283 5285//5285 5288//5288
f 5288//5288 5285//5285 5290//5290
f 5290//5290 5285//5285 5291//5291
f 5291//5291 5285//5285 5293//5293
f 5291//5291 5293//5293 5295//5295
f 5295//5295 5293//5293 5216//5216
f 5295//5295 5216//5216 5213//5213
f 5265//5265 5226//5226 5296//5296
f 5296//5296 5226//5226 5224//5224
f 5296//5296 5224//5224 5297//5297
f 5297//5297 5224//5224 5221//5221
f 5297//5297 5221//5221 5298//5298
f 5298//5298 5221//5221 5218//5218
f 5298//5298 5218//5218 5293//5293
f 5293//5293 5218//5218 5216//5216
f 5276//5276 5268//5268 5265//5265
f 5276//5276 5265//5265 5296//5296
f 5279//5279 5276//5276 5296//5296
f 5279//5279 5296//5296 5297//5297
f 5282//5282 5279//5279 5297//5297
f 5282//5282 5297//5297 5298//5298
f 5285//5285 5282//5282 5298//5298
f 5285//5285 5298//5298 5293//5293
f 5263//5263 5294//5294 5236//5236
f 5236//5236 5294//5294 5214//5214
f 5236//5236 5214//5214 5227//5227
f 5227//5227 5214//5214 5212//5212
f 5263//5263 5266//5266 5294//5294
f 5294//5294 5266//5266 5272//5272
f 5294//5294 5272//5272 5292//5292
f 5292//5292 5272//5272 5286//5286
f 5292//5292 5286//5286 5289//5289
f 5266//5266 5270//5270 5272//5272
f 5229//5229 5210//5210 5230//5230
f 5230//5230 5210//5210 5258//5258
f 5230//5230 5258//5258 5256//5256
f 5230//5230 5256//5256 5232//5232
f 5232//5232 5256//5256 5255//5255
f 5232//5232 5255//5255 5238//5238
f 5300//5300 5302//5302 5260//5260
f 5260//5260 5302//5302 5241//5241
f 5260//5260 5241//5241 5254//5254
f 5254//5254 5241//5241 5237//5237
f 5304//5304 5306//5306 5300//5300
f 5300//5300 5306//5306 5309//5309
f 5300//5300 5309//5309 5302//5302
f 5310//5310 5314//5314 5304//5304
f 5304//5304 5314//5314 5306//5306
f 5306//5306 5315//5315 5309//5309
f 5316//5316 5305//5305 5317//5317
f 5317//5317 5305//5305 5319//5319
f 5317//5317 5319//5319 5320//5320
f 5320//5320 5319//5319 5321//5321
f 5320//5320 5321//5321 5323//5323
f 5323//5323 5321//5321 5324//5324
f 5323//5323 5324//5324 5326//5326
f 5326//5326 5324//5324 5327//5327
f 5326//5326 5327//5327 5329//5329
f 5329//5329 5327//5327 5312//5312
f 5329//5329 5312//5312 5311//5311
f 5311//5311 5303//5303 5329//5329
f 5329//5329 5303//5303 5330//5330
f 5329//5329 5330//5330 5326//5326
f 5326//5326 5330//5330 5331//5331
f 5326//5326 5331//5331 5323//5323
f 5323//5323 5331//5331 5332//5332
f 5323//5323 5332//5332 5320//5320
f 5320//5320 5332//5332 5333//5333
f 5320//5320 5333//5333 5317//5317
f 5317//5317 5333//5333 5334//5334
f 5317//5317 5334//5334 5308//5308
f 5308//5308 5334//5334 5301//5301
f 5301//5301 5334//5334 5243//5243
f 5301//5301 5243//5243 5242//5242
f 5303//5303 5299//5299 5330//5330
f 5330//5330 5299//5299 5251//5251
f 5330//5330 5251//5251 5331//5331
f 5331//5331 5251//5251 5250//5250
f 5331//5331 5250//5250 5332//5332
f 5332//5332 5250//5250 5247//5247
f 5332//5332 5247//5247 5333//5333
f 5333//5333 5247//5247 5246//5246
f 5333//5333 5246//5246 5334//5334
f 5334//5334 5246//5246 5243//5243
f 5299//5299 5262//5262 5251//5251
f 5308//5308 5316//5316 5317//5317
f 5271//5271 5274//5274 5287//5287
f 5287//5287 5274//5274 5284//5284
f 5284//5284 5274//5274 5281//5281
f 5281//5281 5274//5274 5278//5278
f 5307//5307 5313//5313 5318//5318
f 5318//5318 5313//5313 5328//5328
f 5318//5318 5328//5328 5325//5325
f 5325//5325 5322//5322 5318//5318
f 5337//5337 5338//5338 5341//5341
f 5341//5341 5338//5338 5343//5343
f 5343//5343 5338//5338 5345//5345
f 5343//5343 5345//5345 5348//5348
f 5348//5348 5345//5345 5350//5350
f 5350//5350 5345//5345 5353//5353
f 5356//5356 5359//5359 5362//5362
f 5362//5362 5359//5359 5363//5363
f 5362//5362 5363//5363 5366//5366
f 5366//5366 5368//5368 5362//5362
f 5370//5370 5358//5358 5372//5372
f 5372//5372 5358//5358 5355//5355
f 5372//5372 5355//5355 5374//5374
f 5374//5374 5355//5355 5375//5375
f 5374//5374 5375//5375 5377//5377
f 5355//5355 5379//5379 5375//5375
f 5374//5374 5377//5377 5382//5382
f 5382//5382 5377//5377 5386//5386
f 5382//5382 5386//5386 5340//5340
f 5340//5340 5386//5386 5336//5336
f 5383//5383 5387//5387 5373//5373
f 5373//5373 5387//5387 5389//5389
f 5373//5373 5389//5389 5371//5371
f 5371//5371 5389//5389 5390//5390
f 5371//5371 5390//5390 5369//5369
f 5369//5369 5390//5390 5360//5360
f 5360//5360 5390//5390 5364//5364
f 5364//5364 5390//5390 5391//5391
f 5364//5364 5391//5391 5365//5365
f 5365//5365 5391//5391 5392//5392
f 5365//5365 5392//5392 5367//5367
f 5367//5367 5392//5392 5393//5393
f 5367//5367 5393//5393 5361//5361
f 5361//5361 5393//5393 5394//5394
f 5361//5361 5394//5394 5357//5357
f 5357//5357 5394//5394 5380//5380
f 5380//5380 5394//5394 5376//5376
f 5376//5376 5394//5394 5395//5395
f 5376//5376 5395//5395 5384//5384
f 5384//5384 5395//5395 5397//5397
f 5397//5397 5395//5395 5399//5399
f 5399//5399 5395//5395 5400//5400
f 5399//5399 5400//5400 5402//5402
f 5402//5402 5400//5400 5404//5404
f 5402//5402 5404//5404 5405//5405
f 5405//5405 5404//5404 5407//5407
f 5405//5405 5407//5407 5387//5387
f 5387//5387 5407//5407 5389//5389
f 5384//5384 5378//5378 5376//5376
f 5391//5391 5390//5390 5389//5389
f 5391//5391 5389//5389 5407//5407
f 5392//5392 5391//5391 5407//5407
f 5392//5392 5407//5407 5404//5404
f 5393//5393 5392//5392 5404//5404
f 5393//5393 5404//5404 5400//5400
f 5394//5394 5393//5393 5400//5400
f 5394//5394 5400//5400 5395//5395
f 5409//5409 5412//5412 5415//5415
f 5415//5415 5412//5412 5416//5416
f 5416//5416 5412//5412 5418//5418
f 5418//5418 5412//5412 5421//5421
f 5423//5423 5410//5410 5424//5424
f 5424//5424 5410//5410 5413//5413
f 5424//5424 5413//5413 5427//5427
f 5427//5427 5413//5413 5428//5428
f 5427//5427 5428//5428 5431//5431
f 5413//5413 5433//5433 5428//5428
f 5427//5427 5431//5431 5434//5434
f 5434//5434 5431//5431 5438//5438
f 5434//5434 5438//5438 5354//5354
f 5354//5354 5438//5438 5349//5349
f 5351//5351 5437//5437 5158//5158
f 5158//5158 5437//5437 5441//5441
f 5158//5158 5441//5441 5118//5118
f 5118//5118 5441//5441 5443//5443
f 5118//5118 5443//5443 5114//5114
f 5114//5114 5443//5443 5444//5444
f 5114//5114 5444//5444 5447//5447
f 5114//5114 5447//5447 5111//5111
f 5111//5111 5447//5447 5449//5449
f 5111//5111 5449//5449 5126//5126
f 5126//5126 5449//5449 5435//5435
f 5126//5126 5435//5435 5352//5352
f 5126//5126 5352//5352 5130//5130
f 5130//5130 5352//5352 5346//5346
f 5130//5130 5346//5346 5339//5339
f 5339//5339 5335//5335 5130//5130
f 5130//5130 5335//5335 5133//5133
f 5133//5133 5335//5335 5385//5385
f 5133//5133 5385//5385 5396//5396
f 5133//5133 5396//5396 5137//5137
f 5137//5137 5396//5396 5398//5398
f 5137//5137 5398//5398 5141//5141
f 5141//5141 5398//5398 5403//5403
f 5140//5140 5401//5401 5406//5406
f 5140//5140 5406//5406 5149//5149
f 5149//5149 5406//5406 5388//5388
f 5149//5149 5388//5388 5152//5152
f 5152//5152 5388//5388 5381//5381
f 5152//5152 5381//5381 5342//5342
f 5152//5152 5342//5342 5157//5157
f 5157//5157 5342//5342 5344//5344
f 5157//5157 5344//5344 5347//5347
f 5347//5347 5351//5351 5157//5157
f 5157//5157 5351//5351 5158//5158
f 5436//5436 5448//5448 5426//5426
f 5426//5426 5448//5448 5450//5450
f 5426//5426 5450//5450 5425//5425
f 5425//5425 5450//5450 5451//5451
f 5425//5425 5451//5451 5422//5422
f 5422//5422 5451//5451 5408//5408
f 5408//5408 5451//5451 5411//5411
f 5411//5411 5451//5451 5452//5452
f 5411//5411 5452//5452 5420//5420
f 5420//5420 5452//5452 5453//5453
f 5420//5420 5453//5453 5419//5419
f 5419//5419 5453//5453 5454//5454
f 5419//5419 5454//5454 5417//5417
f 5417//5417 5454//5454 5455//5455
f 5417//5417 5455//5455 5414//5414
f 5414//5414 5455//5455 5432//5432
f 5432//5432 5455//5455 5429//5429
f 5429//5429 5455//5455 5456//5456
f 5429//5429 5456//5456 5439//5439
f 5439//5439 5456//5456 5440//5440
f 5440//5440 5456//5456 5442//5442
f 5442//5442 5456//5456 5457//5457
f 5442//5442 5457//5457 5445//5445
f 5445//5445 5457//5457 5458//5458
f 5445//5445 5458//5458 5446//5446
f 5446//5446 5458//5458 5459//5459
f 5446//5446 5459//5459 5448//5448
f 5448//5448 5459//5459 5450//5450
f 5439//5439 5430//5430 5429//5429
f 5452//5452 5451//5451 5450//5450
f 5452//5452 5450//5450 5459//5459
f 5453//5453 5452//5452 5459//5459
f 5453//5453 5459//5459 5458//5458
f 5454//5454 5453//5453 5458//5458
f 5454//5454 5458//5458 5457//5457
f 5455//5455 5454//5454 5457//5457
f 5455//5455 5457//5457 5456//5456
f 5461//5461 5465//5465 5466//5466
f 5466//5466 5465//5465 5468//5468
f 5466//5466 5468//5468 5470//5470
f 5466//5466 5470//5470 5471//5471
f 5471//5471 5470//5470 5472//5472
f 5471//5471 5472//5472 5474//5474
f 5474//5474 5472//5472 5477//5477
f 5471//5471 5474//5474 5480//5480
f 5480//5480 5474//5474 5481//5481
f 5480//5480 5481//5481 5483//5483
f 5483//5483 5481//5481 5484//5484
f 5483//5483 5484//5484 5485//5485
f 5485//5485 5484//5484 5486//5486
f 5485//5485 5486//5486 5488//5488
f 5488//5488 5486//5486 5489//5489
f 5488//5488 5489//5489 5491//5491
f 5491//5491 5489//5489 5493//5493
f 5491//5491 5493//5493 5496//5496
f 5481//5481 5498//5498 5484//5484
f 5484//5484 5498//5498 5500//5500
f 5484//5484 5500//5500 5486//5486
f 5486//5486 5500//5500 5489//5489
f 5504//5504 5506//5506 5498//5498
f 5498//5498 5506//5506 5500//5500
f 5506//5506 5493//5493 5500//5500
f 5500//5500 5493//5493 5489//5489
f 5485//5485 5488//5488 5507//5507
f 5507//5507 5488//5488 5461//5461
f 5507//5507 5461//5461 5466//5466
f 5483//5483 5485//5485 5507//5507
f 5471//5471 5480//5480 5466//5466
f 5466//5466 5480//5480 5507//5507
f 5480//5480 5483//5483 5507//5507
f 5497//5497 5492//5492 5508//5508
f 5508//5508 5492//5492 5510//5510
f 5508//5508 5510//5510 5512//5512
f 5512//5512 5510//5510 5513//5513
f 5513//5513 5510//5510 5516//5516
f 5513//5513 5516//5516 5517//5517
f 5510//5510 5492//5492 5521//5521
f 5521//5521 5492//5492 5505//5505
f 5521//5521 5505//5505 5522//5522
f 5522//5522 5505//5505 5501//5501
f 5522//5522 5525//5525 5521//5521
f 5521//5521 5525//5525 5527//5527
f 5521//5521 5527//5527 5529//5529
f 5529//5529 5527//5527 5532//5532
f 5529//5529 5516//5516 5521//5521
f 5521//5521 5516//5516 5510//5510
f 5520//5520 5515//5515 5535//5535
f 5535//5535 5515//5515 5536//5536
f 5535//5535 5536//5536 5537//5537
f 5537//5537 5536//5536 5539//5539
f 5537//5537 5539//5539 5542//5542
f 5536//5536 5515//5515 5545//5545
f 5545//5545 5515//5515 5528//5528
f 5545//5545 5528//5528 5546//5546
f 5546//5546 5528//5528 5530//5530
f 5546//5546 5548//5548 5545//5545
f 5545//5545 5548//5548 5551//5551
f 5545//5545 5551//5551 5539//5539
f 5548//5548 5554//5554 5551//5551
f 5536//5536 5545//5545 5539//5539
f 5541//5541 5540//5540 5556//5556
f 5556//5556 5540//5540 5558//5558
f 5556//5556 5558//5558 5562//5562
f 5562//5562 5558//5558 5564//5564
f 5564//5564 5558//5558 5565//5565
f 5565//5565 5558//5558 5567//5567
f 5565//5565 5567//5567 5569//5569
f 5569//5569 5567//5567 5572//5572
f 5572//5572 5567//5567 5575//5575
f 5575//5575 5567//5567 5550//5550
f 5575//5575 5550//5550 5553//5553
f 5558//5558 5540//5540 5567//5567
f 5567//5567 5540//5540 5550//5550
f 5577//5577 5479//5479 5579//5579
f 5579//5579 5479//5479 5581//5581
f 5579//5579 5581//5581 5582//5582
f 5582//5582 5581//5581 5585//5585
f 5585//5585 5581//5581 5586//5586
f 5585//5585 5586//5586 5467//5467
f 5467//5467 5586//5586 5469//5469
f 5469//5469 5586//5586 5473//5473
f 5473//5473 5586//5586 5479//5479
f 5479//5479 5586//5586 5581//5581
f 5467//5467 5464//5464 5585//5585
f 5585//5585 5464//5464 5588//5588
f 5591//5591 5595//5595 5596//5596
f 5596//5596 5595//5595 5573//5573
f 5596//5596 5573//5573 5574//5574
f 5574//5574 5555//5555 5596//5596
f 5596//5596 5555//5555 5598//5598
f 5596//5596 5598//5598 5591//5591
f 5552//5552 5549//5549 5599//5599
f 5599//5599 5549//5549 5601//5601
f 5601//5601 5549//5549 5603//5603
f 5601//5601 5603//5603 5605//5605
f 5605//5605 5603//5603 5547//5547
f 5605//5605 5547//5547 5531//5531
f 5549//5549 5547//5547 5603//5603
f 5503//5503 5608//5608 5612//5612
f 5612//5612 5608//5608 5604//5604
f 5612//5612 5604//5604 5533//5533
f 5533//5533 5526//5526 5612//5612
f 5612//5612 5526//5526 5524//5524
f 5612//5612 5524//5524 5523//5523
f 5523//5523 5503//5503 5612//5612
f 5609//5609 5502//5502 5613//5613
f 5613//5613 5502//5502 5499//5499
f 5613//5613 5499//5499 5615//5615
f 5615//5615 5499//5499 5616//5616
f 5615//5615 5616//5616 5617//5617
f 5617//5617 5616//5616 5482//5482
f 5617//5617 5482//5482 5475//5475
f 5499//5499 5482//5482 5616//5616
f 5617//5617 5475//5475 5618//5618
f 5618//5618 5475//5475 5478//5478
f 5618//5618 5478//5478 5619//5619
f 5618//5618 5619//5619 5623//5623
f 5623//5623 5619//5619 5624//5624
f 5623//5623 5624//5624 5626//5626
f 5626//5626 5624//5624 5628//5628
f 5626//5626 5628//5628 5615//5615
f 5615//5615 5628//5628 5629//5629
f 5615//5615 5629//5629 5613//5613
f 5618//5618 5623//5623 5626//5626
f 5618//5618 5626//5626 5617//5617
f 5617//5617 5626//5626 5615//5615
f 5632//5632 5620//5620 5634//5634
f 5634//5634 5620//5620 5476//5476
f 5634//5634 5476//5476 5578//5578
f 5625//5625 5621//5621 5637//5637
f 5637//5637 5621//5621 5639//5639
f 5637//5637 5639//5639 5641//5641
f 5637//5637 5641//5641 5642//5642
f 5642//5642 5641//5641 5643//5643
f 5642//5642 5643//5643 5647//5647
f 5642//5642 5647//5647 5649//5649
f 5649//5649 5647//5647 5651//5651
f 5649//5649 5651//5651 5652//5652
f 5652//5652 5651//5651 5653//5653
f 5652//5652 5653//5653 5654//5654
f 5654//5654 5653//5653 5655//5655
f 5654//5654 5655//5655 5627//5627
f 5627//5627 5655//5655 5630//5630
f 5630//5630 5655//5655 5656//5656
f 5630//5630 5656//5656 5614//5614
f 5614//5614 5656//5656 5658//5658
f 5614//5614 5658//5658 5610//5610
f 5651//5651 5659//5659 5653//5653
f 5653//5653 5659//5659 5661//5661
f 5653//5653 5661//5661 5655//5655
f 5655//5655 5661//5661 5656//5656
f 5664//5664 5666//5666 5659//5659
f 5659//5659 5666//5666 5661//5661
f 5666//5666 5658//5658 5661//5661
f 5661//5661 5658//5658 5656//5656
f 5654//5654 5627//5627 5668//5668
f 5668//5668 5627//5627 5625//5625
f 5668//5668 5625//5625 5637//5637
f 5652//5652 5654//5654 5668//5668
f 5642//5642 5649//5649 5637//5637
f 5637//5637 5649//5649 5668//5668
f 5649//5649 5652//5652 5668//5668
f 5607//5607 5611//5611 5669//5669
f 5669//5669 5611//5611 5657//5657
f 5669//5669 5657//5657 5670//5670
f 5670//5670 5657//5657 5667//5667
f 5670//5670 5667//5667 5671//5671
f 5671//5671 5667//5667 5663//5663
f 5671//5671 5673//5673 5670//5670
f 5670//5670 5673//5673 5675//5675
f 5670//5670 5675//5675 5677//5677
f 5677//5677 5675//5675 5681//5681
f 5677//5677 5684//5684 5670//5670
f 5670//5670 5684//5684 5669//5669
f 5684//5684 5607//5607 5669//5669
f 5606//5606 5683//5683 5602//5602
f 5602//5602 5683//5683 5685//5685
f 5602//5602 5685//5685 5600//5600
f 5600//5600 5685//5685 5687//5687
f 5687//5687 5685//5685 5688//5688
f 5687//5687 5688//5688 5689//5689
f 5689//5689 5688//5688 5691//5691
f 5689//5689 5691//5691 5694//5694
f 5685//5685 5683//5683 5688//5688
f 5688//5688 5683//5683 5678//5678
f 5688//5688 5678//5678 5695//5695
f 5695//5695 5678//5678 5679//5679
f 5695//5695 5691//5691 5688//5688
f 5694//5694 5698//5698 5689//5689
f 5590//5590 5597//5597 5701//5701
f 5701//5701 5597//5597 5686//5686
f 5701//5701 5686//5686 5702//5702
f 5702//5702 5686//5686 5690//5690
f 5702//5702 5690//5690 5703//5703
f 5703//5703 5690//5690 5699//5699
f 5703//5703 5707//5707 5702//5702
f 5702//5702 5707//5707 5710//5710
f 5702//5702 5710//5710 5712//5712
f 5702//5702 5712//5712 5701//5701
f 5701//5701 5712//5712 5713//5713
f 5701//5701 5713//5713 5590//5590
f 5590//5590 5713//5713 5592//5592
f 5715//5715 5645//5645 5719//5719
f 5719//5719 5645//5645 5720//5720
f 5719//5719 5720//5720 5721//5721
f 5721//5721 5720//5720 5723//5723
f 5723//5723 5720//5720 5633//5633
f 5633//5633 5720//5720 5725//5725
f 5633//5633 5725//5725 5638//5638
f 5638//5638 5725//5725 5640//5640
f 5640//5640 5725//5725 5645//5645
f 5645//5645 5725//5725 5720//5720
f 5638//5638 5622//5622 5633//5633
f 5726//5726 5731//5731 5732//5732
f 5732//5732 5731//5731 5708//5708
f 5732//5732 5708//5708 5704//5704
f 5704//5704 5697//5697 5732//5732
f 5732//5732 5697//5697 5735//5735
f 5732//5732 5735//5735 5726//5726
f 5700//5700 5693//5693 5736//5736
f 5736//5736 5693//5693 5692//5692
f 5736//5736 5692//5692 5737//5737
f 5737//5737 5692//5692 5739//5739
f 5737//5737 5739//5739 5740//5740
f 5740//5740 5739//5739 5696//5696
f 5740//5740 5696//5696 5682//5682
f 5692//5692 5696//5696 5739//5739
f 5665//5665 5744//5744 5748//5748
f 5748//5748 5744//5744 5743//5743
f 5748//5748 5743//5743 5680//5680
f 5680//5680 5676//5676 5748//5748
f 5748//5748 5676//5676 5674//5674
f 5748//5748 5674//5674 5672//5672
f 5672//5672 5665//5665 5748//5748
f 5745//5745 5662//5662 5749//5749
f 5749//5749 5662//5662 5660//5660
f 5749//5749 5660//5660 5751//5751
f 5751//5751 5660//5660 5752//5752
f 5751//5751 5752//5752 5753//5753
f 5753//5753 5752//5752 5650//5650
f 5753//5753 5650//5650 5648//5648
f 5660//5660 5650//5650 5752//5752
f 5753//5753 5648//5648 5754//5754
f 5754//5754 5648//5648 5644//5644
f 5754//5754 5644//5644 5756//5756
f 5754//5754 5756//5756 5759//5759
f 5759//5759 5756//5756 5760//5760
f 5759//5759 5760//5760 5762//5762
f 5762//5762 5760//5760 5764//5764
f 5762//5762 5764//5764 5751//5751
f 5751//5751 5764//5764 5765//5765
f 5751//5751 5765//5765 5749//5749
f 5754//5754 5759//5759 5762//5762
f 5754//5754 5762//5762 5753//5753
f 5753//5753 5762//5762 5751//5751
f 5646//5646 5768//5768 5757//5757
f 5757//5757 5768//5768 5770//5770
f 5757//5757 5770//5770 5771//5771
f 5717//5717 5774//5774 5646//5646
f 5646//5646 5774//5774 5768//5768
f 5761//5761 5758//5758 5776//5776
f 5776//5776 5758//5758 5778//5778
f 5776//5776 5778//5778 5779//5779
f 5779//5779 5778//5778 5781//5781
f 5779//5779 5781//5781 5782//5782
f 5782//5782 5781//5781 5787//5787
f 5779//5779 5782//5782 5788//5788
f 5788//5788 5782//5782 5790//5790
f 5788//5788 5790//5790 5791//5791
f 5791//5791 5790//5790 5792//5792
f 5791//5791 5792//5792 5793//5793
f 5793//5793 5792//5792 5794//5794
f 5793//5793 5794//5794 5763//5763
f 5763//5763 5794//5794 5766//5766
f 5766//5766 5794//5794 5795//5795
f 5766//5766 5795//5795 5750//5750
f 5750//5750 5795//5795 5796//5796
f 5750//5750 5796//5796 5746//5746
f 5790//5790 5799//5799 5792//5792
f 5792//5792 5799//5799 5800//5800
f 5792//5792 5800//5800 5794//5794
f 5794//5794 5800//5800 5795//5795
f 5801//5801 5805//5805 5799//5799
f 5799//5799 5805//5805 5800//5800
f 5805//5805 5796//5796 5800//5800
f 5800//5800 5796//5796 5795//5795
f 5793//5793 5763//5763 5807//5807
f 5807//5807 5763//5763 5761//5761
f 5807//5807 5761//5761 5776//5776
f 5791//5791 5793//5793 5807//5807
f 5779//5779 5788//5788 5776//5776
f 5776//5776 5788//5788 5807//5807
f 5788//5788 5791//5791 5807//5807
f 5742//5742 5747//5747 5808//5808
f 5808//5808 5747//5747 5797//5797
f 5808//5808 5797//5797 5809//5809
f 5809//5809 5797//5797 5806//5806
f 5809//5809 5806//5806 5810//5810
f 5810//5810 5806//5806 5804//5804
f 5810//5810 5812//5812 5809//5809
f 5809//5809 5812//5812 5814//5814
f 5809//5809 5814//5814 5816//5816
f 5816//5816 5814//5814 5820//5820
f 5816//5816 5822//5822 5809//5809
f 5809//5809 5822//5822 5808//5808
f 5822//5822 5742//5742 5808//5808
f 5741//5741 5823//5823 5738//5738
f 5738//5738 5823//5823 5824//5824
f 5738//5738 5824//5824 5734//5734
f 5734//5734 5824//5824 5826//5826
f 5826//5826 5824//5824 5827//5827
f 5826//5826 5827//5827 5829//5829
f 5829//5829 5827//5827 5831//5831
f 5829//5829 5831//5831 5833//5833
f 5824//5824 5823//5823 5827//5827
f 5827//5827 5823//5823 5817//5817
f 5827//5827 5817//5817 5834//5834
f 5834//5834 5817//5817 5821//5821
f 5834//5834 5831//5831 5827//5827
f 5833//5833 5838//5838 5829//5829
f 5727//5727 5733//5733 5840//5840
f 5840//5840 5733//5733 5825//5825
f 5840//5840 5825//5825 5841//5841
f 5841//5841 5825//5825 5828//5828
f 5841//5841 5828//5828 5842//5842
f 5842//5842 5828//5828 5839//5839
f 5842//5842 5844//5844 5841//5841
f 5841//5841 5844//5844 5849//5849
f 5841//5841 5849//5849 5850//5850
f 5841//5841 5850//5850 5840//5840
f 5840//5840 5850//5850 5852//5852
f 5840//5840 5852//5852 5727//5727
f 5727//5727 5852//5852 5729//5729
f 5856//5856 5785//5785 5858//5858
f 5858//5858 5785//5785 5859//5859
f 5858//5858 5859//5859 5861//5861
f 5861//5861 5859//5859 5863//5863
f 5863//5863 5859//5859 5864//5864
f 5863//5863 5864//5864 5755//5755
f 5755//5755 5864//5864 5777//5777
f 5777//5777 5864//5864 5780//5780
f 5780//5780 5864//5864 5785//5785
f 5785//5785 5864//5864 5859//5859
f 5755//5755 5772//5772 5863//5863
f 5865//5865 5868//5868 5871//5871
f 5871//5871 5868//5868 5845//5845
f 5871//5871 5845//5845 5843//5843
f 5843//5843 5836//5836 5871//5871
f 5871//5871 5836//5836 5872//5872
f 5871//5871 5872//5872 5865//5865
f 5837//5837 5832//5832 5875//5875
f 5875//5875 5832//5832 5830//5830
f 5875//5875 5830//5830 5877//5877
f 5877//5877 5830//5830 5878//5878
f 5877//5877 5878//5878 5882//5882
f 5882//5882 5878//5878 5835//5835
f 5882//5882 5835//5835 5818//5818
f 5830//5830 5835//5835 5878//5878
f 5803//5803 5886//5886 5887//5887
f 5887//5887 5886//5886 5881//5881
f 5887//5887 5881//5881 5819//5819
f 5819//5819 5815//5815 5887//5887
f 5887//5887 5815//5815 5813//5813
f 5887//5887 5813//5813 5811//5811
f 5811//5811 5803//5803 5887//5887
f 5885//5885 5802//5802 5889//5889
f 5889//5889 5802//5802 5798//5798
f 5889//5889 5798//5798 5890//5890
f 5890//5890 5798//5798 5891//5891
f 5890//5890 5891//5891 5892//5892
f 5892//5892 5891//5891 5789//5789
f 5892//5892 5789//5789 5783//5783
f 5798//5798 5789//5789 5891//5891
f 5892//5892 5783//5783 5893//5893
f 5893//5893 5783//5783 5784//5784
f 5893//5893 5784//5784 5896//5896
f 5893//5893 5896//5896 5898//5898
f 5898//5898 5896//5896 5899//5899
f 5898//5898 5899//5899 5901//5901
f 5901//5901 5899//5899 5903//5903
f 5901//5901 5903//5903 5890//5890
f 5890//5890 5903//5903 5905//5905
f 5890//5890 5905//5905 5889//5889
f 5893//5893 5898//5898 5901//5901
f 5893//5893 5901//5901 5892//5892
f 5892//5892 5901//5901 5890//5890
f 5786//5786 5906//5906 5897//5897
f 5897//5897 5906//5906 5909//5909
f 5897//5897 5909//5909 5912//5912
f 5855//5855 5914//5914 5786//5786
f 5786//5786 5914//5914 5906//5906
f 5915//5915 5918//5918 5921//5921
f 5921//5921 5918//5918 5922//5922
f 5921//5921 5922//5922 5924//5924
f 5924//5924 5922//5922 5927//5927
f 5924//5924 5927//5927 5930//5930
f 5930//5930 5927//5927 5932//5932
f 5930//5930 5932//5932 5934//5934
f 5934//5934 5935//5935 5930//5930
f 5930//5930 5935//5935 5910//5910
f 5930//5930 5910//5910 5908//5908
f 5930//5930 5908//5908 5937//5937
f 5937//5937 5908//5908 5907//5907
f 5937//5937 5907//5907 5913//5913
f 5937//5937 5913//5913 5940//5940
f 5940//5940 5913//5913 5854//5854
f 5940//5940 5854//5854 5857//5857
f 5857//5857 5860//5860 5940//5940
f 5940//5940 5860//5860 5862//5862
f 5940//5940 5862//5862 5773//5773
f 5773//5773 5769//5769 5940//5940
f 5940//5940 5769//5769 5941//5941
f 5941//5941 5769//5769 5767//5767
f 5941//5941 5767//5767 5775//5775
f 5941//5941 5775//5775 5944//5944
f 5944//5944 5775//5775 5716//5716
f 5944//5944 5716//5716 5718//5718
f 5718//5718 5722//5722 5944//5944
f 5944//5944 5722//5722 5724//5724
f 5944//5944 5724//5724 5631//5631
f 5631//5631 5636//5636 5944//5944
f 5944//5944 5636//5636 5945//5945
f 5947//5947 5635//5635 5576//5576
f 5947//5947 5576//5576 5948//5948
f 5948//5948 5576//5576 5580//5580
f 5948//5948 5580//5580 5583//5583
f 5583//5583 5584//5584 5948//5948
f 5948//5948 5584//5584 5589//5589
f 5948//5948 5589//5589 5951//5951
f 5948//5948 5951//5951 5953//5953
f 5953//5953 5951//5951 5954//5954
f 5953//5953 5954//5954 5957//5957
f 5953//5953 5957//5957 5959//5959
f 5959//5959 5957//5957 5960//5960
f 5959//5959 5960//5960 5963//5963
f 5963//5963 5966//5966 5959//5959
f 5959//5959 5966//5966 5967//5967
f 5959//5959 5967//5967 5969//5969
f 5969//5969 5972//5972 5959//5959
f 5959//5959 5972//5972 5975//5975
f 5975//5975 5972//5972 5977//5977
f 5975//5975 5977//5977 5978//5978
f 5975//5975 5978//5978 5921//5921
f 5921//5921 5978//5978 5981//5981
f 5921//5921 5981//5981 5984//5984
f 5984//5984 5985//5985 5921//5921
f 5921//5921 5985//5985 5915//5915
f 5900//5900 5895//5895 5987//5987
f 5987//5987 5895//5895 5989//5989
f 5987//5987 5989//5989 5991//5991
f 5987//5987 5991//5991 5992//5992
f 5992//5992 5991//5991 5994//5994
f 5992//5992 5994//5994 5996//5996
f 5996//5996 5994//5994 5999//5999
f 5992//5992 5996//5996 6001//6001
f 6001//6001 5996//5996 6003//6003
f 6001//6001 6003//6003 6004//6004
f 6004//6004 6003//6003 6005//6005
f 6004//6004 6005//6005 6006//6006
f 6006//6006 6005//6005 6007//6007
f 6006//6006 6007//6007 5902//5902
f 5902//5902 6007//6007 5904//5904
f 5904//5904 6007//6007 6008//6008
f 5904//5904 6008//6008 5888//5888
f 5888//5888 6008//6008 6009//6009
f 5888//5888 6009//6009 5883//5883
f 6003//6003 6012//6012 6005//6005
f 6005//6005 6012//6012 6013//6013
f 6005//6005 6013//6013 6007//6007
f 6007//6007 6013//6013 6008//6008
f 6017//6017 6018//6018 6012//6012
f 6012//6012 6018//6018 6013//6013
f 6018//6018 6009//6009 6013//6013
f 6013//6013 6009//6009 6008//6008
f 6006//6006 5902//5902 6020//6020
f 6020//6020 5902//5902 5900//5900
f 6020//6020 5900//5900 5987//5987
f 6004//6004 6006//6006 6020//6020
f 5992//5992 6001//6001 5987//5987
f 5987//5987 6001//6001 6020//6020
f 6001//6001 6004//6004 6020//6020
f 5879//5879 5884//5884 6021//6021
f 6021//6021 5884//5884 6010//6010
f 6021//6021 6010//6010 6022//6022
f 6022//6022 6010//6010 6019//6019
f 6022//6022 6019//6019 6023//6023
f 6023//6023 6019//6019 6015//6015
f 6023//6023 6025//6025 6022//6022
f 6022//6022 6025//6025 6027//6027
f 6022//6022 6027//6027 6029//6029
f 6029//6029 6027//6027 6031//6031
f 6029//6029 6036//6036 6022//6022
f 6022//6022 6036//6036 6021//6021
f 6036//6036 5879//5879 6021//6021
f 5880//5880 6035//6035 5876//5876
f 5876//5876 6035//6035 6037//6037
f 5876//5876 6037//6037 5874//5874
f 5874//5874 6037//6037 6039//6039
f 6039//6039 6037//6037 6040//6040
f 6039//6039 6040//6040 6042//6042
f 6042//6042 6040//6040 6043//6043
f 6042//6042 6043//6043 6046//6046
f 6037//6037 6035//6035 6040//6040
f 6040//6040 6035//6035 6030//6030
f 6040//6040 6030//6030 6048//6048
f 6048//6048 6030//6030 6033//6033
f 6048//6048 6043//6043 6040//6040
f 6046//6046 6052//6052 6042//6042
f 5866//5866 5873//5873 6053//6053
f 6053//6053 5873//5873 6038//6038
f 6053//6053 6038//6038 6054//6054
f 6054//6054 6038//6038 6041//6041
f 6054//6054 6041//6041 6055//6055
f 6055//6055 6041//6041 6051//6051
f 6055//6055 6059//6059 6054//6054
f 6054//6054 6059//6059 6061//6061
f 6054//6054 6061//6061 6063//6063
f 6054//6054 6063//6063 6053//6053
f 6053//6053 6063//6063 6065//6065
f 6053//6053 6065//6065 5866//5866
f 5866//5866 6065//6065 5870//5870
f 5926//5926 6000//6000 5931//5931
f 5931//5931 6000//6000 6067//6067
f 5931//5931 6067//6067 5933//5933
f 5933//5933 6067//6067 5936//5936
f 5936//5936 6067//6067 6068//6068
f 5936//5936 6068//6068 5988//5988
f 5988//5988 6068//6068 5990//5990
f 5990//5990 6068//6068 5993//5993
f 5993//5993 6068//6068 6000//6000
f 6000//6000 6068//6068 6067//6067
f 5988//5988 5894//5894 5936//5936
f 5936//5936 5894//5894 5911//5911
f 6069//6069 6072//6072 6075//6075
f 6075//6075 6072//6072 6060//6060
f 6075//6075 6060//6060 6056//6056
f 6056//6056 6049//6049 6075//6075
f 6075//6075 6049//6049 6076//6076
f 6075//6075 6076//6076 6069//6069
f 6050//6050 6045//6045 6077//6077
f 6077//6077 6045//6045 6044//6044
f 6077//6077 6044//6044 6081//6081
f 6081//6081 6044//6044 6082//6082
f 6081//6081 6082//6082 6086//6086
f 6086//6086 6082//6082 6047//6047
f 6086//6086 6047//6047 6032//6032
f 6044//6044 6047//6047 6082//6082
f 6016//6016 6090//6090 6091//6091
f 6091//6091 6090//6090 6085//6085
f 6091//6091 6085//6085 6034//6034
f 6034//6034 6028//6028 6091//6091
f 6091//6091 6028//6028 6026//6026
f 6091//6091 6026//6026 6024//6024
f 6024//6024 6016//6016 6091//6091
f 6087//6087 6014//6014 6092//6092
f 6092//6092 6014//6014 6011//6011
f 6092//6092 6011//6011 6094//6094
f 6094//6094 6011//6011 6095//6095
f 6094//6094 6095//6095 6096//6096
f 6096//6096 6095//6095 6002//6002
f 6096//6096 6002//6002 5995//5995
f 6011//6011 6002//6002 6095//6095
f 6096//6096 5995//5995 6097//6097
f 6097//6097 5995//5995 5997//5997
f 6097//6097 5997//5997 6100//6100
f 6097//6097 6100//6100 6102//6102
f 6102//6102 6100//6100 6104//6104
f 6102//6102 6104//6104 6105//6105
f 6105//6105 6104//6104 6106//6106
f 6105//6105 6106//6106 6094//6094
f 6094//6094 6106//6106 6109//6109
f 6094//6094 6109//6109 6092//6092
f 6097//6097 6102//6102 6105//6105
f 6097//6097 6105//6105 6096//6096
f 6096//6096 6105//6105 6094//6094
f 5917//5917 6099//6099 5923//5923
f 5923//5923 6099//6099 5998//5998
f 5923//5923 5998//5998 5928//5928
f 6103//6103 6101//6101 6110//6110
f 6110//6110 6101//6101 6112//6112
f 6110//6110 6112//6112 6113//6113
f 6110//6110 6113//6113 6115//6115
f 6115//6115 6113//6113 6118//6118
f 6115//6115 6118//6118 6121//6121
f 6115//6115 6121//6121 6122//6122
f 6122//6122 6121//6121 6123//6123
f 6122//6122 6123//6123 6125//6125
f 6125//6125 6123//6123 6126//6126
f 6125//6125 6126//6126 6127//6127
f 6127//6127 6126//6126 6128//6128
f 6127//6127 6128//6128 6107//6107
f 6107//6107 6128//6128 6108//6108
f 6108//6108 6128//6128 6129//6129
f 6108//6108 6129//6129 6093//6093
f 6093//6093 6129//6129 6130//6130
f 6093//6093 6130//6130 6088//6088
f 6123//6123 6133//6133 6126//6126
f 6126//6126 6133//6133 6134//6134
f 6126//6126 6134//6134 6128//6128
f 6128//6128 6134//6134 6129//6129
f 6135//6135 6139//6139 6133//6133
f 6133//6133 6139//6139 6134//6134
f 6139//6139 6130//6130 6134//6134
f 6134//6134 6130//6130 6129//6129
f 6127//6127 6107//6107 6141//6141
f 6141//6141 6107//6107 6103//6103
f 6141//6141 6103//6103 6110//6110
f 6125//6125 6127//6127 6141//6141
f 6115//6115 6122//6122 6110//6110
f 6110//6110 6122//6122 6141//6141
f 6122//6122 6125//6125 6141//6141
f 6083//6083 6089//6089 6142//6142
f 6142//6142 6089//6089 6131//6131
f 6142//6142 6131//6131 6143//6143
f 6143//6143 6131//6131 6140//6140
f 6143//6143 6140//6140 6144//6144
f 6144//6144 6140//6140 6136//6136
f 6144//6144 6146//6146 6143//6143
f 6143//6143 6146//6146 6148//6148
f 6143//6143 6148//6148 6150//6150
f 6150//6150 6148//6148 6154//6154
f 6150//6150 6157//6157 6143//6143
f 6143//6143 6157//6157 6142//6142
f 6157//6157 6083//6083 6142//6142
f 6084//6084 6156//6156 6080//6080
f 6080//6080 6156//6156 6158//6158
f 6080//6080 6158//6158 6079//6079
f 6079//6079 6158//6158 6160//6160
f 6160//6160 6158//6158 6161//6161
f 6160//6160 6161//6161 6163//6163
f 6163//6163 6161//6161 6164//6164
f 6163//6163 6164//6164 6166//6166
f 6158//6158 6156//6156 6161//6161
f 6161//6161 6156//6156 6151//6151
f 6161//6161 6151//6151 6170//6170
f 6170//6170 6151//6151 6153//6153
f 6170//6170 6164//6164 6161//6161
f 6070//6070 6078//6078 6172//6172
f 6172//6172 6078//6078 6159//6159
f 6172//6172 6159//6159 6173//6173
f 6173//6173 6159//6159 6162//6162
f 6173//6173 6162//6162 6174//6174
f 6174//6174 6162//6162 6167//6167
f 6174//6174 6178//6178 6173//6173
f 6173//6173 6178//6178 6180//6180
f 6173//6173 6180//6180 6183//6183
f 6173//6173 6183//6183 6172//6172
f 6172//6172 6183//6183 6185//6185
f 6172//6172 6185//6185 6070//6070
f 6070//6070 6185//6185 6074//6074
f 5980//5980 6119//6119 5983//5983
f 5983//5983 6119//6119 6186//6186
f 5983//5983 6186//6186 5986//5986
f 5986//5986 6186//6186 5916//5916
f 5916//5916 6186//6186 5919//5919
f 5919//5919 6186//6186 6187//6187
f 5919//5919 6187//6187 6111//6111
f 6111//6111 6187//6187 6114//6114
f 6114//6114 6187//6187 6119//6119
f 6119//6119 6187//6187 6186//6186
f 6111//6111 6098//6098 5919//5919
f 6188//6188 6190//6190 6194//6194
f 6194//6194 6190//6190 5543//5543
f 6194//6194 5543//5543 5557//5557
f 5557//5557 5561//5561 6194//6194
f 6194//6194 5561//5561 6196//6196
f 6194//6194 6196//6196 6188//6188
f 6199//6199 6203//6203 6205//6205
f 6205//6205 6203//6203 5518//5518
f 6205//6205 5518//5518 5534//5534
f 5534//5534 5538//5538 6205//6205
f 6205//6205 5538//5538 6192//6192
f 6205//6205 6192//6192 6199//6199
f 5538//5538 5544//5544 6192//6192
f 5519//5519 6202//6202 6206//6206
f 6206//6206 6202//6202 6207//6207
f 6206//6206 6207//6207 5494//5494
f 5494//5494 5509//5509 6206//6206
f 6206//6206 5509//5509 5511//5511
f 6206//6206 5511//5511 5514//5514
f 5514//5514 5519//5519 6206//6206
f 6212//6212 6215//6215 6217//6217
f 6217//6217 6215//6215 5462//5462
f 6217//6217 5462//5462 6218//6218
f 6218//6218 5462//5462 5460//5460
f 6218//6218 5460//5460 6219//6219
f 6219//6219 5460//5460 5487//5487
f 6219//6219 5487//5487 6220//6220
f 6220//6220 5487//5487 5490//5490
f 6220//6220 5490//5490 5495//5495
f 6208//6208 6221//6221 5495//5495
f 5495//5495 6221//6221 6224//6224
f 5495//5495 6224//6224 6220//6220
f 6220//6220 6224//6224 6225//6225
f 6220//6220 6225//6225 6226//6226
f 6226//6226 6225//6225 6228//6228
f 6226//6226 6228//6228 6212//6212
f 6224//6224 6228//6228 6225//6225
f 6226//6226 6212//6212 6217//6217
f 6218//6218 6219//6219 6217//6217
f 6217//6217 6219//6219 6226//6226
f 6219//6219 6220//6220 6226//6226
f 5961//5961 5956//5956 6214//6214
f 6214//6214 5956//5956 5955//5955
f 6214//6214 5955//5955 5463//5463
f 5463//5463 5955//5955 5950//5950
f 5463//5463 5950//5950 5587//5587
f 6230//6230 6231//6231 6235//6235
f 6235//6235 6231//6231 6176//6176
f 6235//6235 6176//6176 6175//6175
f 6175//6175 6168//6168 6235//6235
f 6235//6235 6168//6168 6236//6236
f 6235//6235 6236//6236 6230//6230
f 6169//6169 6165//6165 6237//6237
f 6237//6237 6165//6165 6240//6240
f 6240//6240 6165//6165 6242//6242
f 6240//6240 6242//6242 6246//6246
f 6246//6246 6242//6242 6171//6171
f 6246//6246 6171//6171 6152//6152
f 6165//6165 6171//6171 6242//6242
f 6138//6138 6250//6250 6251//6251
f 6251//6251 6250//6250 6244//6244
f 6251//6251 6244//6244 6155//6155
f 6155//6155 6149//6149 6251//6251
f 6251//6251 6149//6149 6147//6147
f 6251//6251 6147//6147 6145//6145
f 6145//6145 6138//6138 6251//6251
f 6247//6247 6137//6137 6252//6252
f 6252//6252 6137//6137 6132//6132
f 6252//6252 6132//6132 6254//6254
f 6254//6254 6132//6132 6255//6255
f 6254//6254 6255//6255 6256//6256
f 6256//6256 6255//6255 6124//6124
f 6256//6256 6124//6124 6120//6120
f 6132//6132 6124//6124 6255//6255
f 6256//6256 6120//6120 6257//6257
f 6257//6257 6120//6120 6117//6117
f 6257//6257 6117//6117 6259//6259
f 6257//6257 6259//6259 6262//6262
f 6262//6262 6259//6259 6264//6264
f 6262//6262 6264//6264 6265//6265
f 6265//6265 6264//6264 6266//6266
f 6265//6265 6266//6266 6254//6254
f 6254//6254 6266//6266 6269//6269
f 6254//6254 6269//6269 6252//6252
f 6257//6257 6262//6262 6265//6265
f 6257//6257 6265//6265 6256//6256
f 6256//6256 6265//6265 6254//6254
f 6116//6116 5976//5976 6261//6261
f 6261//6261 5976//5976 5973//5973
f 6261//6261 5973//5973 5970//5970
f 5982//5982 5979//5979 6116//6116
f 6116//6116 5979//5979 5976//5976
f 6263//6263 6258//6258 6270//6270
f 6270//6270 6258//6258 6272//6272
f 6270//6270 6272//6272 6273//6273
f 6273//6273 6272//6272 6275//6275
f 6273//6273 6275//6275 6211//6211
f 6211//6211 6275//6275 6213//6213
f 6273//6273 6211//6211 6276//6276
f 6276//6276 6211//6211 6227//6227
f 6276//6276 6227//6227 6277//6277
f 6277//6277 6227//6227 6223//6223
f 6277//6277 6223//6223 6278//6278
f 6278//6278 6223//6223 6279//6279
f 6278//6278 6279//6279 6280//6280
f 6280//6280 6279//6279 6281//6281
f 6280//6280 6281//6281 6268//6268
f 6268//6268 6281//6281 6253//6253
f 6253//6253 6281//6281 6283//6283
f 6253//6253 6283//6283 6248//6248
f 6279//6279 6223//6223 6285//6285
f 6285//6285 6223//6223 6222//6222
f 6285//6285 6222//6222 6210//6210
f 6285//6285 6283//6283 6279//6279
f 6279//6279 6283//6283 6281//6281
f 6268//6268 6267//6267 6280//6280
f 6280//6280 6267//6267 6286//6286
f 6280//6280 6286//6286 6278//6278
f 6278//6278 6286//6286 6277//6277
f 6286//6286 6267//6267 6287//6287
f 6287//6287 6267//6267 6263//6263
f 6287//6287 6263//6263 6270//6270
f 6277//6277 6286//6286 6287//6287
f 6273//6273 6276//6276 6270//6270
f 6270//6270 6276//6276 6287//6287
f 6276//6276 6277//6277 6287//6287
f 6245//6245 6249//6249 6288//6288
f 6288//6288 6249//6249 6282//6282
f 6288//6288 6282//6282 6289//6289
f 6289//6289 6282//6282 6284//6284
f 6289//6289 6284//6284 6204//6204
f 6204//6204 6284//6284 6209//6209
f 6204//6204 6290//6290 6289//6289
f 6289//6289 6290//6290 6292//6292
f 6289//6289 6292//6292 6288//6288
f 6288//6288 6292//6292 6245//6245
f 6243//6243 6293//6293 6241//6241
f 6241//6241 6293//6293 6294//6294
f 6241//6241 6294//6294 6238//6238
f 6238//6238 6294//6294 6296//6296
f 6296//6296 6294//6294 6297//6297
f 6296//6296 6297//6297 6298//6298
f 6298//6298 6297//6297 6200//6200
f 6298//6298 6200//6200 6193//6193
f 6294//6294 6293//6293 6297//6297
f 6297//6297 6293//6293 6291//6291
f 6297//6297 6291//6291 6200//6200
f 6200//6200 6291//6291 6201//6201
f 6229//6229 6239//6239 6300//6300
f 6300//6300 6239//6239 6295//6295
f 6300//6300 6295//6295 6301//6301
f 6301//6301 6295//6295 6299//6299
f 6301//6301 6299//6299 6189//6189
f 6189//6189 6299//6299 6191//6191
f 6195//6195 6302//6302 6189//6189
f 6189//6189 6302//6302 6301//6301
f 6302//6302 6305//6305 6301//6301
f 6301//6301 6305//6305 6300//6300
f 6305//6305 6307//6307 6300//6300
f 6300//6300 6307//6307 6229//6229
f 6307//6307 6232//6232 6229//6229
f 5962//5962 6216//6216 5964//5964
f 5964//5964 6216//6216 6308//6308
f 5964//5964 6308//6308 5965//5965
f 5965//5965 6308//6308 5968//5968
f 5968//5968 6308//6308 6309//6309
f 5968//5968 6309//6309 6260//6260
f 6260//6260 6309//6309 6271//6271
f 6271//6271 6309//6309 6274//6274
f 6274//6274 6309//6309 6216//6216
f 6216//6216 6309//6309 6308//6308
f 6260//6260 5971//5971 5968//5968
f 5559//5559 5563//5563 6311//6311
f 6311//6311 5563//5563 6315//6315
f 6315//6315 5563//5563 5566//5566
f 6315//6315 5566//5566 6317//6317
f 6317//6317 5566//5566 5568//5568
f 6317//6317 5568//5568 6319//6319
f 6319//6319 5568//5568 5570//5570
f 5571//5571 5593//5593 6318//6318
f 6318//6318 5593//5593 6324//6324
f 5594//5594 5714//5714 6323//6323
f 6323//6323 5714//5714 6326//6326
f 6326//6326 5714//5714 5711//5711
f 6326//6326 5711//5711 6328//6328
f 6328//6328 5711//5711 5709//5709
f 6328//6328 5709//5709 6330//6330
f 6330//6330 5709//5709 5705//5705
f 5706//5706 5728//5728 6332//6332
f 6332//6332 5728//5728 6334//6334
f 5730//5730 5853//5853 6335//6335
f 6335//6335 5853//5853 6338//6338
f 6338//6338 5853//5853 5851//5851
f 6338//6338 5851//5851 6340//6340
f 6340//6340 5851//5851 5848//5848
f 6340//6340 5848//5848 6344//6344
f 6344//6344 5848//5848 5847//5847
f 5846//5846 5869//5869 6342//6342
f 6342//6342 5869//5869 6347//6347
f 5867//5867 6066//6066 6348//6348
f 6348//6348 6066//6066 6350//6350
f 6350//6350 6066//6066 6064//6064
f 6350//6350 6064//6064 6352//6352
f 6352//6352 6064//6064 6062//6062
f 6352//6352 6062//6062 6357//6357
f 6357//6357 6062//6062 6057//6057
f 6058//6058 6071//6071 6354//6354
f 6354//6354 6071//6071 6361//6361
f 6073//6073 6184//6184 6360//6360
f 6360//6360 6184//6184 6362//6362
f 6362//6362 6184//6184 6182//6182
f 6362//6362 6182//6182 6365//6365
f 6365//6365 6182//6182 6181//6181
f 6365//6365 6181//6181 6368//6368
f 6368//6368 6181//6181 6177//6177
f 6197//6197 5560//5560 6373//6373
f 6373//6373 5560//5560 6312//6312
f 6179//6179 6234//6234 6366//6366
f 6366//6366 6234//6234 6374//6374
f 6233//6233 6306//6306 6376//6376
f 6376//6376 6306//6306 6379//6379
f 6379//6379 6306//6306 6304//6304
f 6379//6379 6304//6304 6381//6381
f 6381//6381 6304//6304 6303//6303
f 6381//6381 6303//6303 6372//6372
f 6372//6372 6303//6303 6198//6198
f 6333//6333 6337//6337 6382//6382
f 6382//6382 6337//6337 6384//6384
f 6382//6382 6384//6384 6387//6387
f 6387//6387 6384//6384 6389//6389
f 6387//6387 6389//6389 6390//6390
f 6390//6390 6389//6389 6395//6395
f 6329//6329 6331//6331 6396//6396
f 6396//6396 6331//6331 6383//6383
f 6396//6396 6383//6383 6397//6397
f 6397//6397 6383//6383 6386//6386
f 6397//6397 6386//6386 6398//6398
f 6398//6398 6386//6386 6391//6391
f 6398//6398 6391//6391 6399//6399
f 6398//6398 6399//6399 6401//6401
f 6401//6401 6399//6399 6402//6402
f 6401//6401 6402//6402 6404//6404
f 6404//6404 6402//6402 6406//6406
f 6401//6401 6404//6404 6409//6409
f 6409//6409 6404//6404 6410//6410
f 6409//6409 6410//6410 6412//6412
f 6412//6412 6410//6410 6322//6322
f 6412//6412 6322//6322 6327//6327
f 6327//6327 6329//6329 6412//6412
f 6412//6412 6329//6329 6396//6396
f 6412//6412 6396//6396 6397//6397
f 6401//6401 6409//6409 6398//6398
f 6398//6398 6409//6409 6397//6397
f 6409//6409 6412//6412 6397//6397
f 6321//6321 6325//6325 6413//6413
f 6413//6413 6325//6325 6411//6411
f 6413//6413 6411//6411 6405//6405
f 6413//6413 6405//6405 6416//6416
f 6416//6416 6405//6405 6407//6407
f 6416//6416 6407//6407 6418//6418
f 6316//6316 6320//6320 6420//6420
f 6420//6420 6320//6320 6414//6414
f 6420//6420 6414//6414 6421//6421
f 6421//6421 6414//6414 6415//6415
f 6421//6421 6415//6415 6422//6422
f 6422//6422 6415//6415 6417//6417
f 6422//6422 6417//6417 6424//6424
f 6422//6422 6424//6424 6425//6425
f 6425//6425 6424//6424 6427//6427
f 6425//6425 6427//6427 6428//6428
f 6428//6428 6427//6427 6432//6432
f 6425//6425 6428//6428 6433//6433
f 6433//6433 6428//6428 6435//6435
f 6433//6433 6435//6435 6436//6436
f 6436//6436 6435//6435 6313//6313
f 6436//6436 6313//6313 6314//6314
f 6314//6314 6316//6316 6436//6436
f 6436//6436 6316//6316 6420//6420
f 6436//6436 6420//6420 6421//6421
f 6425//6425 6433//6433 6422//6422
f 6422//6422 6433//6433 6421//6421
f 6433//6433 6436//6436 6421//6421
f 6370//6370 6310//6310 6438//6438
f 6438//6438 6310//6310 6434//6434
f 6438//6438 6434//6434 6429//6429
f 6438//6438 6429//6429 6439//6439
f 6439//6439 6429//6429 6430//6430
f 6439//6439 6430//6430 6442//6442
f 6380//6380 6371//6371 6444//6444
f 6444//6444 6371//6371 6437//6437
f 6444//6444 6437//6437 6445//6445
f 6445//6445 6437//6437 6440//6440
f 6445//6445 6440//6440 6446//6446
f 6446//6446 6440//6440 6441//6441
f 6446//6446 6441//6441 6448//6448
f 6446//6446 6448//6448 6449//6449
f 6449//6449 6448//6448 6450//6450
f 6449//6449 6450//6450 6452//6452
f 6452//6452 6450//6450 6454//6454
f 6449//6449 6452//6452 6457//6457
f 6457//6457 6452//6452 6458//6458
f 6457//6457 6458//6458 6460//6460
f 6460//6460 6458//6458 6377//6377
f 6460//6460 6377//6377 6378//6378
f 6378//6378 6380//6380 6460//6460
f 6460//6460 6380//6380 6444//6444
f 6460//6460 6444//6444 6445//6445
f 6449//6449 6457//6457 6446//6446
f 6446//6446 6457//6457 6445//6445
f 6457//6457 6460//6460 6445//6445
f 6367//6367 6375//6375 6461//6461
f 6461//6461 6375//6375 6459//6459
f 6461//6461 6459//6459 6453//6453
f 6461//6461 6453//6453 6464//6464
f 6464//6464 6453//6453 6456//6456
f 6464//6464 6456//6456 6467//6467
f 6364//6364 6369//6369 6468//6468
f 6468//6468 6369//6369 6462//6462
f 6468//6468 6462//6462 6469//6469
f 6469//6469 6462//6462 6463//6463
f 6469//6469 6463//6463 6470//6470
f 6470//6470 6463//6463 6465//6465
f 6470//6470 6465//6465 6472//6472
f 6470//6470 6472//6472 6473//6473
f 6473//6473 6472//6472 6475//6475
f 6473//6473 6475//6475 6477//6477
f 6477//6477 6475//6475 6478//6478
f 6473//6473 6477//6477 6481//6481
f 6481//6481 6477//6477 6482//6482
f 6481//6481 6482//6482 6484//6484
f 6484//6484 6482//6482 6358//6358
f 6484//6484 6358//6358 6363//6363
f 6363//6363 6364//6364 6484//6484
f 6484//6484 6364//6364 6468//6468
f 6484//6484 6468//6468 6469//6469
f 6473//6473 6481//6481 6470//6470
f 6470//6470 6481//6481 6469//6469
f 6481//6481 6484//6484 6469//6469
f 6355//6355 6359//6359 6486//6486
f 6486//6486 6359//6359 6483//6483
f 6486//6486 6483//6483 6476//6476
f 6486//6486 6476//6476 6487//6487
f 6487//6487 6476//6476 6479//6479
f 6487//6487 6479//6479 6489//6489
f 6353//6353 6356//6356 6492//6492
f 6492//6492 6356//6356 6485//6485
f 6492//6492 6485//6485 6493//6493
f 6493//6493 6485//6485 6488//6488
f 6493//6493 6488//6488 6494//6494
f 6494//6494 6488//6488 6490//6490
f 6494//6494 6490//6490 6495//6495
f 6494//6494 6495//6495 6497//6497
f 6497//6497 6495//6495 6498//6498
f 6497//6497 6498//6498 6500//6500
f 6500//6500 6498//6498 6502//6502
f 6497//6497 6500//6500 6505//6505
f 6505//6505 6500//6500 6507//6507
f 6505//6505 6507//6507 6508//6508
f 6508//6508 6507//6507 6349//6349
f 6508//6508 6349//6349 6351//6351
f 6351//6351 6353//6353 6508//6508
f 6508//6508 6353//6353 6492//6492
f 6508//6508 6492//6492 6493//6493
f 6497//6497 6505//6505 6494//6494
f 6494//6494 6505//6505 6493//6493
f 6505//6505 6508//6508 6493//6493
f 6345//6345 6346//6346 6510//6510
f 6510//6510 6346//6346 6506//6506
f 6510//6510 6506//6506 6501//6501
f 6510//6510 6501//6501 6511//6511
f 6511//6511 6501//6501 6504//6504
f 6511//6511 6504//6504 6514//6514
f 6341//6341 6343//6343 6516//6516
f 6516//6516 6343//6343 6509//6509
f 6516//6516 6509//6509 6517//6517
f 6517//6517 6509//6509 6512//6512
f 6517//6517 6512//6512 6518//6518
f 6518//6518 6512//6512 6515//6515
f 6518//6518 6515//6515 6519//6519
f 6518//6518 6519//6519 6521//6521
f 6521//6521 6519//6519 6522//6522
f 6521//6521 6522//6522 6388//6388
f 6388//6388 6522//6522 6393//6393
f 6521//6521 6388//6388 6524//6524
f 6524//6524 6388//6388 6385//6385
f 6524//6524 6385//6385 6525//6525
f 6525//6525 6385//6385 6336//6336
f 6525//6525 6336//6336 6339//6339
f 6339//6339 6341//6341 6525//6525
f 6525//6525 6341//6341 6516//6516
f 6525//6525 6516//6516 6517//6517
f 6521//6521 6524//6524 6518//6518
f 6518//6518 6524//6524 6517//6517
f 6524//6524 6525//6525 6517//6517
f 6523//6523 6520//6520 6394//6394
f 6394//6394 6520//6520 6513//6513
f 6394//6394 6513//6513 6526//6526
f 6526//6526 6513//6513 6528//6528
f 6528//6528 6513//6513 6503//6503
f 6528//6528 6503//6503 6530//6530
f 6530//6530 6503//6503 6491//6491
f 6530//6530 6491//6491 6532//6532
f 6532//6532 6491//6491 6480//6480
f 6532//6532 6480//6480 6534//6534
f 6534//6534 6480//6480 6466//6466
f 6534//6534 6466//6466 6536//6536
f 6536//6536 6466//6466 6455//6455
f 6536//6536 6455//6455 6539//6539
f 6539//6539 6455//6455 6443//6443
f 6539//6539 6443//6443 6540//6540
f 6540//6540 6443//6443 6431//6431
f 6540//6540 6431//6431 6542//6542
f 6542//6542 6431//6431 6419//6419
f 6542//6542 6419//6419 6544//6544
f 6544//6544 6419//6419 6408//6408
f 6544//6544 6408//6408 6547//6547
f 6547//6547 6408//6408 6392//6392
f 6547//6547 6392//6392 6550//6550
f 6550//6550 6392//6392 6394//6394
f 6550//6550 6394//6394 6526//6526
f 6503//6503 6499//6499 6491//6491
f 6491//6491 6499//6499 6496//6496
f 6480//6480 6474//6474 6466//6466
f 6466//6466 6474//6474 6471//6471
f 6451//6451 6447//6447 6455//6455
f 6455//6455 6447//6447 6443//6443
f 6431//6431 6426//6426 6419//6419
f 6419//6419 6426//6426 6423//6423
f 6408//6408 6403//6403 6392//6392
f 6392//6392 6403//6403 6400//6400
f 6551//6551 6553//6553 6555//6555
f 6555//6555 6553//6553 6557//6557
f 6554//6554 6558//6558 6560//6560
f 6560//6560 6558//6558 6561//6561
f 6560//6560 6561//6561 6562//6562
f 6562//6562 6561//6561 6564//6564
f 6562//6562 6564//6564 6566//6566
f 6566//6566 6564//6564 6567//6567
f 6566//6566 6567//6567 6569//6569
f 6569//6569 6567//6567 6570//6570
f 6569//6569 6570//6570 6571//6571
f 6571//6571 6570//6570 6573//6573
f 6571//6571 6573//6573 6574//6574
f 6574//6574 6573//6573 6576//6576
f 6574//6574 6576//6576 6577//6577
f 6577//6577 6576//6576 6579//6579
f 6577//6577 6579//6579 6581//6581
f 6581//6581 6579//6579 6582//6582
f 6581//6581 6582//6582 6583//6583
f 6583//6583 6582//6582 6585//6585
f 6583//6583 6585//6585 6586//6586
f 6586//6586 6585//6585 6588//6588
f 6586//6586 6588//6588 6551//6551
f 6551//6551 6588//6588 6553//6553
f 6527//6527 6561//6561 6548//6548
f 6548//6548 6561//6561 6558//6558
f 6549//6549 6557//6557 6546//6546
f 6546//6546 6557//6557 6553//6553
f 6546//6546 6553//6553 6545//6545
f 6545//6545 6553//6553 6588//6588
f 6545//6545 6588//6588 6543//6543
f 6543//6543 6588//6588 6585//6585
f 6543//6543 6585//6585 6541//6541
f 6541//6541 6585//6585 6582//6582
f 6541//6541 6582//6582 6538//6538
f 6538//6538 6582//6582 6579//6579
f 6538//6538 6579//6579 6537//6537
f 6537//6537 6579//6579 6576//6576
f 6537//6537 6576//6576 6535//6535
f 6535//6535 6576//6576 6573//6573
f 6535//6535 6573//6573 6533//6533
f 6533//6533 6573//6573 6570//6570
f 6533//6533 6570//6570 6531//6531
f 6531//6531 6570//6570 6567//6567
f 6531//6531 6567//6567 6529//6529
f 6529//6529 6567//6567 6564//6564
f 6529//6529 6564//6564 6527//6527
f 6527//6527 6564//6564 6561//6561
f 5929//5929 6590//6590 5925//5925
f 5925//5925 6590//6590 6592//6592
f 5925//5925 6592//6592 5920//5920
f 5920//5920 6592//6592 6593//6593
f 5920//5920 6593//6593 5974//5974
f 5974//5974 6593//6593 6596//6596
f 5974//5974 6596//6596 5958//5958
f 5958//5958 6596//6596 6599//6599
f 5958//5958 6599//6599 5952//5952
f 5952//5952 6599//6599 6601//6601
f 5952//5952 6601//6601 5949//5949
f 5949//5949 6601//6601 6603//6603
f 5949//5949 6603//6603 5946//5946
f 5946//5946 6603//6603 6605//6605
f 5946//5946 6605//6605 5943//5943
f 5943//5943 6605//6605 6606//6606
f 5943//5943 6606//6606 5942//5942
f 5942//5942 6606//6606 6609//6609
f 5942//5942 6609//6609 5939//5939
f 5939//5939 6609//6609 6611//6611
f 5939//5939 6611//6611 5938//5938
f 5938//5938 6611//6611 6612//6612
f 5938//5938 6612//6612 5929//5929
f 5929//5929 6612//6612 6590//6590
f 6615//6615 6598//6598 6618//6618
f 6618//6618 6598//6598 6595//6595
f 6617//6617 6597//6597 6619//6619
f 6619//6619 6597//6597 6594//6594
f 6619//6619 6594//6594 6622//6622
f 6622//6622 6594//6594 6591//6591
f 6622//6622 6591//6591 6623//6623
f 6623//6623 6591//6591 6589//6589
f 6623//6623 6589//6589 6626//6626
f 6626//6626 6589//6589 6613//6613
f 6626//6626 6613//6613 6627//6627
f 6627//6627 6613//6613 6610//6610
f 6627//6627 6610//6610 6630//6630
f 6630//6630 6610//6610 6608//6608
f 6630//6630 6608//6608 6632//6632
f 6632//6632 6608//6608 6607//6607
f 6632//6632 6607//6607 6633//6633
f 6633//6633 6607//6607 6604//6604
f 6633//6633 6604//6604 6635//6635
f 6635//6635 6604//6604 6602//6602
f 6635//6635 6602//6602 6637//6637
f 6637//6637 6602//6602 6600//6600
f 6637//6637 6600//6600 6615//6615
f 6615//6615 6600//6600 6598//6598
f 6620//6620 6639//6639 6616//6616
f 6616//6616 6639//6639 6643//6643
f 6616//6616 6643//6643 6644//6644
f 6639//6639 6620//6620 6646//6646
f 6646//6646 6620//6620 6621//6621
f 6646//6646 6621//6621 6649//6649
f 6649//6649 6621//6621 6624//6624
f 6649//6649 6624//6624 6625//6625
f 6649//6649 6625//6625 6650//6650
f 6650//6650 6625//6625 6628//6628
f 6650//6650 6628//6628 6653//6653
f 6653//6653 6628//6628 6654//6654
f 6654//6654 6628//6628 6629//6629
f 6654//6654 6629//6629 6656//6656
f 6656//6656 6629//6629 6631//6631
f 6656//6656 6631//6631 6659//6659
f 6659//6659 6631//6631 6634//6634
f 6659//6659 6634//6634 6661//6661
f 6661//6661 6634//6634 6636//6636
f 6661//6661 6636//6636 6638//6638
f 6661//6661 6638//6638 6662//6662
f 6662//6662 6638//6638 6614//6614
f 6662//6662 6614//6614 6644//6644
f 6644//6644 6614//6614 6616//6616
f 6559//6559 6664//6664 6556//6556
f 6556//6556 6664//6664 6667//6667
f 6556//6556 6667//6667 6668//6668
f 6664//6664 6559//6559 6670//6670
f 6670//6670 6559//6559 6563//6563
f 6670//6670 6563//6563 6672//6672
f 6672//6672 6563//6563 6565//6565
f 6672//6672 6565//6565 6568//6568
f 6672//6672 6568//6568 6675//6675
f 6675//6675 6568//6568 6572//6572
f 6675//6675 6572//6572 6677//6677
f 6677//6677 6572//6572 6680//6680
f 6680//6680 6572//6572 6575//6575
f 6680//6680 6575//6575 6681//6681
f 6681//6681 6575//6575 6578//6578
f 6681//6681 6578//6578 6684//6684
f 6684//6684 6578//6578 6580//6580
f 6684//6684 6580//6580 6685//6685
f 6685//6685 6580//6580 6584//6584
f 6685//6685 6584//6584 6587//6587
f 6685//6685 6587//6587 6688//6688
f 6688//6688 6587//6587 6552//6552
f 6688//6688 6552//6552 6668//6668
f 6668//6668 6552//6552 6556//6556
f 6665//6665 6652//6652 6666//6666
f 6666//6666 6652//6652 6655//6655
f 6666//6666 6655//6655 6669//6669
f 6669//6669 6655//6655 6657//6657
f 6669//6669 6657//6657 6687//6687
f 6687//6687 6657//6657 6658//6658
f 6687//6687 6658//6658 6686//6686
f 6686//6686 6658//6658 6660//6660
f 6686//6686 6660//6660 6683//6683
f 6683//6683 6660//6660 6663//6663
f 6683//6683 6663//6663 6682//6682
f 6682//6682 6663//6663 6645//6645
f 6682//6682 6645//6645 6678//6678
f 6678//6678 6645//6645 6642//6642
f 6679//6679 6641//6641 6676//6676
f 6676//6676 6641//6641 6640//6640
f 6676//6676 6640//6640 6674//6674
f 6674//6674 6640//6640 6647//6647
f 6674//6674 6647//6647 6673//6673
f 6673//6673 6647//6647 6648//6648
f 6673//6673 6648//6648 6671//6671
f 6671//6671 6648//6648 6651//6651
f 6671//6671 6651//6651 6665//6665
f 6665//6665 6651//6651 6652//6652
f 6689//6689 6690//6690 6691//6691
f 6691//6691 6690//6690 6692//6692
f 6692//6692 6690//6690 6693//6693
f 6692//6692 6693//6693 6694//6694
f 6695//6695 6696//6696 6697//6697
f 6697//6697 6696//6696 6698//6698
f 6697//6697 6698//6698 6699//6699
f 6695//6695 6700//6700 6696//6696
f 6701//6701 6702//6702 6703//6703
f 6703//6703 6702//6702 6704//6704
f 6704//6704 6702//6702 6705//6705
f 6704//6704 6705//6705 6706//6706
f 6707//6707 6708//6708 6709//6709
f 6709//6709 6708//6708 6710//6710
f 6709//6709 6710//6710 6711//6711
f 6707//6707 6712//6712 6708//6708
f 6713//6713 6714//6714 6715//6715
f 6715//6715 6714//6714 6716//6716
f 6716//6716 6714//6714 6717//6717
f 6716//6716 6717//6717 6718//6718
f 6720//6720 6722//6722 6725//6725
f 6725//6725 6722//6722 6726//6726
f 6725//6725 6726//6726 6728//6728
f 6728//6728 6726//6726 6731//6731
f 6728//6728 6731//6731 6733//6733
f 6722//6722 6720//6720 6735//6735
f 6735//6735 6720//6720 6736//6736
f 6735//6735 6736//6736 6738//6738
f 6738//6738 6736//6736 6741//6741
f 6738//6738 6741//6741 6743//6743
f 6738//6738 6743//6743 6744//6744
f 6744//6744 6743//6743 6747//6747
f 6744//6744 6747//6747 6749//6749
f 6749//6749 6747//6747 6750//6750
f 6749//6749 6750//6750 6752//6752
f 6752//6752 6750//6750 6755//6755
f 6755//6755 6750//6750 6757//6757
f 6755//6755 6757//6757 6760//6760
f 6760//6760 6757//6757 6761//6761
f 6760//6760 6761//6761 6764//6764
f 6764//6764 6761//6761 6766//6766
f 6764//6764 6766//6766 6767//6767
f 6764//6764 6767//6767 6733//6733
f 6733//6733 6767//6767 6728//6728
f 6770//6770 6748//6748 6771//6771
f 6771//6771 6748//6748 6754//6754
f 6772//6772 6753//6753 6774//6774
f 6774//6774 6753//6753 6756//6756
f 6774//6774 6756//6756 6777//6777
f 6777//6777 6756//6756 6759//6759
f 6777//6777 6759//6759 6778//6778
f 6778//6778 6759//6759 6763//6763
f 6778//6778 6763//6763 6781//6781
f 6781//6781 6763//6763 6732//6732
f 6781//6781 6732//6732 6782//6782
f 6782//6782 6732//6732 6730//6730
f 6782//6782 6730//6730 6784//6784
f 6784//6784 6730//6730 6727//6727
f 6784//6784 6727//6727 6787//6787
f 6787//6787 6727//6727 6721//6721
f 6787//6787 6721//6721 6788//6788
f 6788//6788 6721//6721 6734//6734
f 6788//6788 6734//6734 6791//6791
f 6791//6791 6734//6734 6739//6739
f 6791//6791 6739//6739 6793//6793
f 6793//6793 6739//6739 6745//6745
f 6793//6793 6745//6745 6770//6770
f 6770//6770 6745//6745 6748//6748
f 6775//6775 6783//6783 6773//6773
f 6773//6773 6783//6783 6785//6785
f 6773//6773 6785//6785 6769//6769
f 6769//6769 6785//6785 6786//6786
f 6769//6769 6786//6786 6792//6792
f 6792//6792 6786//6786 6789//6789
f 6792//6792 6789//6789 6790//6790
f 6783//6783 6775//6775 6780//6780
f 6780//6780 6775//6775 6776//6776
f 6780//6780 6776//6776 6779//6779
f 6794//6794 6719//6719 6799//6799
f 6799//6799 6719//6719 6723//6723
f 6797//6797 6724//6724 6801//6801
f 6801//6801 6724//6724 6729//6729
f 6801//6801 6729//6729 6802//6802
f 6802//6802 6729//6729 6768//6768
f 6802//6802 6768//6768 6805//6805
f 6805//6805 6768//6768 6765//6765
f 6805//6805 6765//6765 6806//6806
f 6806//6806 6765//6765 6762//6762
f 6806//6806 6762//6762 6809//6809
f 6809//6809 6762//6762 6758//6758
f 6809//6809 6758//6758 6810//6810
f 6810//6810 6758//6758 6751//6751
f 6810//6810 6751//6751 6813//6813
f 6813//6813 6751//6751 6746//6746
f 6813//6813 6746//6746 6815//6815
f 6815//6815 6746//6746 6742//6742
f 6815//6815 6742//6742 6817//6817
f 6817//6817 6742//6742 6740//6740
f 6817//6817 6740//6740 6818//6818
f 6818//6818 6740//6740 6737//6737
f 6818//6818 6737//6737 6794//6794
f 6794//6794 6737//6737 6719//6719
f 6821//6821 6823//6823 6826//6826
f 6826//6826 6823//6823 6827//6827
f 6826//6826 6827//6827 6829//6829
f 6829//6829 6827//6827 6832//6832
f 6829//6829 6832//6832 6833//6833
f 6833//6833 6832//6832 6836//6836
f 6833//6833 6836//6836 6837//6837
f 6823//6823 6821//6821 6839//6839
f 6839//6839 6821//6821 6841//6841
f 6839//6839 6841//6841 6843//6843
f 6830//6830 6845//6845 6824//6824
f 6825//6825 6846//6846 6847//6847
f 6825//6825 6847//6847 6820//6820
f 6820//6820 6847//6847 6848//6848
f 6820//6820 6848//6848 6842//6842
f 6842//6842 6848//6848 6849//6849
f 6842//6842 6849//6849 6844//6844
f 6844//6844 6849//6849 6850//6850
f 6844//6844 6850//6850 6840//6840
f 6840//6840 6850//6850 6851//6851
f 6840//6840 6851//6851 6822//6822
f 6822//6822 6851//6851 6852//6852
f 6822//6822 6852//6852 6828//6828
f 6828//6828 6852//6852 6853//6853
f 6828//6828 6853//6853 6831//6831
f 6831//6831 6853//6853 6854//6854
f 6831//6831 6854//6854 6835//6835
f 6835//6835 6854//6854 6855//6855
f 6835//6835 6855//6855 6838//6838
f 6838//6838 6855//6855 6856//6856
f 6838//6838 6856//6856 6834//6834
f 6834//6834 6856//6856 6857//6857
f 6834//6834 6857//6857 6830//6830
f 6830//6830 6857//6857 6845//6845
f 6800//6800 6858//6858 6796//6796
f 6798//6798 6859//6859 6860//6860
f 6798//6798 6860//6860 6795//6795
f 6795//6795 6860//6860 6861//6861
f 6795//6795 6861//6861 6819//6819
f 6819//6819 6861//6861 6862//6862
f 6819//6819 6862//6862 6816//6816
f 6816//6816 6862//6862 6863//6863
f 6816//6816 6863//6863 6814//6814
f 6814//6814 6863//6863 6864//6864
f 6814//6814 6864//6864 6812//6812
f 6812//6812 6864//6864 6865//6865
f 6812//6812 6865//6865 6811//6811
f 6811//6811 6865//6865 6866//6866
f 6811//6811 6866//6866 6808//6808
f 6808//6808 6866//6866 6867//6867
f 6808//6808 6867//6867 6807//6807
f 6807//6807 6867//6867 6868//6868
f 6807//6807 6868//6868 6804//6804
f 6804//6804 6868//6868 6869//6869
f 6804//6804 6869//6869 6803//6803
f 6803//6803 6869//6869 6870//6870
f 6803//6803 6870//6870 6800//6800
f 6800//6800 6870//6870 6858//6858
f 6847//6847 6846//6846 6870//6870
f 6870//6870 6846//6846 6858//6858
f 6860//6860 6859//6859 6857//6857
f 6857//6857 6859//6859 6845//6845
f 6847//6847 6870//6870 6869//6869
f 6860//6860 6857//6857 6856//6856
f 6861//6861 6860//6860 6856//6856
f 6862//6862 6861//6861 6855//6855
f 6855//6855 6861//6861 6856//6856
f 6863//6863 6862//6862 6854//6854
f 6854//6854 6862//6862 6855//6855
f 6864//6864 6863//6863 6853//6853
f 6853//6853 6863//6863 6854//6854
f 6865//6865 6864//6864 6852//6852
f 6852//6852 6864//6864 6853//6853
f 6866//6866 6865//6865 6851//6851
f 6851//6851 6865//6865 6852//6852
f 6867//6867 6866//6866 6850//6850
f 6850//6850 6866//6866 6851//6851
f 6868//6868 6867//6867 6849//6849
f 6849//6849 6867//6867 6850//6850
f 6869//6869 6868//6868 6848//6848
f 6848//6848 6868//6868 6849//6849
f 6847//6847 6869//6869 6848//6848
f 6872//6872 6874//6874 6878//6878
f 6878//6878 6874//6874 6880//6880
f 6878//6878 6880//6880 6882//6882
f 6878//6878 6882//6882 6883//6883
f 6883//6883 6882//6882 6886//6886
f 6883//6883 6886//6886 6888//6888
f 6890//6890 6891//6891 6894//6894
f 6894//6894 6891//6891 6896//6896
f 6894//6894 6896//6896 6899//6899
f 6899//6899 6896//6896 6900//6900
f 6899//6899 6900//6900 6903//6903
f 6903//6903 6900//6900 6905//6905
f 6903//6903 6905//6905 6907//6907
f 6903//6903 6907//6907 6908//6908
f 6908//6908 6907//6907 6910//6910
f 6908//6908 6910//6910 6915//6915
f 6914//6914 6912//6912 6885//6885
f 6914//6914 6885//6885 6917//6917
f 6917//6917 6885//6885 6881//6881
f 6917//6917 6881//6881 6879//6879
f 6912//6912 6918//6918 6885//6885
f 6879//6879 6876//6876 6917//6917
f 6917//6917 6876//6876 6921//6921
f 6921//6921 6876//6876 6924//6924
f 6921//6921 6924//6924 6927//6927
f 6921//6921 6927//6927 6928//6928
f 6928//6928 6927//6927 6931//6931
f 6928//6928 6931//6931 6933//6933
f 6933//6933 6931//6931 6934//6934
f 6933//6933 6934//6934 6937//6937
f 6933//6933 6937//6937 6939//6939
f 6939//6939 6937//6937 6940//6940
f 6939//6939 6940//6940 6943//6943
f 6943//6943 6940//6940 6871//6871
f 6943//6943 6871//6871 6944//6944
f 6944//6944 6871//6871 6877//6877
f 6944//6944 6877//6877 6884//6884
f 6940//6940 6948//6948 6871//6871
f 6884//6884 6890//6890 6944//6944
f 6944//6944 6890//6890 6894//6894
f 6889//6889 6887//6887 6892//6892
f 6892//6892 6887//6887 6920//6920
f 6892//6892 6920//6920 6949//6949
f 6949//6949 6920//6920 6952//6952
f 6875//6875 6873//6873 6925//6925
f 6925//6925 6873//6873 6946//6946
f 6925//6925 6946//6946 6954//6954
f 6954//6954 6946//6946 6955//6955
f 6916//6916 6958//6958 6913//6913
f 6913//6913 6958//6958 6960//6960
f 6913//6913 6960//6960 6909//6909
f 6909//6909 6960//6960 6961//6961
f 6909//6909 6961//6961 6902//6902
f 6902//6902 6961//6961 6963//6963
f 6902//6902 6963//6963 6898//6898
f 6898//6898 6963//6963 6965//6965
f 6898//6898 6965//6965 6895//6895
f 6895//6895 6965//6965 6968//6968
f 6895//6895 6968//6968 6945//6945
f 6945//6945 6968//6968 6970//6970
f 6945//6945 6970//6970 6942//6942
f 6942//6942 6970//6970 6971//6971
f 6942//6942 6971//6971 6938//6938
f 6938//6938 6971//6971 6974//6974
f 6938//6938 6974//6974 6932//6932
f 6932//6932 6974//6974 6976//6976
f 6932//6932 6976//6976 6929//6929
f 6929//6929 6976//6976 6978//6978
f 6929//6929 6978//6978 6922//6922
f 6922//6922 6978//6978 6981//6981
f 6922//6922 6981//6981 6916//6916
f 6916//6916 6981//6981 6958//6958
f 6919//6919 6911//6911 6951//6951
f 6951//6951 6911//6911 6906//6906
f 6951//6951 6906//6906 6904//6904
f 6951//6951 6904//6904 6950//6950
f 6950//6950 6904//6904 6901//6901
f 6950//6950 6901//6901 6897//6897
f 6897//6897 6893//6893 6950//6950
f 6947//6947 6941//6941 6956//6956
f 6956//6956 6941//6941 6936//6936
f 6956//6956 6936//6936 6935//6935
f 6956//6956 6935//6935 6953//6953
f 6953//6953 6935//6935 6930//6930
f 6953//6953 6930//6930 6926//6926
f 6926//6926 6923//6923 6953//6953
f 6983//6983 6966//6966 6985//6985
f 6985//6985 6966//6966 6964//6964
f 6985//6985 6964//6964 6986//6986
f 6986//6986 6964//6964 6962//6962
f 6986//6986 6962//6962 6990//6990
f 6990//6990 6962//6962 6959//6959
f 6990//6990 6959//6959 6991//6991
f 6991//6991 6959//6959 6957//6957
f 6991//6991 6957//6957 6994//6994
f 6994//6994 6957//6957 6980//6980
f 6994//6994 6980//6980 6995//6995
f 6995//6995 6980//6980 6979//6979
f 6995//6995 6979//6979 6999//6999
f 6999//6999 6979//6979 6977//6977
f 6998//6998 6975//6975 7000//7000
f 7000//7000 6975//6975 6973//6973
f 7000//7000 6973//6973 7002//7002
f 7002//7002 6973//6973 6972//6972
f 7002//7002 6972//6972 7005//7005
f 7005//7005 6972//6972 6969//6969
f 7005//7005 6969//6969 7006//7006
f 7006//7006 6969//6969 6967//6967
f 7006//7006 6967//6967 6983//6983
f 6983//6983 6967//6967 6966//6966
f 7009//7009 7011//7011 7012//7012
f 7012//7012 7011//7011 7015//7015
f 7012//7012 7015//7015 7017//7017
f 7017//7017 7015//7015 7019//7019
f 7017//7017 7019//7019 7020//7020
f 7020//7020 7019//7019 7022//7022
f 7020//7020 7022//7022 7025//7025
f 7011//7011 7009//7009 7027//7027
f 7027//7027 7009//7009 7030//7030
f 7027//7027 7030//7030 7031//7031
f 6987//6987 7013//7013 6984//6984
f 6984//6984 7013//7013 7016//7016
f 6984//6984 7016//7016 6982//6982
f 6982//6982 7016//7016 7021//7021
f 6982//6982 7021//7021 7007//7007
f 7007//7007 7021//7021 7024//7024
f 7007//7007 7024//7024 7004//7004
f 7004//7004 7024//7024 7023//7023
f 7004//7004 7023//7023 7003//7003
f 7003//7003 7023//7023 7018//7018
f 7003//7003 7018//7018 7001//7001
f 7001//7001 7018//7018 7014//7014
f 7001//7001 7014//7014 6997//6997
f 6997//6997 7014//7014 7010//7010
f 6997//6997 7010//7010 6996//6996
f 6996//6996 7010//7010 7026//7026
f 6996//6996 7026//7026 6993//6993
f 6993//6993 7026//7026 7032//7032
f 6993//6993 7032//7032 6992//6992
f 6992//6992 7032//7032 7029//7029
f 6992//6992 7029//7029 6988//6988
f 6989//6989 7028//7028 7008//7008
f 6989//6989 7008//7008 6987//6987
f 6987//6987 7008//7008 7013//7013

